002c:err:winediag:getaddrinfo Failed to resolve your host name IP
[mvk-info] MoltenVK version 1.4.1, supporting Vulkan version 1.4.334.
	The following 153 Vulkan extensions are supported:
	VK_KHR_16bit_storage v1
	VK_KHR_8bit_storage v1
	VK_KHR_bind_memory2 v1
	VK_KHR_buffer_device_address v1
	VK_KHR_calibrated_timestamps v1
	VK_KHR_copy_commands2 v1
	VK_KHR_create_renderpass2 v1
	VK_KHR_dedicated_allocation v3
	VK_KHR_deferred_host_operations v4
	VK_KHR_depth_stencil_resolve v1
	VK_KHR_descriptor_update_template v1
	VK_KHR_device_group v4
	VK_KHR_device_group_creation v1
	VK_KHR_driver_properties v1
	VK_KHR_dynamic_rendering v1
	VK_KHR_dynamic_rendering_local_read v1
	VK_KHR_external_fence v1
	VK_KHR_external_fence_capabilities v1
	VK_KHR_external_memory v1
	VK_KHR_external_memory_capabilities v1
	VK_KHR_external_semaphore v1
	VK_KHR_external_semaphore_capabilities v1
	VK_KHR_format_feature_flags2 v2
	VK_KHR_fragment_shader_barycentric v1
	VK_KHR_get_memory_requirements2 v1
	VK_KHR_get_physical_device_properties2 v2
	VK_KHR_get_surface_capabilities2 v1
	VK_KHR_global_priority v1
	VK_KHR_image_format_list v1
	VK_KHR_imageless_framebuffer v1
	VK_KHR_incremental_present v2
	VK_KHR_index_type_uint8 v1
	VK_KHR_line_rasterization v1
	VK_KHR_load_store_op_none v1
	VK_KHR_maintenance1 v2
	VK_KHR_maintenance2 v1
	VK_KHR_maintenance3 v1
	VK_KHR_maintenance4 v2
	VK_KHR_maintenance5 v1
	VK_KHR_maintenance6 v1
	VK_KHR_maintenance7 v1
	VK_KHR_maintenance8 v1
	VK_KHR_maintenance9 v1
	VK_KHR_map_memory2 v1
	VK_KHR_multiview v1
	VK_KHR_portability_subset v1
	VK_KHR_present_id v1
	VK_KHR_present_id2 v1
	VK_KHR_present_wait v1
	VK_KHR_present_wait2 v1
	VK_KHR_push_descriptor v2
	VK_KHR_relaxed_block_layout v1
	VK_KHR_robustness2 v1
	VK_KHR_sampler_mirror_clamp_to_edge v3
	VK_KHR_sampler_ycbcr_conversion v14
	VK_KHR_separate_depth_stencil_layouts v1
	VK_KHR_shader_draw_parameters v1
	VK_KHR_shader_expect_assume v1
	VK_KHR_shader_float_controls v4
	VK_KHR_shader_float_controls2 v1
	VK_KHR_shader_float16_int8 v1
	VK_KHR_shader_fma v1
	VK_KHR_shader_integer_dot_product v1
	VK_KHR_shader_maximal_reconvergence v1
	VK_KHR_shader_non_semantic_info v1
	VK_KHR_shader_quad_control v1
	VK_KHR_shader_relaxed_extended_instruction v1
	VK_KHR_shader_subgroup_extended_types v1
	VK_KHR_shader_subgroup_rotate v2
	VK_KHR_shader_subgroup_uniform_control_flow v1
	VK_KHR_shader_terminate_invocation v1
	VK_KHR_spirv_1_4 v1
	VK_KHR_storage_buffer_storage_class v1
	VK_KHR_surface v25
	VK_KHR_surface_maintenance1 v1
	VK_KHR_surface_protected_capabilities v1
	VK_KHR_swapchain v70
	VK_KHR_swapchain_maintenance1 v1
	VK_KHR_swapchain_mutable_format v1
	VK_KHR_synchronization2 v1
	VK_KHR_timeline_semaphore v2
	VK_KHR_uniform_buffer_standard_layout v1
	VK_KHR_variable_pointers v1
	VK_KHR_vertex_attribute_divisor v1
	VK_KHR_vulkan_memory_model v3
	VK_KHR_zero_initialize_workgroup_memory v1
	VK_EXT_4444_formats v1
	VK_EXT_buffer_device_address v2
	VK_EXT_calibrated_timestamps v2
	VK_EXT_debug_marker v4
	VK_EXT_debug_report v10
	VK_EXT_debug_utils v2
	VK_EXT_depth_clip_control v1
	VK_EXT_descriptor_indexing v2
	VK_EXT_extended_dynamic_state v1
	VK_EXT_extended_dynamic_state2 v1
	VK_EXT_extended_dynamic_state3 v2
	VK_EXT_external_memory_host v1
	VK_EXT_external_memory_metal v1
	VK_EXT_fragment_shader_interlock v1
	VK_EXT_global_priority v2
	VK_EXT_global_priority_query v1
	VK_EXT_hdr_metadata v3
	VK_EXT_headless_surface v1
	VK_EXT_host_image_copy v1
	VK_EXT_host_query_reset v1
	VK_EXT_image_2d_view_of_3d v1
	VK_EXT_image_robustness v1
	VK_EXT_index_type_uint8 v1
	VK_EXT_inline_uniform_block v1
	VK_EXT_layer_settings v2
	VK_EXT_legacy_dithering v2
	VK_EXT_line_rasterization v1
	VK_EXT_load_store_op_none v1
	VK_EXT_memory_budget v1
	VK_EXT_metal_objects v2
	VK_EXT_metal_surface v1
	VK_EXT_non_seamless_cube_map v1
	VK_EXT_pipeline_creation_cache_control v3
	VK_EXT_pipeline_creation_feedback v1
	VK_EXT_pipeline_robustness v1
	VK_EXT_post_depth_coverage v1
	VK_EXT_primitive_topology_list_restart v1
	VK_EXT_private_data v1
	VK_EXT_provoking_vertex v1
	VK_EXT_robustness2 v1
	VK_EXT_sample_locations v1
	VK_EXT_scalar_block_layout v1
	VK_EXT_separate_stencil_usage v1
	VK_EXT_shader_atomic_float v1
	VK_EXT_shader_demote_to_helper_invocation v1
	VK_EXT_shader_stencil_export v1
	VK_EXT_shader_subgroup_ballot v1
	VK_EXT_shader_subgroup_vote v1
	VK_EXT_shader_viewport_index_layer v1
	VK_EXT_subgroup_size_control v2
	VK_EXT_surface_maintenance1 v1
	VK_EXT_swapchain_colorspace v5
	VK_EXT_swapchain_maintenance1 v1
	VK_EXT_texel_buffer_alignment v1
	VK_EXT_texture_compression_astc_hdr v1
	VK_EXT_tooling_info v1
	VK_EXT_vertex_attribute_divisor v3
	VK_AMD_gpu_shader_half_float v2
	VK_AMD_negative_viewport_height v1
	VK_AMD_shader_image_load_store_lod v1
	VK_AMD_shader_trinary_minmax v1
	VK_GOOGLE_display_timing v1
	VK_IMG_format_pvrtc v1
	VK_INTEL_shader_integer_functions2 v1
	VK_MVK_macos_surface v3
	VK_MVK_moltenvk v37
	VK_NV_fragment_shader_barycentric v1
[mvk-info] GPU device:
	model: Apple M2 Max
	type: Integrated
	vendorID: 0x106b
	deviceID: 0x1a060208
	pipelineCacheUUID: DB445FF2-1A06-0208-0000-000100000000
	GPU memory available: 79626 MB
	GPU memory used: 0 MB
	Metal Shading Language 3.2
	supports the following GPU Features:
		GPU Family Metal 3
		GPU Family Apple 8
		GPU Family Mac 2
		Read-Write Texture Tier 2
[mvk-info] Created VkInstance for Vulkan version 1.0.334, as requested by app, with the following 3 Vulkan extensions enabled:
	VK_KHR_external_memory_capabilities v1
	VK_KHR_external_semaphore_capabilities v1
	VK_KHR_get_physical_device_properties2 v2
00dc:fixme:keyboard:NtUserActivateKeyboardLayout Changing user locale is not supported
00e0:fixme:keyboard:NtUserActivateKeyboardLayout Changing user locale is not supported
00d4:err:winediag:wined3d_dll_init Using the Vulkan renderer.
[loader] Nightfire standalone loader
[loader] ../disc/default.xbe: base 0x00010000 size 0x002fb660, 12 sections, retail build
[loader]   entry 0x000eb2ac, kernel thunks 0x0015d160, TLS directory 0x00162400
[loader] 0x00010000..0x0030b660 is this image's own address space (loader code is at 0x00351700)
[loader] mapped 0x1000 bytes of XBE headers, PE headers moved to 0x000109e0 (0x198 bytes)
[loader] mapped 12 sections at 0x00010000
[loader] resolved 96 kernel imports
[dsndStream] DirectSound stream entry points hooked (no CXBX in this process)
00d4:fixme:keyboard:NtUserActivateKeyboardLayout Changing user locale is not supported
[loader] actioninject.dll loaded and patches applied
[loader] calling entry point at 0x000eb2ac
[loader] PsCreateSystemThreadEx: thread 280 started at 0x000eb238
[loader] entry point returned; the game is running on its own thread
[startup] thread running, initialising the process
[startup] process heap at 01A60000
[startup] running the C runtime and C++ constructors
[startup] calling main
info:  Game: action.exe
info:  DXVK: v1.10.3-20250511-async (macOS)
info:  Built-in extension providers:
info:    Win32 WSI
info:    OpenVR
info:    OpenXR
info:  OpenVR: could not open registry key, status 2
info:  OpenVR: Failed to locate module
info:  Enabled instance extensions:
info:    VK_KHR_get_surface_capabilities2
info:    VK_KHR_surface
info:    VK_KHR_win32_surface
[mvk-info] MoltenVK version 1.4.1, supporting Vulkan version 1.4.334.
	The following 153 Vulkan extensions are supported:
	VK_KHR_16bit_storage v1
	VK_KHR_8bit_storage v1
	VK_KHR_bind_memory2 v1
	VK_KHR_buffer_device_address v1
	VK_KHR_calibrated_timestamps v1
	VK_KHR_copy_commands2 v1
	VK_KHR_create_renderpass2 v1
	VK_KHR_dedicated_allocation v3
	VK_KHR_deferred_host_operations v4
	VK_KHR_depth_stencil_resolve v1
	VK_KHR_descriptor_update_template v1
	VK_KHR_device_group v4
	VK_KHR_device_group_creation v1
	VK_KHR_driver_properties v1
	VK_KHR_dynamic_rendering v1
	VK_KHR_dynamic_rendering_local_read v1
	VK_KHR_external_fence v1
	VK_KHR_external_fence_capabilities v1
	VK_KHR_external_memory v1
	VK_KHR_external_memory_capabilities v1
	VK_KHR_external_semaphore v1
	VK_KHR_external_semaphore_capabilities v1
	VK_KHR_format_feature_flags2 v2
	VK_KHR_fragment_shader_barycentric v1
	VK_KHR_get_memory_requirements2 v1
	VK_KHR_get_physical_device_properties2 v2
	VK_KHR_get_surface_capabilities2 v1
	VK_KHR_global_priority v1
	VK_KHR_image_format_list v1
	VK_KHR_imageless_framebuffer v1
	VK_KHR_incremental_present v2
	VK_KHR_index_type_uint8 v1
	VK_KHR_line_rasterization v1
	VK_KHR_load_store_op_none v1
	VK_KHR_maintenance1 v2
	VK_KHR_maintenance2 v1
	VK_KHR_maintenance3 v1
	VK_KHR_maintenance4 v2
	VK_KHR_maintenance5 v1
	VK_KHR_maintenance6 v1
	VK_KHR_maintenance7 v1
	VK_KHR_maintenance8 v1
	VK_KHR_maintenance9 v1
	VK_KHR_map_memory2 v1
	VK_KHR_multiview v1
	VK_KHR_portability_subset v1
	VK_KHR_present_id v1
	VK_KHR_present_id2 v1
	VK_KHR_present_wait v1
	VK_KHR_present_wait2 v1
	VK_KHR_push_descriptor v2
	VK_KHR_relaxed_block_layout v1
	VK_KHR_robustness2 v1
	VK_KHR_sampler_mirror_clamp_to_edge v3
	VK_KHR_sampler_ycbcr_conversion v14
	VK_KHR_separate_depth_stencil_layouts v1
	VK_KHR_shader_draw_parameters v1
	VK_KHR_shader_expect_assume v1
	VK_KHR_shader_float_controls v4
	VK_KHR_shader_float_controls2 v1
	VK_KHR_shader_float16_int8 v1
	VK_KHR_shader_fma v1
	VK_KHR_shader_integer_dot_product v1
	VK_KHR_shader_maximal_reconvergence v1
	VK_KHR_shader_non_semantic_info v1
	VK_KHR_shader_quad_control v1
	VK_KHR_shader_relaxed_extended_instruction v1
	VK_KHR_shader_subgroup_extended_types v1
	VK_KHR_shader_subgroup_rotate v2
	VK_KHR_shader_subgroup_uniform_control_flow v1
	VK_KHR_shader_terminate_invocation v1
	VK_KHR_spirv_1_4 v1
	VK_KHR_storage_buffer_storage_class v1
	VK_KHR_surface v25
	VK_KHR_surface_maintenance1 v1
	VK_KHR_surface_protected_capabilities v1
	VK_KHR_swapchain v70
	VK_KHR_swapchain_maintenance1 v1
	VK_KHR_swapchain_mutable_format v1
	VK_KHR_synchronization2 v1
	VK_KHR_timeline_semaphore v2
	VK_KHR_uniform_buffer_standard_layout v1
	VK_KHR_variable_pointers v1
	VK_KHR_vertex_attribute_divisor v1
	VK_KHR_vulkan_memory_model v3
	VK_KHR_zero_initialize_workgroup_memory v1
	VK_EXT_4444_formats v1
	VK_EXT_buffer_device_address v2
	VK_EXT_calibrated_timestamps v2
	VK_EXT_debug_marker v4
	VK_EXT_debug_report v10
	VK_EXT_debug_utils v2
	VK_EXT_depth_clip_control v1
	VK_EXT_descriptor_indexing v2
	VK_EXT_extended_dynamic_state v1
	VK_EXT_extended_dynamic_state2 v1
	VK_EXT_extended_dynamic_state3 v2
	VK_EXT_external_memory_host v1
	VK_EXT_external_memory_metal v1
	VK_EXT_fragment_shader_interlock v1
	VK_EXT_global_priority v2
	VK_EXT_global_priority_query v1
	VK_EXT_hdr_metadata v3
	VK_EXT_headless_surface v1
	VK_EXT_host_image_copy v1
	VK_EXT_host_query_reset v1
	VK_EXT_image_2d_view_of_3d v1
	VK_EXT_image_robustness v1
	VK_EXT_index_type_uint8 v1
	VK_EXT_inline_uniform_block v1
	VK_EXT_layer_settings v2
	VK_EXT_legacy_dithering v2
	VK_EXT_line_rasterization v1
	VK_EXT_load_store_op_none v1
	VK_EXT_memory_budget v1
	VK_EXT_metal_objects v2
	VK_EXT_metal_surface v1
	VK_EXT_non_seamless_cube_map v1
	VK_EXT_pipeline_creation_cache_control v3
	VK_EXT_pipeline_creation_feedback v1
	VK_EXT_pipeline_robustness v1
	VK_EXT_post_depth_coverage v1
	VK_EXT_primitive_topology_list_restart v1
	VK_EXT_private_data v1
	VK_EXT_provoking_vertex v1
	VK_EXT_robustness2 v1
	VK_EXT_sample_locations v1
	VK_EXT_scalar_block_layout v1
	VK_EXT_separate_stencil_usage v1
	VK_EXT_shader_atomic_float v1
	VK_EXT_shader_demote_to_helper_invocation v1
	VK_EXT_shader_stencil_export v1
	VK_EXT_shader_subgroup_ballot v1
	VK_EXT_shader_subgroup_vote v1
	VK_EXT_shader_viewport_index_layer v1
	VK_EXT_subgroup_size_control v2
	VK_EXT_surface_maintenance1 v1
	VK_EXT_swapchain_colorspace v5
	VK_EXT_swapchain_maintenance1 v1
	VK_EXT_texel_buffer_alignment v1
	VK_EXT_texture_compression_astc_hdr v1
	VK_EXT_tooling_info v1
	VK_EXT_vertex_attribute_divisor v3
	VK_AMD_gpu_shader_half_float v2
	VK_AMD_negative_viewport_height v1
	VK_AMD_shader_image_load_store_lod v1
	VK_AMD_shader_trinary_minmax v1
	VK_GOOGLE_display_timing v1
	VK_IMG_format_pvrtc v1
	VK_INTEL_shader_integer_functions2 v1
	VK_MVK_macos_surface v3
	VK_MVK_moltenvk v37
	VK_NV_fragment_shader_barycentric v1
[mvk-info] GPU device:
	model: Apple M2 Max
	type: Integrated
	vendorID: 0x106b
	deviceID: 0x1a060208
	pipelineCacheUUID: DB445FF2-1A06-0208-0000-000100000000
	GPU memory available: 79626 MB
	GPU memory used: 0 MB
	Metal Shading Language 3.2
	supports the following GPU Features:
		GPU Family Metal 3
		GPU Family Apple 8
		GPU Family Mac 2
		Read-Write Texture Tier 2
[mvk-info] Created VkInstance for Vulkan version 1.1.334, as requested by app, with the following 6 Vulkan extensions enabled:
	VK_KHR_external_memory_capabilities v1
	VK_KHR_external_semaphore_capabilities v1
	VK_KHR_get_physical_device_properties2 v2
	VK_KHR_get_surface_capabilities2 v1
	VK_KHR_surface v25
	VK_EXT_metal_surface v1
info:  D3D9: VK_FORMAT_D24_UNORM_S8_UINT -> VK_FORMAT_D32_SFLOAT_S8_UINT
info:  D3D9: VK_FORMAT_D16_UNORM_S8_UINT -> VK_FORMAT_D32_SFLOAT_S8_UINT
info:  Apple M2 Max:
info:    Driver: 0.2.2209
info:    Vulkan: 1.1.334
info:    Memory Heap[0]: 
info:      Size: 98304 MiB
info:      Flags: 0x1
info:      Memory Type[0]: Property Flags = 0x1
info:      Memory Type[1]: Property Flags = 0xf
info:      Memory Type[2]: Property Flags = 0x11
info:  Process set as DPI aware
info:  Device properties:
info:    Device name:     : Apple M2 Max
info:    Driver version   : 0.2.2209
info:  Enabled device extensions:
info:    VK_EXT_4444_formats
info:    VK_EXT_extended_dynamic_state
info:    VK_EXT_host_query_reset
info:    VK_EXT_robustness2
info:    VK_EXT_shader_demote_to_helper_invocation
info:    VK_EXT_shader_stencil_export
info:    VK_EXT_shader_viewport_index_layer
info:    VK_EXT_vertex_attribute_divisor
info:    VK_KHR_create_renderpass2
info:    VK_KHR_depth_stencil_resolve
info:    VK_KHR_driver_properties
info:    VK_KHR_image_format_list
info:    VK_KHR_sampler_mirror_clamp_to_edge
info:    VK_KHR_shader_float_controls
info:    VK_KHR_swapchain
info:    VK_KHR_timeline_semaphore
info:  Device features:
info:    robustBufferAccess                     : 1
info:    fullDrawIndexUint32                    : 1
info:    imageCubeArray                         : 1
info:    independentBlend                       : 1
info:    geometryShader                         : 0
info:    tessellationShader                     : 0
info:    sampleRateShading                      : 1
info:    dualSrcBlend                           : 0
info:    logicOp                                : 0
info:    multiDrawIndirect                      : 0
info:    drawIndirectFirstInstance              : 0
info:    depthClamp                             : 1
info:    depthBiasClamp                         : 1
info:    fillModeNonSolid                       : 1
info:    depthBounds                            : 0
info:    multiViewport                          : 1
info:    samplerAnisotropy                      : 1
info:    textureCompressionBC                   : 1
info:    occlusionQueryPrecise                  : 1
info:    pipelineStatisticsQuery                : 0
info:    vertexPipelineStoresAndAtomics         : 1
info:    fragmentStoresAndAtomics               : 0
info:    shaderImageGatherExtended              : 0
info:    shaderStorageImageExtendedFormats      : 0
info:    shaderStorageImageReadWithoutFormat    : 0
info:    shaderStorageImageWriteWithoutFormat   : 1
info:    shaderClipDistance                     : 1
info:    shaderCullDistance                     : 0
info:    shaderFloat64                          : 0
info:    shaderInt64                            : 0
info:    variableMultisampleRate                : 0
info:  VK_EXT_4444_formats
info:    formatA4R4G4B4                         : 1
info:    formatA4B4G4R4                         : 1
info:  VK_EXT_custom_border_color
info:    customBorderColors                     : 0
info:    customBorderColorWithoutFormat         : 0
info:  VK_EXT_depth_clip_enable
info:    depthClipEnable                        : 0
info:  VK_EXT_extended_dynamic_state
info:    extendedDynamicState                   : 1
info:  VK_EXT_host_query_reset
info:    hostQueryReset                         : 1
info:  VK_EXT_memory_priority
info:    memoryPriority                         : 0
info:  VK_EXT_non_seamless_cube_map
info:    nonSeamlessCubeMap                     : 0
info:  VK_EXT_robustness2
info:    robustBufferAccess2                    : 0
info:    robustImageAccess2                     : 0
info:    nullDescriptor                         : 0
info:  VK_EXT_shader_demote_to_helper_invocation
info:    shaderDemoteToHelperInvocation         : 1
info:  VK_EXT_transform_feedback
info:    transformFeedback                      : 0
info:    geometryStreams                        : 0
info:  VK_EXT_vertex_attribute_divisor
info:    vertexAttributeInstanceRateDivisor     : 1
info:    vertexAttributeInstanceRateZeroDivisor : 1
info:  VK_KHR_buffer_device_address
info:    bufferDeviceAddress                    : 0
info:  VK_KHR_timeline_semaphore
info:    timelineSemaphore                      : 0
info:  Queue families:
info:    Graphics : 0
info:    Transfer : 0
[mvk-info] Vulkan semaphores using Metal implicit guarantees within a single queue.
[mvk-info] Descriptor sets binding resources using Metal3 argument buffers.
[mvk-info] Created VkDevice to run on GPU Apple M2 Max with the following 18 Vulkan extensions enabled:
	VK_KHR_create_renderpass2 v1
	VK_KHR_depth_stencil_resolve v1
	VK_KHR_driver_properties v1
	VK_KHR_external_memory v1
	VK_KHR_image_format_list v1
	VK_KHR_sampler_mirror_clamp_to_edge v3
	VK_KHR_shader_float_controls v4
	VK_KHR_swapchain v70
	VK_KHR_timeline_semaphore v2
	VK_EXT_4444_formats v1
	VK_EXT_extended_dynamic_state v1
	VK_EXT_external_memory_host v1
	VK_EXT_host_query_reset v1
	VK_EXT_robustness2 v1
	VK_EXT_shader_demote_to_helper_invocation v1
	VK_EXT_shader_stencil_export v1
	VK_EXT_shader_viewport_index_layer v1
	VK_EXT_vertex_attribute_divisor v3
warn:  DXVK: No state cache file found
info:  DXVK: Read 58 valid state cache entries
info:  D3D9DeviceEx::ResetSwapChain:
info:    Requested Presentation Parameters
info:      - Width:              640
info:      - Height:             480
info:      - Format:             D3D9Format::X8R8G8B8
info:      - Auto Depth Stencil: true
info:                  ^ Format: D3D9Format::D32F_LOCKABLE
info:      - Windowed:           true
info:      - Swap effect:        1
info:  Presenter: Actual swap chain properties:
info:    Format:       VK_FORMAT_B8G8R8A8_UNORM
info:    Present mode: VK_PRESENT_MODE_IMMEDIATE_KHR
info:    Buffer size:  640x480
info:    Image count:  2
info:    Exclusive FS: 0
[mvk-info] Created 2 swapchain images with size (640, 480) and contents scale 1.0 in layer WineMetalLayer: WineMetalView (0x600002c18630) on screen Main Screen.
0118:fixme:vulkan:allocate_external_host_memory Using VK_EXT_external_memory_host
warn:  D3D9DeviceEx::SetRenderState: Unhandled render state 26
err:   validateGammaRamp: ramp inverted or flat
err:   validateGammaRamp: ramp inverted or flat
err:   validateGammaRamp: ramp inverted or flat
info:  Presenter: Actual swap chain properties:
info:    Format:       VK_FORMAT_B8G8R8A8_UNORM
info:    Present mode: VK_PRESENT_MODE_IMMEDIATE_KHR
info:    Buffer size:  640x480
info:    Image count:  2
info:    Exclusive FS: 0
[mvk-info] Created 2 swapchain images with size (640, 480) and contents scale 1.0 in layer WineMetalLayer: WineMetalView (0x600002c18630) on screen Main Screen.
[mvk-warn] VK_ERROR_FEATURE_NOT_PRESENT: Metal does not support disabling primitive restart.
err:   validateGammaRamp: ramp inverted or flat
err:   validateGammaRamp: ramp inverted or flat
err:   validateGammaRamp: ramp inverted or flat
Error opening file: No such file or directory
Error opening file: No such file or directory
Error opening file: No such file or directory
Error opening file: No such file or directory
Error opening file: No such file or directory
Error opening file: No such file or directory
Error opening file: No such file or directory
[d3dSeam] graphics backend: d3d9 (native)
[d3d9] adapter: Apple M2 Max
[d3d9] device created on window 0003004E (640x480 backbuffer, 32-bit float reversed depth, paced to 50 Hz).
[d3d9] max point size 256
Opening d:\eurocom\filesys.d00
Opening d:\eurocom\filesys.d01
Opening d:\eurocom\filesys.d02
Opening d:\eurocom\filesys.d03
Opening d:\eurocom\filesys.d04
Opening d:\eurocom\filesys.d05
Opening d:\eurocom\filesys.d06
Opening d:\eurocom\filesys.d07
Opening d:\eurocom\filesys.d08
Opening d:\eurocom\filesys.d09
Opening d:\eurocom\filesys.d10
[dsndSeam] audio backend: xaudio2 (native)
[xa2] mastering voice: 2 channels at 44100 Hz
[xa2] reverb submix created (I3DL2 generic preset)
[dsnd] not implemented yet: DirectSoundUseFullHRTF (no HRTF yet)
[dsnd] not implemented yet: IDirectSound_DownloadEffectsImage (no I3DL2 reverb yet)
XGetLaunchInfo: 0x002ff778, 0x01a5ff38
Mem_Init
No heap yet, getting config...
Mem_Init: Heap: 0x043e0000, size: 0x02800000
[d3dSeam] level reset: released 0 texture, 0 vertex buffer and 0 index buffer slots.
[dsnd] entry points still unimplemented (calls so far): DirectSoundUseFullHRTF (no HRTF yet)=1 IDirectSound_DownloadEffectsImage (no I3DL2 reverb yet)=1
Mem_Init
Mem_Init: Heap: 0x043e0000, size: 0x02800000
[d3dSeam] level reset: released 0 texture, 0 vertex buffer and 0 index buffer slots.
[dsnd] entry points still unimplemented (calls so far): DirectSoundUseFullHRTF (no HRTF yet)=1 IDirectSound_DownloadEffectsImage (no I3DL2 reverb yet)=1
Mem_Init
Mem_Init: Heap: 0x043e0000, size: 0x02800000
Loading language 0 from file UKTxt.dat
psiFileLoad in multi-file mode: UKTxt.dat is 0x00021800 bytes starting at 0x06bb9edc, type 3604
hooked psiFileOpen: 07000048.bin
psiFileLoad in single-file mode: 0100002D.bin is 0x000068c0 bytes at the location pointed to by dirFileBuf(0x00279168), type 1704
psiFileLoad in single-file mode: 0100002E.bin is 0x00089c20 bytes at the location pointed to by dirFileBuf(0x00279168), type 1704
psiFileLoad in single-file mode: 01000070.bin is 0x00056c60 bytes at the location pointed to by dirFileBuf(0x00279168), type 1704
psiFileLoad in single-file mode: 010001D8.bin is 0x000a04a0 bytes at the location pointed to by dirFileBuf(0x00279168), type 1704
psiFileLoad in single-file mode: 010001D9.bin is 0x000002e0 bytes at the location pointed to by dirFileBuf(0x00279168), type 1704
psiFileLoad in single-file mode: 0100009A.bin is 0x00ff0380 bytes at the location pointed to by dirFileBuf(0x00279168), type 1704
UNHANDLED MESSAGE HANDLER FOR TYPE: 0x1000006f, args: 0x00000000,  0x056c18dc,  0x00000051,  0x056c18dc,  0x00000000
UNHANDLED MESSAGE HANDLER FOR TYPE: 0x10000001, args: 0x00000000,  0x056c17bc,  0x00000051,  0x056c17bc,  0x00000000
UNHANDLED MESSAGE HANDLER FOR TYPE: 0x4000004d, args: 0x00000000,  0x056c1638,  0x00000051,  0x056c1638,  0x00000000
UNHANDLED MESSAGE HANDLER FOR TYPE: 0x10000221, args: 0x00000000,  0x056c10c0,  0x00000051,  0x056c10c0,  0x00000000
UNHANDLED MESSAGE HANDLER FOR TYPE: 0x10000001, args: 0x00000000,  0x056c0b7c,  0x00000051,  0x056c0b7c,  0x00000000
UNHANDLED MESSAGE HANDLER FOR TYPE: 0x10000001, args: 0x00000000,  0x056c0a5c,  0x00000051,  0x056c0a5c,  0x00000000
UNHANDLED MESSAGE HANDLER FOR TYPE: 0x10000196, args: 0x00000000,  0x056c0734,  0x00000051,  0x056c0734,  0x00000000
UNHANDLED MESSAGE HANDLER FOR TYPE: 0x100000fa, args: 0x00000000,  0x056c0590,  0x00000051,  0x056c0590,  0x00000000
UNHANDLED MESSAGE HANDLER FOR TYPE: 0x10000197, args: 0x00000000,  0x056c0300,  0x00000051,  0x056c0300,  0x00000000
UNHANDLED MESSAGE HANDLER FOR TYPE: 0x10000001, args: 0x00000000,  0x056c005c,  0x00000051,  0x056c005c,  0x00000000
UNHANDLED MESSAGE HANDLER FOR TYPE: 0x1000022c, args: 0x00000000,  0x056bff3c,  0x00000051,  0x056bff3c,  0x00000000
UNHANDLED MESSAGE HANDLER FOR TYPE: 0x1000022c, args: 0x00000000,  0x056bfe1c,  0x00000051,  0x056bfe1c,  0x00000000
UNHANDLED MESSAGE HANDLER FOR TYPE: 0x40000015, args: 0x00000000,  0x056bfc98,  0x00000051,  0x056bfc98,  0x00000000
UNHANDLED MESSAGE HANDLER FOR TYPE: 0x10000001, args: 0x00000000,  0x056bfb78,  0x00000051,  0x056bfb78,  0x00000000
UNHANDLED MESSAGE HANDLER FOR TYPE: 0x10000001, args: 0x00000000,  0x056bf9c0,  0x00000051,  0x056bf9c0,  0x00000000
UNHANDLED MESSAGE HANDLER FOR TYPE: 0x1000004d, args: 0x00000000,  0x056bf7dc,  0x00000051,  0x056bf7dc,  0x00000000
UNHANDLED MESSAGE HANDLER FOR TYPE: 0x1000004e, args: 0x00000000,  0x056bf628,  0x00000051,  0x056bf628,  0x00000000
UNHANDLED MESSAGE HANDLER FOR TYPE: 0x1000004b, args: 0x00000000,  0x056bf3dc,  0x00000051,  0x056bf3dc,  0x00000000
UNHANDLED MESSAGE HANDLER FOR TYPE: 0x1000004c, args: 0x00000000,  0x056bf224,  0x00000051,  0x056bf224,  0x00000000
UNHANDLED MESSAGE HANDLER FOR TYPE: 0x10000001, args: 0x00000000,  0x056beefc,  0x00000051,  0x056beefc,  0x00000000
UNHANDLED MESSAGE HANDLER FOR TYPE: 0x10000001, args: 0x00000000,  0x056beddc,  0x00000051,  0x056beddc,  0x00000000
UNHANDLED MESSAGE HANDLER FOR TYPE: 0x10000001, args: 0x00000000,  0x056becbc,  0x00000051,  0x056becbc,  0x00000000
UNHANDLED MESSAGE HANDLER FOR TYPE: 0x1000002b, args: 0x00000000,  0x056beb9c,  0x00000051,  0x056beb9c,  0x00000000
UNHANDLED MESSAGE HANDLER FOR TYPE: 0x10000165, args: 0x00000000,  0x056be9e4,  0x00000051,  0x056be9e4,  0x00000000
UNHANDLED MESSAGE HANDLER FOR TYPE: 0x10000166, args: 0x00000000,  0x056be8c4,  0x00000051,  0x056be8c4,  0x00000000
UNHANDLED MESSAGE HANDLER FOR TYPE: 0x10000167, args: 0x00000000,  0x056be7a4,  0x00000051,  0x056be7a4,  0x00000000
UNHANDLED MESSAGE HANDLER FOR TYPE: 0x10000168, args: 0x00000000,  0x056be684,  0x00000051,  0x056be684,  0x00000000
UNHANDLED MESSAGE HANDLER FOR TYPE: 0x100001d1, args: 0x00000000,  0x056be3f4,  0x00000051,  0x056be3f4,  0x00000000
UNHANDLED MESSAGE HANDLER FOR TYPE: 0x10000224, args: 0x00000000,  0x056be2d4,  0x00000051,  0x056be2d4,  0x00000000
UNHANDLED MESSAGE HANDLER FOR TYPE: 0x10000001, args: 0x00000000,  0x056be1b4,  0x00000051,  0x056be1b4,  0x00000000
UNHANDLED MESSAGE HANDLER FOR TYPE: 0x10000001, args: 0x00000000,  0x056bde8c,  0x00000051,  0x056bde8c,  0x00000000
UNHANDLED MESSAGE HANDLER FOR TYPE: 0x10000001, args: 0x00000000,  0x056bdd6c,  0x00000051,  0x056bdd6c,  0x00000000
UNHANDLED MESSAGE HANDLER FOR TYPE: 0x100001cf, args: 0x00000000,  0x056bdc4c,  0x00000051,  0x056bdc4c,  0x00000000
UNHANDLED MESSAGE HANDLER FOR TYPE: 0x10000165, args: 0x00000000,  0x056bda94,  0x00000051,  0x056bda94,  0x00000000
UNHANDLED MESSAGE HANDLER FOR TYPE: 0x100001d0, args: 0x00000000,  0x056bd804,  0x00000051,  0x056bd804,  0x00000000
UNHANDLED MESSAGE HANDLER FOR TYPE: 0x10000224, args: 0x00000000,  0x056bd6e4,  0x00000051,  0x056bd6e4,  0x00000000
UNHANDLED MESSAGE HANDLER FOR TYPE: 0x10000001, args: 0x00000000,  0x056bd5c4,  0x00000051,  0x056bd5c4,  0x00000000
UNHANDLED MESSAGE HANDLER FOR TYPE: 0x40000008, args: 0x00000000,  0x056bd440,  0x00000051,  0x056bd440,  0x00000000
UNHANDLED MESSAGE HANDLER FOR TYPE: 0x10000022, args: 0x00000000,  0x056bcec8,  0x00000051,  0x056bcec8,  0x00000000
UNHANDLED MESSAGE HANDLER FOR TYPE: 0x10000001, args: 0x00000000,  0x056bcda8,  0x00000051,  0x056bcda8,  0x00000000
UNHANDLED MESSAGE HANDLER FOR TYPE: 0x10000001, args: 0x00000000,  0x056bcc88,  0x00000051,  0x056bcc88,  0x00000000
UNHANDLED MESSAGE HANDLER FOR TYPE: 0x10000224, args: 0x00000000,  0x056bcb68,  0x00000051,  0x056bcb68,  0x00000000
UNHANDLED MESSAGE HANDLER FOR TYPE: 0x10000001, args: 0x00000000,  0x056bca48,  0x00000051,  0x056bca48,  0x00000000
UNHANDLED MESSAGE HANDLER FOR TYPE: 0x100000ed, args: 0x00000000,  0x056bc1c4,  0x00000051,  0x056bc1c4,  0x00000000
UNHANDLED MESSAGE HANDLER FOR TYPE: 0x10000225, args: 0x00000000,  0x056bbf34,  0x00000051,  0x056bbf34,  0x00000000
UNHANDLED MESSAGE HANDLER FOR TYPE: 0x10000001, args: 0x00000000,  0x056bbe14,  0x00000051,  0x056bbe14,  0x00000000
UNHANDLED MESSAGE HANDLER FOR TYPE: 0x10000229, args: 0x00000000,  0x056bb694,  0x00000051,  0x056bb694,  0x00000000
UNHANDLED MESSAGE HANDLER FOR TYPE: 0x10000165, args: 0x00000000,  0x056bb2d4,  0x00000051,  0x056bb2d4,  0x00000000
UNHANDLED MESSAGE HANDLER FOR TYPE: 0x10000001, args: 0x00000000,  0x056baf78,  0x00000051,  0x056baf78,  0x00000000
UNHANDLED MESSAGE HANDLER FOR TYPE: 0x10000001, args: 0x00000000,  0x056bae58,  0x00000051,  0x056bae58,  0x00000000
UNHANDLED MESSAGE HANDLER FOR TYPE: 0x100000e4, args: 0x00000000,  0x056bad38,  0x00000051,  0x056bad38,  0x00000000
UNHANDLED MESSAGE HANDLER FOR TYPE: 0x100000e4, args: 0x00000000,  0x056bac18,  0x00000051,  0x056bac18,  0x00000000
UNHANDLED MESSAGE HANDLER FOR TYPE: 0x100000e4, args: 0x00000000,  0x056baaf8,  0x00000051,  0x056baaf8,  0x00000000
UNHANDLED MESSAGE HANDLER FOR TYPE: 0x100000e4, args: 0x00000000,  0x056ba9d8,  0x00000051,  0x056ba9d8,  0x00000000
UNHANDLED MESSAGE HANDLER FOR TYPE: 0x100000e4, args: 0x00000000,  0x056ba8b8,  0x00000051,  0x056ba8b8,  0x00000000
UNHANDLED MESSAGE HANDLER FOR TYPE: 0x10000001, args: 0x00000000,  0x056ba644,  0x00000051,  0x056ba644,  0x00000000
UNHANDLED MESSAGE HANDLER FOR TYPE: 0x100000ee, args: 0x00000000,  0x056ba524,  0x00000051,  0x056ba524,  0x00000000
UNHANDLED MESSAGE HANDLER FOR TYPE: 0x10000103, args: 0x00000000,  0x056ba404,  0x00000051,  0x056ba404,  0x00000000
UNHANDLED MESSAGE HANDLER FOR TYPE: 0x100001cc, args: 0x00000000,  0x056ba2e4,  0x00000051,  0x056ba2e4,  0x00000000
UNHANDLED MESSAGE HANDLER FOR TYPE: 0x100001f2, args: 0x00000000,  0x056ba054,  0x00000051,  0x056ba054,  0x00000000
UNHANDLED MESSAGE HANDLER FOR TYPE: 0x10000001, args: 0x00000000,  0x056b9f34,  0x00000051,  0x056b9f34,  0x00000000
UNHANDLED MESSAGE HANDLER FOR TYPE: 0x10000224, args: 0x00000000,  0x056b9e14,  0x00000051,  0x056b9e14,  0x00000000
UNHANDLED MESSAGE HANDLER FOR TYPE: 0x40000005, args: 0x00000000,  0x056b9c90,  0x00000051,  0x056b9c90,  0x00000000
UNHANDLED MESSAGE HANDLER FOR TYPE: 0x10000029, args: 0x00000000,  0x056b9aec,  0x00000051,  0x056b9aec,  0x00000000
UNHANDLED MESSAGE HANDLER FOR TYPE: 0x100000e3, args: 0x00000000,  0x056b99cc,  0x00000051,  0x056b99cc,  0x00000000
UNHANDLED MESSAGE HANDLER FOR TYPE: 0x100000e3, args: 0x00000000,  0x056b98ac,  0x00000051,  0x056b98ac,  0x00000000
UNHANDLED MESSAGE HANDLER FOR TYPE: 0x100000e3, args: 0x00000000,  0x056b978c,  0x00000051,  0x056b978c,  0x00000000
UNHANDLED MESSAGE HANDLER FOR TYPE: 0x100000e3, args: 0x00000000,  0x056b966c,  0x00000051,  0x056b966c,  0x00000000
UNHANDLED MESSAGE HANDLER FOR TYPE: 0x100000e3, args: 0x00000000,  0x056b954c,  0x00000051,  0x056b954c,  0x00000000
UNHANDLED MESSAGE HANDLER FOR TYPE: 0x10000020, args: 0x00000000,  0x056b942c,  0x00000051,  0x056b942c,  0x00000000
UNHANDLED MESSAGE HANDLER FOR TYPE: 0x10000001, args: 0x00000000,  0x056b91b8,  0x00000051,  0x056b91b8,  0x00000000
UNHANDLED MESSAGE HANDLER FOR TYPE: 0x1000010e, args: 0x00000000,  0x056b9098,  0x00000051,  0x056b9098,  0x00000000
UNHANDLED MESSAGE HANDLER FOR TYPE: 0x1000001f, args: 0x00000000,  0x056b8e08,  0x00000051,  0x056b8e08,  0x00000000
UNHANDLED MESSAGE HANDLER FOR TYPE: 0x10000102, args: 0x00000000,  0x056b8ce8,  0x00000051,  0x056b8ce8,  0x00000000
UNHANDLED MESSAGE HANDLER FOR TYPE: 0x1000022c, args: 0x00000000,  0x056b8bc8,  0x00000051,  0x056b8bc8,  0x00000000
UNHANDLED MESSAGE HANDLER FOR TYPE: 0x10000224, args: 0x00000000,  0x056b8aa8,  0x00000051,  0x056b8aa8,  0x00000000
UNHANDLED MESSAGE HANDLER FOR TYPE: 0x1000022c, args: 0x00000000,  0x056b8988,  0x00000051,  0x056b8988,  0x00000000
UNHANDLED MESSAGE HANDLER FOR TYPE: 0x1000022c, args: 0x00000000,  0x056b8868,  0x00000051,  0x056b8868,  0x00000000
UNHANDLED MESSAGE HANDLER FOR TYPE: 0x10000001, args: 0x00000000,  0x056b8540,  0x00000051,  0x056b8540,  0x00000000
UNHANDLED MESSAGE HANDLER FOR TYPE: 0x10000001, args: 0x00000000,  0x056b8420,  0x00000051,  0x056b8420,  0x00000000
UNHANDLED MESSAGE HANDLER FOR TYPE: 0x10000001, args: 0x00000000,  0x056b8300,  0x00000051,  0x056b8300,  0x00000000
UNHANDLED MESSAGE HANDLER FOR TYPE: 0x1000010a, args: 0x00000000,  0x056b81e0,  0x00000051,  0x056b81e0,  0x00000000
UNHANDLED MESSAGE HANDLER FOR TYPE: 0x1000010b, args: 0x00000000,  0x056b80c0,  0x00000051,  0x056b80c0,  0x00000000
In C_SBDOSSIER_Handler, params 0x00000000, 0x1000010c, 0x00000054, 0x056b7f6c, 0x00000000
In C_SBDOSSIER_Handler, params 0x00000000, 0x1000010c, 0x00000051, 0x056b7f6c, 0x00000000
UNHANDLED MESSAGE HANDLER FOR TYPE: 0x1000010d, args: 0x00000000,  0x056b7e4c,  0x00000051,  0x056b7e4c,  0x00000000
UNHANDLED MESSAGE HANDLER FOR TYPE: 0x1000010d, args: 0x00000000,  0x056b7d2c,  0x00000051,  0x056b7d2c,  0x00000000
UNHANDLED MESSAGE HANDLER FOR TYPE: 0x1000010d, args: 0x00000000,  0x056b7c0c,  0x00000051,  0x056b7c0c,  0x00000000
UNHANDLED MESSAGE HANDLER FOR TYPE: 0x1000010d, args: 0x00000000,  0x056b7aec,  0x00000051,  0x056b7aec,  0x00000000
UNHANDLED MESSAGE HANDLER FOR TYPE: 0x1000010d, args: 0x00000000,  0x056b79cc,  0x00000051,  0x056b79cc,  0x00000000
UNHANDLED MESSAGE HANDLER FOR TYPE: 0x100001ed, args: 0x00000000,  0x056b773c,  0x00000051,  0x056b773c,  0x00000000
UNHANDLED MESSAGE HANDLER FOR TYPE: 0x10000001, args: 0x00000000,  0x056b761c,  0x00000051,  0x056b761c,  0x00000000
UNHANDLED MESSAGE HANDLER FOR TYPE: 0x10000001, args: 0x00000000,  0x056b72f4,  0x00000051,  0x056b72f4,  0x00000000
UNHANDLED MESSAGE HANDLER FOR TYPE: 0x10000001, args: 0x00000000,  0x056b71d4,  0x00000051,  0x056b71d4,  0x00000000
UNHANDLED MESSAGE HANDLER FOR TYPE: 0x10000001, args: 0x00000000,  0x056b6d08,  0x00000051,  0x056b6d08,  0x00000000
UNHANDLED MESSAGE HANDLER FOR TYPE: 0x10000001, args: 0x00000000,  0x056b6b50,  0x00000051,  0x056b6b50,  0x00000000
UNHANDLED MESSAGE HANDLER FOR TYPE: 0x10000001, args: 0x00000000,  0x056b6a30,  0x00000051,  0x056b6a30,  0x00000000
UNHANDLED MESSAGE HANDLER FOR TYPE: 0x10000175, args: 0x00000000,  0x056b6910,  0x00000051,  0x056b6910,  0x00000000
UNHANDLED MESSAGE HANDLER FOR TYPE: 0x10000176, args: 0x00000000,  0x056b67f0,  0x00000051,  0x056b67f0,  0x00000000
UNHANDLED MESSAGE HANDLER FOR TYPE: 0x10000001, args: 0x00000000,  0x056b66d0,  0x00000051,  0x056b66d0,  0x00000000
UNHANDLED MESSAGE HANDLER FOR TYPE: 0x10000001, args: 0x00000000,  0x056b65b0,  0x00000051,  0x056b65b0,  0x00000000
UNHANDLED MESSAGE HANDLER FOR TYPE: 0x10000177, args: 0x00000000,  0x056b6490,  0x00000051,  0x056b6490,  0x00000000
UNHANDLED MESSAGE HANDLER FOR TYPE: 0x10000178, args: 0x00000000,  0x056b6370,  0x00000051,  0x056b6370,  0x00000000
UNHANDLED MESSAGE HANDLER FOR TYPE: 0x100001f8, args: 0x00000000,  0x056b6250,  0x00000051,  0x056b6250,  0x00000000
UNHANDLED MESSAGE HANDLER FOR TYPE: 0x10000001, args: 0x00000000,  0x056b6130,  0x00000051,  0x056b6130,  0x00000000
UNHANDLED MESSAGE HANDLER FOR TYPE: 0x10000001, args: 0x00000000,  0x056b5f78,  0x00000051,  0x056b5f78,  0x00000000
UNHANDLED MESSAGE HANDLER FOR TYPE: 0x10000001, args: 0x00000000,  0x056b5c50,  0x00000051,  0x056b5c50,  0x00000000
UNHANDLED MESSAGE HANDLER FOR TYPE: 0x10000001, args: 0x00000000,  0x056b5b30,  0x00000051,  0x056b5b30,  0x00000000
UNHANDLED MESSAGE HANDLER FOR TYPE: 0x10000001, args: 0x00000000,  0x056b5978,  0x00000051,  0x056b5978,  0x00000000
UNHANDLED MESSAGE HANDLER FOR TYPE: 0x100001da, args: 0x00000000,  0x056b54ac,  0x00000051,  0x056b54ac,  0x00000000
UNHANDLED MESSAGE HANDLER FOR TYPE: 0x100001db, args: 0x00000000,  0x056b52f4,  0x00000051,  0x056b52f4,  0x00000000
UNHANDLED MESSAGE HANDLER FOR TYPE: 0x100001dc, args: 0x00000000,  0x056b513c,  0x00000051,  0x056b513c,  0x00000000
UNHANDLED MESSAGE HANDLER FOR TYPE: 0x100001d6, args: 0x00000000,  0x056b501c,  0x00000051,  0x056b501c,  0x00000000
UNHANDLED MESSAGE HANDLER FOR TYPE: 0x100001d7, args: 0x00000000,  0x056b4efc,  0x00000051,  0x056b4efc,  0x00000000
UNHANDLED MESSAGE HANDLER FOR TYPE: 0x100001d8, args: 0x00000000,  0x056b4ddc,  0x00000051,  0x056b4ddc,  0x00000000
UNHANDLED MESSAGE HANDLER FOR TYPE: 0x100001d2, args: 0x00000000,  0x056b4cbc,  0x00000051,  0x056b4cbc,  0x00000000
UNHANDLED MESSAGE HANDLER FOR TYPE: 0x100001d3, args: 0x00000000,  0x056b4b9c,  0x00000051,  0x056b4b9c,  0x00000000
UNHANDLED MESSAGE HANDLER FOR TYPE: 0x100001d4, args: 0x00000000,  0x056b4a7c,  0x00000051,  0x056b4a7c,  0x00000000
UNHANDLED MESSAGE HANDLER FOR TYPE: 0x100001dd, args: 0x00000000,  0x056b48c4,  0x00000051,  0x056b48c4,  0x00000000
UNHANDLED MESSAGE HANDLER FOR TYPE: 0x100001d5, args: 0x00000000,  0x056b47a4,  0x00000051,  0x056b47a4,  0x00000000
UNHANDLED MESSAGE HANDLER FOR TYPE: 0x100001d9, args: 0x00000000,  0x056b4684,  0x00000051,  0x056b4684,  0x00000000
UNHANDLED MESSAGE HANDLER FOR TYPE: 0x10000001, args: 0x00000000,  0x056b4564,  0x00000051,  0x056b4564,  0x00000000
UNHANDLED MESSAGE HANDLER FOR TYPE: 0x10000001, args: 0x00000000,  0x056b423c,  0x00000051,  0x056b423c,  0x00000000
UNHANDLED MESSAGE HANDLER FOR TYPE: 0x10000001, args: 0x00000000,  0x056b411c,  0x00000051,  0x056b411c,  0x00000000
UNHANDLED MESSAGE HANDLER FOR TYPE: 0x10000001, args: 0x00000000,  0x056b3ffc,  0x00000051,  0x056b3ffc,  0x00000000
UNHANDLED MESSAGE HANDLER FOR TYPE: 0x1000016a, args: 0x00000000,  0x056b3edc,  0x00000051,  0x056b3edc,  0x00000000
UNHANDLED MESSAGE HANDLER FOR TYPE: 0x1000016a, args: 0x00000000,  0x056b3dbc,  0x00000051,  0x056b3dbc,  0x00000000
UNHANDLED MESSAGE HANDLER FOR TYPE: 0x1000016a, args: 0x00000000,  0x056b3c9c,  0x00000051,  0x056b3c9c,  0x00000000
UNHANDLED MESSAGE HANDLER FOR TYPE: 0x1000016a, args: 0x00000000,  0x056b3b7c,  0x00000051,  0x056b3b7c,  0x00000000
UNHANDLED MESSAGE HANDLER FOR TYPE: 0x1000016a, args: 0x00000000,  0x056b3a5c,  0x00000051,  0x056b3a5c,  0x00000000
UNHANDLED MESSAGE HANDLER FOR TYPE: 0x1000016b, args: 0x00000000,  0x056b37cc,  0x00000051,  0x056b37cc,  0x00000000
UNHANDLED MESSAGE HANDLER FOR TYPE: 0x1000016c, args: 0x00000000,  0x056b36ac,  0x00000051,  0x056b36ac,  0x00000000
UNHANDLED MESSAGE HANDLER FOR TYPE: 0x1000016d, args: 0x00000000,  0x056b358c,  0x00000051,  0x056b358c,  0x00000000
UNHANDLED MESSAGE HANDLER FOR TYPE: 0x10000001, args: 0x00000000,  0x056b3318,  0x00000051,  0x056b3318,  0x00000000
UNHANDLED MESSAGE HANDLER FOR TYPE: 0x10000001, args: 0x00000000,  0x056b2ff0,  0x00000051,  0x056b2ff0,  0x00000000
UNHANDLED MESSAGE HANDLER FOR TYPE: 0x10000001, args: 0x00000000,  0x056b2ed0,  0x00000051,  0x056b2ed0,  0x00000000
UNHANDLED MESSAGE HANDLER FOR TYPE: 0x1000016e, args: 0x00000000,  0x056b2db0,  0x00000051,  0x056b2db0,  0x00000000
UNHANDLED MESSAGE HANDLER FOR TYPE: 0x10000170, args: 0x00000000,  0x056b2c90,  0x00000051,  0x056b2c90,  0x00000000
UNHANDLED MESSAGE HANDLER FOR TYPE: 0x10000171, args: 0x00000000,  0x056b2b70,  0x00000051,  0x056b2b70,  0x00000000
UNHANDLED MESSAGE HANDLER FOR TYPE: 0x10000171, args: 0x00000000,  0x056b2a50,  0x00000051,  0x056b2a50,  0x00000000
UNHANDLED MESSAGE HANDLER FOR TYPE: 0x10000171, args: 0x00000000,  0x056b2930,  0x00000051,  0x056b2930,  0x00000000
UNHANDLED MESSAGE HANDLER FOR TYPE: 0x10000171, args: 0x00000000,  0x056b2810,  0x00000051,  0x056b2810,  0x00000000
UNHANDLED MESSAGE HANDLER FOR TYPE: 0x10000171, args: 0x00000000,  0x056b26f0,  0x00000051,  0x056b26f0,  0x00000000
UNHANDLED MESSAGE HANDLER FOR TYPE: 0x10000001, args: 0x00000000,  0x056b25d0,  0x00000051,  0x056b25d0,  0x00000000
UNHANDLED MESSAGE HANDLER FOR TYPE: 0x10000172, args: 0x00000000,  0x056b2340,  0x00000051,  0x056b2340,  0x00000000
UNHANDLED MESSAGE HANDLER FOR TYPE: 0x10000001, args: 0x00000000,  0x056b20cc,  0x00000051,  0x056b20cc,  0x00000000
UNHANDLED MESSAGE HANDLER FOR TYPE: 0x10000001, args: 0x00000000,  0x056b1da4,  0x00000051,  0x056b1da4,  0x00000000
UNHANDLED MESSAGE HANDLER FOR TYPE: 0x10000001, args: 0x00000000,  0x056b1b30,  0x00000051,  0x056b1b30,  0x00000000
UNHANDLED MESSAGE HANDLER FOR TYPE: 0x100000be, args: 0x00000000,  0x056b1a10,  0x00000051,  0x056b1a10,  0x00000000
UNHANDLED MESSAGE HANDLER FOR TYPE: 0x100000e6, args: 0x00000000,  0x056b18f0,  0x00000051,  0x056b18f0,  0x00000000
UNHANDLED MESSAGE HANDLER FOR TYPE: 0x100000e6, args: 0x00000000,  0x056b17d0,  0x00000051,  0x056b17d0,  0x00000000
UNHANDLED MESSAGE HANDLER FOR TYPE: 0x100000e6, args: 0x00000000,  0x056b16b0,  0x00000051,  0x056b16b0,  0x00000000
UNHANDLED MESSAGE HANDLER FOR TYPE: 0x100000e6, args: 0x00000000,  0x056b1590,  0x00000051,  0x056b1590,  0x00000000
UNHANDLED MESSAGE HANDLER FOR TYPE: 0x100000e6, args: 0x00000000,  0x056b1470,  0x00000051,  0x056b1470,  0x00000000
UNHANDLED MESSAGE HANDLER FOR TYPE: 0x10000001, args: 0x00000000,  0x056b1350,  0x00000051,  0x056b1350,  0x00000000
UNHANDLED MESSAGE HANDLER FOR TYPE: 0x10000104, args: 0x00000000,  0x056b1230,  0x00000051,  0x056b1230,  0x00000000
UNHANDLED MESSAGE HANDLER FOR TYPE: 0x100001ee, args: 0x00000000,  0x056b0fa0,  0x00000051,  0x056b0fa0,  0x00000000
UNHANDLED MESSAGE HANDLER FOR TYPE: 0x10000001, args: 0x00000000,  0x056b0e80,  0x00000051,  0x056b0e80,  0x00000000
UNHANDLED MESSAGE HANDLER FOR TYPE: 0x10000224, args: 0x00000000,  0x056b0d60,  0x00000051,  0x056b0d60,  0x00000000
UNHANDLED MESSAGE HANDLER FOR TYPE: 0x10000001, args: 0x00000000,  0x056b0abc,  0x00000051,  0x056b0abc,  0x00000000
UNHANDLED MESSAGE HANDLER FOR TYPE: 0x10000001, args: 0x00000000,  0x056b099c,  0x00000051,  0x056b099c,  0x00000000
UNHANDLED MESSAGE HANDLER FOR TYPE: 0x100001a2, args: 0x00000000,  0x056b0568,  0x00000051,  0x056b0568,  0x00000000
UNHANDLED MESSAGE HANDLER FOR TYPE: 0x100001a0, args: 0x00000000,  0x056b0448,  0x00000051,  0x056b0448,  0x00000000
UNHANDLED MESSAGE HANDLER FOR TYPE: 0x100001a2, args: 0x00000000,  0x056b0328,  0x00000051,  0x056b0328,  0x00000000
UNHANDLED MESSAGE HANDLER FOR TYPE: 0x100001a0, args: 0x00000000,  0x056afef4,  0x00000051,  0x056afef4,  0x00000000
UNHANDLED MESSAGE HANDLER FOR TYPE: 0x100001a2, args: 0x00000000,  0x056afdd4,  0x00000051,  0x056afdd4,  0x00000000
UNHANDLED MESSAGE HANDLER FOR TYPE: 0x100001a2, args: 0x00000000,  0x056afcb4,  0x00000051,  0x056afcb4,  0x00000000
UNHANDLED MESSAGE HANDLER FOR TYPE: 0x100001a0, args: 0x00000000,  0x056af534,  0x00000051,  0x056af534,  0x00000000
UNHANDLED MESSAGE HANDLER FOR TYPE: 0x100001a0, args: 0x00000000,  0x056af414,  0x00000051,  0x056af414,  0x00000000
UNHANDLED MESSAGE HANDLER FOR TYPE: 0x10000001, args: 0x00000000,  0x056af2f4,  0x00000051,  0x056af2f4,  0x00000000
UNHANDLED MESSAGE HANDLER FOR TYPE: 0x10000121, args: 0x00000000,  0x056ae794,  0x00000051,  0x056ae794,  0x00000000
UNHANDLED MESSAGE HANDLER FOR TYPE: 0x10000001, args: 0x00000000,  0x056ae674,  0x00000051,  0x056ae674,  0x00000000
UNHANDLED MESSAGE HANDLER FOR TYPE: 0x10000001, args: 0x00000000,  0x056ae554,  0x00000051,  0x056ae554,  0x00000000
UNHANDLED MESSAGE HANDLER FOR TYPE: 0x10000001, args: 0x00000000,  0x056ae434,  0x00000051,  0x056ae434,  0x00000000
UNHANDLED MESSAGE HANDLER FOR TYPE: 0x10000001, args: 0x00000000,  0x056ae314,  0x00000051,  0x056ae314,  0x00000000
UNHANDLED MESSAGE HANDLER FOR TYPE: 0x10000001, args: 0x00000000,  0x056ae1f4,  0x00000051,  0x056ae1f4,  0x00000000
UNHANDLED MESSAGE HANDLER FOR TYPE: 0x10000001, args: 0x00000000,  0x056ae0d4,  0x00000051,  0x056ae0d4,  0x00000000
UNHANDLED MESSAGE HANDLER FOR TYPE: 0x10000001, args: 0x00000000,  0x056adfb4,  0x00000051,  0x056adfb4,  0x00000000
UNHANDLED MESSAGE HANDLER FOR TYPE: 0x10000001, args: 0x00000000,  0x056ade94,  0x00000051,  0x056ade94,  0x00000000
UNHANDLED MESSAGE HANDLER FOR TYPE: 0x40000003, args: 0x00000000,  0x056add10,  0x00000051,  0x056add10,  0x00000000
UNHANDLED MESSAGE HANDLER FOR TYPE: 0x10000001, args: 0x00000000,  0x056adadc,  0x00000051,  0x056adadc,  0x00000000
UNHANDLED MESSAGE HANDLER FOR TYPE: 0x1000000b, args: 0x00000000,  0x056ad6f8,  0x00000051,  0x056ad6f8,  0x00000000
UNHANDLED MESSAGE HANDLER FOR TYPE: 0x10000001, args: 0x00000000,  0x056ad5d8,  0x00000051,  0x056ad5d8,  0x00000000
UNHANDLED MESSAGE HANDLER FOR TYPE: 0x10000001, args: 0x00000000,  0x056ad4b8,  0x00000051,  0x056ad4b8,  0x00000000
UNHANDLED MESSAGE HANDLER FOR TYPE: 0x1000000a, args: 0x00000000,  0x056ad398,  0x00000051,  0x056ad398,  0x00000000
UNHANDLED MESSAGE HANDLER FOR TYPE: 0x100000e9, args: 0x00000000,  0x056ad278,  0x00000051,  0x056ad278,  0x00000000
UNHANDLED MESSAGE HANDLER FOR TYPE: 0x100000e9, args: 0x00000000,  0x056ad158,  0x00000051,  0x056ad158,  0x00000000
UNHANDLED MESSAGE HANDLER FOR TYPE: 0x100000e9, args: 0x00000000,  0x056ad038,  0x00000051,  0x056ad038,  0x00000000
UNHANDLED MESSAGE HANDLER FOR TYPE: 0x100000e9, args: 0x00000000,  0x056acf18,  0x00000051,  0x056acf18,  0x00000000
UNHANDLED MESSAGE HANDLER FOR TYPE: 0x100000e9, args: 0x00000000,  0x056acdf8,  0x00000051,  0x056acdf8,  0x00000000
UNHANDLED MESSAGE HANDLER FOR TYPE: 0x10000105, args: 0x00000000,  0x056accd8,  0x00000051,  0x056accd8,  0x00000000
UNHANDLED MESSAGE HANDLER FOR TYPE: 0x10000001, args: 0x00000000,  0x056acbb8,  0x00000051,  0x056acbb8,  0x00000000
UNHANDLED MESSAGE HANDLER FOR TYPE: 0x10000224, args: 0x00000000,  0x056aca98,  0x00000051,  0x056aca98,  0x00000000
UNHANDLED MESSAGE HANDLER FOR TYPE: 0x10000001, args: 0x00000000,  0x056ac770,  0x00000051,  0x056ac770,  0x00000000
UNHANDLED MESSAGE HANDLER FOR TYPE: 0x1000009d, args: 0x00000000,  0x056ac650,  0x00000051,  0x056ac650,  0x00000000
UNHANDLED MESSAGE HANDLER FOR TYPE: 0x1000009b, args: 0x00000000,  0x056ac26c,  0x00000051,  0x056ac26c,  0x00000000
UNHANDLED MESSAGE HANDLER FOR TYPE: 0x10000001, args: 0x00000000,  0x056ac14c,  0x00000051,  0x056ac14c,  0x00000000
UNHANDLED MESSAGE HANDLER FOR TYPE: 0x10000001, args: 0x00000000,  0x056ac02c,  0x00000051,  0x056ac02c,  0x00000000
UNHANDLED MESSAGE HANDLER FOR TYPE: 0x100000ea, args: 0x00000000,  0x056abf0c,  0x00000051,  0x056abf0c,  0x00000000
UNHANDLED MESSAGE HANDLER FOR TYPE: 0x100000ea, args: 0x00000000,  0x056abdec,  0x00000051,  0x056abdec,  0x00000000
UNHANDLED MESSAGE HANDLER FOR TYPE: 0x100000ea, args: 0x00000000,  0x056abccc,  0x00000051,  0x056abccc,  0x00000000
UNHANDLED MESSAGE HANDLER FOR TYPE: 0x100000ea, args: 0x00000000,  0x056abbac,  0x00000051,  0x056abbac,  0x00000000
UNHANDLED MESSAGE HANDLER FOR TYPE: 0x100000ea, args: 0x00000000,  0x056aba8c,  0x00000051,  0x056aba8c,  0x00000000
UNHANDLED MESSAGE HANDLER FOR TYPE: 0x10000106, args: 0x00000000,  0x056ab96c,  0x00000051,  0x056ab96c,  0x00000000
UNHANDLED MESSAGE HANDLER FOR TYPE: 0x10000001, args: 0x00000000,  0x056ab84c,  0x00000051,  0x056ab84c,  0x00000000
UNHANDLED MESSAGE HANDLER FOR TYPE: 0x10000224, args: 0x00000000,  0x056ab72c,  0x00000051,  0x056ab72c,  0x00000000
UNHANDLED MESSAGE HANDLER FOR TYPE: 0x10000001, args: 0x00000000,  0x056ab488,  0x00000051,  0x056ab488,  0x00000000
UNHANDLED MESSAGE HANDLER FOR TYPE: 0x10000001, args: 0x00000000,  0x056ab368,  0x00000051,  0x056ab368,  0x00000000
UNHANDLED MESSAGE HANDLER FOR TYPE: 0x10000001, args: 0x00000000,  0x056ab248,  0x00000051,  0x056ab248,  0x00000000
UNHANDLED MESSAGE HANDLER FOR TYPE: 0x100001a0, args: 0x00000000,  0x056ab128,  0x00000051,  0x056ab128,  0x00000000
UNHANDLED MESSAGE HANDLER FOR TYPE: 0x100001a0, args: 0x00000000,  0x056ab008,  0x00000051,  0x056ab008,  0x00000000
UNHANDLED MESSAGE HANDLER FOR TYPE: 0x100001a0, args: 0x00000000,  0x056aaee8,  0x00000051,  0x056aaee8,  0x00000000
UNHANDLED MESSAGE HANDLER FOR TYPE: 0x100001a0, args: 0x00000000,  0x056aadc8,  0x00000051,  0x056aadc8,  0x00000000
UNHANDLED MESSAGE HANDLER FOR TYPE: 0x100001a2, args: 0x00000000,  0x056aa268,  0x00000051,  0x056aa268,  0x00000000
UNHANDLED MESSAGE HANDLER FOR TYPE: 0x100001a2, args: 0x00000000,  0x056aa148,  0x00000051,  0x056aa148,  0x00000000
UNHANDLED MESSAGE HANDLER FOR TYPE: 0x100001a2, args: 0x00000000,  0x056aa028,  0x00000051,  0x056aa028,  0x00000000
UNHANDLED MESSAGE HANDLER FOR TYPE: 0x100001a2, args: 0x00000000,  0x056a9f08,  0x00000051,  0x056a9f08,  0x00000000
UNHANDLED MESSAGE HANDLER FOR TYPE: 0x10000001, args: 0x00000000,  0x056a9128,  0x00000051,  0x056a9128,  0x00000000
UNHANDLED MESSAGE HANDLER FOR TYPE: 0x10000001, args: 0x00000000,  0x056a9008,  0x00000051,  0x056a9008,  0x00000000
UNHANDLED MESSAGE HANDLER FOR TYPE: 0x10000001, args: 0x00000000,  0x056a8ee8,  0x00000051,  0x056a8ee8,  0x00000000
UNHANDLED MESSAGE HANDLER FOR TYPE: 0x10000001, args: 0x00000000,  0x056a8dc8,  0x00000051,  0x056a8dc8,  0x00000000
UNHANDLED MESSAGE HANDLER FOR TYPE: 0x10000001, args: 0x00000000,  0x056a8ca8,  0x00000051,  0x056a8ca8,  0x00000000
UNHANDLED MESSAGE HANDLER FOR TYPE: 0x10000001, args: 0x00000000,  0x056a8b88,  0x00000051,  0x056a8b88,  0x00000000
UNHANDLED MESSAGE HANDLER FOR TYPE: 0x10000001, args: 0x00000000,  0x056a8a68,  0x00000051,  0x056a8a68,  0x00000000
UNHANDLED MESSAGE HANDLER FOR TYPE: 0x10000001, args: 0x00000000,  0x056a8948,  0x00000051,  0x056a8948,  0x00000000
UNHANDLED MESSAGE HANDLER FOR TYPE: 0x10000001, args: 0x00000000,  0x056a8620,  0x00000051,  0x056a8620,  0x00000000
UNHANDLED MESSAGE HANDLER FOR TYPE: 0x10000001, args: 0x00000000,  0x056a8500,  0x00000051,  0x056a8500,  0x00000000
UNHANDLED MESSAGE HANDLER FOR TYPE: 0x10000001, args: 0x00000000,  0x056a83e0,  0x00000051,  0x056a83e0,  0x00000000
UNHANDLED MESSAGE HANDLER FOR TYPE: 0x100000f3, args: 0x00000000,  0x056a82c0,  0x00000051,  0x056a82c0,  0x00000000
UNHANDLED MESSAGE HANDLER FOR TYPE: 0x100000f3, args: 0x00000000,  0x056a81a0,  0x00000051,  0x056a81a0,  0x00000000
UNHANDLED MESSAGE HANDLER FOR TYPE: 0x100000f3, args: 0x00000000,  0x056a8080,  0x00000051,  0x056a8080,  0x00000000
UNHANDLED MESSAGE HANDLER FOR TYPE: 0x100000f3, args: 0x00000000,  0x056a7f60,  0x00000051,  0x056a7f60,  0x00000000
UNHANDLED MESSAGE HANDLER FOR TYPE: 0x100000f3, args: 0x00000000,  0x056a7e40,  0x00000051,  0x056a7e40,  0x00000000
UNHANDLED MESSAGE HANDLER FOR TYPE: 0x100000f5, args: 0x00000000,  0x056a7bcc,  0x00000051,  0x056a7bcc,  0x00000000
UNHANDLED MESSAGE HANDLER FOR TYPE: 0x10000107, args: 0x00000000,  0x056a7aac,  0x00000051,  0x056a7aac,  0x00000000
UNHANDLED MESSAGE HANDLER FOR TYPE: 0x100001ef, args: 0x00000000,  0x056a781c,  0x00000051,  0x056a781c,  0x00000000
UNHANDLED MESSAGE HANDLER FOR TYPE: 0x100001ef, args: 0x00000000,  0x056a758c,  0x00000051,  0x056a758c,  0x00000000
UNHANDLED MESSAGE HANDLER FOR TYPE: 0x10000001, args: 0x00000000,  0x056a746c,  0x00000051,  0x056a746c,  0x00000000
UNHANDLED MESSAGE HANDLER FOR TYPE: 0x10000224, args: 0x00000000,  0x056a734c,  0x00000051,  0x056a734c,  0x00000000
UNHANDLED MESSAGE HANDLER FOR TYPE: 0x10000233, args: 0x00000000,  0x056a7024,  0x00000051,  0x056a7024,  0x00000000
UNHANDLED MESSAGE HANDLER FOR TYPE: 0x10000233, args: 0x00000000,  0x056a6f04,  0x00000051,  0x056a6f04,  0x00000000
UNHANDLED MESSAGE HANDLER FOR TYPE: 0x10000233, args: 0x00000000,  0x056a6de4,  0x00000051,  0x056a6de4,  0x00000000
UNHANDLED MESSAGE HANDLER FOR TYPE: 0x10000233, args: 0x00000000,  0x056a6cc4,  0x00000051,  0x056a6cc4,  0x00000000
UNHANDLED MESSAGE HANDLER FOR TYPE: 0x10000233, args: 0x00000000,  0x056a6ba4,  0x00000051,  0x056a6ba4,  0x00000000
UNHANDLED MESSAGE HANDLER FOR TYPE: 0x10000233, args: 0x00000000,  0x056a6a84,  0x00000051,  0x056a6a84,  0x00000000
UNHANDLED MESSAGE HANDLER FOR TYPE: 0x10000233, args: 0x00000000,  0x056a6964,  0x00000051,  0x056a6964,  0x00000000
UNHANDLED MESSAGE HANDLER FOR TYPE: 0x10000233, args: 0x00000000,  0x056a6844,  0x00000051,  0x056a6844,  0x00000000
UNHANDLED MESSAGE HANDLER FOR TYPE: 0x10000233, args: 0x00000000,  0x056a6724,  0x00000051,  0x056a6724,  0x00000000
UNHANDLED MESSAGE HANDLER FOR TYPE: 0x10000233, args: 0x00000000,  0x056a6604,  0x00000051,  0x056a6604,  0x00000000
UNHANDLED MESSAGE HANDLER FOR TYPE: 0x10000001, args: 0x00000000,  0x056a64e4,  0x00000051,  0x056a64e4,  0x00000000
UNHANDLED MESSAGE HANDLER FOR TYPE: 0x10000001, args: 0x00000000,  0x056a63c4,  0x00000051,  0x056a63c4,  0x00000000
UNHANDLED MESSAGE HANDLER FOR TYPE: 0x10000165, args: 0x00000000,  0x056a620c,  0x00000051,  0x056a620c,  0x00000000
UNHANDLED MESSAGE HANDLER FOR TYPE: 0x10000001, args: 0x00000000,  0x056a60ec,  0x00000051,  0x056a60ec,  0x00000000
UNHANDLED MESSAGE HANDLER FOR TYPE: 0x10000237, args: 0x00000000,  0x056a5fcc,  0x00000051,  0x056a5fcc,  0x00000000
UNHANDLED MESSAGE HANDLER FOR TYPE: 0x10000235, args: 0x00000000,  0x056a5eac,  0x00000051,  0x056a5eac,  0x00000000
UNHANDLED MESSAGE HANDLER FOR TYPE: 0x10000237, args: 0x00000000,  0x056a5d8c,  0x00000051,  0x056a5d8c,  0x00000000
UNHANDLED MESSAGE HANDLER FOR TYPE: 0x10000238, args: 0x00000000,  0x056a5c6c,  0x00000051,  0x056a5c6c,  0x00000000
UNHANDLED MESSAGE HANDLER FOR TYPE: 0x10000235, args: 0x00000000,  0x056a5b4c,  0x00000051,  0x056a5b4c,  0x00000000
UNHANDLED MESSAGE HANDLER FOR TYPE: 0x10000237, args: 0x00000000,  0x056a5a2c,  0x00000051,  0x056a5a2c,  0x00000000
UNHANDLED MESSAGE HANDLER FOR TYPE: 0x10000238, args: 0x00000000,  0x056a590c,  0x00000051,  0x056a590c,  0x00000000
UNHANDLED MESSAGE HANDLER FOR TYPE: 0x10000235, args: 0x00000000,  0x056a57ec,  0x00000051,  0x056a57ec,  0x00000000
UNHANDLED MESSAGE HANDLER FOR TYPE: 0x10000237, args: 0x00000000,  0x056a56cc,  0x00000051,  0x056a56cc,  0x00000000
UNHANDLED MESSAGE HANDLER FOR TYPE: 0x10000238, args: 0x00000000,  0x056a55ac,  0x00000051,  0x056a55ac,  0x00000000
UNHANDLED MESSAGE HANDLER FOR TYPE: 0x10000235, args: 0x00000000,  0x056a548c,  0x00000051,  0x056a548c,  0x00000000
UNHANDLED MESSAGE HANDLER FOR TYPE: 0x10000001, args: 0x00000000,  0x056a52d4,  0x00000051,  0x056a52d4,  0x00000000
UNHANDLED MESSAGE HANDLER FOR TYPE: 0x1000022d, args: 0x00000000,  0x056a51b4,  0x00000051,  0x056a51b4,  0x00000000
UNHANDLED MESSAGE HANDLER FOR TYPE: 0x1000022e, args: 0x00000000,  0x056a5094,  0x00000051,  0x056a5094,  0x00000000
UNHANDLED MESSAGE HANDLER FOR TYPE: 0x1000022f, args: 0x00000000,  0x056a4f74,  0x00000051,  0x056a4f74,  0x00000000
UNHANDLED MESSAGE HANDLER FOR TYPE: 0x10000230, args: 0x00000000,  0x056a4e54,  0x00000051,  0x056a4e54,  0x00000000
UNHANDLED MESSAGE HANDLER FOR TYPE: 0x10000231, args: 0x00000000,  0x056a4d34,  0x00000051,  0x056a4d34,  0x00000000
UNHANDLED MESSAGE HANDLER FOR TYPE: 0x10000232, args: 0x00000000,  0x056a4c14,  0x00000051,  0x056a4c14,  0x00000000
UNHANDLED MESSAGE HANDLER FOR TYPE: 0x10000001, args: 0x00000000,  0x056a4a5c,  0x00000051,  0x056a4a5c,  0x00000000
UNHANDLED MESSAGE HANDLER FOR TYPE: 0x1000023e, args: 0x00000000,  0x056a48a4,  0x00000051,  0x056a48a4,  0x00000000
UNHANDLED MESSAGE HANDLER FOR TYPE: 0x1000023f, args: 0x00000000,  0x056a4784,  0x00000051,  0x056a4784,  0x00000000
UNHANDLED MESSAGE HANDLER FOR TYPE: 0x10000001, args: 0x00000000,  0x056a4664,  0x00000051,  0x056a4664,  0x00000000
UNHANDLED MESSAGE HANDLER FOR TYPE: 0x1000023e, args: 0x00000000,  0x056a4544,  0x00000051,  0x056a4544,  0x00000000
UNHANDLED MESSAGE HANDLER FOR TYPE: 0x1000023e, args: 0x00000000,  0x056a4424,  0x00000051,  0x056a4424,  0x00000000
UNHANDLED MESSAGE HANDLER FOR TYPE: 0x10000001, args: 0x00000000,  0x056a4304,  0x00000051,  0x056a4304,  0x00000000
UNHANDLED MESSAGE HANDLER FOR TYPE: 0x1000023e, args: 0x00000000,  0x056a41e4,  0x00000051,  0x056a41e4,  0x00000000
UNHANDLED MESSAGE HANDLER FOR TYPE: 0x10000234, args: 0x00000000,  0x056a40c4,  0x00000051,  0x056a40c4,  0x00000000
UNHANDLED MESSAGE HANDLER FOR TYPE: 0x10000234, args: 0x00000000,  0x056a3fa4,  0x00000051,  0x056a3fa4,  0x00000000
UNHANDLED MESSAGE HANDLER FOR TYPE: 0x10000234, args: 0x00000000,  0x056a3e84,  0x00000051,  0x056a3e84,  0x00000000
UNHANDLED MESSAGE HANDLER FOR TYPE: 0x10000234, args: 0x00000000,  0x056a3d64,  0x00000051,  0x056a3d64,  0x00000000
UNHANDLED MESSAGE HANDLER FOR TYPE: 0x10000234, args: 0x00000000,  0x056a3c44,  0x00000051,  0x056a3c44,  0x00000000
UNHANDLED MESSAGE HANDLER FOR TYPE: 0x10000234, args: 0x00000000,  0x056a3b24,  0x00000051,  0x056a3b24,  0x00000000
UNHANDLED MESSAGE HANDLER FOR TYPE: 0x10000234, args: 0x00000000,  0x056a3a04,  0x00000051,  0x056a3a04,  0x00000000
UNHANDLED MESSAGE HANDLER FOR TYPE: 0x10000234, args: 0x00000000,  0x056a38e4,  0x00000051,  0x056a38e4,  0x00000000
UNHANDLED MESSAGE HANDLER FOR TYPE: 0x10000234, args: 0x00000000,  0x056a37c4,  0x00000051,  0x056a37c4,  0x00000000
UNHANDLED MESSAGE HANDLER FOR TYPE: 0x10000234, args: 0x00000000,  0x056a36a4,  0x00000051,  0x056a36a4,  0x00000000
UNHANDLED MESSAGE HANDLER FOR TYPE: 0x10000001, args: 0x00000000,  0x056a3584,  0x00000051,  0x056a3584,  0x00000000
UNHANDLED MESSAGE HANDLER FOR TYPE: 0x10000001, args: 0x00000000,  0x056a3464,  0x00000051,  0x056a3464,  0x00000000
UNHANDLED MESSAGE HANDLER FOR TYPE: 0x1000023e, args: 0x00000000,  0x056a3344,  0x00000051,  0x056a3344,  0x00000000
UNHANDLED MESSAGE HANDLER FOR TYPE: 0x1000023e, args: 0x00000000,  0x056a3224,  0x00000051,  0x056a3224,  0x00000000
UNHANDLED MESSAGE HANDLER FOR TYPE: 0x10000236, args: 0x00000000,  0x056a3104,  0x00000051,  0x056a3104,  0x00000000
UNHANDLED MESSAGE HANDLER FOR TYPE: 0x10000236, args: 0x00000000,  0x056a2fe4,  0x00000051,  0x056a2fe4,  0x00000000
UNHANDLED MESSAGE HANDLER FOR TYPE: 0x10000236, args: 0x00000000,  0x056a2ec4,  0x00000051,  0x056a2ec4,  0x00000000
UNHANDLED MESSAGE HANDLER FOR TYPE: 0x10000236, args: 0x00000000,  0x056a2da4,  0x00000051,  0x056a2da4,  0x00000000
UNHANDLED MESSAGE HANDLER FOR TYPE: 0x10000238, args: 0x00000000,  0x056a2c84,  0x00000051,  0x056a2c84,  0x00000000
UNHANDLED MESSAGE HANDLER FOR TYPE: 0x10000239, args: 0x00000000,  0x056a2b64,  0x00000051,  0x056a2b64,  0x00000000
UNHANDLED MESSAGE HANDLER FOR TYPE: 0x10000239, args: 0x00000000,  0x056a2a44,  0x00000051,  0x056a2a44,  0x00000000
UNHANDLED MESSAGE HANDLER FOR TYPE: 0x10000239, args: 0x00000000,  0x056a2924,  0x00000051,  0x056a2924,  0x00000000
UNHANDLED MESSAGE HANDLER FOR TYPE: 0x10000239, args: 0x00000000,  0x056a2804,  0x00000051,  0x056a2804,  0x00000000
UNHANDLED MESSAGE HANDLER FOR TYPE: 0x1000023a, args: 0x00000000,  0x056a26e4,  0x00000051,  0x056a26e4,  0x00000000
UNHANDLED MESSAGE HANDLER FOR TYPE: 0x1000023a, args: 0x00000000,  0x056a25c4,  0x00000051,  0x056a25c4,  0x00000000
UNHANDLED MESSAGE HANDLER FOR TYPE: 0x1000023a, args: 0x00000000,  0x056a24a4,  0x00000051,  0x056a24a4,  0x00000000
UNHANDLED MESSAGE HANDLER FOR TYPE: 0x1000023a, args: 0x00000000,  0x056a2384,  0x00000051,  0x056a2384,  0x00000000
UNHANDLED MESSAGE HANDLER FOR TYPE: 0x10000001, args: 0x00000000,  0x056a205c,  0x00000051,  0x056a205c,  0x00000000
UNHANDLED MESSAGE HANDLER FOR TYPE: 0x10000001, args: 0x00000000,  0x056a1f3c,  0x00000051,  0x056a1f3c,  0x00000000
UNHANDLED MESSAGE HANDLER FOR TYPE: 0x10000008, args: 0x00000000,  0x056a1e1c,  0x00000051,  0x056a1e1c,  0x00000000
UNHANDLED MESSAGE HANDLER FOR TYPE: 0x10000008, args: 0x00000000,  0x056a1b08,  0x00000051,  0x056a1b08,  0x00000000
UNHANDLED MESSAGE HANDLER FOR TYPE: 0x100000f6, args: 0x00000000,  0x056a19e8,  0x00000051,  0x056a19e8,  0x00000000
UNHANDLED MESSAGE HANDLER FOR TYPE: 0x100000f6, args: 0x00000000,  0x056a16d4,  0x00000051,  0x056a16d4,  0x00000000
UNHANDLED MESSAGE HANDLER FOR TYPE: 0x10000225, args: 0x00000000,  0x056a1444,  0x00000051,  0x056a1444,  0x00000000
UNHANDLED MESSAGE HANDLER FOR TYPE: 0x10000001, args: 0x00000000,  0x056a1324,  0x00000051,  0x056a1324,  0x00000000
UNHANDLED MESSAGE HANDLER FOR TYPE: 0x10000224, args: 0x00000000,  0x056a1204,  0x00000051,  0x056a1204,  0x00000000
UNHANDLED MESSAGE HANDLER FOR TYPE: 0x10000001, args: 0x00000000,  0x056a0edc,  0x00000051,  0x056a0edc,  0x00000000
UNHANDLED MESSAGE HANDLER FOR TYPE: 0x10000001, args: 0x00000000,  0x056a0dbc,  0x00000051,  0x056a0dbc,  0x00000000
UNHANDLED MESSAGE HANDLER FOR TYPE: 0x100000a2, args: 0x00000000,  0x056a0c9c,  0x00000051,  0x056a0c9c,  0x00000000
UNHANDLED MESSAGE HANDLER FOR TYPE: 0x1000009f, args: 0x00000000,  0x056a0b7c,  0x00000051,  0x056a0b7c,  0x00000000
UNHANDLED MESSAGE HANDLER FOR TYPE: 0x100000a2, args: 0x00000000,  0x056a0868,  0x00000051,  0x056a0868,  0x00000000
UNHANDLED MESSAGE HANDLER FOR TYPE: 0x1000009f, args: 0x00000000,  0x056a0554,  0x00000051,  0x056a0554,  0x00000000
UNHANDLED MESSAGE HANDLER FOR TYPE: 0x1000019b, args: 0x00000000,  0x056a0434,  0x00000051,  0x056a0434,  0x00000000
UNHANDLED MESSAGE HANDLER FOR TYPE: 0x1000019b, args: 0x00000000,  0x056a0120,  0x00000051,  0x056a0120,  0x00000000
UNHANDLED MESSAGE HANDLER FOR TYPE: 0x10000225, args: 0x00000000,  0x0569fe90,  0x00000051,  0x0569fe90,  0x00000000
UNHANDLED MESSAGE HANDLER FOR TYPE: 0x10000001, args: 0x00000000,  0x0569fd70,  0x00000051,  0x0569fd70,  0x00000000
UNHANDLED MESSAGE HANDLER FOR TYPE: 0x10000224, args: 0x00000000,  0x0569fc50,  0x00000051,  0x0569fc50,  0x00000000
UNHANDLED MESSAGE HANDLER FOR TYPE: 0x10000227, args: 0x00000000,  0x0569fb30,  0x00000051,  0x0569fb30,  0x00000000
UNHANDLED MESSAGE HANDLER FOR TYPE: 0x10000228, args: 0x00000000,  0x0569fa10,  0x00000051,  0x0569fa10,  0x00000000
UNHANDLED MESSAGE HANDLER FOR TYPE: 0x10000227, args: 0x00000000,  0x0569f6fc,  0x00000051,  0x0569f6fc,  0x00000000
UNHANDLED MESSAGE HANDLER FOR TYPE: 0x10000228, args: 0x00000000,  0x0569f3e8,  0x00000051,  0x0569f3e8,  0x00000000
UNHANDLED MESSAGE HANDLER FOR TYPE: 0x10000001, args: 0x00000000,  0x0569f0c0,  0x00000051,  0x0569f0c0,  0x00000000
UNHANDLED MESSAGE HANDLER FOR TYPE: 0x10000001, args: 0x00000000,  0x0569efa0,  0x00000051,  0x0569efa0,  0x00000000
UNHANDLED MESSAGE HANDLER FOR TYPE: 0x10000081, args: 0x00000000,  0x0569ee80,  0x00000051,  0x0569ee80,  0x00000000
UNHANDLED MESSAGE HANDLER FOR TYPE: 0x10000084, args: 0x00000000,  0x0569ed60,  0x00000051,  0x0569ed60,  0x00000000
UNHANDLED MESSAGE HANDLER FOR TYPE: 0x1000008c, args: 0x00000000,  0x0569ec40,  0x00000051,  0x0569ec40,  0x00000000
UNHANDLED MESSAGE HANDLER FOR TYPE: 0x1000008d, args: 0x00000000,  0x0569eb20,  0x00000051,  0x0569eb20,  0x00000000
UNHANDLED MESSAGE HANDLER FOR TYPE: 0x10000081, args: 0x00000000,  0x0569e80c,  0x00000051,  0x0569e80c,  0x00000000
UNHANDLED MESSAGE HANDLER FOR TYPE: 0x1000008c, args: 0x00000000,  0x0569e4f8,  0x00000051,  0x0569e4f8,  0x00000000
UNHANDLED MESSAGE HANDLER FOR TYPE: 0x10000080, args: 0x00000000,  0x0569e3d8,  0x00000051,  0x0569e3d8,  0x00000000
UNHANDLED MESSAGE HANDLER FOR TYPE: 0x10000084, args: 0x00000000,  0x0569e0c4,  0x00000051,  0x0569e0c4,  0x00000000
UNHANDLED MESSAGE HANDLER FOR TYPE: 0x10000080, args: 0x00000000,  0x0569ddb0,  0x00000051,  0x0569ddb0,  0x00000000
UNHANDLED MESSAGE HANDLER FOR TYPE: 0x1000008d, args: 0x00000000,  0x0569da9c,  0x00000051,  0x0569da9c,  0x00000000
UNHANDLED MESSAGE HANDLER FOR TYPE: 0x10000225, args: 0x00000000,  0x0569d80c,  0x00000051,  0x0569d80c,  0x00000000
UNHANDLED MESSAGE HANDLER FOR TYPE: 0x10000001, args: 0x00000000,  0x0569d6ec,  0x00000051,  0x0569d6ec,  0x00000000
UNHANDLED MESSAGE HANDLER FOR TYPE: 0x10000224, args: 0x00000000,  0x0569d5cc,  0x00000051,  0x0569d5cc,  0x00000000
UNHANDLED MESSAGE HANDLER FOR TYPE: 0x10000001, args: 0x00000000,  0x0569d2a4,  0x00000051,  0x0569d2a4,  0x00000000
UNHANDLED MESSAGE HANDLER FOR TYPE: 0x10000001, args: 0x00000000,  0x0569d184,  0x00000051,  0x0569d184,  0x00000000
UNHANDLED MESSAGE HANDLER FOR TYPE: 0x10000001, args: 0x00000000,  0x0569d064,  0x00000051,  0x0569d064,  0x00000000
UNHANDLED MESSAGE HANDLER FOR TYPE: 0x10000110, args: 0x00000000,  0x0569cf44,  0x00000051,  0x0569cf44,  0x00000000
UNHANDLED MESSAGE HANDLER FOR TYPE: 0x10000110, args: 0x00000000,  0x0569ce24,  0x00000051,  0x0569ce24,  0x00000000
UNHANDLED MESSAGE HANDLER FOR TYPE: 0x10000110, args: 0x00000000,  0x0569cd04,  0x00000051,  0x0569cd04,  0x00000000
UNHANDLED MESSAGE HANDLER FOR TYPE: 0x10000110, args: 0x00000000,  0x0569cbe4,  0x00000051,  0x0569cbe4,  0x00000000
UNHANDLED MESSAGE HANDLER FOR TYPE: 0x10000110, args: 0x00000000,  0x0569cac4,  0x00000051,  0x0569cac4,  0x00000000
UNHANDLED MESSAGE HANDLER FOR TYPE: 0x10000112, args: 0x00000000,  0x0569c9a4,  0x00000051,  0x0569c9a4,  0x00000000
UNHANDLED MESSAGE HANDLER FOR TYPE: 0x10000113, args: 0x00000000,  0x0569c884,  0x00000051,  0x0569c884,  0x00000000
UNHANDLED MESSAGE HANDLER FOR TYPE: 0x10000001, args: 0x00000000,  0x0569c610,  0x00000051,  0x0569c610,  0x00000000
UNHANDLED MESSAGE HANDLER FOR TYPE: 0x10000224, args: 0x00000000,  0x0569c4f0,  0x00000051,  0x0569c4f0,  0x00000000
UNHANDLED MESSAGE HANDLER FOR TYPE: 0x10000243, args: 0x00000000,  0x0569c3d0,  0x00000051,  0x0569c3d0,  0x00000000
UNHANDLED MESSAGE HANDLER FOR TYPE: 0x10000001, args: 0x00000000,  0x0569c0a8,  0x00000051,  0x0569c0a8,  0x00000000
UNHANDLED MESSAGE HANDLER FOR TYPE: 0x10000001, args: 0x00000000,  0x0569bf88,  0x00000051,  0x0569bf88,  0x00000000
UNHANDLED MESSAGE HANDLER FOR TYPE: 0x10000001, args: 0x00000000,  0x0569be68,  0x00000051,  0x0569be68,  0x00000000
UNHANDLED MESSAGE HANDLER FOR TYPE: 0x1000018d, args: 0x00000000,  0x0569bd48,  0x00000051,  0x0569bd48,  0x00000000
UNHANDLED MESSAGE HANDLER FOR TYPE: 0x10000194, args: 0x00000000,  0x0569bc28,  0x00000051,  0x0569bc28,  0x00000000
UNHANDLED MESSAGE HANDLER FOR TYPE: 0x1000018f, args: 0x00000000,  0x0569bb08,  0x00000051,  0x0569bb08,  0x00000000
UNHANDLED MESSAGE HANDLER FOR TYPE: 0x1000018f, args: 0x00000000,  0x0569b9e8,  0x00000051,  0x0569b9e8,  0x00000000
UNHANDLED MESSAGE HANDLER FOR TYPE: 0x1000018f, args: 0x00000000,  0x0569b8c8,  0x00000051,  0x0569b8c8,  0x00000000
UNHANDLED MESSAGE HANDLER FOR TYPE: 0x1000018f, args: 0x00000000,  0x0569b7a8,  0x00000051,  0x0569b7a8,  0x00000000
UNHANDLED MESSAGE HANDLER FOR TYPE: 0x1000018f, args: 0x00000000,  0x0569b688,  0x00000051,  0x0569b688,  0x00000000
UNHANDLED MESSAGE HANDLER FOR TYPE: 0x100001f6, args: 0x00000000,  0x0569b2a4,  0x00000051,  0x0569b2a4,  0x00000000
UNHANDLED MESSAGE HANDLER FOR TYPE: 0x10000001, args: 0x00000000,  0x0569b184,  0x00000051,  0x0569b184,  0x00000000
UNHANDLED MESSAGE HANDLER FOR TYPE: 0x10000224, args: 0x00000000,  0x0569b064,  0x00000051,  0x0569b064,  0x00000000
UNHANDLED MESSAGE HANDLER FOR TYPE: 0x10000001, args: 0x00000000,  0x0569ad3c,  0x00000051,  0x0569ad3c,  0x00000000
UNHANDLED MESSAGE HANDLER FOR TYPE: 0x10000001, args: 0x00000000,  0x0569ac1c,  0x00000051,  0x0569ac1c,  0x00000000
UNHANDLED MESSAGE HANDLER FOR TYPE: 0x10000116, args: 0x00000000,  0x0569aafc,  0x00000051,  0x0569aafc,  0x00000000
UNHANDLED MESSAGE HANDLER FOR TYPE: 0x10000116, args: 0x00000000,  0x0569a7e8,  0x00000051,  0x0569a7e8,  0x00000000
UNHANDLED MESSAGE HANDLER FOR TYPE: 0x10000185, args: 0x00000000,  0x0569a6c8,  0x00000051,  0x0569a6c8,  0x00000000
UNHANDLED MESSAGE HANDLER FOR TYPE: 0x10000186, args: 0x00000000,  0x0569a5a8,  0x00000051,  0x0569a5a8,  0x00000000
UNHANDLED MESSAGE HANDLER FOR TYPE: 0x10000187, args: 0x00000000,  0x0569a488,  0x00000051,  0x0569a488,  0x00000000
UNHANDLED MESSAGE HANDLER FOR TYPE: 0x10000188, args: 0x00000000,  0x0569a368,  0x00000051,  0x0569a368,  0x00000000
UNHANDLED MESSAGE HANDLER FOR TYPE: 0x10000195, args: 0x00000000,  0x0569a248,  0x00000051,  0x0569a248,  0x00000000
UNHANDLED MESSAGE HANDLER FOR TYPE: 0x1000018a, args: 0x00000000,  0x0569a128,  0x00000051,  0x0569a128,  0x00000000
UNHANDLED MESSAGE HANDLER FOR TYPE: 0x1000018c, args: 0x00000000,  0x0569a008,  0x00000051,  0x0569a008,  0x00000000
UNHANDLED MESSAGE HANDLER FOR TYPE: 0x1000018c, args: 0x00000000,  0x05699cf4,  0x00000051,  0x05699cf4,  0x00000000
UNHANDLED MESSAGE HANDLER FOR TYPE: 0x10000195, args: 0x00000000,  0x056999e0,  0x00000051,  0x056999e0,  0x00000000
UNHANDLED MESSAGE HANDLER FOR TYPE: 0x10000185, args: 0x00000000,  0x056996cc,  0x00000051,  0x056996cc,  0x00000000
UNHANDLED MESSAGE HANDLER FOR TYPE: 0x10000186, args: 0x00000000,  0x056993b8,  0x00000051,  0x056993b8,  0x00000000
UNHANDLED MESSAGE HANDLER FOR TYPE: 0x10000187, args: 0x00000000,  0x056990a4,  0x00000051,  0x056990a4,  0x00000000
UNHANDLED MESSAGE HANDLER FOR TYPE: 0x10000188, args: 0x00000000,  0x05698d90,  0x00000051,  0x05698d90,  0x00000000
UNHANDLED MESSAGE HANDLER FOR TYPE: 0x1000018a, args: 0x00000000,  0x05698a7c,  0x00000051,  0x05698a7c,  0x00000000
UNHANDLED MESSAGE HANDLER FOR TYPE: 0x10000225, args: 0x00000000,  0x056987ec,  0x00000051,  0x056987ec,  0x00000000
UNHANDLED MESSAGE HANDLER FOR TYPE: 0x10000001, args: 0x00000000,  0x056986cc,  0x00000051,  0x056986cc,  0x00000000
UNHANDLED MESSAGE HANDLER FOR TYPE: 0x10000224, args: 0x00000000,  0x056985ac,  0x00000051,  0x056985ac,  0x00000000
UNHANDLED MESSAGE HANDLER FOR TYPE: 0x10000001, args: 0x00000000,  0x05698308,  0x00000051,  0x05698308,  0x00000000
UNHANDLED MESSAGE HANDLER FOR TYPE: 0x10000001, args: 0x00000000,  0x056981e8,  0x00000051,  0x056981e8,  0x00000000
UNHANDLED MESSAGE HANDLER FOR TYPE: 0x10000001, args: 0x00000000,  0x056979e8,  0x00000051,  0x056979e8,  0x00000000
UNHANDLED MESSAGE HANDLER FOR TYPE: 0x10000001, args: 0x00000000,  0x056978c8,  0x00000051,  0x056978c8,  0x00000000
UNHANDLED MESSAGE HANDLER FOR TYPE: 0x10000001, args: 0x00000000,  0x056977a8,  0x00000051,  0x056977a8,  0x00000000
UNHANDLED MESSAGE HANDLER FOR TYPE: 0x10000157, args: 0x00000000,  0x05697688,  0x00000051,  0x05697688,  0x00000000
UNHANDLED MESSAGE HANDLER FOR TYPE: 0x10000158, args: 0x00000000,  0x05697568,  0x00000051,  0x05697568,  0x00000000
UNHANDLED MESSAGE HANDLER FOR TYPE: 0x10000159, args: 0x00000000,  0x05697448,  0x00000051,  0x05697448,  0x00000000
UNHANDLED MESSAGE HANDLER FOR TYPE: 0x1000015a, args: 0x00000000,  0x05697328,  0x00000051,  0x05697328,  0x00000000
UNHANDLED MESSAGE HANDLER FOR TYPE: 0x1000015c, args: 0x00000000,  0x05697208,  0x00000051,  0x05697208,  0x00000000
UNHANDLED MESSAGE HANDLER FOR TYPE: 0x10000157, args: 0x00000000,  0x056970e8,  0x00000051,  0x056970e8,  0x00000000
UNHANDLED MESSAGE HANDLER FOR TYPE: 0x10000157, args: 0x00000000,  0x05696fc8,  0x00000051,  0x05696fc8,  0x00000000
UNHANDLED MESSAGE HANDLER FOR TYPE: 0x10000157, args: 0x00000000,  0x05696ea8,  0x00000051,  0x05696ea8,  0x00000000
UNHANDLED MESSAGE HANDLER FOR TYPE: 0x10000158, args: 0x00000000,  0x05696d88,  0x00000051,  0x05696d88,  0x00000000
UNHANDLED MESSAGE HANDLER FOR TYPE: 0x10000156, args: 0x00000000,  0x05696c68,  0x00000051,  0x05696c68,  0x00000000
UNHANDLED MESSAGE HANDLER FOR TYPE: 0x10000158, args: 0x00000000,  0x05696b48,  0x00000051,  0x05696b48,  0x00000000
UNHANDLED MESSAGE HANDLER FOR TYPE: 0x10000158, args: 0x00000000,  0x05696a28,  0x00000051,  0x05696a28,  0x00000000
UNHANDLED MESSAGE HANDLER FOR TYPE: 0x10000159, args: 0x00000000,  0x05696908,  0x00000051,  0x05696908,  0x00000000
UNHANDLED MESSAGE HANDLER FOR TYPE: 0x10000159, args: 0x00000000,  0x056967e8,  0x00000051,  0x056967e8,  0x00000000
UNHANDLED MESSAGE HANDLER FOR TYPE: 0x10000159, args: 0x00000000,  0x056966c8,  0x00000051,  0x056966c8,  0x00000000
UNHANDLED MESSAGE HANDLER FOR TYPE: 0x1000015a, args: 0x00000000,  0x056965a8,  0x00000051,  0x056965a8,  0x00000000
UNHANDLED MESSAGE HANDLER FOR TYPE: 0x1000015a, args: 0x00000000,  0x05696488,  0x00000051,  0x05696488,  0x00000000
UNHANDLED MESSAGE HANDLER FOR TYPE: 0x1000015a, args: 0x00000000,  0x05696368,  0x00000051,  0x05696368,  0x00000000
UNHANDLED MESSAGE HANDLER FOR TYPE: 0x1000015c, args: 0x00000000,  0x05696248,  0x00000051,  0x05696248,  0x00000000
UNHANDLED MESSAGE HANDLER FOR TYPE: 0x1000015c, args: 0x00000000,  0x05696128,  0x00000051,  0x05696128,  0x00000000
UNHANDLED MESSAGE HANDLER FOR TYPE: 0x1000015c, args: 0x00000000,  0x05696008,  0x00000051,  0x05696008,  0x00000000
UNHANDLED MESSAGE HANDLER FOR TYPE: 0x10000156, args: 0x00000000,  0x05695ee8,  0x00000051,  0x05695ee8,  0x00000000
UNHANDLED MESSAGE HANDLER FOR TYPE: 0x10000156, args: 0x00000000,  0x05695dc8,  0x00000051,  0x05695dc8,  0x00000000
UNHANDLED MESSAGE HANDLER FOR TYPE: 0x10000156, args: 0x00000000,  0x05695ca8,  0x00000051,  0x05695ca8,  0x00000000
UNHANDLED MESSAGE HANDLER FOR TYPE: 0x10000001, args: 0x00000000,  0x05695b88,  0x00000051,  0x05695b88,  0x00000000
UNHANDLED MESSAGE HANDLER FOR TYPE: 0x10000001, args: 0x00000000,  0x05695a68,  0x00000051,  0x05695a68,  0x00000000
UNHANDLED MESSAGE HANDLER FOR TYPE: 0x10000001, args: 0x00000000,  0x056958b0,  0x00000051,  0x056958b0,  0x00000000
UNHANDLED MESSAGE HANDLER FOR TYPE: 0x10000001, args: 0x00000000,  0x05695790,  0x00000051,  0x05695790,  0x00000000
UNHANDLED MESSAGE HANDLER FOR TYPE: 0x10000240, args: 0x00000000,  0x05695670,  0x00000051,  0x05695670,  0x00000000
UNHANDLED MESSAGE HANDLER FOR TYPE: 0x10000240, args: 0x00000000,  0x05695550,  0x00000051,  0x05695550,  0x00000000
UNHANDLED MESSAGE HANDLER FOR TYPE: 0x10000240, args: 0x00000000,  0x05695430,  0x00000051,  0x05695430,  0x00000000
UNHANDLED MESSAGE HANDLER FOR TYPE: 0x10000240, args: 0x00000000,  0x05695310,  0x00000051,  0x05695310,  0x00000000
UNHANDLED MESSAGE HANDLER FOR TYPE: 0x1000023d, args: 0x00000000,  0x056951f0,  0x00000051,  0x056951f0,  0x00000000
UNHANDLED MESSAGE HANDLER FOR TYPE: 0x40000010, args: 0x00000000,  0x0569506c,  0x00000051,  0x0569506c,  0x00000000
UNHANDLED MESSAGE HANDLER FOR TYPE: 0x10000029, args: 0x00000000,  0x05694ec8,  0x00000051,  0x05694ec8,  0x00000000
UNHANDLED MESSAGE HANDLER FOR TYPE: 0x10000220, args: 0x00000000,  0x05694da8,  0x00000051,  0x05694da8,  0x00000000
UNHANDLED MESSAGE HANDLER FOR TYPE: 0x10000001, args: 0x00000000,  0x05694b34,  0x00000051,  0x05694b34,  0x00000000
UNHANDLED MESSAGE HANDLER FOR TYPE: 0x100000ec, args: 0x00000000,  0x05694a14,  0x00000051,  0x05694a14,  0x00000000
UNHANDLED MESSAGE HANDLER FOR TYPE: 0x100000ec, args: 0x00000000,  0x056948f4,  0x00000051,  0x056948f4,  0x00000000
UNHANDLED MESSAGE HANDLER FOR TYPE: 0x100000ec, args: 0x00000000,  0x056947d4,  0x00000051,  0x056947d4,  0x00000000
UNHANDLED MESSAGE HANDLER FOR TYPE: 0x100000ec, args: 0x00000000,  0x056946b4,  0x00000051,  0x056946b4,  0x00000000
UNHANDLED MESSAGE HANDLER FOR TYPE: 0x100000ec, args: 0x00000000,  0x05694594,  0x00000051,  0x05694594,  0x00000000
UNHANDLED MESSAGE HANDLER FOR TYPE: 0x10000108, args: 0x00000000,  0x05694474,  0x00000051,  0x05694474,  0x00000000
UNHANDLED MESSAGE HANDLER FOR TYPE: 0x10000122, args: 0x00000000,  0x05694354,  0x00000051,  0x05694354,  0x00000000
UNHANDLED MESSAGE HANDLER FOR TYPE: 0x100001cd, args: 0x00000000,  0x05694234,  0x00000051,  0x05694234,  0x00000000
UNHANDLED MESSAGE HANDLER FOR TYPE: 0x100001f1, args: 0x00000000,  0x05693fa4,  0x00000051,  0x05693fa4,  0x00000000
UNHANDLED MESSAGE HANDLER FOR TYPE: 0x10000001, args: 0x00000000,  0x05693e84,  0x00000051,  0x05693e84,  0x00000000
UNHANDLED MESSAGE HANDLER FOR TYPE: 0x10000224, args: 0x00000000,  0x05693d64,  0x00000051,  0x05693d64,  0x00000000
UNHANDLED MESSAGE HANDLER FOR TYPE: 0x100001f9, args: 0x00000000,  0x05693a3c,  0x00000051,  0x05693a3c,  0x00000000
UNHANDLED MESSAGE HANDLER FOR TYPE: 0x10000001, args: 0x00000000,  0x0569391c,  0x00000051,  0x0569391c,  0x00000000
UNHANDLED MESSAGE HANDLER FOR TYPE: 0x10000001, args: 0x00000000,  0x056937fc,  0x00000051,  0x056937fc,  0x00000000
UNHANDLED MESSAGE HANDLER FOR TYPE: 0x100000ff, args: 0x00000000,  0x056936dc,  0x00000051,  0x056936dc,  0x00000000
UNHANDLED MESSAGE HANDLER FOR TYPE: 0x100000ff, args: 0x00000000,  0x056935bc,  0x00000051,  0x056935bc,  0x00000000
UNHANDLED MESSAGE HANDLER FOR TYPE: 0x100000ff, args: 0x00000000,  0x0569349c,  0x00000051,  0x0569349c,  0x00000000
UNHANDLED MESSAGE HANDLER FOR TYPE: 0x100000ff, args: 0x00000000,  0x0569337c,  0x00000051,  0x0569337c,  0x00000000
UNHANDLED MESSAGE HANDLER FOR TYPE: 0x100000ff, args: 0x00000000,  0x0569325c,  0x00000051,  0x0569325c,  0x00000000
UNHANDLED MESSAGE HANDLER FOR TYPE: 0x10000109, args: 0x00000000,  0x05692fe8,  0x00000051,  0x05692fe8,  0x00000000
UNHANDLED MESSAGE HANDLER FOR TYPE: 0x100001a5, args: 0x00000000,  0x05692ec8,  0x00000051,  0x05692ec8,  0x00000000
UNHANDLED MESSAGE HANDLER FOR TYPE: 0x100001ec, args: 0x00000000,  0x05692c38,  0x00000051,  0x05692c38,  0x00000000
UNHANDLED MESSAGE HANDLER FOR TYPE: 0x10000001, args: 0x00000000,  0x05692b18,  0x00000051,  0x05692b18,  0x00000000
UNHANDLED MESSAGE HANDLER FOR TYPE: 0x10000224, args: 0x00000000,  0x056929f8,  0x00000051,  0x056929f8,  0x00000000
UNHANDLED MESSAGE HANDLER FOR TYPE: 0x40000011, args: 0x00000000,  0x05692874,  0x00000051,  0x05692874,  0x00000000
UNHANDLED MESSAGE HANDLER FOR TYPE: 0x10000242, args: 0x00000000,  0x0568e44c,  0x00000051,  0x0568e44c,  0x00000000
UNHANDLED MESSAGE HANDLER FOR TYPE: 0x10000001, args: 0x00000000,  0x0568e32c,  0x00000051,  0x0568e32c,  0x00000000
UNHANDLED MESSAGE HANDLER FOR TYPE: 0x10000001, args: 0x00000000,  0x0568e174,  0x00000051,  0x0568e174,  0x00000000
UNHANDLED MESSAGE HANDLER FOR TYPE: 0x10000001, args: 0x00000000,  0x0568dfbc,  0x00000051,  0x0568dfbc,  0x00000000
UNHANDLED MESSAGE HANDLER FOR TYPE: 0x10000075, args: 0x00000000,  0x0568de9c,  0x00000051,  0x0568de9c,  0x00000000
UNHANDLED MESSAGE HANDLER FOR TYPE: 0x10000001, args: 0x00000000,  0x0568dd7c,  0x00000051,  0x0568dd7c,  0x00000000
UNHANDLED MESSAGE HANDLER FOR TYPE: 0x40000003, args: 0x00000000,  0x0568dbf8,  0x00000051,  0x0568dbf8,  0x00000000
UNHANDLED MESSAGE HANDLER FOR TYPE: 0x10000001, args: 0x00000000,  0x0568da54,  0x00000051,  0x0568da54,  0x00000000
UNHANDLED MESSAGE HANDLER FOR TYPE: 0x1000003f, args: 0x00000000,  0x0568d934,  0x00000051,  0x0568d934,  0x00000000
UNHANDLED MESSAGE HANDLER FOR TYPE: 0x10000047, args: 0x00000000,  0x0568d814,  0x00000051,  0x0568d814,  0x00000000
UNHANDLED MESSAGE HANDLER FOR TYPE: 0x10000048, args: 0x00000000,  0x0568d6f4,  0x00000051,  0x0568d6f4,  0x00000000
UNHANDLED MESSAGE HANDLER FOR TYPE: 0x10000049, args: 0x00000000,  0x0568d5d4,  0x00000051,  0x0568d5d4,  0x00000000
UNHANDLED MESSAGE HANDLER FOR TYPE: 0x1000004a, args: 0x00000000,  0x0568d4b4,  0x00000051,  0x0568d4b4,  0x00000000
UNHANDLED MESSAGE HANDLER FOR TYPE: 0x10000040, args: 0x00000000,  0x0568d394,  0x00000051,  0x0568d394,  0x00000000
UNHANDLED MESSAGE HANDLER FOR TYPE: 0x10000041, args: 0x00000000,  0x0568d274,  0x00000051,  0x0568d274,  0x00000000
UNHANDLED MESSAGE HANDLER FOR TYPE: 0x10000042, args: 0x00000000,  0x0568d154,  0x00000051,  0x0568d154,  0x00000000
UNHANDLED MESSAGE HANDLER FOR TYPE: 0x10000043, args: 0x00000000,  0x0568d034,  0x00000051,  0x0568d034,  0x00000000
UNHANDLED MESSAGE HANDLER FOR TYPE: 0x10000045, args: 0x00000000,  0x0568cf14,  0x00000051,  0x0568cf14,  0x00000000
UNHANDLED MESSAGE HANDLER FOR TYPE: 0x10000044, args: 0x00000000,  0x0568cdf4,  0x00000051,  0x0568cdf4,  0x00000000
UNHANDLED MESSAGE HANDLER FOR TYPE: 0x10000046, args: 0x00000000,  0x0568ccd4,  0x00000051,  0x0568ccd4,  0x00000000
UNHANDLED MESSAGE HANDLER FOR TYPE: 0x1000004f, args: 0x00000000,  0x0568cbb4,  0x00000051,  0x0568cbb4,  0x00000000
UNHANDLED MESSAGE HANDLER FOR TYPE: 0x1000004f, args: 0x00000000,  0x0568ca94,  0x00000051,  0x0568ca94,  0x00000000
UNHANDLED MESSAGE HANDLER FOR TYPE: 0x1000004f, args: 0x00000000,  0x0568c974,  0x00000051,  0x0568c974,  0x00000000
UNHANDLED MESSAGE HANDLER FOR TYPE: 0x1000004f, args: 0x00000000,  0x0568c854,  0x00000051,  0x0568c854,  0x00000000
UNHANDLED MESSAGE HANDLER FOR TYPE: 0x1000004f, args: 0x00000000,  0x0568c734,  0x00000051,  0x0568c734,  0x00000000
UNHANDLED MESSAGE HANDLER FOR TYPE: 0x1000004f, args: 0x00000000,  0x0568c614,  0x00000051,  0x0568c614,  0x00000000
UNHANDLED MESSAGE HANDLER FOR TYPE: 0x1000004f, args: 0x00000000,  0x0568c4f4,  0x00000051,  0x0568c4f4,  0x00000000
UNHANDLED MESSAGE HANDLER FOR TYPE: 0x1000004f, args: 0x00000000,  0x0568c3d4,  0x00000051,  0x0568c3d4,  0x00000000
UNHANDLED MESSAGE HANDLER FOR TYPE: 0x1000004f, args: 0x00000000,  0x0568c2b4,  0x00000051,  0x0568c2b4,  0x00000000
UNHANDLED MESSAGE HANDLER FOR TYPE: 0x1000004f, args: 0x00000000,  0x0568c194,  0x00000051,  0x0568c194,  0x00000000
UNHANDLED MESSAGE HANDLER FOR TYPE: 0x1000004f, args: 0x00000000,  0x0568c074,  0x00000051,  0x0568c074,  0x00000000
UNHANDLED MESSAGE HANDLER FOR TYPE: 0x1000004f, args: 0x00000000,  0x0568bf54,  0x00000051,  0x0568bf54,  0x00000000
UNHANDLED MESSAGE HANDLER FOR TYPE: 0x1000004f, args: 0x00000000,  0x0568be34,  0x00000051,  0x0568be34,  0x00000000
UNHANDLED MESSAGE HANDLER FOR TYPE: 0x1000004f, args: 0x00000000,  0x0568bd14,  0x00000051,  0x0568bd14,  0x00000000
UNHANDLED MESSAGE HANDLER FOR TYPE: 0x1000004f, args: 0x00000000,  0x0568bbf4,  0x00000051,  0x0568bbf4,  0x00000000
UNHANDLED MESSAGE HANDLER FOR TYPE: 0x1000004f, args: 0x00000000,  0x0568bad4,  0x00000051,  0x0568bad4,  0x00000000
UNHANDLED MESSAGE HANDLER FOR TYPE: 0x1000004f, args: 0x00000000,  0x0568b9b4,  0x00000051,  0x0568b9b4,  0x00000000
UNHANDLED MESSAGE HANDLER FOR TYPE: 0x1000004f, args: 0x00000000,  0x0568b894,  0x00000051,  0x0568b894,  0x00000000
UNHANDLED MESSAGE HANDLER FOR TYPE: 0x1000004f, args: 0x00000000,  0x0568b774,  0x00000051,  0x0568b774,  0x00000000
UNHANDLED MESSAGE HANDLER FOR TYPE: 0x1000004f, args: 0x00000000,  0x0568b654,  0x00000051,  0x0568b654,  0x00000000
UNHANDLED MESSAGE HANDLER FOR TYPE: 0x1000004f, args: 0x00000000,  0x0568b534,  0x00000051,  0x0568b534,  0x00000000
UNHANDLED MESSAGE HANDLER FOR TYPE: 0x1000004f, args: 0x00000000,  0x0568b414,  0x00000051,  0x0568b414,  0x00000000
UNHANDLED MESSAGE HANDLER FOR TYPE: 0x1000004f, args: 0x00000000,  0x0568b2f4,  0x00000051,  0x0568b2f4,  0x00000000
UNHANDLED MESSAGE HANDLER FOR TYPE: 0x1000004f, args: 0x00000000,  0x0568b1d4,  0x00000051,  0x0568b1d4,  0x00000000
UNHANDLED MESSAGE HANDLER FOR TYPE: 0x10000051, args: 0x00000000,  0x0568ada0,  0x00000051,  0x0568ada0,  0x00000000
UNHANDLED MESSAGE HANDLER FOR TYPE: 0x10000094, args: 0x00000000,  0x0568ac80,  0x00000051,  0x0568ac80,  0x00000000
UNHANDLED MESSAGE HANDLER FOR TYPE: 0x10000095, args: 0x00000000,  0x0568ab60,  0x00000051,  0x0568ab60,  0x00000000
UNHANDLED MESSAGE HANDLER FOR TYPE: 0x1000004f, args: 0x00000000,  0x0568aa40,  0x00000051,  0x0568aa40,  0x00000000
UNHANDLED MESSAGE HANDLER FOR TYPE: 0x1000004f, args: 0x00000000,  0x0568a920,  0x00000051,  0x0568a920,  0x00000000
UNHANDLED MESSAGE HANDLER FOR TYPE: 0x1000004f, args: 0x00000000,  0x0568a800,  0x00000051,  0x0568a800,  0x00000000
UNHANDLED MESSAGE HANDLER FOR TYPE: 0x1000004f, args: 0x00000000,  0x0568a6e0,  0x00000051,  0x0568a6e0,  0x00000000
UNHANDLED MESSAGE HANDLER FOR TYPE: 0x10000001, args: 0x00000000,  0x0568a5c0,  0x00000051,  0x0568a5c0,  0x00000000
UNHANDLED MESSAGE HANDLER FOR TYPE: 0x10000001, args: 0x00000000,  0x0568a4a0,  0x00000051,  0x0568a4a0,  0x00000000
UNHANDLED MESSAGE HANDLER FOR TYPE: 0x10000001, args: 0x00000000,  0x0568a2e8,  0x00000051,  0x0568a2e8,  0x00000000
UNHANDLED MESSAGE HANDLER FOR TYPE: 0x100000c9, args: 0x00000000,  0x0568a130,  0x00000051,  0x0568a130,  0x00000000
UNHANDLED MESSAGE HANDLER FOR TYPE: 0x10000001, args: 0x00000000,  0x0568a010,  0x00000051,  0x0568a010,  0x00000000
UNHANDLED MESSAGE HANDLER FOR TYPE: 0x10000001, args: 0x00000000,  0x05689ef0,  0x00000051,  0x05689ef0,  0x00000000
UNHANDLED MESSAGE HANDLER FOR TYPE: 0x10000224, args: 0x00000000,  0x05689dd0,  0x00000051,  0x05689dd0,  0x00000000
UNHANDLED MESSAGE HANDLER FOR TYPE: 0x10000050, args: 0x00000000,  0x05689cb0,  0x00000051,  0x05689cb0,  0x00000000
UNHANDLED MESSAGE HANDLER FOR TYPE: 0x4000003e, args: 0x00000000,  0x05689b2c,  0x00000051,  0x05689b2c,  0x00000000
UNHANDLED MESSAGE HANDLER FOR TYPE: 0x10000001, args: 0x00000000,  0x05689a0c,  0x00000051,  0x05689a0c,  0x00000000
UNHANDLED MESSAGE HANDLER FOR TYPE: 0x10000001, args: 0x00000000,  0x056898ec,  0x00000051,  0x056898ec,  0x00000000
UNHANDLED MESSAGE HANDLER FOR TYPE: 0x10000001, args: 0x00000000,  0x056897cc,  0x00000051,  0x056897cc,  0x00000000
UNHANDLED MESSAGE HANDLER FOR TYPE: 0x10000001, args: 0x00000000,  0x056896ac,  0x00000051,  0x056896ac,  0x00000000
UNHANDLED MESSAGE HANDLER FOR TYPE: 0x10000001, args: 0x00000000,  0x0568958c,  0x00000051,  0x0568958c,  0x00000000
UNHANDLED MESSAGE HANDLER FOR TYPE: 0x10000001, args: 0x00000000,  0x0568946c,  0x00000051,  0x0568946c,  0x00000000
UNHANDLED MESSAGE HANDLER FOR TYPE: 0x10000001, args: 0x00000000,  0x0568934c,  0x00000051,  0x0568934c,  0x00000000
UNHANDLED MESSAGE HANDLER FOR TYPE: 0x10000001, args: 0x00000000,  0x0568922c,  0x00000051,  0x0568922c,  0x00000000
UNHANDLED MESSAGE HANDLER FOR TYPE: 0x10000001, args: 0x00000000,  0x0568910c,  0x00000051,  0x0568910c,  0x00000000
UNHANDLED MESSAGE HANDLER FOR TYPE: 0x10000001, args: 0x00000000,  0x05688fec,  0x00000051,  0x05688fec,  0x00000000
UNHANDLED MESSAGE HANDLER FOR TYPE: 0x10000001, args: 0x00000000,  0x05688ecc,  0x00000051,  0x05688ecc,  0x00000000
UNHANDLED MESSAGE HANDLER FOR TYPE: 0x10000001, args: 0x00000000,  0x05688dac,  0x00000051,  0x05688dac,  0x00000000
UNHANDLED MESSAGE HANDLER FOR TYPE: 0x10000001, args: 0x00000000,  0x05688c8c,  0x00000051,  0x05688c8c,  0x00000000
UNHANDLED MESSAGE HANDLER FOR TYPE: 0x10000001, args: 0x00000000,  0x05688b6c,  0x00000051,  0x05688b6c,  0x00000000
UNHANDLED MESSAGE HANDLER FOR TYPE: 0x10000001, args: 0x00000000,  0x05688a4c,  0x00000051,  0x05688a4c,  0x00000000
UNHANDLED MESSAGE HANDLER FOR TYPE: 0x10000001, args: 0x00000000,  0x0568892c,  0x00000051,  0x0568892c,  0x00000000
UNHANDLED MESSAGE HANDLER FOR TYPE: 0x10000001, args: 0x00000000,  0x0568880c,  0x00000051,  0x0568880c,  0x00000000
UNHANDLED MESSAGE HANDLER FOR TYPE: 0x10000001, args: 0x00000000,  0x056886ec,  0x00000051,  0x056886ec,  0x00000000
UNHANDLED MESSAGE HANDLER FOR TYPE: 0x10000001, args: 0x00000000,  0x056885cc,  0x00000051,  0x056885cc,  0x00000000
UNHANDLED MESSAGE HANDLER FOR TYPE: 0x10000001, args: 0x00000000,  0x056884ac,  0x00000051,  0x056884ac,  0x00000000
UNHANDLED MESSAGE HANDLER FOR TYPE: 0x10000001, args: 0x00000000,  0x0568838c,  0x00000051,  0x0568838c,  0x00000000
UNHANDLED MESSAGE HANDLER FOR TYPE: 0x10000001, args: 0x00000000,  0x0568826c,  0x00000051,  0x0568826c,  0x00000000
UNHANDLED MESSAGE HANDLER FOR TYPE: 0x10000001, args: 0x00000000,  0x0568814c,  0x00000051,  0x0568814c,  0x00000000
UNHANDLED MESSAGE HANDLER FOR TYPE: 0x10000001, args: 0x00000000,  0x0568802c,  0x00000051,  0x0568802c,  0x00000000
UNHANDLED MESSAGE HANDLER FOR TYPE: 0x10000001, args: 0x00000000,  0x05687f0c,  0x00000051,  0x05687f0c,  0x00000000
UNHANDLED MESSAGE HANDLER FOR TYPE: 0x10000001, args: 0x00000000,  0x05687dec,  0x00000051,  0x05687dec,  0x00000000
UNHANDLED MESSAGE HANDLER FOR TYPE: 0x10000001, args: 0x00000000,  0x05687ccc,  0x00000051,  0x05687ccc,  0x00000000
UNHANDLED MESSAGE HANDLER FOR TYPE: 0x10000001, args: 0x00000000,  0x05687bac,  0x00000051,  0x05687bac,  0x00000000
UNHANDLED MESSAGE HANDLER FOR TYPE: 0x10000001, args: 0x00000000,  0x05687a8c,  0x00000051,  0x05687a8c,  0x00000000
UNHANDLED MESSAGE HANDLER FOR TYPE: 0x10000001, args: 0x00000000,  0x0568796c,  0x00000051,  0x0568796c,  0x00000000
UNHANDLED MESSAGE HANDLER FOR TYPE: 0x10000001, args: 0x00000000,  0x0568784c,  0x00000051,  0x0568784c,  0x00000000
UNHANDLED MESSAGE HANDLER FOR TYPE: 0x10000001, args: 0x00000000,  0x0568772c,  0x00000051,  0x0568772c,  0x00000000
UNHANDLED MESSAGE HANDLER FOR TYPE: 0x10000001, args: 0x00000000,  0x0568760c,  0x00000051,  0x0568760c,  0x00000000
UNHANDLED MESSAGE HANDLER FOR TYPE: 0x10000001, args: 0x00000000,  0x056874ec,  0x00000051,  0x056874ec,  0x00000000
UNHANDLED MESSAGE HANDLER FOR TYPE: 0x10000001, args: 0x00000000,  0x056873cc,  0x00000051,  0x056873cc,  0x00000000
UNHANDLED MESSAGE HANDLER FOR TYPE: 0x10000001, args: 0x00000000,  0x056872ac,  0x00000051,  0x056872ac,  0x00000000
UNHANDLED MESSAGE HANDLER FOR TYPE: 0x10000001, args: 0x00000000,  0x0568718c,  0x00000051,  0x0568718c,  0x00000000
UNHANDLED MESSAGE HANDLER FOR TYPE: 0x10000224, args: 0x00000000,  0x0568706c,  0x00000051,  0x0568706c,  0x00000000
UNHANDLED MESSAGE HANDLER FOR TYPE: 0x10000001, args: 0x00000000,  0x05686f4c,  0x00000051,  0x05686f4c,  0x00000000
UNHANDLED MESSAGE HANDLER FOR TYPE: 0x10000001, args: 0x00000000,  0x05686e2c,  0x00000051,  0x05686e2c,  0x00000000
UNHANDLED MESSAGE HANDLER FOR TYPE: 0x10000001, args: 0x00000000,  0x05686b04,  0x00000051,  0x05686b04,  0x00000000
UNHANDLED MESSAGE HANDLER FOR TYPE: 0x10000001, args: 0x00000000,  0x056869e4,  0x00000051,  0x056869e4,  0x00000000
UNHANDLED MESSAGE HANDLER FOR TYPE: 0x1000011a, args: 0x00000000,  0x056868c4,  0x00000051,  0x056868c4,  0x00000000
UNHANDLED MESSAGE HANDLER FOR TYPE: 0x1000011b, args: 0x00000000,  0x056867a4,  0x00000051,  0x056867a4,  0x00000000
UNHANDLED MESSAGE HANDLER FOR TYPE: 0x1000011b, args: 0x00000000,  0x05686490,  0x00000051,  0x05686490,  0x00000000
UNHANDLED MESSAGE HANDLER FOR TYPE: 0x1000011a, args: 0x00000000,  0x0568617c,  0x00000051,  0x0568617c,  0x00000000
UNHANDLED MESSAGE HANDLER FOR TYPE: 0x10000124, args: 0x00000000,  0x0568605c,  0x00000051,  0x0568605c,  0x00000000
UNHANDLED MESSAGE HANDLER FOR TYPE: 0x10000125, args: 0x00000000,  0x05685f3c,  0x00000051,  0x05685f3c,  0x00000000
UNHANDLED MESSAGE HANDLER FOR TYPE: 0x10000126, args: 0x00000000,  0x05685e1c,  0x00000051,  0x05685e1c,  0x00000000
UNHANDLED MESSAGE HANDLER FOR TYPE: 0x10000124, args: 0x00000000,  0x05685b08,  0x00000051,  0x05685b08,  0x00000000
UNHANDLED MESSAGE HANDLER FOR TYPE: 0x10000125, args: 0x00000000,  0x056857f4,  0x00000051,  0x056857f4,  0x00000000
UNHANDLED MESSAGE HANDLER FOR TYPE: 0x10000126, args: 0x00000000,  0x056854e0,  0x00000051,  0x056854e0,  0x00000000
UNHANDLED MESSAGE HANDLER FOR TYPE: 0x100001cb, args: 0x00000000,  0x056853c0,  0x00000051,  0x056853c0,  0x00000000
UNHANDLED MESSAGE HANDLER FOR TYPE: 0x100001cb, args: 0x00000000,  0x056850ac,  0x00000051,  0x056850ac,  0x00000000
UNHANDLED MESSAGE HANDLER FOR TYPE: 0x10000225, args: 0x00000000,  0x05684e1c,  0x00000051,  0x05684e1c,  0x00000000
UNHANDLED MESSAGE HANDLER FOR TYPE: 0x10000225, args: 0x00000000,  0x05684e1c,  0x00000051,  0x05684e1c,  0x00000000
UNHANDLED MESSAGE HANDLER FOR TYPE: 0x10000225, args: 0x00000000,  0x05684e1c,  0x00000051,  0x05684e1c,  0x00000000
UNHANDLED MESSAGE HANDLER FOR TYPE: 0x10000001, args: 0x00000000,  0x05684cfc,  0x00000051,  0x05684cfc,  0x00000000
UNHANDLED MESSAGE HANDLER FOR TYPE: 0x10000224, args: 0x00000000,  0x05684bdc,  0x00000051,  0x05684bdc,  0x00000000
UNHANDLED MESSAGE HANDLER FOR TYPE: 0x10000226, args: 0x00000000,  0x05684abc,  0x00000051,  0x05684abc,  0x00000000
UNHANDLED MESSAGE HANDLER FOR TYPE: 0x10000226, args: 0x00000000,  0x056847a8,  0x00000051,  0x056847a8,  0x00000000
UNHANDLED MESSAGE HANDLER FOR TYPE: 0x1000023b, args: 0x00000000,  0x05684688,  0x00000051,  0x05684688,  0x00000000
UNHANDLED MESSAGE HANDLER FOR TYPE: 0x1000023b, args: 0x00000000,  0x05684374,  0x00000051,  0x05684374,  0x00000000
UNHANDLED MESSAGE HANDLER FOR TYPE: 0x10000001, args: 0x00000000,  0x0568404c,  0x00000051,  0x0568404c,  0x00000000
UNHANDLED MESSAGE HANDLER FOR TYPE: 0x10000001, args: 0x00000000,  0x05683f2c,  0x00000051,  0x05683f2c,  0x00000000
UNHANDLED MESSAGE HANDLER FOR TYPE: 0x1000011c, args: 0x00000000,  0x05683e0c,  0x00000051,  0x05683e0c,  0x00000000
UNHANDLED MESSAGE HANDLER FOR TYPE: 0x1000011c, args: 0x00000000,  0x05683af8,  0x00000051,  0x05683af8,  0x00000000
UNHANDLED MESSAGE HANDLER FOR TYPE: 0x10000128, args: 0x00000000,  0x056839d8,  0x00000051,  0x056839d8,  0x00000000
UNHANDLED MESSAGE HANDLER FOR TYPE: 0x10000129, args: 0x00000000,  0x056838b8,  0x00000051,  0x056838b8,  0x00000000
UNHANDLED MESSAGE HANDLER FOR TYPE: 0x10000128, args: 0x00000000,  0x056835a4,  0x00000051,  0x056835a4,  0x00000000
UNHANDLED MESSAGE HANDLER FOR TYPE: 0x10000129, args: 0x00000000,  0x05683290,  0x00000051,  0x05683290,  0x00000000
UNHANDLED MESSAGE HANDLER FOR TYPE: 0x10000225, args: 0x00000000,  0x05683000,  0x00000051,  0x05683000,  0x00000000
UNHANDLED MESSAGE HANDLER FOR TYPE: 0x10000001, args: 0x00000000,  0x05682ee0,  0x00000051,  0x05682ee0,  0x00000000
UNHANDLED MESSAGE HANDLER FOR TYPE: 0x10000224, args: 0x00000000,  0x05682dc0,  0x00000051,  0x05682dc0,  0x00000000
UNHANDLED MESSAGE HANDLER FOR TYPE: 0x10000135, args: 0x00000000,  0x05682a98,  0x00000051,  0x05682a98,  0x00000000
UNHANDLED MESSAGE HANDLER FOR TYPE: 0x10000134, args: 0x00000000,  0x05682978,  0x00000051,  0x05682978,  0x00000000
UNHANDLED MESSAGE HANDLER FOR TYPE: 0x10000136, args: 0x00000000,  0x05682858,  0x00000051,  0x05682858,  0x00000000
UNHANDLED MESSAGE HANDLER FOR TYPE: 0x10000136, args: 0x00000000,  0x05682858,  0x00000051,  0x05682858,  0x00000000
UNHANDLED MESSAGE HANDLER FOR TYPE: 0x10000138, args: 0x00000000,  0x05682738,  0x00000051,  0x05682738,  0x00000000
UNHANDLED MESSAGE HANDLER FOR TYPE: 0x10000135, args: 0x00000000,  0x05682560,  0x00000054,  0x05682560,  0x00000000
UNHANDLED MESSAGE HANDLER FOR TYPE: 0x10000135, args: 0x00000000,  0x05682560,  0x00000051,  0x05682560,  0x00000000
UNHANDLED MESSAGE HANDLER FOR TYPE: 0x10000134, args: 0x00000000,  0x0568240c,  0x00000054,  0x0568240c,  0x00000000
UNHANDLED MESSAGE HANDLER FOR TYPE: 0x10000134, args: 0x00000000,  0x0568240c,  0x00000051,  0x0568240c,  0x00000000
UNHANDLED MESSAGE HANDLER FOR TYPE: 0x10000136, args: 0x00000000,  0x056820f8,  0x00000051,  0x056820f8,  0x00000000
UNHANDLED MESSAGE HANDLER FOR TYPE: 0x10000001, args: 0x00000000,  0x05681fd8,  0x00000051,  0x05681fd8,  0x00000000
UNHANDLED MESSAGE HANDLER FOR TYPE: 0x10000001, args: 0x00000000,  0x05681eb8,  0x00000051,  0x05681eb8,  0x00000000
UNHANDLED MESSAGE HANDLER FOR TYPE: 0x1000019a, args: 0x00000000,  0x05681d98,  0x00000051,  0x05681d98,  0x00000000
UNHANDLED MESSAGE HANDLER FOR TYPE: 0x1000019a, args: 0x00000000,  0x05681a84,  0x00000051,  0x05681a84,  0x00000000
UNHANDLED MESSAGE HANDLER FOR TYPE: 0x100001a3, args: 0x00000000,  0x056818cc,  0x00000051,  0x056818cc,  0x00000000
UNHANDLED MESSAGE HANDLER FOR TYPE: 0x10000225, args: 0x00000000,  0x0568163c,  0x00000051,  0x0568163c,  0x00000000
UNHANDLED MESSAGE HANDLER FOR TYPE: 0x10000001, args: 0x00000000,  0x0568151c,  0x00000051,  0x0568151c,  0x00000000
UNHANDLED MESSAGE HANDLER FOR TYPE: 0x10000222, args: 0x00000000,  0x05681364,  0x00000051,  0x05681364,  0x00000000
UNHANDLED MESSAGE HANDLER FOR TYPE: 0x10000223, args: 0x00000000,  0x056811c0,  0x00000051,  0x056811c0,  0x00000000
UNHANDLED MESSAGE HANDLER FOR TYPE: 0x10000198, args: 0x00000000,  0x056810a0,  0x00000051,  0x056810a0,  0x00000000
UNHANDLED MESSAGE HANDLER FOR TYPE: 0x10000198, args: 0x00000000,  0x05680d8c,  0x00000051,  0x05680d8c,  0x00000000
UNHANDLED MESSAGE HANDLER FOR TYPE: 0x10000223, args: 0x00000000,  0x05680a78,  0x00000051,  0x05680a78,  0x00000000
UNHANDLED MESSAGE HANDLER FOR TYPE: 0x10000224, args: 0x00000000,  0x05680958,  0x00000051,  0x05680958,  0x00000000
UNHANDLED MESSAGE HANDLER FOR TYPE: 0x10000001, args: 0x00000000,  0x05680838,  0x00000051,  0x05680838,  0x00000000
UNHANDLED MESSAGE HANDLER FOR TYPE: 0x10000001, args: 0x00000000,  0x05680718,  0x00000051,  0x05680718,  0x00000000
UNHANDLED MESSAGE HANDLER FOR TYPE: 0x10000001, args: 0x00000000,  0x05680358,  0x00000051,  0x05680358,  0x00000000
UNHANDLED MESSAGE HANDLER FOR TYPE: 0x40000047, args: 0x00000000,  0x056801d4,  0x00000051,  0x056801d4,  0x00000000
UNHANDLED MESSAGE HANDLER FOR TYPE: 0x10000001, args: 0x00000000,  0x05680030,  0x00000051,  0x05680030,  0x00000000
UNHANDLED MESSAGE HANDLER FOR TYPE: 0x10000001, args: 0x00000000,  0x0567ff10,  0x00000051,  0x0567ff10,  0x00000000
UNHANDLED MESSAGE HANDLER FOR TYPE: 0x10000001, args: 0x00000000,  0x0567fdf0,  0x00000051,  0x0567fdf0,  0x00000000
UNHANDLED MESSAGE HANDLER FOR TYPE: 0x10000001, args: 0x00000000,  0x0567fcd0,  0x00000051,  0x0567fcd0,  0x00000000
UNHANDLED MESSAGE HANDLER FOR TYPE: 0x100001eb, args: 0x00000000,  0x0567fb7c,  0x00000054,  0x0567fb7c,  0x00000000
UNHANDLED MESSAGE HANDLER FOR TYPE: 0x100001eb, args: 0x00000000,  0x0567fb7c,  0x00000051,  0x0567fb7c,  0x00000000
UNHANDLED MESSAGE HANDLER FOR TYPE: 0x100001eb, args: 0x00000000,  0x0567fa28,  0x00000054,  0x0567fa28,  0x00000000
UNHANDLED MESSAGE HANDLER FOR TYPE: 0x100001eb, args: 0x00000000,  0x0567fa28,  0x00000051,  0x0567fa28,  0x00000000
UNHANDLED MESSAGE HANDLER FOR TYPE: 0x10000001, args: 0x00000000,  0x0567f908,  0x00000051,  0x0567f908,  0x00000000
UNHANDLED MESSAGE HANDLER FOR TYPE: 0x10000001, args: 0x00000000,  0x0567f7e8,  0x00000051,  0x0567f7e8,  0x00000000
UNHANDLED MESSAGE HANDLER FOR TYPE: 0x10000001, args: 0x00000000,  0x0567f6c8,  0x00000051,  0x0567f6c8,  0x00000000
UNHANDLED MESSAGE HANDLER FOR TYPE: 0x10000001, args: 0x00000000,  0x0567f5a8,  0x00000051,  0x0567f5a8,  0x00000000
UNHANDLED MESSAGE HANDLER FOR TYPE: 0x10000001, args: 0x00000000,  0x0567f488,  0x00000051,  0x0567f488,  0x00000000
UNHANDLED MESSAGE HANDLER FOR TYPE: 0x10000001, args: 0x00000000,  0x0567f368,  0x00000051,  0x0567f368,  0x00000000
UNHANDLED MESSAGE HANDLER FOR TYPE: 0x10000001, args: 0x00000000,  0x0567f248,  0x00000051,  0x0567f248,  0x00000000
UNHANDLED MESSAGE HANDLER FOR TYPE: 0x10000001, args: 0x00000000,  0x0567f128,  0x00000051,  0x0567f128,  0x00000000
UNHANDLED MESSAGE HANDLER FOR TYPE: 0x10000001, args: 0x00000000,  0x0567f008,  0x00000051,  0x0567f008,  0x00000000
UNHANDLED MESSAGE HANDLER FOR TYPE: 0x10000001, args: 0x00000000,  0x0567eee8,  0x00000051,  0x0567eee8,  0x00000000
UNHANDLED MESSAGE HANDLER FOR TYPE: 0x10000001, args: 0x00000000,  0x0567edc8,  0x00000051,  0x0567edc8,  0x00000000
UNHANDLED MESSAGE HANDLER FOR TYPE: 0x10000001, args: 0x00000000,  0x0567eca8,  0x00000051,  0x0567eca8,  0x00000000
UNHANDLED MESSAGE HANDLER FOR TYPE: 0x10000001, args: 0x00000000,  0x0567eb88,  0x00000051,  0x0567eb88,  0x00000000
UNHANDLED MESSAGE HANDLER FOR TYPE: 0x10000001, args: 0x00000000,  0x0567ea68,  0x00000051,  0x0567ea68,  0x00000000
UNHANDLED MESSAGE HANDLER FOR TYPE: 0x10000001, args: 0x00000000,  0x0567e948,  0x00000051,  0x0567e948,  0x00000000
UNHANDLED MESSAGE HANDLER FOR TYPE: 0x10000001, args: 0x00000000,  0x0567e828,  0x00000051,  0x0567e828,  0x00000000
UNHANDLED MESSAGE HANDLER FOR TYPE: 0x10000001, args: 0x00000000,  0x0567e708,  0x00000051,  0x0567e708,  0x00000000
UNHANDLED MESSAGE HANDLER FOR TYPE: 0x10000001, args: 0x00000000,  0x0567e5e8,  0x00000051,  0x0567e5e8,  0x00000000
UNHANDLED MESSAGE HANDLER FOR TYPE: 0x10000001, args: 0x00000000,  0x0567e4c8,  0x00000051,  0x0567e4c8,  0x00000000
UNHANDLED MESSAGE HANDLER FOR TYPE: 0x10000001, args: 0x00000000,  0x0567e3a8,  0x00000051,  0x0567e3a8,  0x00000000
UNHANDLED MESSAGE HANDLER FOR TYPE: 0x10000001, args: 0x00000000,  0x0567e288,  0x00000051,  0x0567e288,  0x00000000
UNHANDLED MESSAGE HANDLER FOR TYPE: 0x10000001, args: 0x00000000,  0x0567e168,  0x00000051,  0x0567e168,  0x00000000
UNHANDLED MESSAGE HANDLER FOR TYPE: 0x40000029, args: 0x00000000,  0x0567dfe4,  0x00000051,  0x0567dfe4,  0x00000000
UNHANDLED MESSAGE HANDLER FOR TYPE: 0x100000fd, args: 0x00000000,  0x0567d7fc,  0x00000051,  0x0567d7fc,  0x00000000
UNHANDLED MESSAGE HANDLER FOR TYPE: 0x100000fb, args: 0x00000000,  0x0567d56c,  0x00000051,  0x0567d56c,  0x00000000
UNHANDLED MESSAGE HANDLER FOR TYPE: 0x100001f0, args: 0x00000000,  0x0567d44c,  0x00000051,  0x0567d44c,  0x00000000
UNHANDLED MESSAGE HANDLER FOR TYPE: 0x100001f0, args: 0x00000000,  0x0567d44c,  0x00000051,  0x0567d44c,  0x00000000
UNHANDLED MESSAGE HANDLER FOR TYPE: 0x4000002f, args: 0x00000000,  0x0567d2c8,  0x00000051,  0x0567d2c8,  0x00000000
UNHANDLED MESSAGE HANDLER FOR TYPE: 0x1000011e, args: 0x00000000,  0x0567d08c,  0x00000051,  0x0567d08c,  0x00000000
UNHANDLED MESSAGE HANDLER FOR TYPE: 0x1000011f, args: 0x00000000,  0x0567cdfc,  0x00000051,  0x0567cdfc,  0x00000000
UNHANDLED MESSAGE HANDLER FOR TYPE: 0x100001f0, args: 0x00000000,  0x0567c764,  0x00000051,  0x0567c764,  0x00000000
UNHANDLED MESSAGE HANDLER FOR TYPE: 0x100001f0, args: 0x00000000,  0x0567c764,  0x00000051,  0x0567c764,  0x00000000
UNHANDLED MESSAGE HANDLER FOR TYPE: 0x40000041, args: 0x00000000,  0x0567c5e0,  0x00000051,  0x0567c5e0,  0x00000000
UNHANDLED MESSAGE HANDLER FOR TYPE: 0x40000048, args: 0x00000000,  0x0567c45c,  0x00000051,  0x0567c45c,  0x00000000
UNHANDLED MESSAGE HANDLER FOR TYPE: 0x10000001, args: 0x00000000,  0x0567c33c,  0x00000051,  0x0567c33c,  0x00000000
UNHANDLED MESSAGE HANDLER FOR TYPE: 0x40000052, args: 0x00000000,  0x0567c1b8,  0x00000051,  0x0567c1b8,  0x00000000
UNHANDLED MESSAGE HANDLER FOR TYPE: 0x10000001, args: 0x00000000,  0x0567c098,  0x00000051,  0x0567c098,  0x00000000
UNHANDLED MESSAGE HANDLER FOR TYPE: 0x10000213, args: 0x00000000,  0x0567bc70,  0x00000051,  0x0567bc70,  0x00000000
UNHANDLED MESSAGE HANDLER FOR TYPE: 0x10000213, args: 0x00000000,  0x0567bb50,  0x00000051,  0x0567bb50,  0x00000000
UNHANDLED MESSAGE HANDLER FOR TYPE: 0x10000213, args: 0x00000000,  0x0567ba30,  0x00000051,  0x0567ba30,  0x00000000
UNHANDLED MESSAGE HANDLER FOR TYPE: 0x10000213, args: 0x00000000,  0x0567b910,  0x00000051,  0x0567b910,  0x00000000
UNHANDLED MESSAGE HANDLER FOR TYPE: 0x10000213, args: 0x00000000,  0x0567b7f0,  0x00000051,  0x0567b7f0,  0x00000000
UNHANDLED MESSAGE HANDLER FOR TYPE: 0x10000213, args: 0x00000000,  0x0567b6d0,  0x00000051,  0x0567b6d0,  0x00000000
UNHANDLED MESSAGE HANDLER FOR TYPE: 0x10000213, args: 0x00000000,  0x0567b5b0,  0x00000051,  0x0567b5b0,  0x00000000
UNHANDLED MESSAGE HANDLER FOR TYPE: 0x10000213, args: 0x00000000,  0x0567b490,  0x00000051,  0x0567b490,  0x00000000
UNHANDLED MESSAGE HANDLER FOR TYPE: 0x10000213, args: 0x00000000,  0x0567b370,  0x00000051,  0x0567b370,  0x00000000
UNHANDLED MESSAGE HANDLER FOR TYPE: 0x10000213, args: 0x00000000,  0x0567b250,  0x00000051,  0x0567b250,  0x00000000
UNHANDLED MESSAGE HANDLER FOR TYPE: 0x10000213, args: 0x00000000,  0x0567b130,  0x00000051,  0x0567b130,  0x00000000
UNHANDLED MESSAGE HANDLER FOR TYPE: 0x10000213, args: 0x00000000,  0x0567b010,  0x00000051,  0x0567b010,  0x00000000
UNHANDLED MESSAGE HANDLER FOR TYPE: 0x10000214, args: 0x00000000,  0x0567aef0,  0x00000051,  0x0567aef0,  0x00000000
UNHANDLED MESSAGE HANDLER FOR TYPE: 0x10000214, args: 0x00000000,  0x0567add0,  0x00000051,  0x0567add0,  0x00000000
UNHANDLED MESSAGE HANDLER FOR TYPE: 0x10000214, args: 0x00000000,  0x0567acb0,  0x00000051,  0x0567acb0,  0x00000000
UNHANDLED MESSAGE HANDLER FOR TYPE: 0x10000214, args: 0x00000000,  0x0567ab90,  0x00000051,  0x0567ab90,  0x00000000
UNHANDLED MESSAGE HANDLER FOR TYPE: 0x10000214, args: 0x00000000,  0x0567aa70,  0x00000051,  0x0567aa70,  0x00000000
UNHANDLED MESSAGE HANDLER FOR TYPE: 0x10000214, args: 0x00000000,  0x0567a950,  0x00000051,  0x0567a950,  0x00000000
UNHANDLED MESSAGE HANDLER FOR TYPE: 0x10000214, args: 0x00000000,  0x0567a830,  0x00000051,  0x0567a830,  0x00000000
UNHANDLED MESSAGE HANDLER FOR TYPE: 0x10000214, args: 0x00000000,  0x0567a710,  0x00000051,  0x0567a710,  0x00000000
UNHANDLED MESSAGE HANDLER FOR TYPE: 0x10000214, args: 0x00000000,  0x0567a5f0,  0x00000051,  0x0567a5f0,  0x00000000
UNHANDLED MESSAGE HANDLER FOR TYPE: 0x10000214, args: 0x00000000,  0x0567a4d0,  0x00000051,  0x0567a4d0,  0x00000000
UNHANDLED MESSAGE HANDLER FOR TYPE: 0x10000214, args: 0x00000000,  0x0567a3b0,  0x00000051,  0x0567a3b0,  0x00000000
UNHANDLED MESSAGE HANDLER FOR TYPE: 0x10000214, args: 0x00000000,  0x0567a290,  0x00000051,  0x0567a290,  0x00000000
UNHANDLED MESSAGE HANDLER FOR TYPE: 0x10000213, args: 0x00000000,  0x0567a170,  0x00000051,  0x0567a170,  0x00000000
UNHANDLED MESSAGE HANDLER FOR TYPE: 0x10000213, args: 0x00000000,  0x0567a050,  0x00000051,  0x0567a050,  0x00000000
UNHANDLED MESSAGE HANDLER FOR TYPE: 0x10000213, args: 0x00000000,  0x05679f30,  0x00000051,  0x05679f30,  0x00000000
UNHANDLED MESSAGE HANDLER FOR TYPE: 0x10000213, args: 0x00000000,  0x05679e10,  0x00000051,  0x05679e10,  0x00000000
UNHANDLED MESSAGE HANDLER FOR TYPE: 0x10000213, args: 0x00000000,  0x05679cf0,  0x00000051,  0x05679cf0,  0x00000000
UNHANDLED MESSAGE HANDLER FOR TYPE: 0x10000213, args: 0x00000000,  0x05679bd0,  0x00000051,  0x05679bd0,  0x00000000
UNHANDLED MESSAGE HANDLER FOR TYPE: 0x10000213, args: 0x00000000,  0x05679ab0,  0x00000051,  0x05679ab0,  0x00000000
UNHANDLED MESSAGE HANDLER FOR TYPE: 0x10000213, args: 0x00000000,  0x05679990,  0x00000051,  0x05679990,  0x00000000
UNHANDLED MESSAGE HANDLER FOR TYPE: 0x10000214, args: 0x00000000,  0x05679870,  0x00000051,  0x05679870,  0x00000000
UNHANDLED MESSAGE HANDLER FOR TYPE: 0x10000214, args: 0x00000000,  0x05679750,  0x00000051,  0x05679750,  0x00000000
UNHANDLED MESSAGE HANDLER FOR TYPE: 0x10000214, args: 0x00000000,  0x05679630,  0x00000051,  0x05679630,  0x00000000
UNHANDLED MESSAGE HANDLER FOR TYPE: 0x10000214, args: 0x00000000,  0x05679510,  0x00000051,  0x05679510,  0x00000000
UNHANDLED MESSAGE HANDLER FOR TYPE: 0x10000214, args: 0x00000000,  0x056793f0,  0x00000051,  0x056793f0,  0x00000000
UNHANDLED MESSAGE HANDLER FOR TYPE: 0x10000214, args: 0x00000000,  0x056792d0,  0x00000051,  0x056792d0,  0x00000000
UNHANDLED MESSAGE HANDLER FOR TYPE: 0x10000214, args: 0x00000000,  0x056791b0,  0x00000051,  0x056791b0,  0x00000000
UNHANDLED MESSAGE HANDLER FOR TYPE: 0x10000214, args: 0x00000000,  0x05679090,  0x00000051,  0x05679090,  0x00000000
UNHANDLED MESSAGE HANDLER FOR TYPE: 0x1000023c, args: 0x00000000,  0x05678f70,  0x00000051,  0x05678f70,  0x00000000
UNHANDLED MESSAGE HANDLER FOR TYPE: 0x10000215, args: 0x00000000,  0x05678e50,  0x00000051,  0x05678e50,  0x00000000
UNHANDLED MESSAGE HANDLER FOR TYPE: 0x10000213, args: 0x00000000,  0x05678d30,  0x00000051,  0x05678d30,  0x00000000
UNHANDLED MESSAGE HANDLER FOR TYPE: 0x10000213, args: 0x00000000,  0x05678c10,  0x00000051,  0x05678c10,  0x00000000
UNHANDLED MESSAGE HANDLER FOR TYPE: 0x10000213, args: 0x00000000,  0x05678af0,  0x00000051,  0x05678af0,  0x00000000
UNHANDLED MESSAGE HANDLER FOR TYPE: 0x10000214, args: 0x00000000,  0x056789d0,  0x00000051,  0x056789d0,  0x00000000
UNHANDLED MESSAGE HANDLER FOR TYPE: 0x10000214, args: 0x00000000,  0x056788b0,  0x00000051,  0x056788b0,  0x00000000
UNHANDLED MESSAGE HANDLER FOR TYPE: 0x10000214, args: 0x00000000,  0x05678790,  0x00000051,  0x05678790,  0x00000000
UNHANDLED MESSAGE HANDLER FOR TYPE: 0x10000213, args: 0x00000000,  0x05678670,  0x00000051,  0x05678670,  0x00000000
UNHANDLED MESSAGE HANDLER FOR TYPE: 0x100Error opening file: No such file or directory
00214, args: 0x00000000,  0x05678550,  0x00000051,  0x05678550,  0x00000000
UNHANDLED MESSAGE HANDLER FOR TYPE: 0x10000214, args: 0x00000000,  0x05678430,  0x00000051,  0x05678430,  0x00000000
UNHANDLED MESSAGE HANDLER FOR TYPE: 0x10000213, args: 0x00000000,  0x05678310,  0x00000051,  0x05678310,  0x00000000
UNHANDLED MESSAGE HANDLER FOR TYPE: 0x10000214, args: 0x00000000,  0x056781f0,  0x00000051,  0x056781f0,  0x00000000
UNHANDLED MESSAGE HANDLER FOR TYPE: 0x10000213, args: 0x00000000,  0x056780d0,  0x00000051,  0x056780d0,  0x00000000
Playing background movie 07350048.xmv
[d3dSeam] uncached alias of resource memory: not mapped, using resource addresses directly
Loading language 0 from file UKTxt.dat
psiFileLoad in multi-file mode: UKTxt.dat is 0x00021800 bytes starting at 0x053fe674, type 3604
[xa2] decoded 18432 bytes of 2-channel ADPCM at 0x05673740 -> 16384 samples (cache now 1 entries, 0.1 MB)
Playing background movie 07370048.xmv
[dsndStream] stream 00FB57F8: 2 channel ADPCM at 44100 Hz, 2 packets
info:  DXVK: Using 7 compiler threads
[xa2] SLOW decode: 69.6 ms for 3461256 bytes
[xa2] decoded 3461256 bytes of 2-channel ADPCM at 0x0687843c -> 3076672 samples (cache now 2 entries, 11.8 MB)
Playing background movie 07380048.xmv
[dsndStream] stream 00FB57F8: 2 channel ADPCM at 44100 Hz, 2 packets
[perf] 46.9 fps (asked for 50), 3.1 ms working + 18.3 ms waiting per frame
[perf]   3064.8 us per draw call
[perf]   constants: 0 uploads of 0 registers per frame (0 per upload)
[perf]   draw mix: 0 indexed, 0 direct, 0 immediate, 4 vertices each on average
[perf]   per frame: 0 draws, 0 texture uploads, 4 texture lookups costing 1 comparisons (2 registered)
[perf]   per frame: 0 backbuffer captures, 0 render targets created, 0 buffers created
[perf] 50.0 fps (asked for 50), 1.8 ms working + 18.2 ms waiting per frame
[perf]   1752.6 us per draw call
[perf]   constants: 0 uploads of 0 registers per frame (0 per upload)
[perf]   draw mix: 0 indexed, 0 direct, 1 immediate, 4 vertices each on average
[perf]   per frame: 1 draws, 0 texture uploads, 1 texture lookups costing 2 comparisons (2 registered)
[perf]   per frame: 0 backbuffer captures, 0 render targets created, 0 buffers created
[perf] disc reads: 68 deferred, 0 completed synchronously (0%), 0 failed, 15056 KB
[perf] 50.0 fps (asked for 50), 1.4 ms working + 18.6 ms waiting per frame
[perf]   215.1 us per draw call
[perf]   constants: 0 uploads of 0 registers per frame (0 per upload)
[perf]   draw mix: 0 indexed, 0 direct, 6 immediate, 208 vertices each on average
[perf]   per frame: 6 draws, 0 texture uploads, 6 texture lookups costing 24 comparisons (4 registered)
[perf]   per frame: 0 backbuffer captures, 0 render targets created, 0 buffers created
[perf] disc reads: 81 deferred, 0 completed synchronously (0%), 0 failed, 15972 KB
[perf] 50.0 fps (asked for 50), 1.7 ms working + 18.3 ms waiting per frame
[perf]   73.6 us per draw call
[perf]   constants: 0 uploads of 0 registers per frame (0 per upload)
[perf]   draw mix: 0 indexed, 0 direct, 22 immediate, 231 vertices each on average
[perf]   per frame: 22 draws, 0 texture uploads, 22 texture lookups costing 89 comparisons (5 registered)
[perf]   per frame: 0 backbuffer captures, 0 render targets created, 0 buffers created
[perf] 50.0 fps (asked for 50), 1.9 ms working + 18.1 ms waiting per frame
[perf]   78.1 us per draw call
[perf]   constants: 0 uploads of 0 registers per frame (0 per upload)
[perf]   draw mix: 0 indexed, 0 direct, 24 immediate, 223 vertices each on average
[perf]   per frame: 24 draws, 0 texture uploads, 24 texture lookups costing 96 comparisons (5 registered)
[perf]   per frame: 0 backbuffer captures, 0 render targets created, 0 buffers created
[perf] disc reads: 81 deferred, 0 completed synchronously (0%), 0 failed, 15972 KB
[perf] 50.0 fps (asked for 50), 1.7 ms working + 18.3 ms waiting per frame
[perf]   70.4 us per draw call
[perf]   constants: 0 uploads of 0 registers per frame (0 per upload)
[perf]   draw mix: 0 indexed, 0 direct, 24 immediate, 223 vertices each on average
[perf]   per frame: 24 draws, 0 texture uploads, 24 texture lookups costing 96 comparisons (5 registered)
[perf]   per frame: 0 backbuffer captures, 0 render targets created, 0 buffers created
[perf] disc reads: 81 deferred, 0 completed synchronously (0%), 0 failed, 15972 KB
[perf] 50.0 fps (asked for 50), 1.7 ms working + 18.3 ms waiting per frame
[perf]   70.3 us per draw call
[perf]   constants: 0 uploads of 0 registers per frame (0 per upload)
[perf]   draw mix: 0 indexed, 0 direct, 24 immediate, 223 vertices each on average
[perf]   per frame: 24 draws, 0 texture uploads, 24 texture lookups costing 96 comparisons (5 registered)
[perf]   per frame: 0 backbuffer captures, 0 render targets created, 0 buffers created
[perf] disc reads: 81 deferred, 0 completed synchronously (0%), 0 failed, 15972 KB
[mvk-info] MoltenVK version 1.4.1, supporting Vulkan version 1.4.334.
	The following 153 Vulkan extensions are supported:
	VK_KHR_16bit_storage v1
	VK_KHR_8bit_storage v1
	VK_KHR_bind_memory2 v1
	VK_KHR_buffer_device_address v1
	VK_KHR_calibrated_timestamps v1
	VK_KHR_copy_commands2 v1
	VK_KHR_create_renderpass2 v1
	VK_KHR_dedicated_allocation v3
	VK_KHR_deferred_host_operations v4
	VK_KHR_depth_stencil_resolve v1
	VK_KHR_descriptor_update_template v1
	VK_KHR_device_group v4
	VK_KHR_device_group_creation v1
	VK_KHR_driver_properties v1
	VK_KHR_dynamic_rendering v1
	VK_KHR_dynamic_rendering_local_read v1
	VK_KHR_external_fence v1
	VK_KHR_external_fence_capabilities v1
	VK_KHR_external_memory v1
	VK_KHR_external_memory_capabilities v1
	VK_KHR_external_semaphore v1
	VK_KHR_external_semaphore_capabilities v1
	VK_KHR_format_feature_flags2 v2
	VK_KHR_fragment_shader_barycentric v1
	VK_KHR_get_memory_requirements2 v1
	VK_KHR_get_physical_device_properties2 v2
	VK_KHR_get_surface_capabilities2 v1
	VK_KHR_global_priority v1
	VK_KHR_image_format_list v1
	VK_KHR_imageless_framebuffer v1
	VK_KHR_incremental_present v2
	VK_KHR_index_type_uint8 v1
	VK_KHR_line_rasterization v1
	VK_KHR_load_store_op_none v1
	VK_KHR_maintenance1 v2
	VK_KHR_maintenance2 v1
	VK_KHR_maintenance3 v1
	VK_KHR_maintenance4 v2
	VK_KHR_maintenance5 v1
	VK_KHR_maintenance6 v1
	VK_KHR_maintenance7 v1
	VK_KHR_maintenance8 v1
	VK_KHR_maintenance9 v1
	VK_KHR_map_memory2 v1
	VK_KHR_multiview v1
	VK_KHR_portability_subset v1
	VK_KHR_present_id v1
	VK_KHR_present_id2 v1
	VK_KHR_present_wait v1
	VK_KHR_present_wait2 v1
	VK_KHR_push_descriptor v2
	VK_KHR_relaxed_block_layout v1
	VK_KHR_robustness2 v1
	VK_KHR_sampler_mirror_clamp_to_edge v3
	VK_KHR_sampler_ycbcr_conversion v14
	VK_KHR_separate_depth_stencil_layouts v1
	VK_KHR_shader_draw_parameters v1
	VK_KHR_shader_expect_assume v1
	VK_KHR_shader_float_controls v4
	VK_KHR_shader_float_controls2 v1
	VK_KHR_shader_float16_int8 v1
	VK_KHR_shader_fma v1
	VK_KHR_shader_integer_dot_product v1
	VK_KHR_shader_maximal_reconvergence v1
	VK_KHR_shader_non_semantic_info v1
	VK_KHR_shader_quad_control v1
	VK_KHR_shader_relaxed_extended_instruction v1
	VK_KHR_shader_subgroup_extended_types v1
	VK_KHR_shader_subgroup_rotate v2
	VK_KHR_shader_subgroup_uniform_control_flow v1
	VK_KHR_shader_terminate_invocation v1
	VK_KHR_spirv_1_4 v1
	VK_KHR_storage_buffer_storage_class v1
	VK_KHR_surface v25
	VK_KHR_surface_maintenance1 v1
	VK_KHR_surface_protected_capabilities v1
	VK_KHR_swapchain v70
	VK_KHR_swapchain_maintenance1 v1
	VK_KHR_swapchain_mutable_format v1
	VK_KHR_synchronization2 v1
	VK_KHR_timeline_semaphore v2
	VK_KHR_uniform_buffer_standard_layout v1
	VK_KHR_variable_pointers v1
	VK_KHR_vertex_attribute_divisor v1
	VK_KHR_vulkan_memory_model v3
	VK_KHR_zero_initialize_workgroup_memory v1
	VK_EXT_4444_formats v1
	VK_EXT_buffer_device_address v2
	VK_EXT_calibrated_timestamps v2
	VK_EXT_debug_marker v4
	VK_EXT_debug_report v10
	VK_EXT_debug_utils v2
	VK_EXT_depth_clip_control v1
	VK_EXT_descriptor_indexing v2
	VK_EXT_extended_dynamic_state v1
	VK_EXT_extended_dynamic_state2 v1
	VK_EXT_extended_dynamic_state3 v2
	VK_EXT_external_memory_host v1
	VK_EXT_external_memory_metal v1
	VK_EXT_fragment_shader_interlock v1
	VK_EXT_global_priority v2
	VK_EXT_global_priority_query v1
	VK_EXT_hdr_metadata v3
	VK_EXT_headless_surface v1
	VK_EXT_host_image_copy v1
	VK_EXT_host_query_reset v1
	VK_EXT_image_2d_view_of_3d v1
	VK_EXT_image_robustness v1
	VK_EXT_index_type_uint8 v1
	VK_EXT_inline_uniform_block v1
	VK_EXT_layer_settings v2
	VK_EXT_legacy_dithering v2
	VK_EXT_line_rasterization v1
	VK_EXT_load_store_op_none v1
	VK_EXT_memory_budget v1
	VK_EXT_metal_objects v2
	VK_EXT_metal_surface v1
	VK_EXT_non_seamless_cube_map v1
	VK_EXT_pipeline_creation_cache_control v3
	VK_EXT_pipeline_creation_feedback v1
	VK_EXT_pipeline_robustness v1
	VK_EXT_post_depth_coverage v1
	VK_EXT_primitive_topology_list_restart v1
	VK_EXT_private_data v1
	VK_EXT_provoking_vertex v1
	VK_EXT_robustness2 v1
	VK_EXT_sample_locations v1
	VK_EXT_scalar_block_layout v1
	VK_EXT_separate_stencil_usage v1
	VK_EXT_shader_atomic_float v1
	VK_EXT_shader_demote_to_helper_invocation v1
	VK_EXT_shader_stencil_export v1
	VK_EXT_shader_subgroup_ballot v1
	VK_EXT_shader_subgroup_vote v1
	VK_EXT_shader_viewport_index_layer v1
	VK_EXT_subgroup_size_control v2
	VK_EXT_surface_maintenance1 v1
	VK_EXT_swapchain_colorspace v5
	VK_EXT_swapchain_maintenance1 v1
	VK_EXT_texel_buffer_alignment v1
	VK_EXT_texture_compression_astc_hdr v1
	VK_EXT_tooling_info v1
	VK_EXT_vertex_attribute_divisor v3
	VK_AMD_gpu_shader_half_float v2
	VK_AMD_negative_viewport_height v1
	VK_AMD_shader_image_load_store_lod v1
	VK_AMD_shader_trinary_minmax v1
	VK_GOOGLE_display_timing v1
	VK_IMG_format_pvrtc v1
	VK_INTEL_shader_integer_functions2 v1
	VK_MVK_macos_surface v3
	VK_MVK_moltenvk v37
	VK_NV_fragment_shader_barycentric v1
[mvk-info] GPU device:
	model: Apple M2 Max
	type: Integrated
	vendorID: 0x106b
	deviceID: 0x1a060208
	pipelineCacheUUID: DB445FF2-1A06-0208-0000-000100000000
	GPU memory available: 79626 MB
	GPU memory used: 199 MB
	Metal Shading Language 3.2
	supports the following GPU Features:
		GPU Family Metal 3
		GPU Family Apple 8
		GPU Family Mac 2
		Read-Write Texture Tier 2
[mvk-info] Created VkInstance for Vulkan version 1.0.334, as requested by app, with the following 3 Vulkan extensions enabled:
	VK_KHR_external_memory_capabilities v1
	VK_KHR_external_semaphore_capabilities v1
	VK_KHR_get_physical_device_properties2 v2
UNHANDLED MESSAGE HANDLER FOR TYPE: 0x10000196, args: 0x00000000,  0x056c0734,  0x0000004b,  0x056c0734,  0x00000000
[xa2] decoded 3384 bytes of 1-channel ADPCM at 0x06876a5c -> 6016 samples (cache now 3 entries, 11.8 MB)
Playing background movie 073b0048.xmv
[dsndStream] stream 00FB54D8: 2 channel ADPCM at 44100 Hz, 2 packets
[perf] 50.0 fps (asked for 50), 2.9 ms working + 17.1 ms waiting per frame
[perf]   140.7 us per draw call
[perf]   constants: 0 uploads of 0 registers per frame (0 per upload)
[perf]   draw mix: 0 indexed, 0 direct, 20 immediate, 222 vertices each on average
[perf]   per frame: 20 draws, 0 texture uploads, 21 texture lookups costing 83 comparisons (6 registered)
[perf]   per frame: 0 backbuffer captures, 0 render targets created, 0 buffers created
[perf] disc reads: 86 deferred, 0 completed synchronously (0%), 0 failed, 16428 KB
Playing background movie 07330048.xmv
Playing background movie 07350048.xmv
[perf] 50.0 fps (asked for 50), 2.4 ms working + 17.6 ms waiting per frame
[perf]   182.4 us per draw call
[perf]   constants: 0 uploads of 0 registers per frame (0 per upload)
[perf]   draw mix: 0 indexed, 0 direct, 13 immediate, 48 vertices each on average
[perf]   per frame: 13 draws, 0 texture uploads, 13 texture lookups costing 72 comparisons (17 registered)
[perf]   per frame: 0 backbuffer captures, 0 render targets created, 0 buffers created
[perf] disc reads: 117 deferred, 0 completed synchronously (0%), 0 failed, 18880 KB
Error opening file: No such file or directory
Error opening file: No such file or directory
Error opening file: No such file or directory
Error opening file: No such file or directory
UNHANDLED MESSAGE HANDLER FOR TYPE: 0x4000002f, args: 0x00000000,  0x0567d370,  0x0000004c,  0x0567d370,  0x40000025
UNHANDLED MESSAGE HANDLER FOR TYPE: 0x4000002f, args: 0x00000000,  0x0567d370,  0x00000050,  0x0567d370,  0x00000000
UNHANDLED MESSAGE HANDLER FOR TYPE: 0x4000002f, args: 0x00000000,  0x0567d370,  0x00000050,  0x0567d370,  0x00000000
UNHANDLED MESSAGE HANDLER FOR TYPE: 0x4000002f, args: 0x00000000,  0x0567d370,  0x00000050,  0x0567d370,  0x00000000
UNHANDLED MESSAGE HANDLER FOR TYPE: 0x4000002f, args: 0x00000000,  0x0567d370,  0x00000050,  0x0567d370,  0x00000000
UNHANDLED MESSAGE HANDLER FOR TYPE: 0x4000002f, args: 0x00000000,  0x0567d370,  0x00000050,  0x0567d370,  0x00000000
UNHANDLED MESSAGE HANDLER FOR TYPE: 0x4000002f, args: 0x00000000,  0x0567d370,  0x00000050,  0x0567d370,  0x00000000
UNHANDLED MESSAGE HANDLER FOR TYPE: 0x4000002f, args: 0x00000000,  0x0567d370,  0x00000050,  0x0567d370,  0x00000000
UNHANDLED MESSAGE HANDLER FOR TYPE: 0x4000002f, args: 0x00000000,  0x0567d370,  0x00000050,  0x0567d370,  0x00000000
UNHANDLED MESSAGE HANDLER FOR TYPE: 0x4000002f, args: 0x00000000,  0x0567d370,  0x00000050,  0x0567d370,  0x00000000
UNHANDLED MESSAGE HANDLER FOR TYPE: 0x4000002f, args: 0x00000000,  0x0567d370,  0x00000050,  0x0567d370,  0x00000000
UNHANDLED MESSAGE HANDLER FOR TYPE: 0x4000002f, args: 0x00000000,  0x0567d370,  0x00000050,  0x0567d370,  0x00000000
UNHANDLED MESSAGE HANDLER FOR TYPE: 0x4000002f, args: 0x00000000,  0x0567d370,  0x00000050,  0x0567d370,  0x00000000
UNHANDLED MESSAGE HANDLER FOR TYPE: 0x4000002f, args: 0x00000000,  0x0567d370,  0x00000050,  0x0567d370,  0x00000000
UNHANDLED MESSAGE HANDLER FOR TYPE: 0x4000002f, args: 0x00000000,  0x0567d370,  0x00000050,  0x0567d370,  0x00000000
UNHANDLED MESSAGE HANDLER FOR TYPE: 0x4000002f, args: 0x00000000,  0x0567d370,  0x00000050,  0x0567d370,  0x00000000
UNHANDLED MESSAGE HANDLER FOR TYPE: 0x4000002f, args: 0x00000000,  0x0567d370,  0x0000004b,  0x0567d370,  0x0567c884
[d3dSeam] level reset: released 290 texture, 65 vertex buffer and 65 index buffer slots.
[dsnd] entry points still unimplemented (calls so far): DirectSoundUseFullHRTF (no HRTF yet)=1 IDirectSound_DownloadEffectsImage (no I3DL2 reverb yet)=1
Mem_Init
Mem_Init: Heap: 0x043e0000, size: 0x02800000
Loading language 0 from file UKTxt.dat
psiFileLoad in multi-file mode: UKTxt.dat is 0x00021800 bytes starting at 0x06bb9edc, type 3604
hooked psiFileOpen: 07000500.bin
psiFileLoad in single-file mode: 010001D9.bin is 0x000002e0 bytes at the location pointed to by dirFileBuf(0x00279168), type 1704
psiFileLoad in single-file mode: 010001D8.bin is 0x000a04a0 bytes at the location pointed to by dirFileBuf(0x00279168), type 1704
psiFileLoad in single-file mode: 0100010F.bin is 0x00120d80 bytes at the location pointed to by dirFileBuf(0x00279168), type 1704
Playing background movie 07100005.xmv
[dsndStream] stream 00FB5348: 2 channel ADPCM at 44100 Hz, 2 packets
Error opening file: No such file or directory
[xa2] decoded 18432 bytes of 2-channel ADPCM at 0x0678f4f4 -> 16384 samples (cache now 4 entries, 11.9 MB)
[d3dSeam] level reset: released 15 texture, 2 vertex buffer and 2 index buffer slots.
[dsnd] entry points still unimplemented (calls so far): DirectSoundUseFullHRTF (no HRTF yet)=1 IDirectSound_DownloadEffectsImage (no I3DL2 reverb yet)=1
Mem_Init
Mem_Init: Heap: 0x043e0000, size: 0x02800000
Loading language 0 from file UKTxt.dat
psiFileLoad in multi-file mode: UKTxt.dat is 0x00021800 bytes starting at 0x06bb9edc, type 3604
[perf] 50.0 fps (asked for 50), 1.6 ms working + 18.4 ms waiting per frame
[perf]   95.5 us per draw call
[perf]   constants: 0 uploads of 0 registers per frame (0 per upload)
[perf]   draw mix: 0 indexed, 0 direct, 16 immediate, 58 vertices each on average
[perf]   per frame: 16 draws, 0 texture uploads, 17 texture lookups costing 110 comparisons (25 registered)
[perf]   per frame: 0 backbuffer captures, 0 render targets created, 0 buffers created
[perf] disc reads: 136 deferred, 0 completed synchronously (0%), 0 failed, 24866 KB
Error opening file: No such file or directory
Error opening file: No such file or directory
Error opening file: No such file or directory
Error opening file: No such file or directory
Error opening file: No such file or directory
Error opening file: No such file or directory
Error opening file: No such file or directory
Error opening file: No such file or directory
Error opening file: No such file or directory
Error opening file: No such file or directory
Error opening file: No such file or directory
Error opening file: No such file or directory
Error opening file: No such file or directory
Error opening file: No such file or directory
Error opening file: No such file or directory
Error opening file: No such file or directory
Error opening file: No such file or directory
Error opening file: No such file or directory
Error opening file: No such file or directory
Error opening file: No such file or directory
Error opening file: No such file or directory
Error opening file: No such file or directory
Error opening file: No such file or directory
Error opening file: No such file or directory
Error opening file: No such file or directory
Error opening file: No such file or directory
Error opening file: No such file or directory
Error opening file: No such file or directory
Error opening file: No such file or directory
Error opening file: No such file or directory
Error opening file: No such file or directory
hooked psiFileOpen: 07000005.bin
psiFileLoad in single-file mode: 0400037c.bin is 0x00004700 bytes at the location pointed to by dirFileBuf(0x00279168), type 1e04
psiFileLoad in single-file mode: 0400000a.bin is 0x00000180 bytes at the location pointed to by dirFileBuf(0x00279168), type 1e04
psiFileLoad in single-file mode: 04000017.bin is 0x00002880 bytes at the location pointed to by dirFileBuf(0x00279168), type 1e04
psiFileLoad in single-file mode: 04000018.bin is 0x00000a40 bytes at the location pointed to by dirFileBuf(0x00279168), type 1e04
psiFileLoad in single-file mode: 04000022.bin is 0x0000dc00 bytes at the location pointed to by dirFileBuf(0x00279168), type 1e04
psiFileLoad in single-file mode: 04000034.bin is 0x000029c0 bytes at the location pointed to by dirFileBuf(0x00279168), type 1e04
psiFileLoad in single-file mode: 04000035.bin is 0x00002600 bytes at the location pointed to by dirFileBuf(0x00279168), type 1e04
psiFileLoad in single-file mode: 04000045.bin is 0x00001360 bytes at the location pointed to by dirFileBuf(0x00279168), type 1e04
psiFileLoad in single-file mode: 04000046.bin is 0x00002680 bytes at the location pointed to by dirFileBuf(0x00279168), type 1e04
psiFileLoad in single-file mode: 04000047.bin is 0x00000fc0 bytes at the location pointed to by dirFileBuf(0x00279168), type 1e04
psiFileLoad in single-file mode: 04000048.bin is 0x00000b20 bytes at the location pointed to by dirFileBuf(0x00279168), type 1e04
psiFileLoad in single-file mode: 04000049.bin is 0x00002440 bytes at the location pointed to by dirFileBuf(0x00279168), type 1e04
psiFileLoad in single-file mode: 0400004a.bin is 0x000008a0 bytes at the location pointed to by dirFileBuf(0x00279168), type 1e04
psiFileLoad in single-file mode: 04000061.bin is 0x0000e820 bytes at the location pointed to by dirFileBuf(0x00279168), type 1e04
psiFileLoad in single-file mode: 04000066.bin is 0x0000cfe0 bytes at the location pointed to by dirFileBuf(0x00279168), type 1e04
psiFileLoad in single-file mode: 04000067.bin is 0x00002fc0 bytes at the location pointed to by dirFileBuf(0x00279168), type 1e04
psiFileLoad in single-file mode: 04000068.bin is 0x00002e60 bytes at the location pointed to by dirFileBuf(0x00279168), type 1e04
psiFileLoad in single-file mode: 0400006b.bin is 0x00000f20 bytes at the location pointed to by dirFileBuf(0x00279168), type 1e04
psiFileLoad in single-file mode: 0400006c.bin is 0x000012e0 bytes at the location pointed to by dirFileBuf(0x00279168), type 1e04
psiFileLoad in single-file mode: 0400006d.bin is 0x000012a0 bytes at the location pointed to by dirFileBuf(0x00279168), type 1e04
psiFileLoad in single-file mode: 04000073.bin is 0x00000360 bytes at the location pointed to by dirFileBuf(0x00279168), type 1e04
psiFileLoad in single-file mode: 04000074.bin is 0x00000180 bytes at the location pointed to by dirFileBuf(0x00279168), type 1e04
psiFileLoad in single-file mode: 04000075.bin is 0x00000440 bytes at the location pointed to by dirFileBuf(0x00279168), type 1e04
psiFileLoad in single-file mode: 04000076.bin is 0x00000140 bytes at the location pointed to by dirFileBuf(0x00279168), type 1e04
psiFileLoad in single-file mode: 04000077.bin is 0x00000160 bytes at the location pointed to by dirFileBuf(0x00279168), type 1e04
psiFileLoad in single-file mode: 04000078.bin is 0x00000100 bytes at the location pointed to by dirFileBuf(0x00279168), type 1e04
psiFileLoad in single-file mode: 04000079.bin is 0x00000100 bytes at the location pointed to by dirFileBuf(0x00279168), type 1e04
psiFileLoad in single-file mode: 0400007a.bin is 0x00000100 bytes at the location pointed to by dirFileBuf(0x00279168), type 1e04
psiFileLoad in single-file mode: 0400007b.bin is 0x00000100 bytes at the location pointed to by dirFileBuf(0x00279168), type 1e04
psiFileLoad in single-file mode: 0400007c.bin is 0x00000100 bytes at the location pointed to by dirFileBuf(0x00279168), type 1e04
psiFileLoad in single-file mode: 0400007d.bin is 0x00000100 bytes at the location pointed to by dirFileBuf(0x00279168), type 1e04
psiFileLoad in single-file mode: Error opening file: No such file or directory
Error opening file: No such file or directory
Error opening file: No such file or directory
Error opening file: No such file or directory
Error opening file: No such file or directory
Error opening file: No such file or directory
Error opening file: No such file or directory
Error opening file: No such file or directory
Error opening file: No such file or directory
Error opening file: No such file or directory
Error opening file: No such file or directory
Error opening file: No such file or directory
Error opening file: No such file or directory
Error opening file: No such file or directory
Error opening file: No such file or directory
Error opening file: No such file or directory
Error opening file: No such file or directory
Error opening file: No such file or directory
Error opening file: No such file or directory
Error opening file: No such file or directory
Error opening file: No such file or directory
Error opening file: No such file or directory
Error opening file: No such file or directory
Error opening file: No such file or directory
Error opening file: No such file or directory
Error opening file: No such file or directory
Error opening file: No such file or directory
Error opening file: No such file or directory
Error opening file: No such file or directory
Error opening file: No such file or directory
Error opening file: No such file or directory
040000a0.bin is 0x000058c0 bytes at the location pointed to by dirFileBuf(0x00279168), type 1e04
psiFileLoad in single-file mode: 040000a3.bin is 0x0000a620 bytes at the location pointed to by dirFileBuf(0x00279168), type 1e04
psiFileLoad in single-file mode: 040000aa.bin is 0x00000400 bytes at the location pointed to by dirFileBuf(0x00279168), type 1e04
psiFileLoad in single-file mode: 040000af.bin is 0x00000300 bytes at the location pointed to by dirFileBuf(0x00279168), type 1e04
psiFileLoad in single-file mode: 040000b0.bin is 0x00000440 bytes at the location pointed to by dirFileBuf(0x00279168), type 1e04
psiFileLoad in single-file mode: 040000c0.bin is 0x00000260 bytes at the location pointed to by dirFileBuf(0x00279168), type 1e04
psiFileLoad in single-file mode: 040000cd.bin is 0x00004780 bytes at the location pointed to by dirFileBuf(0x00279168), type 1e04
psiFileLoad in single-file mode: 040000ce.bin is 0x00005e60 bytes at the location pointed to by dirFileBuf(0x00279168), type 1e04
psiFileLoad in single-file mode: 040000cf.bin is 0x000047a0 bytes at the location pointed to by dirFileBuf(0x00279168), type 1e04
psiFileLoad in single-file mode: 040000d0.bin is 0x00004e60 bytes at the location pointed to by dirFileBuf(0x00279168), type 1e04
psiFileLoad in single-file mode: 040000d1.bin is 0x00005b00 bytes at the location pointed to by dirFileBuf(0x00279168), type 1e04
psiFileLoad in single-file mode: 040000d2.bin is 0x00003e60 bytes at the location pointed to by dirFileBuf(0x00279168), type 1e04
psiFileLoad in single-file mode: 040000d3.bin is 0x00004720 bytes at the location pointed to by dirFileBuf(0x00279168), type 1e04
psiFileLoad in single-file mode: 040000d4.bin is 0x00004380 bytes at the location pointed to by dirFileBuf(0x00279168), type 1e04
psiFileLoad in single-file mode: 040000d9.bin is 0x0000bdc0 bytes at the location pointed to by dirFileBuf(0x00279168), type 1e04
psiFileLoad in single-file mode: 040000db.bin is 0x00006900 bytes at the location pointed to by dirFileBuf(0x00279168), type 1e04
psiFileLoad in single-file mode: 040000e7.bin is 0x000040c0 bytes at the location pointed to by dirFileBuf(0x00279168), type 1e04
psiFileLoad in single-file mode: 040000f0.bin is 0x00013640 bytes at the location pointed to by dirFileBuf(0x00279168), type 1e04
psiFileLoad in single-file mode: 040000f2.bin is 0x00002ce0 bytes at the location pointed to by dirFileBuf(0x00279168), type 1e04
psiFileLoad in single-file mode: 040000f3.bin is 0x00002080 bytes at the location pointed to by dirFileBuf(0x00279168), type 1e04
psiFileLoad in single-file mode: 040000f5.bin is 0x00003d00 bytes at the location pointed to by dirFileBuf(0x00279168), type 1e04
psiFileLoad in single-file mode: 040000f6.bin is 0x00003f20 bytes at the location pointed to by dirFileBuf(0x00279168), type 1e04
psiFileLoad in single-file mode: 040000fb.bin is 0x00002fc0 bytes at the location pointed to by dirFileBuf(0x00279168), type 1e04
psiFileLoad in single-file mode: 040000fd.bin is 0x000037c0 bytes at the location pointed to by dirFileBuf(0x00279168), type 1e04
psiFileLoad in single-file mode: 04000100.bin is 0x00009540 bytes at the location pointed to by dirFileBuf(0x00279168), type 1e04
psiFileLoad in single-file mode: 04000101.bin is 0x000093c0 bytes at the location pointed to by dirFileBuf(0x00279168), type 1e04
psiFileLoad in single-file mode: 04000102.bin is 0x00001c00 bytes at the location pointed to by dirFileBuf(0x00279168), type 1e04
psiFileLoad in single-file mode: 04000109.bin is 0x00001a40 bytes at the location pointed to by dirFileBuf(0x00279168), type 1e04
psiFileLoad in single-file mode: 0400011c.bin is 0x00004380 bytes at the location pointed to by dirFileBuf(0x00279168), type 1e04
psiFileLoad in single-file mode: 0400011d.bin is 0x00003560 bytes at the location pointed to by dirFileBuf(0x00279168), type 1e04
psiFileLoad in single-file mode: 0400011e.bin is 0x00006cc0 bytes at the location pointed to by dirFileBuf(0x00279168), type 1e04
psiFileLoad in single-file mode: 04000120.bin is 0x00001720 bytes at the location pointed to by dirError opening file: No such file or directory
Error opening file: No such file or directory
Error opening file: No such file or directory
Error opening file: No such file or directory
Error opening file: No such file or directory
Error opening file: No such file or directory
Error opening file: No such file or directory
Error opening file: No such file or directory
Error opening file: No such file or directory
Error opening file: No such file or directory
Error opening file: No such file or directory
Error opening file: No such file or directory
Error opening file: No such file or directory
Error opening file: No such file or directory
Error opening file: No such file or directory
Error opening file: No such file or directory
Error opening file: No such file or directory
Error opening file: No such file or directory
Error opening file: No such file or directory
Error opening file: No such file or directory
Error opening file: No such file or directory
Error opening file: No such file or directory
Error opening file: No such file or directory
Error opening file: No such file or directory
Error opening file: No such file or directory
Error opening file: No such file or directory
Error opening file: No such file or directory
Error opening file: No such file or directory
Error opening file: No such file or directory
Error opening file: No such file or directory
Error opening file: No such file or directory
Error opening file: No such file or directory
FileBuf(0x00279168), type 1e04
psiFileLoad in single-file mode: 04000121.bin is 0x00001f40 bytes at the location pointed to by dirFileBuf(0x00279168), type 1e04
psiFileLoad in single-file mode: 04000122.bin is 0x00004860 bytes at the location pointed to by dirFileBuf(0x00279168), type 1e04
psiFileLoad in single-file mode: 04000123.bin is 0x00002ba0 bytes at the location pointed to by dirFileBuf(0x00279168), type 1e04
psiFileLoad in single-file mode: 04000124.bin is 0x00002fe0 bytes at the location pointed to by dirFileBuf(0x00279168), type 1e04
psiFileLoad in single-file mode: 04000125.bin is 0x000035a0 bytes at the location pointed to by dirFileBuf(0x00279168), type 1e04
psiFileLoad in single-file mode: 04000126.bin is 0x00007200 bytes at the location pointed to by dirFileBuf(0x00279168), type 1e04
psiFileLoad in single-file mode: 04000127.bin is 0x00004e60 bytes at the location pointed to by dirFileBuf(0x00279168), type 1e04
psiFileLoad in single-file mode: 04000128.bin is 0x00002b40 bytes at the location pointed to by dirFileBuf(0x00279168), type 1e04
psiFileLoad in single-file mode: 04000129.bin is 0x00000e80 bytes at the location pointed to by dirFileBuf(0x00279168), type 1e04
psiFileLoad in single-file mode: 0400012b.bin is 0x00002420 bytes at the location pointed to by dirFileBuf(0x00279168), type 1e04
psiFileLoad in single-file mode: 0400012c.bin is 0x000045c0 bytes at the location pointed to by dirFileBuf(0x00279168), type 1e04
psiFileLoad in single-file mode: 0400012d.bin is 0x00004100 bytes at the location pointed to by dirFileBuf(0x00279168), type 1e04
psiFileLoad in single-file mode: 0400012e.bin is 0x00003060 bytes at the location pointed to by dirFileBuf(0x00279168), type 1e04
psiFileLoad in single-file mode: 0400012f.bin is 0x00000aa0 bytes at the location pointed to by dirFileBuf(0x00279168), type 1e04
psiFileLoad in single-file mode: 04000130.bin is 0x000033e0 bytes at the location pointed to by dirFileBuf(0x00279168), type 1e04
psiFileLoad in single-file mode: 04000131.bin is 0x000078c0 bytes at the location pointed to by dirFileBuf(0x00279168), type 1e04
psiFileLoad in single-file mode: 04000132.bin is 0x00003700 bytes at the location pointed to by dirFileBuf(0x00279168), type 1e04
psiFileLoad in single-file mode: 04000133.bin is 0x00000b60 bytes at the location pointed to by dirFileBuf(0x00279168), type 1e04
psiFileLoad in single-file mode: 04000134.bin is 0x00000a20 bytes at the location pointed to by dirFileBuf(0x00279168), type 1e04
psiFileLoad in single-file mode: 04000135.bin is 0x00002560 bytes at the location pointed to by dirFileBuf(0x00279168), type 1e04
psiFileLoad in single-file mode: 04000136.bin is 0x000019e0 bytes at the location pointed to by dirFileBuf(0x00279168), type 1e04
psiFileLoad in single-file mode: 04000137.bin is 0x00000a20 bytes at the location pointed to by dirFileBuf(0x00279168), type 1e04
psiFileLoad in single-file mode: 04000138.bin is 0x00001ee0 bytes at the location pointed to by dirFileBuf(0x00279168), type 1e04
psiFileLoad in single-file mode: 0400013a.bin is 0x00003e00 bytes at the location pointed to by dirFileBuf(0x00279168), type 1e04
psiFileLoad in single-file mode: 04000152.bin is 0x00001aa0 bytes at the location pointed to by dirFileBuf(0x00279168), type 1e04
psiFileLoad in single-file mode: 04000153.bin is 0x00001d60 bytes at the location pointed to by dirFileBuf(0x00279168), type 1e04
psiFileLoad in single-file mode: 04000185.bin is 0x000d2100 bytes at the location pointed to by dirFileBuf(0x00279168), type 1e04
psiFileLoad in single-file mode: 0400018e.bin is 0x00005da0 bytes at the location pointed to by dirFileBuf(0x00279168), type 1e04
psiFileLoad in single-file mode: 0400018f.bin is 0x00005840 bytes at the location pointed to by dirFileBuf(0x00279168), type 1e04
psiFileLoad in single-file mode: 04000190.bin is 0x00006e40 bytes at the location pointed to by dirFileBuf(0x00279168), type 1e04
psiFileLoad in single-file mode: 04000194.bin is 0x00005440 bytes at the location pointed to by dirFileBuf(0x00279168), type 1e04
psiFileLoad in single-file mode: 04Error opening file: No such file or directory
Error opening file: No such file or directory
Error opening file: No such file or directory
Error opening file: No such file or directory
Error opening file: No such file or directory
Error opening file: No such file or directory
Error opening file: No such file or directory
Error opening file: No such file or directory
Error opening file: No such file or directory
Error opening file: No such file or directory
Error opening file: No such file or directory
Error opening file: No such file or directory
Error opening file: No such file or directory
Error opening file: No such file or directory
Error opening file: No such file or directory
Error opening file: No such file or directory
Error opening file: No such file or directory
Error opening file: No such file or directory
Error opening file: No such file or directory
Error opening file: No such file or directory
Error opening file: No such file or directory
Error opening file: No such file or directory
Error opening file: No such file or directory
Error opening file: No such file or directory
Error opening file: No such file or directory
Error opening file: No such file or directory
Error opening file: No such file or directory
Error opening file: No such file or directory
Error opening file: No such file or directory
Error opening file: No such file or directory
Error opening file: No such file or directory
000196.bin is 0x000062c0 bytes at the location pointed to by dirFileBuf(0x00279168), type 1e04
psiFileLoad in single-file mode: 04000199.bin is 0x000059c0 bytes at the location pointed to by dirFileBuf(0x00279168), type 1e04
psiFileLoad in single-file mode: 0400019a.bin is 0x00004dc0 bytes at the location pointed to by dirFileBuf(0x00279168), type 1e04
psiFileLoad in single-file mode: 0400019b.bin is 0x00004dc0 bytes at the location pointed to by dirFileBuf(0x00279168), type 1e04
psiFileLoad in single-file mode: 0400019c.bin is 0x00004780 bytes at the location pointed to by dirFileBuf(0x00279168), type 1e04
psiFileLoad in single-file mode: 0400019d.bin is 0x00004260 bytes at the location pointed to by dirFileBuf(0x00279168), type 1e04
psiFileLoad in single-file mode: 0400019e.bin is 0x00004e00 bytes at the location pointed to by dirFileBuf(0x00279168), type 1e04
psiFileLoad in single-file mode: 0400019f.bin is 0x000068e0 bytes at the location pointed to by dirFileBuf(0x00279168), type 1e04
psiFileLoad in single-file mode: 040001a0.bin is 0x000080a0 bytes at the location pointed to by dirFileBuf(0x00279168), type 1e04
psiFileLoad in single-file mode: 040001a1.bin is 0x00008960 bytes at the location pointed to by dirFileBuf(0x00279168), type 1e04
psiFileLoad in single-file mode: 040001a2.bin is 0x00005840 bytes at the location pointed to by dirFileBuf(0x00279168), type 1e04
psiFileLoad in single-file mode: 040001a3.bin is 0x00007b60 bytes at the location pointed to by dirFileBuf(0x00279168), type 1e04
psiFileLoad in single-file mode: 040001a4.bin is 0x00006680 bytes at the location pointed to by dirFileBuf(0x00279168), type 1e04
psiFileLoad in single-file mode: 040001a5.bin is 0x00006360 bytes at the location pointed to by dirFileBuf(0x00279168), type 1e04
psiFileLoad in single-file mode: 040001a6.bin is 0x00004dc0 bytes at the location pointed to by dirFileBuf(0x00279168), type 1e04
psiFileLoad in single-file mode: 040001a8.bin is 0x00004040 bytes at the location pointed to by dirFileBuf(0x00279168), type 1e04
psiFileLoad in single-file mode: 040001a9.bin is 0x00005ba0 bytes at the location pointed to by dirFileBuf(0x00279168), type 1e04
psiFileLoad in single-file mode: 040001aa.bin is 0x0000d180 bytes at the location pointed to by dirFileBuf(0x00279168), type 1e04
psiFileLoad in single-file mode: 040001ad.bin is 0x000063c0 bytes at the location pointed to by dirFileBuf(0x00279168), type 1e04
psiFileLoad in single-file mode: 040001ae.bin is 0x00006580 bytes at the location pointed to by dirFileBuf(0x00279168), type 1e04
psiFileLoad in single-file mode: 040001af.bin is 0x00006f00 bytes at the location pointed to by dirFileBuf(0x00279168), type 1e04
psiFileLoad in single-file mode: 040001b0.bin is 0x00006d40 bytes at the location pointed to by dirFileBuf(0x00279168), type 1e04
psiFileLoad in single-file mode: 040001b1.bin is 0x0000ab20 bytes at the location pointed to by dirFileBuf(0x00279168), type 1e04
psiFileLoad in single-file mode: 040001b3.bin is 0x00004fa0 bytes at the location pointed to by dirFileBuf(0x00279168), type 1e04
psiFileLoad in single-file mode: 040001b4.bin is 0x00004ea0 bytes at the location pointed to by dirFileBuf(0x00279168), type 1e04
psiFileLoad in single-file mode: 040001b6.bin is 0x00008820 bytes at the location pointed to by dirFileBuf(0x00279168), type 1e04
psiFileLoad in single-file mode: 040001b7.bin is 0x000162a0 bytes at the location pointed to by dirFileBuf(0x00279168), type 1e04
psiFileLoad in single-file mode: 040001b8.bin is 0x00000f40 bytes at the location pointed to by dirFileBuf(0x00279168), type 1e04
psiFileLoad in single-file mode: 040001b9.bin is 0x0000e980 bytes at the location pointed to by dirFileBuf(0x00279168), type 1e04
psiFileLoad in single-file mode: 040001ba.bin is 0x00000d60 bytes at the location pointed to by dirFileBuf(0x00279168), type 1e04
psiFileLoad in single-file mode: 040001bb.bin is 0x000076a0 bytes at the location pointed to by dirFileBuf(0x00279168), type 1e04
psiFileLoad in single-file mode: 040001bc.bin is 0x00009fa0 bytes at the location pointed to by dirFiError opening file: No such file or directory
Error opening file: No such file or directory
Error opening file: No such file or directory
Error opening file: No such file or directory
Error opening file: No such file or directory
Error opening file: No such file or directory
Error opening file: No such file or directory
Error opening file: No such file or directory
Error opening file: No such file or directory
Error opening file: No such file or directory
Error opening file: No such file or directory
Error opening file: No such file or directory
Error opening file: No such file or directory
Error opening file: No such file or directory
Error opening file: No such file or directory
Error opening file: No such file or directory
Error opening file: No such file or directory
Error opening file: No such file or directory
Error opening file: No such file or directory
Error opening file: No such file or directory
Error opening file: No such file or directory
Error opening file: No such file or directory
Error opening file: No such file or directory
Error opening file: No such file or directory
Error opening file: No such file or directory
Error opening file: No such file or directory
Error opening file: No such file or directory
Error opening file: No such file or directory
Error opening file: No such file or directory
Error opening file: No such file or directory
Error opening file: No such file or directory
Error opening file: No such file or directory
leBuf(0x00279168), type 1e04
psiFileLoad in single-file mode: 040001bd.bin is 0x00008580 bytes at the location pointed to by dirFileBuf(0x00279168), type 1e04
psiFileLoad in single-file mode: 040001be.bin is 0x00008e00 bytes at the location pointed to by dirFileBuf(0x00279168), type 1e04
psiFileLoad in single-file mode: 040001bf.bin is 0x000031a0 bytes at the location pointed to by dirFileBuf(0x00279168), type 1e04
psiFileLoad in single-file mode: 040001c0.bin is 0x00005bc0 bytes at the location pointed to by dirFileBuf(0x00279168), type 1e04
psiFileLoad in single-file mode: 040001c3.bin is 0x00006260 bytes at the location pointed to by dirFileBuf(0x00279168), type 1e04
psiFileLoad in single-file mode: 040001c4.bin is 0x00007d40 bytes at the location pointed to by dirFileBuf(0x00279168), type 1e04
psiFileLoad in single-file mode: 040001c5.bin is 0x0000a0a0 bytes at the location pointed to by dirFileBuf(0x00279168), type 1e04
psiFileLoad in single-file mode: 040001c6.bin is 0x00005fe0 bytes at the location pointed to by dirFileBuf(0x00279168), type 1e04
psiFileLoad in single-file mode: 040001c8.bin is 0x00013140 bytes at the location pointed to by dirFileBuf(0x00279168), type 1e04
psiFileLoad in single-file mode: 040001ca.bin is 0x00007fc0 bytes at the location pointed to by dirFileBuf(0x00279168), type 1e04
psiFileLoad in single-file mode: 040001cb.bin is 0x00004980 bytes at the location pointed to by dirFileBuf(0x00279168), type 1e04
psiFileLoad in single-file mode: 040001cc.bin is 0x00004cc0 bytes at the location pointed to by dirFileBuf(0x00279168), type 1e04
psiFileLoad in single-file mode: 040001ce.bin is 0x00003480 bytes at the location pointed to by dirFileBuf(0x00279168), type 1e04
psiFileLoad in single-file mode: 040001cf.bin is 0x00003020 bytes at the location pointed to by dirFileBuf(0x00279168), type 1e04
psiFileLoad in single-file mode: 040001d0.bin is 0x000022e0 bytes at the location pointed to by dirFileBuf(0x00279168), type 1e04
psiFileLoad in single-file mode: 040001d1.bin is 0x000037e0 bytes at the location pointed to by dirFileBuf(0x00279168), type 1e04
psiFileLoad in single-file mode: 040001d2.bin is 0x00008c20 bytes at the location pointed to by dirFileBuf(0x00279168), type 1e04
psiFileLoad in single-file mode: 040001d3.bin is 0x00001a00 bytes at the location pointed to by dirFileBuf(0x00279168), type 1e04
psiFileLoad in single-file mode: 040001d4.bin is 0x000019e0 bytes at the location pointed to by dirFileBuf(0x00279168), type 1e04
psiFileLoad in single-file mode: 040001d5.bin is 0x00000b20 bytes at the location pointed to by dirFileBuf(0x00279168), type 1e04
psiFileLoad in single-file mode: 040001d6.bin is 0x00001680 bytes at the location pointed to by dirFileBuf(0x00279168), type 1e04
psiFileLoad in single-file mode: 040001d7.bin is 0x00000b00 bytes at the location pointed to by dirFileBuf(0x00279168), type 1e04
psiFileLoad in single-file mode: 040001d8.bin is 0x00000f00 bytes at the location pointed to by dirFileBuf(0x00279168), type 1e04
psiFileLoad in single-file mode: 040001d9.bin is 0x000015a0 bytes at the location pointed to by dirFileBuf(0x00279168), type 1e04
psiFileLoad in single-file mode: 040001da.bin is 0x00001fa0 bytes at the location pointed to by dirFileBuf(0x00279168), type 1e04
psiFileLoad in single-file mode: 040001db.bin is 0x000049a0 bytes at the location pointed to by dirFileBuf(0x00279168), type 1e04
psiFileLoad in single-file mode: 040001dc.bin is 0x000028c0 bytes at the location pointed to by dirFileBuf(0x00279168), type 1e04
psiFileLoad in single-file mode: 040001dd.bin is 0x000032e0 bytes at the location pointed to by dirFileBuf(0x00279168), type 1e04
psiFileLoad in single-file mode: 040001de.bin is 0x000029c0 bytes at the location pointed to by dirFileBuf(0x00279168), type 1e04
psiFileLoad in single-file mode: 040001df.bin is 0x00003940 bytes at the location pointed to by dirFileBuf(0x00279168), type 1e04
psiFileLoad in single-file mode: 040001e0.bin is 0x000032c0 bytes at the location pointed to by dirFileBuf(0x00279168), type 1e04
psiFileLoad in single-file mode: 0400Error opening file: No such file or directory
Error opening file: No such file or directory
Error opening file: No such file or directory
Error opening file: No such file or directory
Error opening file: No such file or directory
Error opening file: No such file or directory
Error opening file: No such file or directory
Error opening file: No such file or directory
Error opening file: No such file or directory
Error opening file: No such file or directory
Error opening file: No such file or directory
Error opening file: No such file or directory
Error opening file: No such file or directory
Error opening file: No such file or directory
Error opening file: No such file or directory
Error opening file: No such file or directory
Error opening file: No such file or directory
Error opening file: No such file or directory
Error opening file: No such file or directory
Error opening file: No such file or directory
Error opening file: No such file or directory
Error opening file: No such file or directory
Error opening file: No such file or directory
Error opening file: No such file or directory
Error opening file: No such file or directory
Error opening file: No such file or directory
Error opening file: No such file or directory
Error opening file: No such file or directory
Error opening file: No such file or directory
Error opening file: No such file or directory
Error opening file: No such file or directory
01e1.bin is 0x000076e0 bytes at the location pointed to by dirFileBuf(0x00279168), type 1e04
psiFileLoad in single-file mode: 040001e2.bin is 0x00002900 bytes at the location pointed to by dirFileBuf(0x00279168), type 1e04
psiFileLoad in single-file mode: 040001e3.bin is 0x00002380 bytes at the location pointed to by dirFileBuf(0x00279168), type 1e04
psiFileLoad in single-file mode: 040001e5.bin is 0x00001980 bytes at the location pointed to by dirFileBuf(0x00279168), type 1e04
psiFileLoad in single-file mode: 040001e6.bin is 0x00001f60 bytes at the location pointed to by dirFileBuf(0x00279168), type 1e04
psiFileLoad in single-file mode: 040001ee.bin is 0x00005a20 bytes at the location pointed to by dirFileBuf(0x00279168), type 1e04
psiFileLoad in single-file mode: 040001ef.bin is 0x000061a0 bytes at the location pointed to by dirFileBuf(0x00279168), type 1e04
psiFileLoad in single-file mode: 040001f0.bin is 0x00005b40 bytes at the location pointed to by dirFileBuf(0x00279168), type 1e04
psiFileLoad in single-file mode: 040001f2.bin is 0x00001f00 bytes at the location pointed to by dirFileBuf(0x00279168), type 1e04
psiFileLoad in single-file mode: 040001f3.bin is 0x00002300 bytes at the location pointed to by dirFileBuf(0x00279168), type 1e04
psiFileLoad in single-file mode: 040001f4.bin is 0x00002040 bytes at the location pointed to by dirFileBuf(0x00279168), type 1e04
psiFileLoad in single-file mode: 040001f5.bin is 0x00002160 bytes at the location pointed to by dirFileBuf(0x00279168), type 1e04
psiFileLoad in single-file mode: 040001f6.bin is 0x00002a00 bytes at the location pointed to by dirFileBuf(0x00279168), type 1e04
psiFileLoad in single-file mode: 040001f8.bin is 0x00002880 bytes at the location pointed to by dirFileBuf(0x00279168), type 1e04
psiFileLoad in single-file mode: 040001f9.bin is 0x000026e0 bytes at the location pointed to by dirFileBuf(0x00279168), type 1e04
psiFileLoad in single-file mode: 040001fa.bin is 0x00000e20 bytes at the location pointed to by dirFileBuf(0x00279168), type 1e04
psiFileLoad in single-file mode: 040001fb.bin is 0x00001fa0 bytes at the location pointed to by dirFileBuf(0x00279168), type 1e04
psiFileLoad in single-file mode: 040001fc.bin is 0x00003960 bytes at the location pointed to by dirFileBuf(0x00279168), type 1e04
psiFileLoad in single-file mode: 040001fd.bin is 0x00003b40 bytes at the location pointed to by dirFileBuf(0x00279168), type 1e04
psiFileLoad in single-file mode: 04000202.bin is 0x000044a0 bytes at the location pointed to by dirFileBuf(0x00279168), type 1e04
psiFileLoad in single-file mode: 04000205.bin is 0x00001120 bytes at the location pointed to by dirFileBuf(0x00279168), type 1e04
psiFileLoad in single-file mode: 04000207.bin is 0x000046c0 bytes at the location pointed to by dirFileBuf(0x00279168), type 1e04
psiFileLoad in single-file mode: 04000208.bin is 0x000041a0 bytes at the location pointed to by dirFileBuf(0x00279168), type 1e04
psiFileLoad in single-file mode: 04000209.bin is 0x000041c0 bytes at the location pointed to by dirFileBuf(0x00279168), type 1e04
psiFileLoad in single-file mode: 0400020a.bin is 0x00002180 bytes at the location pointed to by dirFileBuf(0x00279168), type 1e04
psiFileLoad in single-file mode: 0400020b.bin is 0x00000dc0 bytes at the location pointed to by dirFileBuf(0x00279168), type 1e04
psiFileLoad in single-file mode: 0400020c.bin is 0x00002460 bytes at the location pointed to by dirFileBuf(0x00279168), type 1e04
psiFileLoad in single-file mode: 0400020d.bin is 0x00000c40 bytes at the location pointed to by dirFileBuf(0x00279168), type 1e04
psiFileLoad in single-file mode: 04000210.bin is 0x00002600 bytes at the location pointed to by dirFileBuf(0x00279168), type 1e04
psiFileLoad in single-file mode: 04000211.bin is 0x00003fc0 bytes at the location pointed to by dirFileBuf(0x00279168), type 1e04
psiFileLoad in single-file mode: 04000212.bin is 0x00003040 bytes at the location pointed to by dirFileBuf(0x00279168), type 1e04
psiFileLoad in single-file mode: 0400021f.bin is 0x00003300 bytes at the location pointed to by dirFileError opening file: No such file or directory
Error opening file: No such file or directory
Error opening file: No such file or directory
Error opening file: No such file or directory
Error opening file: No such file or directory
Error opening file: No such file or directory
Error opening file: No such file or directory
Error opening file: No such file or directory
Error opening file: No such file or directory
Error opening file: No such file or directory
Error opening file: No such file or directory
Error opening file: No such file or directory
Error opening file: No such file or directory
Error opening file: No such file or directory
Error opening file: No such file or directory
Error opening file: No such file or directory
Error opening file: No such file or directory
Error opening file: No such file or directory
Error opening file: No such file or directory
Error opening file: No such file or directory
Error opening file: No such file or directory
Error opening file: No such file or directory
Error opening file: No such file or directory
Error opening file: No such file or directory
Error opening file: No such file or directory
Error opening file: No such file or directory
Error opening file: No such file or directory
Error opening file: No such file or directory
Error opening file: No such file or directory
Error opening file: No such file or directory
Error opening file: No such file or directory
Error opening file: No such file or directory
Buf(0x00279168), type 1e04
psiFileLoad in single-file mode: 04000220.bin is 0x000065c0 bytes at the location pointed to by dirFileBuf(0x00279168), type 1e04
psiFileLoad in single-file mode: 04000221.bin is 0x00005a80 bytes at the location pointed to by dirFileBuf(0x00279168), type 1e04
psiFileLoad in single-file mode: 04000225.bin is 0x00004c40 bytes at the location pointed to by dirFileBuf(0x00279168), type 1e04
psiFileLoad in single-file mode: 04000226.bin is 0x00005620 bytes at the location pointed to by dirFileBuf(0x00279168), type 1e04
psiFileLoad in single-file mode: 04000227.bin is 0x00001b00 bytes at the location pointed to by dirFileBuf(0x00279168), type 1e04
psiFileLoad in single-file mode: 04000228.bin is 0x00001d20 bytes at the location pointed to by dirFileBuf(0x00279168), type 1e04
psiFileLoad in single-file mode: 04000229.bin is 0x00002ac0 bytes at the location pointed to by dirFileBuf(0x00279168), type 1e04
psiFileLoad in single-file mode: 0400022a.bin is 0x000032c0 bytes at the location pointed to by dirFileBuf(0x00279168), type 1e04
psiFileLoad in single-file mode: 0400022b.bin is 0x00003180 bytes at the location pointed to by dirFileBuf(0x00279168), type 1e04
psiFileLoad in single-file mode: 0400022c.bin is 0x00003c20 bytes at the location pointed to by dirFileBuf(0x00279168), type 1e04
psiFileLoad in single-file mode: 0400022d.bin is 0x00003cc0 bytes at the location pointed to by dirFileBuf(0x00279168), type 1e04
psiFileLoad in single-file mode: 0400022f.bin is 0x00002840 bytes at the location pointed to by dirFileBuf(0x00279168), type 1e04
psiFileLoad in single-file mode: 04000230.bin is 0x00002720 bytes at the location pointed to by dirFileBuf(0x00279168), type 1e04
psiFileLoad in single-file mode: 04000231.bin is 0x00002ba0 bytes at the location pointed to by dirFileBuf(0x00279168), type 1e04
psiFileLoad in single-file mode: 04000232.bin is 0x00002620 bytes at the location pointed to by dirFileBuf(0x00279168), type 1e04
psiFileLoad in single-file mode: 04000233.bin is 0x00003820 bytes at the location pointed to by dirFileBuf(0x00279168), type 1e04
psiFileLoad in single-file mode: 04000235.bin is 0x00003720 bytes at the location pointed to by dirFileBuf(0x00279168), type 1e04
psiFileLoad in single-file mode: 0400023a.bin is 0x00001400 bytes at the location pointed to by dirFileBuf(0x00279168), type 1e04
psiFileLoad in single-file mode: 0400023b.bin is 0x00001b80 bytes at the location pointed to by dirFileBuf(0x00279168), type 1e04
psiFileLoad in single-file mode: 0400023c.bin is 0x00000740 bytes at the location pointed to by dirFileBuf(0x00279168), type 1e04
psiFileLoad in single-file mode: 0400023d.bin is 0x00000c20 bytes at the location pointed to by dirFileBuf(0x00279168), type 1e04
psiFileLoad in single-file mode: 0400023e.bin is 0x00001f20 bytes at the location pointed to by dirFileBuf(0x00279168), type 1e04
psiFileLoad in single-file mode: 0400023f.bin is 0x00000740 bytes at the location pointed to by dirFileBuf(0x00279168), type 1e04
psiFileLoad in single-file mode: 04000240.bin is 0x00000d60 bytes at the location pointed to by dirFileBuf(0x00279168), type 1e04
psiFileLoad in single-file mode: 04000241.bin is 0x000031c0 bytes at the location pointed to by dirFileBuf(0x00279168), type 1e04
psiFileLoad in single-file mode: 04000243.bin is 0x000034e0 bytes at the location pointed to by dirFileBuf(0x00279168), type 1e04
psiFileLoad in single-file mode: 04000244.bin is 0x00001d40 bytes at the location pointed to by dirFileBuf(0x00279168), type 1e04
psiFileLoad in single-file mode: 04000245.bin is 0x00002180 bytes at the location pointed to by dirFileBuf(0x00279168), type 1e04
psiFileLoad in single-file mode: 04000246.bin is 0x00002840 bytes at the location pointed to by dirFileBuf(0x00279168), type 1e04
psiFileLoad in single-file mode: 04000247.bin is 0x00000fa0 bytes at the location pointed to by dirFileBuf(0x00279168), type 1e04
psiFileLoad in single-file mode: 04000248.bin is 0x00001e80 bytes at the location pointed to by dirFileBuf(0x00279168), type 1e04
psiFileLoad in single-file mode: 040002Error opening file: No such file or directory
Error opening file: No such file or directory
Error opening file: No such file or directory
Error opening file: No such file or directory
Error opening file: No such file or directory
Error opening file: No such file or directory
Error opening file: No such file or directory
Error opening file: No such file or directory
Error opening file: No such file or directory
Error opening file: No such file or directory
Error opening file: No such file or directory
Error opening file: No such file or directory
Error opening file: No such file or directory
Error opening file: No such file or directory
Error opening file: No such file or directory
Error opening file: No such file or directory
Error opening file: No such file or directory
Error opening file: No such file or directory
Error opening file: No such file or directory
Error opening file: No such file or directory
Error opening file: No such file or directory
Error opening file: No such file or directory
Error opening file: No such file or directory
Error opening file: No such file or directory
Error opening file: No such file or directory
Error opening file: No such file or directory
Error opening file: No such file or directory
Error opening file: No such file or directory
Error opening file: No such file or directory
Error opening file: No such file or directory
Error opening file: No such file or directory
49.bin is 0x00000740 bytes at the location pointed to by dirFileBuf(0x00279168), type 1e04
psiFileLoad in single-file mode: 0400024a.bin is 0x00000ea0 bytes at the location pointed to by dirFileBuf(0x00279168), type 1e04
psiFileLoad in single-file mode: 0400024b.bin is 0x00002460 bytes at the location pointed to by dirFileBuf(0x00279168), type 1e04
psiFileLoad in single-file mode: 0400024c.bin is 0x00000740 bytes at the location pointed to by dirFileBuf(0x00279168), type 1e04
psiFileLoad in single-file mode: 0400024d.bin is 0x00001060 bytes at the location pointed to by dirFileBuf(0x00279168), type 1e04
psiFileLoad in single-file mode: 0400024e.bin is 0x00002fe0 bytes at the location pointed to by dirFileBuf(0x00279168), type 1e04
psiFileLoad in single-file mode: 0400024f.bin is 0x00003720 bytes at the location pointed to by dirFileBuf(0x00279168), type 1e04
psiFileLoad in single-file mode: 04000250.bin is 0x000027c0 bytes at the location pointed to by dirFileBuf(0x00279168), type 1e04
psiFileLoad in single-file mode: 04000251.bin is 0x00001fc0 bytes at the location pointed to by dirFileBuf(0x00279168), type 1e04
psiFileLoad in single-file mode: 04000252.bin is 0x00001f00 bytes at the location pointed to by dirFileBuf(0x00279168), type 1e04
psiFileLoad in single-file mode: 04000253.bin is 0x00003660 bytes at the location pointed to by dirFileBuf(0x00279168), type 1e04
psiFileLoad in single-file mode: 04000254.bin is 0x00004040 bytes at the location pointed to by dirFileBuf(0x00279168), type 1e04
psiFileLoad in single-file mode: 04000255.bin is 0x000034a0 bytes at the location pointed to by dirFileBuf(0x00279168), type 1e04
psiFileLoad in single-file mode: 04000256.bin is 0x000040e0 bytes at the location pointed to by dirFileBuf(0x00279168), type 1e04
psiFileLoad in single-file mode: 04000257.bin is 0x00002f60 bytes at the location pointed to by dirFileBuf(0x00279168), type 1e04
psiFileLoad in single-file mode: 04000258.bin is 0x00003ae0 bytes at the location pointed to by dirFileBuf(0x00279168), type 1e04
psiFileLoad in single-file mode: 04000259.bin is 0x000041c0 bytes at the location pointed to by dirFileBuf(0x00279168), type 1e04
psiFileLoad in single-file mode: 0400025a.bin is 0x00002c20 bytes at the location pointed to by dirFileBuf(0x00279168), type 1e04
psiFileLoad in single-file mode: 0400025b.bin is 0x00002ee0 bytes at the location pointed to by dirFileBuf(0x00279168), type 1e04
psiFileLoad in single-file mode: 0400025c.bin is 0x00003ec0 bytes at the location pointed to by dirFileBuf(0x00279168), type 1e04
psiFileLoad in single-file mode: 0400025d.bin is 0x00003f20 bytes at the location pointed to by dirFileBuf(0x00279168), type 1e04
psiFileLoad in single-file mode: 0400025f.bin is 0x00001940 bytes at the location pointed to by dirFileBuf(0x00279168), type 1e04
psiFileLoad in single-file mode: 04000260.bin is 0x000071a0 bytes at the location pointed to by dirFileBuf(0x00279168), type 1e04
psiFileLoad in single-file mode: 04000264.bin is 0x00002820 bytes at the location pointed to by dirFileBuf(0x00279168), type 1e04
psiFileLoad in single-file mode: 04000265.bin is 0x00002540 bytes at the location pointed to by dirFileBuf(0x00279168), type 1e04
psiFileLoad in single-file mode: 04000266.bin is 0x00002b80 bytes at the location pointed to by dirFileBuf(0x00279168), type 1e04
psiFileLoad in single-file mode: 04000267.bin is 0x000036c0 bytes at the location pointed to by dirFileBuf(0x00279168), type 1e04
psiFileLoad in single-file mode: 04000268.bin is 0x00004660 bytes at the location pointed to by dirFileBuf(0x00279168), type 1e04
psiFileLoad in single-file mode: 04000269.bin is 0x00002b60 bytes at the location pointed to by dirFileBuf(0x00279168), type 1e04
psiFileLoad in single-file mode: 0400026a.bin is 0x00000c40 bytes at the location pointed to by dirFileBuf(0x00279168), type 1e04
psiFileLoad in single-file mode: 0400026b.bin is 0x00000c20 bytes at the location pointed to by dirFileBuf(0x00279168), type 1e04
psiFileLoad in single-file mode: 0400026c.bin is 0x00002c60 bytes at the location pointed to by dirFileBuError opening file: No such file or directory
Error opening file: No such file or directory
Error opening file: No such file or directory
Error opening file: No such file or directory
Error opening file: No such file or directory
Error opening file: No such file or directory
Error opening file: No such file or directory
Error opening file: No such file or directory
Error opening file: No such file or directory
Error opening file: No such file or directory
Error opening file: No such file or directory
Error opening file: No such file or directory
Error opening file: No such file or directory
Error opening file: No such file or directory
Error opening file: No such file or directory
Error opening file: No such file or directory
Error opening file: No such file or directory
Error opening file: No such file or directory
Error opening file: No such file or directory
Error opening file: No such file or directory
Error opening file: No such file or directory
Error opening file: No such file or directory
Error opening file: No such file or directory
Error opening file: No such file or directory
Error opening file: No such file or directory
Error opening file: No such file or directory
Error opening file: No such file or directory
Error opening file: No such file or directory
Error opening file: No such file or directory
Error opening file: No such file or directory
Error opening file: No such file or directory
Error opening file: No such file or directory
f(0x00279168), type 1e04
psiFileLoad in single-file mode: 0400026d.bin is 0x00001f80 bytes at the location pointed to by dirFileBuf(0x00279168), type 1e04
psiFileLoad in single-file mode: 0400026e.bin is 0x00003b00 bytes at the location pointed to by dirFileBuf(0x00279168), type 1e04
psiFileLoad in single-file mode: 0400026f.bin is 0x00003ca0 bytes at the location pointed to by dirFileBuf(0x00279168), type 1e04
psiFileLoad in single-file mode: 04000272.bin is 0x00006bc0 bytes at the location pointed to by dirFileBuf(0x00279168), type 1e04
psiFileLoad in single-file mode: 04000273.bin is 0x000023e0 bytes at the location pointed to by dirFileBuf(0x00279168), type 1e04
psiFileLoad in single-file mode: 04000274.bin is 0x00002880 bytes at the location pointed to by dirFileBuf(0x00279168), type 1e04
psiFileLoad in single-file mode: 04000277.bin is 0x000021c0 bytes at the location pointed to by dirFileBuf(0x00279168), type 1e04
psiFileLoad in single-file mode: 04000278.bin is 0x000024c0 bytes at the location pointed to by dirFileBuf(0x00279168), type 1e04
psiFileLoad in single-file mode: 04000279.bin is 0x00002500 bytes at the location pointed to by dirFileBuf(0x00279168), type 1e04
psiFileLoad in single-file mode: 0400027a.bin is 0x00003080 bytes at the location pointed to by dirFileBuf(0x00279168), type 1e04
psiFileLoad in single-file mode: 0400027b.bin is 0x00000ca0 bytes at the location pointed to by dirFileBuf(0x00279168), type 1e04
psiFileLoad in single-file mode: 0400027c.bin is 0x000039c0 bytes at the location pointed to by dirFileBuf(0x00279168), type 1e04
psiFileLoad in single-file mode: 0400027e.bin is 0x000027e0 bytes at the location pointed to by dirFileBuf(0x00279168), type 1e04
psiFileLoad in single-file mode: 0400027f.bin is 0x000030a0 bytes at the location pointed to by dirFileBuf(0x00279168), type 1e04
psiFileLoad in single-file mode: 04000280.bin is 0x00003000 bytes at the location pointed to by dirFileBuf(0x00279168), type 1e04
psiFileLoad in single-file mode: 04000281.bin is 0x00007820 bytes at the location pointed to by dirFileBuf(0x00279168), type 1e04
psiFileLoad in single-file mode: 04000282.bin is 0x00002c40 bytes at the location pointed to by dirFileBuf(0x00279168), type 1e04
psiFileLoad in single-file mode: 04000283.bin is 0x00003fe0 bytes at the location pointed to by dirFileBuf(0x00279168), type 1e04
psiFileLoad in single-file mode: 04000284.bin is 0x00003cc0 bytes at the location pointed to by dirFileBuf(0x00279168), type 1e04
psiFileLoad in single-file mode: 04000285.bin is 0x00003c00 bytes at the location pointed to by dirFileBuf(0x00279168), type 1e04
psiFileLoad in single-file mode: 04000286.bin is 0x00002960 bytes at the location pointed to by dirFileBuf(0x00279168), type 1e04
psiFileLoad in single-file mode: 04000287.bin is 0x00002f60 bytes at the location pointed to by dirFileBuf(0x00279168), type 1e04
psiFileLoad in single-file mode: 04000288.bin is 0x000029e0 bytes at the location pointed to by dirFileBuf(0x00279168), type 1e04
psiFileLoad in single-file mode: 04000289.bin is 0x00002b80 bytes at the location pointed to by dirFileBuf(0x00279168), type 1e04
psiFileLoad in single-file mode: 0400028a.bin is 0x00000b40 bytes at the location pointed to by dirFileBuf(0x00279168), type 1e04
psiFileLoad in single-file mode: 0400028b.bin is 0x00004c40 bytes at the location pointed to by dirFileBuf(0x00279168), type 1e04
psiFileLoad in single-file mode: 0400028c.bin is 0x00002aa0 bytes at the location pointed to by dirFileBuf(0x00279168), type 1e04
psiFileLoad in single-file mode: 0400028e.bin is 0x00002820 bytes at the location pointed to by dirFileBuf(0x00279168), type 1e04
psiFileLoad in single-file mode: 0400028f.bin is 0x00002c40 bytes at the location pointed to by dirFileBuf(0x00279168), type 1e04
psiFileLoad in single-file mode: 04000290.bin is 0x00003d00 bytes at the location pointed to by dirFileBuf(0x00279168), type 1e04
psiFileLoad in single-file mode: 04000292.bin is 0x00007f80 bytes at the location pointed to by dirFileBuf(0x00279168), type 1e04
psiFileLoad in single-file mode: 04000293Error opening file: No such file or directory
Error opening file: No such file or directory
Error opening file: No such file or directory
Error opening file: No such file or directory
Error opening file: No such file or directory
Error opening file: No such file or directory
Error opening file: No such file or directory
Error opening file: No such file or directory
Error opening file: No such file or directory
Error opening file: No such file or directory
Error opening file: No such file or directory
Error opening file: No such file or directory
Error opening file: No such file or directory
Error opening file: No such file or directory
Error opening file: No such file or directory
Error opening file: No such file or directory
Error opening file: No such file or directory
Error opening file: No such file or directory
Error opening file: No such file or directory
Error opening file: No such file or directory
Error opening file: No such file or directory
Error opening file: No such file or directory
Error opening file: No such file or directory
Error opening file: No such file or directory
Error opening file: No such file or directory
Error opening file: No such file or directory
Error opening file: No such file or directory
Error opening file: No such file or directory
Error opening file: No such file or directory
Error opening file: No such file or directory
Error opening file: No such file or directory
.bin is 0x00001560 bytes at the location pointed to by dirFileBuf(0x00279168), type 1e04
psiFileLoad in single-file mode: 04000294.bin is 0x00001cc0 bytes at the location pointed to by dirFileBuf(0x00279168), type 1e04
psiFileLoad in single-file mode: 04000295.bin is 0x00003100 bytes at the location pointed to by dirFileBuf(0x00279168), type 1e04
psiFileLoad in single-file mode: 04000296.bin is 0x00002240 bytes at the location pointed to by dirFileBuf(0x00279168), type 1e04
psiFileLoad in single-file mode: 04000297.bin is 0x00002ca0 bytes at the location pointed to by dirFileBuf(0x00279168), type 1e04
psiFileLoad in single-file mode: 04000298.bin is 0x00005ae0 bytes at the location pointed to by dirFileBuf(0x00279168), type 1e04
psiFileLoad in single-file mode: 04000299.bin is 0x00004b00 bytes at the location pointed to by dirFileBuf(0x00279168), type 1e04
psiFileLoad in single-file mode: 0400029a.bin is 0x00003c80 bytes at the location pointed to by dirFileBuf(0x00279168), type 1e04
psiFileLoad in single-file mode: 0400029b.bin is 0x00001060 bytes at the location pointed to by dirFileBuf(0x00279168), type 1e04
psiFileLoad in single-file mode: 0400029c.bin is 0x000056a0 bytes at the location pointed to by dirFileBuf(0x00279168), type 1e04
psiFileLoad in single-file mode: 0400029e.bin is 0x00003a00 bytes at the location pointed to by dirFileBuf(0x00279168), type 1e04
psiFileLoad in single-file mode: 0400029f.bin is 0x000033c0 bytes at the location pointed to by dirFileBuf(0x00279168), type 1e04
psiFileLoad in single-file mode: 040002a0.bin is 0x00004c00 bytes at the location pointed to by dirFileBuf(0x00279168), type 1e04
psiFileLoad in single-file mode: 040002a1.bin is 0x00001de0 bytes at the location pointed to by dirFileBuf(0x00279168), type 1e04
psiFileLoad in single-file mode: 040002a2.bin is 0x00003920 bytes at the location pointed to by dirFileBuf(0x00279168), type 1e04
psiFileLoad in single-file mode: 040002a3.bin is 0x000032a0 bytes at the location pointed to by dirFileBuf(0x00279168), type 1e04
psiFileLoad in single-file mode: 040002a4.bin is 0x00000be0 bytes at the location pointed to by dirFileBuf(0x00279168), type 1e04
psiFileLoad in single-file mode: 040002a5.bin is 0x00003320 bytes at the location pointed to by dirFileBuf(0x00279168), type 1e04
psiFileLoad in single-file mode: 040002a6.bin is 0x00009f60 bytes at the location pointed to by dirFileBuf(0x00279168), type 1e04
psiFileLoad in single-file mode: 040002a7.bin is 0x00005e40 bytes at the location pointed to by dirFileBuf(0x00279168), type 1e04
psiFileLoad in single-file mode: 040002a8.bin is 0x00002fa0 bytes at the location pointed to by dirFileBuf(0x00279168), type 1e04
psiFileLoad in single-file mode: 040002a9.bin is 0x00008160 bytes at the location pointed to by dirFileBuf(0x00279168), type 1e04
psiFileLoad in single-file mode: 040002aa.bin is 0x00008920 bytes at the location pointed to by dirFileBuf(0x00279168), type 1e04
psiFileLoad in single-file mode: 040002ab.bin is 0x000025e0 bytes at the location pointed to by dirFileBuf(0x00279168), type 1e04
psiFileLoad in single-file mode: 040002ac.bin is 0x00002a80 bytes at the location pointed to by dirFileBuf(0x00279168), type 1e04
psiFileLoad in single-file mode: 040002ae.bin is 0x00001a40 bytes at the location pointed to by dirFileBuf(0x00279168), type 1e04
psiFileLoad in single-file mode: 040002af.bin is 0x00003a20 bytes at the location pointed to by dirFileBuf(0x00279168), type 1e04
psiFileLoad in single-file mode: 040002b0.bin is 0x000038c0 bytes at the location pointed to by dirFileBuf(0x00279168), type 1e04
psiFileLoad in single-file mode: 040002b1.bin is 0x000039a0 bytes at the location pointed to by dirFileBuf(0x00279168), type 1e04
psiFileLoad in single-file mode: 040002b2.bin is 0x00003d60 bytes at the location pointed to by dirFileBuf(0x00279168), type 1e04
psiFileLoad in single-file mode: 040002b3.bin is 0x000055c0 bytes at the location pointed to by dirFileBuf(0x00279168), type 1e04
psiFileLoad in single-file mode: 040002b4.bin is 0x00003a20 bytes at the location pointed to by dirFileBuf(Error opening file: No such file or directory
Error opening file: No such file or directory
Error opening file: No such file or directory
Error opening file: No such file or directory
Error opening file: No such file or directory
Error opening file: No such file or directory
Error opening file: No such file or directory
Error opening file: No such file or directory
Error opening file: No such file or directory
Error opening file: No such file or directory
Error opening file: No such file or directory
Error opening file: No such file or directory
Error opening file: No such file or directory
Error opening file: No such file or directory
Error opening file: No such file or directory
Error opening file: No such file or directory
Error opening file: No such file or directory
Error opening file: No such file or directory
Error opening file: No such file or directory
Error opening file: No such file or directory
Error opening file: No such file or directory
Error opening file: No such file or directory
Error opening file: No such file or directory
Error opening file: No such file or directory
Error opening file: No such file or directory
Error opening file: No such file or directory
Error opening file: No such file or directory
Error opening file: No such file or directory
Error opening file: No such file or directory
Error opening file: No such file or directory
Error opening file: No such file or directory
Error opening file: No such file or directory
0x00279168), type 1e04
psiFileLoad in single-file mode: 040002b5.bin is 0x00003c60 bytes at the location pointed to by dirFileBuf(0x00279168), type 1e04
psiFileLoad in single-file mode: 040002b6.bin is 0x00002e60 bytes at the location pointed to by dirFileBuf(0x00279168), type 1e04
psiFileLoad in single-file mode: 040002b7.bin is 0x000026e0 bytes at the location pointed to by dirFileBuf(0x00279168), type 1e04
psiFileLoad in single-file mode: 040002b8.bin is 0x00003060 bytes at the location pointed to by dirFileBuf(0x00279168), type 1e04
psiFileLoad in single-file mode: 040002b9.bin is 0x00000d20 bytes at the location pointed to by dirFileBuf(0x00279168), type 1e04
psiFileLoad in single-file mode: 040002d1.bin is 0x00000100 bytes at the location pointed to by dirFileBuf(0x00279168), type 1e04
psiFileLoad in single-file mode: 040002d2.bin is 0x00000100 bytes at the location pointed to by dirFileBuf(0x00279168), type 1e04
psiFileLoad in single-file mode: 040002d3.bin is 0x00000100 bytes at the location pointed to by dirFileBuf(0x00279168), type 1e04
psiFileLoad in single-file mode: 040002d4.bin is 0x00000100 bytes at the location pointed to by dirFileBuf(0x00279168), type 1e04
psiFileLoad in single-file mode: 040002d5.bin is 0x00000100 bytes at the location pointed to by dirFileBuf(0x00279168), type 1e04
psiFileLoad in single-file mode: 040002d6.bin is 0x00000100 bytes at the location pointed to by dirFileBuf(0x00279168), type 1e04
psiFileLoad in single-file mode: 040002d7.bin is 0x00000120 bytes at the location pointed to by dirFileBuf(0x00279168), type 1e04
psiFileLoad in single-file mode: 040002d8.bin is 0x00000100 bytes at the location pointed to by dirFileBuf(0x00279168), type 1e04
psiFileLoad in single-file mode: 0400031d.bin is 0x00004980 bytes at the location pointed to by dirFileBuf(0x00279168), type 1e04
psiFileLoad in single-file mode: 0400031e.bin is 0x00004b60 bytes at the location pointed to by dirFileBuf(0x00279168), type 1e04
psiFileLoad in single-file mode: 0400031f.bin is 0x000049e0 bytes at the location pointed to by dirFileBuf(0x00279168), type 1e04
psiFileLoad in single-file mode: 04000320.bin is 0x00004000 bytes at the location pointed to by dirFileBuf(0x00279168), type 1e04
psiFileLoad in single-file mode: 04000356.bin is 0x00001240 bytes at the location pointed to by dirFileBuf(0x00279168), type 1e04
psiFileLoad in single-file mode: 0400035d.bin is 0x00004060 bytes at the location pointed to by dirFileBuf(0x00279168), type 1e04
psiFileLoad in single-file mode: 0400035e.bin is 0x00002f20 bytes at the location pointed to by dirFileBuf(0x00279168), type 1e04
psiFileLoad in single-file mode: 0400035f.bin is 0x000009c0 bytes at the location pointed to by dirFileBuf(0x00279168), type 1e04
psiFileLoad in single-file mode: 04000360.bin is 0x00000f60 bytes at the location pointed to by dirFileBuf(0x00279168), type 1e04
psiFileLoad in single-file mode: 0400037b.bin is 0x000027c0 bytes at the location pointed to by dirFileBuf(0x00279168), type 1e04
psiFileLoad in single-file mode: 0400067e.bin is 0x00000560 bytes at the location pointed to by dirFileBuf(0x00279168), type 1e04
psiFileLoad in single-file mode: 0400037d.bin is 0x00000e00 bytes at the location pointed to by dirFileBuf(0x00279168), type 1e04
psiFileLoad in single-file mode: 0400037e.bin is 0x000039c0 bytes at the location pointed to by dirFileBuf(0x00279168), type 1e04
psiFileLoad in single-file mode: 0400037f.bin is 0x000046c0 bytes at the location pointed to by dirFileBuf(0x00279168), type 1e04
psiFileLoad in single-file mode: 04000380.bin is 0x00004340 bytes at the location pointed to by dirFileBuf(0x00279168), type 1e04
psiFileLoad in single-file mode: 04000384.bin is 0x00004f40 bytes at the location pointed to by dirFileBuf(0x00279168), type 1e04
psiFileLoad in single-file mode: 04000388.bin is 0x000045e0 bytes at the location pointed to by dirFileBuf(0x00279168), type 1e04
psiFileLoad in single-file mode: 04000389.bin is 0x00006360 bytes at the location pointed to by dirFileBuf(0x00279168), type 1e04
psiFileLoad in single-file mode: 0400038f.bError opening file: No such file or directory
Error opening file: No such file or directory
Error opening file: No such file or directory
Error opening file: No such file or directory
Error opening file: No such file or directory
Error opening file: No such file or directory
Error opening file: No such file or directory
Error opening file: No such file or directory
Error opening file: No such file or directory
Error opening file: No such file or directory
Error opening file: No such file or directory
Error opening file: No such file or directory
Error opening file: No such file or directory
Error opening file: No such file or directory
Error opening file: No such file or directory
Error opening file: No such file or directory
Error opening file: No such file or directory
Error opening file: No such file or directory
Error opening file: No such file or directory
Error opening file: No such file or directory
Error opening file: No such file or directory
Error opening file: No such file or directory
Error opening file: No such file or directory
Error opening file: No such file or directory
Error opening file: No such file or directory
Error opening file: No such file or directory
Error opening file: No such file or directory
Error opening file: No such file or directory
Error opening file: No such file or directory
Error opening file: No such file or directory
Error opening file: No such file or directory
in is 0x00007620 bytes at the location pointed to by dirFileBuf(0x00279168), type 1e04
psiFileLoad in single-file mode: 04000390.bin is 0x00004520 bytes at the location pointed to by dirFileBuf(0x00279168), type 1e04
psiFileLoad in single-file mode: 040003a4.bin is 0x00002c00 bytes at the location pointed to by dirFileBuf(0x00279168), type 1e04
psiFileLoad in single-file mode: 040003a5.bin is 0x000028a0 bytes at the location pointed to by dirFileBuf(0x00279168), type 1e04
psiFileLoad in single-file mode: 040003a6.bin is 0x00003c80 bytes at the location pointed to by dirFileBuf(0x00279168), type 1e04
psiFileLoad in single-file mode: 040003a8.bin is 0x00002d40 bytes at the location pointed to by dirFileBuf(0x00279168), type 1e04
psiFileLoad in single-file mode: 040003a9.bin is 0x000036a0 bytes at the location pointed to by dirFileBuf(0x00279168), type 1e04
psiFileLoad in single-file mode: 040003aa.bin is 0x00005960 bytes at the location pointed to by dirFileBuf(0x00279168), type 1e04
psiFileLoad in single-file mode: 040003ab.bin is 0x00008160 bytes at the location pointed to by dirFileBuf(0x00279168), type 1e04
psiFileLoad in single-file mode: 040003b8.bin is 0x00008ba0 bytes at the location pointed to by dirFileBuf(0x00279168), type 1e04
psiFileLoad in single-file mode: 040003b9.bin is 0x00001b40 bytes at the location pointed to by dirFileBuf(0x00279168), type 1e04
psiFileLoad in single-file mode: 040003ba.bin is 0x00001e20 bytes at the location pointed to by dirFileBuf(0x00279168), type 1e04
psiFileLoad in single-file mode: 040003bb.bin is 0x000099c0 bytes at the location pointed to by dirFileBuf(0x00279168), type 1e04
psiFileLoad in single-file mode: 040003bc.bin is 0x00001660 bytes at the location pointed to by dirFileBuf(0x00279168), type 1e04
psiFileLoad in single-file mode: 040003bd.bin is 0x00004740 bytes at the location pointed to by dirFileBuf(0x00279168), type 1e04
psiFileLoad in single-file mode: 040003c0.bin is 0x00004d60 bytes at the location pointed to by dirFileBuf(0x00279168), type 1e04
psiFileLoad in single-file mode: 040003c1.bin is 0x00004ea0 bytes at the location pointed to by dirFileBuf(0x00279168), type 1e04
psiFileLoad in single-file mode: 040003d2.bin is 0x00003a40 bytes at the location pointed to by dirFileBuf(0x00279168), type 1e04
psiFileLoad in single-file mode: 040003e5.bin is 0x000021e0 bytes at the location pointed to by dirFileBuf(0x00279168), type 1e04
psiFileLoad in single-file mode: 040003e6.bin is 0x00000740 bytes at the location pointed to by dirFileBuf(0x00279168), type 1e04
psiFileLoad in single-file mode: 040003eb.bin is 0x00000f20 bytes at the location pointed to by dirFileBuf(0x00279168), type 1e04
psiFileLoad in single-file mode: 040003ec.bin is 0x00001080 bytes at the location pointed to by dirFileBuf(0x00279168), type 1e04
psiFileLoad in single-file mode: 040003ed.bin is 0x00000ee0 bytes at the location pointed to by dirFileBuf(0x00279168), type 1e04
psiFileLoad in single-file mode: 040003ee.bin is 0x000012a0 bytes at the location pointed to by dirFileBuf(0x00279168), type 1e04
psiFileLoad in single-file mode: 040003ef.bin is 0x00000aa0 bytes at the location pointed to by dirFileBuf(0x00279168), type 1e04
psiFileLoad in single-file mode: 040003f0.bin is 0x000021a0 bytes at the location pointed to by dirFileBuf(0x00279168), type 1e04
psiFileLoad in single-file mode: 040003f5.bin is 0x00000740 bytes at the location pointed to by dirFileBuf(0x00279168), type 1e04
psiFileLoad in single-file mode: 040003f6.bin is 0x00005d80 bytes at the location pointed to by dirFileBuf(0x00279168), type 1e04
psiFileLoad in single-file mode: 040003fb.bin is 0x00000420 bytes at the location pointed to by dirFileBuf(0x00279168), type 1e04
psiFileLoad in single-file mode: 040003fe.bin is 0x00000600 bytes at the location pointed to by dirFileBuf(0x00279168), type 1e04
psiFileLoad in single-file mode: 040003ff.bin is 0x000006e0 bytes at the location pointed to by dirFileBuf(0x00279168), type 1e04
psiFileLoad in single-file mode: 04000400.bin is 0x00000960 bytes at the location pointed to by dirFileBuf(0xError opening file: No such file or directory
Error opening file: No such file or directory
Error opening file: No such file or directory
Error opening file: No such file or directory
Error opening file: No such file or directory
Error opening file: No such file or directory
Error opening file: No such file or directory
Error opening file: No such file or directory
Error opening file: No such file or directory
Error opening file: No such file or directory
Error opening file: No such file or directory
Error opening file: No such file or directory
Error opening file: No such file or directory
Error opening file: No such file or directory
Error opening file: No such file or directory
Error opening file: No such file or directory
Error opening file: No such file or directory
Error opening file: No such file or directory
Error opening file: No such file or directory
Error opening file: No such file or directory
Error opening file: No such file or directory
Error opening file: No such file or directory
Error opening file: No such file or directory
Error opening file: No such file or directory
Error opening file: No such file or directory
Error opening file: No such file or directory
Error opening file: No such file or directory
Error opening file: No such file or directory
Error opening file: No such file or directory
Error opening file: No such file or directory
Error opening file: No such file or directory
Error opening file: No such file or directory
00279168), type 1e04
psiFileLoad in single-file mode: 04000401.bin is 0x000006c0 bytes at the location pointed to by dirFileBuf(0x00279168), type 1e04
psiFileLoad in single-file mode: 04000402.bin is 0x00000540 bytes at the location pointed to by dirFileBuf(0x00279168), type 1e04
psiFileLoad in single-file mode: 04000403.bin is 0x000004c0 bytes at the location pointed to by dirFileBuf(0x00279168), type 1e04
psiFileLoad in single-file mode: 04000404.bin is 0x000008e0 bytes at the location pointed to by dirFileBuf(0x00279168), type 1e04
psiFileLoad in single-file mode: 0400041a.bin is 0x00000ba0 bytes at the location pointed to by dirFileBuf(0x00279168), type 1e04
psiFileLoad in single-file mode: 0400041c.bin is 0x00001020 bytes at the location pointed to by dirFileBuf(0x00279168), type 1e04
psiFileLoad in single-file mode: 0400041d.bin is 0x00000ca0 bytes at the location pointed to by dirFileBuf(0x00279168), type 1e04
psiFileLoad in single-file mode: 0400041e.bin is 0x000004c0 bytes at the location pointed to by dirFileBuf(0x00279168), type 1e04
psiFileLoad in single-file mode: 0400041f.bin is 0x00000e40 bytes at the location pointed to by dirFileBuf(0x00279168), type 1e04
psiFileLoad in single-file mode: 04000420.bin is 0x00000f80 bytes at the location pointed to by dirFileBuf(0x00279168), type 1e04
psiFileLoad in single-file mode: 04000421.bin is 0x000008e0 bytes at the location pointed to by dirFileBuf(0x00279168), type 1e04
psiFileLoad in single-file mode: 04000422.bin is 0x000004c0 bytes at the location pointed to by dirFileBuf(0x00279168), type 1e04
psiFileLoad in single-file mode: 04000423.bin is 0x00000a60 bytes at the location pointed to by dirFileBuf(0x00279168), type 1e04
psiFileLoad in single-file mode: 04000424.bin is 0x000006a0 bytes at the location pointed to by dirFileBuf(0x00279168), type 1e04
psiFileLoad in single-file mode: 04000425.bin is 0x000053e0 bytes at the location pointed to by dirFileBuf(0x00279168), type 1e04
psiFileLoad in single-file mode: 04000426.bin is 0x00003ac0 bytes at the location pointed to by dirFileBuf(0x00279168), type 1e04
psiFileLoad in single-file mode: 04000428.bin is 0x00000700 bytes at the location pointed to by dirFileBuf(0x00279168), type 1e04
psiFileLoad in single-file mode: 04000429.bin is 0x000005e0 bytes at the location pointed to by dirFileBuf(0x00279168), type 1e04
psiFileLoad in single-file mode: 04000430.bin is 0x00000700 bytes at the location pointed to by dirFileBuf(0x00279168), type 1e04
psiFileLoad in single-file mode: 04000431.bin is 0x000006e0 bytes at the location pointed to by dirFileBuf(0x00279168), type 1e04
psiFileLoad in single-file mode: 04000432.bin is 0x00000520 bytes at the location pointed to by dirFileBuf(0x00279168), type 1e04
psiFileLoad in single-file mode: 04000433.bin is 0x000009c0 bytes at the location pointed to by dirFileBuf(0x00279168), type 1e04
psiFileLoad in single-file mode: 04000435.bin is 0x00000a20 bytes at the location pointed to by dirFileBuf(0x00279168), type 1e04
psiFileLoad in single-file mode: 04000436.bin is 0x00001de0 bytes at the location pointed to by dirFileBuf(0x00279168), type 1e04
psiFileLoad in single-file mode: 04000437.bin is 0x00003ae0 bytes at the location pointed to by dirFileBuf(0x00279168), type 1e04
psiFileLoad in single-file mode: 04000438.bin is 0x00003ec0 bytes at the location pointed to by dirFileBuf(0x00279168), type 1e04
psiFileLoad in single-file mode: 04000439.bin is 0x00000760 bytes at the location pointed to by dirFileBuf(0x00279168), type 1e04
psiFileLoad in single-file mode: 0400043b.bin is 0x00000720 bytes at the location pointed to by dirFileBuf(0x00279168), type 1e04
psiFileLoad in single-file mode: 0400043c.bin is 0x00003fa0 bytes at the location pointed to by dirFileBuf(0x00279168), type 1e04
psiFileLoad in single-file mode: 0400044b.bin is 0x00000900 bytes at the location pointed to by dirFileBuf(0x00279168), type 1e04
psiFileLoad in single-file mode: 0400044c.bin is 0x000004c0 bytes at the location pointed to by dirFileBuf(0x00279168), type 1e04
psiFileLoad in single-file mode: 0400044d.binError opening file: No such file or directory
Error opening file: No such file or directory
Error opening file: No such file or directory
Error opening file: No such file or directory
Error opening file: No such file or directory
Error opening file: No such file or directory
Error opening file: No such file or directory
Error opening file: No such file or directory
Error opening file: No such file or directory
Error opening file: No such file or directory
Error opening file: No such file or directory
Error opening file: No such file or directory
Error opening file: No such file or directory
Error opening file: No such file or directory
Error opening file: No such file or directory
Error opening file: No such file or directory
Error opening file: No such file or directory
Error opening file: No such file or directory
Error opening file: No such file or directory
Error opening file: No such file or directory
Error opening file: No such file or directory
Error opening file: No such file or directory
Error opening file: No such file or directory
Error opening file: No such file or directory
Error opening file: No such file or directory
Error opening file: No such file or directory
Error opening file: No such file or directory
Error opening file: No such file or directory
Error opening file: No such file or directory
Error opening file: No such file or directory
Error opening file: No such file or directory
 is 0x000025e0 bytes at the location pointed to by dirFileBuf(0x00279168), type 1e04
psiFileLoad in single-file mode: 0400044e.bin is 0x00002160 bytes at the location pointed to by dirFileBuf(0x00279168), type 1e04
psiFileLoad in single-file mode: 0400044f.bin is 0x00002140 bytes at the location pointed to by dirFileBuf(0x00279168), type 1e04
psiFileLoad in single-file mode: 04000450.bin is 0x00002be0 bytes at the location pointed to by dirFileBuf(0x00279168), type 1e04
psiFileLoad in single-file mode: 04000451.bin is 0x00000800 bytes at the location pointed to by dirFileBuf(0x00279168), type 1e04
psiFileLoad in single-file mode: 04000452.bin is 0x00000960 bytes at the location pointed to by dirFileBuf(0x00279168), type 1e04
psiFileLoad in single-file mode: 0400045d.bin is 0x00000920 bytes at the location pointed to by dirFileBuf(0x00279168), type 1e04
psiFileLoad in single-file mode: 0400045e.bin is 0x00000a40 bytes at the location pointed to by dirFileBuf(0x00279168), type 1e04
psiFileLoad in single-file mode: 0400045f.bin is 0x00000980 bytes at the location pointed to by dirFileBuf(0x00279168), type 1e04
psiFileLoad in single-file mode: 04000460.bin is 0x00000420 bytes at the location pointed to by dirFileBuf(0x00279168), type 1e04
psiFileLoad in single-file mode: 04000464.bin is 0x000037c0 bytes at the location pointed to by dirFileBuf(0x00279168), type 1e04
psiFileLoad in single-file mode: 04000484.bin is 0x00003260 bytes at the location pointed to by dirFileBuf(0x00279168), type 1e04
psiFileLoad in single-file mode: 040004a4.bin is 0x00005e40 bytes at the location pointed to by dirFileBuf(0x00279168), type 1e04
psiFileLoad in single-file mode: 040004a5.bin is 0x00005680 bytes at the location pointed to by dirFileBuf(0x00279168), type 1e04
psiFileLoad in single-file mode: 040004a6.bin is 0x00006b80 bytes at the location pointed to by dirFileBuf(0x00279168), type 1e04
psiFileLoad in single-file mode: 040004a9.bin is 0x00005260 bytes at the location pointed to by dirFileBuf(0x00279168), type 1e04
psiFileLoad in single-file mode: 040004ac.bin is 0x00003f00 bytes at the location pointed to by dirFileBuf(0x00279168), type 1e04
psiFileLoad in single-file mode: 040004ad.bin is 0x00003100 bytes at the location pointed to by dirFileBuf(0x00279168), type 1e04
psiFileLoad in single-file mode: 040004ae.bin is 0x00005620 bytes at the location pointed to by dirFileBuf(0x00279168), type 1e04
psiFileLoad in single-file mode: 040004af.bin is 0x000074c0 bytes at the location pointed to by dirFileBuf(0x00279168), type 1e04
psiFileLoad in single-file mode: 040004b0.bin is 0x00001ec0 bytes at the location pointed to by dirFileBuf(0x00279168), type 1e04
psiFileLoad in single-file mode: 040004b1.bin is 0x00002fa0 bytes at the location pointed to by dirFileBuf(0x00279168), type 1e04
psiFileLoad in single-file mode: 040004b2.bin is 0x00002f60 bytes at the location pointed to by dirFileBuf(0x00279168), type 1e04
psiFileLoad in single-file mode: 040004b3.bin is 0x00002940 bytes at the location pointed to by dirFileBuf(0x00279168), type 1e04
psiFileLoad in single-file mode: 040004b4.bin is 0x00004980 bytes at the location pointed to by dirFileBuf(0x00279168), type 1e04
psiFileLoad in single-file mode: 040004b5.bin is 0x00003fa0 bytes at the location pointed to by dirFileBuf(0x00279168), type 1e04
psiFileLoad in single-file mode: 040004b6.bin is 0x00000b40 bytes at the location pointed to by dirFileBuf(0x00279168), type 1e04
psiFileLoad in single-file mode: 040004b7.bin is 0x000026e0 bytes at the location pointed to by dirFileBuf(0x00279168), type 1e04
psiFileLoad in single-file mode: 040004b8.bin is 0x00004600 bytes at the location pointed to by dirFileBuf(0x00279168), type 1e04
psiFileLoad in single-file mode: 040004b9.bin is 0x00000c00 bytes at the location pointed to by dirFileBuf(0x00279168), type 1e04
psiFileLoad in single-file mode: 040004ba.bin is 0x000042c0 bytes at the location pointed to by dirFileBuf(0x00279168), type 1e04
psiFileLoad in single-file mode: 040004c3.bin is 0x00002860 bytes at the location pointed to by dirFileBuf(0x00Error opening file: No such file or directory
Error opening file: No such file or directory
Error opening file: No such file or directory
Error opening file: No such file or directory
Error opening file: No such file or directory
Error opening file: No such file or directory
Error opening file: No such file or directory
Error opening file: No such file or directory
Error opening file: No such file or directory
Error opening file: No such file or directory
Error opening file: No such file or directory
Error opening file: No such file or directory
Error opening file: No such file or directory
Error opening file: No such file or directory
Error opening file: No such file or directory
Error opening file: No such file or directory
Error opening file: No such file or directory
Error opening file: No such file or directory
Error opening file: No such file or directory
Error opening file: No such file or directory
Error opening file: No such file or directory
Error opening file: No such file or directory
Error opening file: No such file or directory
Error opening file: No such file or directory
Error opening file: No such file or directory
Error opening file: No such file or directory
Error opening file: No such file or directory
Error opening file: No such file or directory
Error opening file: No such file or directory
Error opening file: No such file or directory
Error opening file: No such file or directory
Error opening file: No such file or directory
279168), type 1e04
psiFileLoad in single-file mode: 040004c4.bin is 0x000029c0 bytes at the location pointed to by dirFileBuf(0x00279168), type 1e04
psiFileLoad in single-file mode: 040004c5.bin is 0x00002b20 bytes at the location pointed to by dirFileBuf(0x00279168), type 1e04
psiFileLoad in single-file mode: 040004c6.bin is 0x00002420 bytes at the location pointed to by dirFileBuf(0x00279168), type 1e04
psiFileLoad in single-file mode: 040004c8.bin is 0x00003cc0 bytes at the location pointed to by dirFileBuf(0x00279168), type 1e04
psiFileLoad in single-file mode: 040004c9.bin is 0x000029c0 bytes at the location pointed to by dirFileBuf(0x00279168), type 1e04
psiFileLoad in single-file mode: 040004d3.bin is 0x000007c0 bytes at the location pointed to by dirFileBuf(0x00279168), type 1e04
psiFileLoad in single-file mode: 040004d5.bin is 0x000018a0 bytes at the location pointed to by dirFileBuf(0x00279168), type 1e04
psiFileLoad in single-file mode: 040004d6.bin is 0x000041e0 bytes at the location pointed to by dirFileBuf(0x00279168), type 1e04
psiFileLoad in single-file mode: 040004d7.bin is 0x00002ea0 bytes at the location pointed to by dirFileBuf(0x00279168), type 1e04
psiFileLoad in single-file mode: 040004d8.bin is 0x00002fe0 bytes at the location pointed to by dirFileBuf(0x00279168), type 1e04
psiFileLoad in single-file mode: 040004d9.bin is 0x00000800 bytes at the location pointed to by dirFileBuf(0x00279168), type 1e04
psiFileLoad in single-file mode: 040004da.bin is 0x00000780 bytes at the location pointed to by dirFileBuf(0x00279168), type 1e04
psiFileLoad in single-file mode: 040004dd.bin is 0x00000520 bytes at the location pointed to by dirFileBuf(0x00279168), type 1e04
psiFileLoad in single-file mode: 040004e0.bin is 0x00004e00 bytes at the location pointed to by dirFileBuf(0x00279168), type 1e04
psiFileLoad in single-file mode: 040004fd.bin is 0x00002140 bytes at the location pointed to by dirFileBuf(0x00279168), type 1e04
psiFileLoad in single-file mode: 040004ff.bin is 0x00000500 bytes at the location pointed to by dirFileBuf(0x00279168), type 1e04
psiFileLoad in single-file mode: 04000500.bin is 0x00001260 bytes at the location pointed to by dirFileBuf(0x00279168), type 1e04
psiFileLoad in single-file mode: 04000501.bin is 0x00002620 bytes at the location pointed to by dirFileBuf(0x00279168), type 1e04
psiFileLoad in single-file mode: 04000502.bin is 0x000023c0 bytes at the location pointed to by dirFileBuf(0x00279168), type 1e04
psiFileLoad in single-file mode: 04000503.bin is 0x00000500 bytes at the location pointed to by dirFileBuf(0x00279168), type 1e04
psiFileLoad in single-file mode: 04000505.bin is 0x000008a0 bytes at the location pointed to by dirFileBuf(0x00279168), type 1e04
psiFileLoad in single-file mode: 04000522.bin is 0x000041c0 bytes at the location pointed to by dirFileBuf(0x00279168), type 1e04
psiFileLoad in single-file mode: 04000536.bin is 0x00003540 bytes at the location pointed to by dirFileBuf(0x00279168), type 1e04
psiFileLoad in single-file mode: 0400053b.bin is 0x00006840 bytes at the location pointed to by dirFileBuf(0x00279168), type 1e04
psiFileLoad in single-file mode: 0400053d.bin is 0x00001400 bytes at the location pointed to by dirFileBuf(0x00279168), type 1e04
psiFileLoad in single-file mode: 0400053e.bin is 0x00001440 bytes at the location pointed to by dirFileBuf(0x00279168), type 1e04
psiFileLoad in single-file mode: 0400053f.bin is 0x00006840 bytes at the location pointed to by dirFileBuf(0x00279168), type 1e04
psiFileLoad in single-file mode: 04000540.bin is 0x00001760 bytes at the location pointed to by dirFileBuf(0x00279168), type 1e04
psiFileLoad in single-file mode: 04000541.bin is 0x00001440 bytes at the location pointed to by dirFileBuf(0x00279168), type 1e04
psiFileLoad in single-file mode: 04000543.bin is 0x000031e0 bytes at the location pointed to by dirFileBuf(0x00279168), type 1e04
psiFileLoad in single-file mode: 04000544.bin is 0x000092e0 bytes at the location pointed to by dirFileBuf(0x00279168), type 1e04
psiFileLoad in single-file mode: 04000548.bin iError opening file: No such file or directory
Error opening file: No such file or directory
Error opening file: No such file or directory
Error opening file: No such file or directory
Error opening file: No such file or directory
Error opening file: No such file or directory
Error opening file: No such file or directory
Error opening file: No such file or directory
Error opening file: No such file or directory
Error opening file: No such file or directory
Error opening file: No such file or directory
Error opening file: No such file or directory
Error opening file: No such file or directory
Error opening file: No such file or directory
Error opening file: No such file or directory
Error opening file: No such file or directory
Error opening file: No such file or directory
Error opening file: No such file or directory
Error opening file: No such file or directory
Error opening file: No such file or directory
Error opening file: No such file or directory
Error opening file: No such file or directory
Error opening file: No such file or directory
Error opening file: No such file or directory
Error opening file: No such file or directory
Error opening file: No such file or directory
Error opening file: No such file or directory
Error opening file: No such file or directory
Error opening file: No such file or directory
Error opening file: No such file or directory
Error opening file: No such file or directory
s 0x000048a0 bytes at the location pointed to by dirFileBuf(0x00279168), type 1e04
psiFileLoad in single-file mode: 04000549.bin is 0x00009420 bytes at the location pointed to by dirFileBuf(0x00279168), type 1e04
psiFileLoad in single-file mode: 0400054a.bin is 0x000065c0 bytes at the location pointed to by dirFileBuf(0x00279168), type 1e04
psiFileLoad in single-file mode: 0400054b.bin is 0x00009360 bytes at the location pointed to by dirFileBuf(0x00279168), type 1e04
psiFileLoad in single-file mode: 0400054e.bin is 0x00004960 bytes at the location pointed to by dirFileBuf(0x00279168), type 1e04
psiFileLoad in single-file mode: 0400054f.bin is 0x00003e80 bytes at the location pointed to by dirFileBuf(0x00279168), type 1e04
psiFileLoad in single-file mode: 04000558.bin is 0x000033e0 bytes at the location pointed to by dirFileBuf(0x00279168), type 1e04
psiFileLoad in single-file mode: 04000559.bin is 0x00003860 bytes at the location pointed to by dirFileBuf(0x00279168), type 1e04
psiFileLoad in single-file mode: 0400056a.bin is 0x00000ca0 bytes at the location pointed to by dirFileBuf(0x00279168), type 1e04
psiFileLoad in single-file mode: 04000570.bin is 0x00000e60 bytes at the location pointed to by dirFileBuf(0x00279168), type 1e04
psiFileLoad in single-file mode: 040005a3.bin is 0x00009680 bytes at the location pointed to by dirFileBuf(0x00279168), type 1e04
psiFileLoad in single-file mode: 040005a4.bin is 0x00006e60 bytes at the location pointed to by dirFileBuf(0x00279168), type 1e04
psiFileLoad in single-file mode: 040005a5.bin is 0x00007d80 bytes at the location pointed to by dirFileBuf(0x00279168), type 1e04
psiFileLoad in single-file mode: 040005a6.bin is 0x00006900 bytes at the location pointed to by dirFileBuf(0x00279168), type 1e04
psiFileLoad in single-file mode: 040005a7.bin is 0x00007dc0 bytes at the location pointed to by dirFileBuf(0x00279168), type 1e04
psiFileLoad in single-file mode: 040005a8.bin is 0x00007d60 bytes at the location pointed to by dirFileBuf(0x00279168), type 1e04
psiFileLoad in single-file mode: 040005a9.bin is 0x000076e0 bytes at the location pointed to by dirFileBuf(0x00279168), type 1e04
psiFileLoad in single-file mode: 040005aa.bin is 0x00006660 bytes at the location pointed to by dirFileBuf(0x00279168), type 1e04
psiFileLoad in single-file mode: 040005ab.bin is 0x00007d40 bytes at the location pointed to by dirFileBuf(0x00279168), type 1e04
psiFileLoad in single-file mode: 040005ad.bin is 0x000061c0 bytes at the location pointed to by dirFileBuf(0x00279168), type 1e04
psiFileLoad in single-file mode: 040005ae.bin is 0x000017c0 bytes at the location pointed to by dirFileBuf(0x00279168), type 1e04
psiFileLoad in single-file mode: 040005af.bin is 0x000017e0 bytes at the location pointed to by dirFileBuf(0x00279168), type 1e04
psiFileLoad in single-file mode: 04000608.bin is 0x00000ae0 bytes at the location pointed to by dirFileBuf(0x00279168), type 1e04
psiFileLoad in single-file mode: 04000609.bin is 0x00000880 bytes at the location pointed to by dirFileBuf(0x00279168), type 1e04
psiFileLoad in single-file mode: 0400060b.bin is 0x00005ec0 bytes at the location pointed to by dirFileBuf(0x00279168), type 1e04
psiFileLoad in single-file mode: 04000612.bin is 0x00001260 bytes at the location pointed to by dirFileBuf(0x00279168), type 1e04
psiFileLoad in single-file mode: 0400062d.bin is 0x000004c0 bytes at the location pointed to by dirFileBuf(0x00279168), type 1e04
psiFileLoad in single-file mode: 0400062e.bin is 0x00002360 bytes at the location pointed to by dirFileBuf(0x00279168), type 1e04
psiFileLoad in single-file mode: 0400062f.bin is 0x00001200 bytes at the location pointed to by dirFileBuf(0x00279168), type 1e04
psiFileLoad in single-file mode: 04000630.bin is 0x000004c0 bytes at the location pointed to by dirFileBuf(0x00279168), type 1e04
psiFileLoad in single-file mode: 04000631.bin is 0x00000640 bytes at the location pointed to by dirFileBuf(0x00279168), type 1e04
psiFileLoad in single-file mode: 04000632.bin is 0x000007c0 bytes at the location pointed to by dirFileBuf(0x0027Error opening file: No such file or directory
Error opening file: No such file or directory
Error opening file: No such file or directory
Error opening file: No such file or directory
Error opening file: No such file or directory
Error opening file: No such file or directory
Error opening file: No such file or directory
Error opening file: No such file or directory
Error opening file: No such file or directory
Error opening file: No such file or directory
Error opening file: No such file or directory
Error opening file: No such file or directory
Error opening file: No such file or directory
Error opening file: No such file or directory
Error opening file: No such file or directory
Error opening file: No such file or directory
Error opening file: No such file or directory
Error opening file: No such file or directory
Error opening file: No such file or directory
Error opening file: No such file or directory
Error opening file: No such file or directory
Error opening file: No such file or directory
Error opening file: No such file or directory
Error opening file: No such file or directory
Error opening file: No such file or directory
Error opening file: No such file or directory
Error opening file: No such file or directory
Error opening file: No such file or directory
Error opening file: No such file or directory
Error opening file: No such file or directory
Error opening file: No such file or directory
Error opening file: No such file or directory
9168), type 1e04
psiFileLoad in single-file mode: 04000634.bin is 0x00002fe0 bytes at the location pointed to by dirFileBuf(0x00279168), type 1e04
psiFileLoad in single-file mode: 04000636.bin is 0x000034e0 bytes at the location pointed to by dirFileBuf(0x00279168), type 1e04
psiFileLoad in single-file mode: 0400067d.bin is 0x00000760 bytes at the location pointed to by dirFileBuf(0x00279168), type 1e04
psiFileLoad in single-file mode: 0400072f.bin is 0x00004800 bytes at the location pointed to by dirFileBuf(0x00279168), type 1e04
psiFileLoad in single-file mode: 0400067f.bin is 0x000006e0 bytes at the location pointed to by dirFileBuf(0x00279168), type 1e04
psiFileLoad in single-file mode: 04000680.bin is 0x00004cc0 bytes at the location pointed to by dirFileBuf(0x00279168), type 1e04
psiFileLoad in single-file mode: 04000686.bin is 0x00000840 bytes at the location pointed to by dirFileBuf(0x00279168), type 1e04
psiFileLoad in single-file mode: 04000687.bin is 0x000007a0 bytes at the location pointed to by dirFileBuf(0x00279168), type 1e04
psiFileLoad in single-file mode: 04000688.bin is 0x000006a0 bytes at the location pointed to by dirFileBuf(0x00279168), type 1e04
psiFileLoad in single-file mode: 04000697.bin is 0x000033c0 bytes at the location pointed to by dirFileBuf(0x00279168), type 1e04
psiFileLoad in single-file mode: 04000698.bin is 0x00000640 bytes at the location pointed to by dirFileBuf(0x00279168), type 1e04
psiFileLoad in single-file mode: 04000699.bin is 0x00000560 bytes at the location pointed to by dirFileBuf(0x00279168), type 1e04
psiFileLoad in single-file mode: 0400069a.bin is 0x00002880 bytes at the location pointed to by dirFileBuf(0x00279168), type 1e04
psiFileLoad in single-file mode: 0400069b.bin is 0x000006e0 bytes at the location pointed to by dirFileBuf(0x00279168), type 1e04
psiFileLoad in single-file mode: 040006a4.bin is 0x00003f20 bytes at the location pointed to by dirFileBuf(0x00279168), type 1e04
psiFileLoad in single-file mode: 040006ae.bin is 0x00000600 bytes at the location pointed to by dirFileBuf(0x00279168), type 1e04
psiFileLoad in single-file mode: 040006e3.bin is 0x00007660 bytes at the location pointed to by dirFileBuf(0x00279168), type 1e04
psiFileLoad in single-file mode: 040006e4.bin is 0x00001000 bytes at the location pointed to by dirFileBuf(0x00279168), type 1e04
psiFileLoad in single-file mode: 040006e5.bin is 0x00004b20 bytes at the location pointed to by dirFileBuf(0x00279168), type 1e04
psiFileLoad in single-file mode: 040006eb.bin is 0x00002700 bytes at the location pointed to by dirFileBuf(0x00279168), type 1e04
psiFileLoad in single-file mode: 040006f9.bin is 0x000007c0 bytes at the location pointed to by dirFileBuf(0x00279168), type 1e04
psiFileLoad in single-file mode: 040006fc.bin is 0x00000700 bytes at the location pointed to by dirFileBuf(0x00279168), type 1e04
psiFileLoad in single-file mode: 040006fd.bin is 0x000006e0 bytes at the location pointed to by dirFileBuf(0x00279168), type 1e04
psiFileLoad in single-file mode: 040006fe.bin is 0x00000500 bytes at the location pointed to by dirFileBuf(0x00279168), type 1e04
psiFileLoad in single-file mode: 040006ff.bin is 0x00001f40 bytes at the location pointed to by dirFileBuf(0x00279168), type 1e04
psiFileLoad in single-file mode: 04000700.bin is 0x00001da0 bytes at the location pointed to by dirFileBuf(0x00279168), type 1e04
psiFileLoad in single-file mode: 04000701.bin is 0x00003de0 bytes at the location pointed to by dirFileBuf(0x00279168), type 1e04
psiFileLoad in single-file mode: 04000702.bin is 0x00003ea0 bytes at the location pointed to by dirFileBuf(0x00279168), type 1e04
psiFileLoad in single-file mode: 04000703.bin is 0x00000740 bytes at the location pointed to by dirFileBuf(0x00279168), type 1e04
psiFileLoad in single-file mode: 04000704.bin is 0x000006e0 bytes at the location pointed to by dirFileBuf(0x00279168), type 1e04
psiFileLoad in single-file mode: 04000705.bin is 0x000009c0 bytes at the location pointed to by dirFileBuf(0x00279168), type 1e04
psiFileLoad in single-file mode: 04000708.bin is Error opening file: No such file or directory
Error opening file: No such file or directory
Error opening file: No such file or directory
Error opening file: No such file or directory
Error opening file: No such file or directory
Error opening file: No such file or directory
Error opening file: No such file or directory
Error opening file: No such file or directory
Error opening file: No such file or directory
Error opening file: No such file or directory
Error opening file: No such file or directory
Error opening file: No such file or directory
Error opening file: No such file or directory
Error opening file: No such file or directory
Error opening file: No such file or directory
Error opening file: No such file or directory
Error opening file: No such file or directory
Error opening file: No such file or directory
Error opening file: No such file or directory
Error opening file: No such file or directory
Error opening file: No such file or directory
Error opening file: No such file or directory
Error opening file: No such file or directory
Error opening file: No such file or directory
Error opening file: No such file or directory
Error opening file: No such file or directory
Error opening file: No such file or directory
Error opening file: No such file or directory
Error opening file: No such file or directory
Error opening file: No such file or directory
Error opening file: No such file or directory
0x000007c0 bytes at the location pointed to by dirFileBuf(0x00279168), type 1e04
psiFileLoad in single-file mode: 04000709.bin is 0x00000a80 bytes at the location pointed to by dirFileBuf(0x00279168), type 1e04
psiFileLoad in single-file mode: 0400071e.bin is 0x00004a80 bytes at the location pointed to by dirFileBuf(0x00279168), type 1e04
psiFileLoad in single-file mode: 0400071f.bin is 0x00004be0 bytes at the location pointed to by dirFileBuf(0x00279168), type 1e04
psiFileLoad in single-file mode: 04000720.bin is 0x00005a80 bytes at the location pointed to by dirFileBuf(0x00279168), type 1e04
psiFileLoad in single-file mode: 04000721.bin is 0x00005e00 bytes at the location pointed to by dirFileBuf(0x00279168), type 1e04
psiFileLoad in single-file mode: 04000722.bin is 0x00005900 bytes at the location pointed to by dirFileBuf(0x00279168), type 1e04
psiFileLoad in single-file mode: 04000009.bin is 0x0001ea00 bytes at the location pointed to by dirFileBuf(0x00279168), type 1e04
psiFileLoad in single-file mode: 04000744.bin is 0x00007780 bytes at the location pointed to by dirFileBuf(0x00279168), type 1e04
psiFileLoad in single-file mode: 04000749.bin is 0x00007820 bytes at the location pointed to by dirFileBuf(0x00279168), type 1e04
psiFileLoad in single-file mode: 04000755.bin is 0x00000980 bytes at the location pointed to by dirFileBuf(0x00279168), type 1e04
psiFileLoad in single-file mode: 04000756.bin is 0x00005fe0 bytes at the location pointed to by dirFileBuf(0x00279168), type 1e04
psiFileLoad in single-file mode: 04000757.bin is 0x000066a0 bytes at the location pointed to by dirFileBuf(0x00279168), type 1e04
psiFileLoad in single-file mode: 04000766.bin is 0x00000ce0 bytes at the location pointed to by dirFileBuf(0x00279168), type 1e04
psiFileLoad in single-file mode: 04000768.bin is 0x000027c0 bytes at the location pointed to by dirFileBuf(0x00279168), type 1e04
psiFileLoad in single-file mode: 04000769.bin is 0x00002140 bytes at the location pointed to by dirFileBuf(0x00279168), type 1e04
psiFileLoad in single-file mode: 0400077a.bin is 0x000030a0 bytes at the location pointed to by dirFileBuf(0x00279168), type 1e04
psiFileLoad in single-file mode: 0400077e.bin is 0x00008620 bytes at the location pointed to by dirFileBuf(0x00279168), type 1e04
psiFileLoad in single-file mode: 04000794.bin is 0x00000d20 bytes at the location pointed to by dirFileBuf(0x00279168), type 1e04
psiFileLoad in single-file mode: 040007ad.bin is 0x00002fe0 bytes at the location pointed to by dirFileBuf(0x00279168), type 1e04
psiFileLoad in single-file mode: 040007d3.bin is 0x00007240 bytes at the location pointed to by dirFileBuf(0x00279168), type 1e04
psiFileLoad in single-file mode: 040007d8.bin is 0x000042a0 bytes at the location pointed to by dirFileBuf(0x00279168), type 1e04
psiFileLoad in single-file mode: 040007f7.bin is 0x000293a0 bytes at the location pointed to by dirFileBuf(0x00279168), type 1e04
psiFileLoad in single-file mode: 040007f8.bin is 0x0004f380 bytes at the location pointed to by dirFileBuf(0x00279168), type 1e04
psiFileLoad in single-file mode: 040007f9.bin is 0x00043ce0 bytes at the location pointed to by dirFileBuf(0x00279168), type 1e04
psiFileLoad in single-file mode: 040007fa.bin is 0x00000880 bytes at the location pointed to by dirFileBuf(0x00279168), type 1e04
psiFileLoad in single-file mode: 040007fb.bin is 0x00000f20 bytes at the location pointed to by dirFileBuf(0x00279168), type 1e04
psiFileLoad in single-file mode: 0400083e.bin is 0x00000a40 bytes at the location pointed to by dirFileBuf(0x00279168), type 1e04
psiFileLoad in single-file mode: 0400083f.bin is 0x00001300 bytes at the location pointed to by dirFileBuf(0x00279168), type 1e04
psiFileLoad in single-file mode: 0400084e.bin is 0x00000740 bytes at the location pointed to by dirFileBuf(0x00279168), type 1e04
psiFileLoad in single-file mode: 0400084f.bin is 0x00000740 bytes at the location pointed to by dirFileBuf(0x00279168), type 1e04
psiFileLoad in single-file mode: 04000865.bin is 0x00004b80 bytes at the location pointed to by dirFileBuf(0x002791Error opening file: No such file or directory
Error opening file: No such file or directory
Error opening file: No such file or directory
Error opening file: No such file or directory
Error opening file: No such file or directory
Error opening file: No such file or directory
Error opening file: No such file or directory
Error opening file: No such file or directory
Error opening file: No such file or directory
Error opening file: No such file or directory
68), type 1e04
psiFileLoad in single-file mode: 04000867.bin is 0x000086e0 bytes at the location pointed to by dirFileBuf(0x00279168), type 1e04
psiFileLoad in single-file mode: 04000871.bin is 0x00000e60 bytes at the location pointed to by dirFileBuf(0x00279168), type 1e04
Processing a skeleton, idx: 5, num bones: 38, unknown data 0x03
Processing a skeleton, idx: 2, num bones: 45, unknown data 0x06
Processing a skeleton, idx: 3, num bones: 42, unknown data 0x05
Processing a skeleton, idx: 4, num bones: 42, unknown data 0x05
Processing a skeleton, idx: 1, num bones: 73, unknown data 0x01
Processing a skeleton, idx: 35, num bones: 45, unknown data 0x07
Processing a skeleton, idx: 7, num bones: 6, unknown data 0x01
Processing a skeleton, idx: 8, num bones: 73, unknown data 0x01
Processing a skeleton, idx: 9, num bones: 38, unknown data 0x03
Processing a skeleton, idx: 6, num bones: 6, unknown data 0x01
Processing a skeleton, idx: 10, num bones: 42, unknown data 0x05
Processing a skeleton, idx: 11, num bones: 9, unknown data 0x04
Processing a skeleton, idx: 26, num bones: 43, unknown data 0x04
Processing a skeleton, idx: 25, num bones: 43, unknown data 0x07
Processing a skeleton, idx: 36, num bones: 62, unknown data 0x18
Processing a skeleton, idx: 12, num bones: 73, unknown data 0x01
Processing a skeleton, idx: 13, num bones: 44, unknown data 0x05
Processing a skeleton, idx: 37, num bones: 42, unknown data 0x06
Processing a skeleton, idx: 39, num bones: 44, unknown data 0x06
Processing a skeleton, idx: 40, num bones: 46, unknown data 0x04
Processing a skeleton, idx: 41, num bones: 46, unknown data 0x05
Processing a skeleton, idx: 42, num bones: 71, unknown data 0x01
Processing a skeleton, idx: 0, num bones: 73, unknown data 0x01
Processing a skeleton, idx: 14, num bones: 42, unknown data 0x05
Processing a skeleton, idx: 15, num bones: 41, unknown data 0x04
Processing a skeleton, idx: 38, num bones: 47, unknown data 0x08
Processing a skeleton, idx: 43, num bones: 41, unknown data 0x04
Processing a skeleton, idx: 16, num bones: 43, unknown data 0x07
Processing a skeleton, idx: 17, num bones: 41, unknown data 0x04
Processing a skeleton, idx: 18, num bones: 43, unknown data 0x04
Processing a skeleton, idx: 19, num bones: 11, unknown data 0x0b
Processing a skeleton, idx: 27, num bones: 33, unknown data 0x21
Processing a skeleton, idx: 20, num bones: 43, unknown data 0x05
Processing a skeleton, idx: 21, num bones: 43, unknown data 0x05
Processing a skeleton, idx: 22, num bones: 45, unknown data 0x06
Processing a skeleton, idx: 31, num bones: 5, unknown data 0x01
Processing a skeleton, idx: 23, num bones: 46, unknown data 0x08
Processing a skeleton, idx: 32, num bones: 5, unknown data 0x05
Processing a skeleton, idx: 30, num bones: 44, unknown data 0x05
Processing a skeleton, idx: 24, num bones: 41, unknown data 0x06
Processing a skeleton, idx: 44, num bones: 39, unknown data 0x04
Processing a skeleton, idx: 34, num bones: 40, unknown data 0x04
Processing a skeleton, idx: 28, num bones: 42, unknown data 0x05
Processing a skeleton, idx: 29, num bones: 41, unknown data 0x05
Processing a skeleton, idx: 33, num bones: 39, unknown data 0x04
psiFileLoad in single-file mode: 010000BC.bin is 0x00014660 bytes at the location pointed to by dirFileBuf(0x00279168), type 1704
psiFileLoad in single-file mode: 01000166.bin is 0x00006940 bytes at the location pointed to by dirFileBuf(0x00279168), type 1704
psiFileLoad in single-file mode: 010000DB.bin is 0x0000c480 bytes at the location pointed to by dirFileBuf(0x00279168), type 1704
psiFileLoad in single-file mode: 010000CF.bin is 0x0003c460 bytes at the location pointed to by dirFileBuf(0x00279168), type 1704
psiFileLoad in single-file mode: 01000081.bin is 0x000c7ca0 bytes at the location pointed to by dirFileBuf(0x00279168), type 1704
psiFileLoad in single-file mode: 01000073.bin is 0x00010900 bytes at the location pointed to by dirFileBuf(0x00279168), type 1704
psiFileLoad in single-file mode: 010000D0.bin is 0x00056620 bytes at the location pointed to by dirFileBuf(0x00279168), type 1704
pError opening file: No such file or directory
Error opening file: No such file or directory
Error opening file: No such file or directory
Error opening file: No such file or directory
Error opening file: No such file or directory
Error opening file: No such file or directory
Error opening file: No such file or directory
Error opening file: No such file or directory
Error opening file: No such file or directory
Error opening file: No such file or directory
Error opening file: No such file or directory
Error opening file: No such file or directory
Error opening file: No such file or directory
Error opening file: No such file or directory
Error opening file: No such file or directory
Error opening file: No such file or directory
Error opening file: No such file or directory
Error opening file: No such file or directory
Error opening file: No such file or directory
Error opening file: No such file or directory
Error opening file: No such file or directory
Error opening file: No such file or directory
Error opening file: No such file or directory
Error opening file: No such file or directory
Error opening file: No such file or directory
Error opening file: No such file or directory
Error opening file: No such file or directory
Error opening file: No such file or directory
Error opening file: No such file or directory
Error opening file: No such file or directory
Error opening file: No such file or directory
siFileLoad in single-file mode: 01000070.bin is 0x00056c60 bytes at the location pointed to by dirFileBuf(0x00279168), type 1704
psiFileLoad in single-file mode: 0100015D.bin is 0x0000f1e0 bytes at the location pointed to by dirFileBuf(0x00279168), type 1704
psiFileLoad in single-file mode: 010000F3.bin is 0x00000860 bytes at the location pointed to by dirFileBuf(0x00279168), type 1704
psiFileLoad in single-file mode: 0100008D.bin is 0x0001fd20 bytes at the location pointed to by dirFileBuf(0x00279168), type 1704
psiFileLoad in single-file mode: 01000051.bin is 0x0005e6c0 bytes at the location pointed to by dirFileBuf(0x00279168), type 1704
psiFileLoad in single-file mode: 0100002E.bin is 0x00084660 bytes at the location pointed to by dirFileBuf(0x00279168), type 1704
psiFileLoad in single-file mode: 0100008A.bin is 0x0000d640 bytes at the location pointed to by dirFileBuf(0x00279168), type 1704
psiFileLoad in single-file mode: 010000A2.bin is 0x000e4780 bytes at the location pointed to by dirFileBuf(0x00279168), type 1704
psiFileLoad in single-file mode: 0100002D.bin is 0x000068c0 bytes at the location pointed to by dirFileBuf(0x00279168), type 1704
psiFileLoad in single-file mode: 01000004.bin is 0x00003f40 bytes at the location pointed to by dirFileBuf(0x00279168), type 1704
psiFileLoad in single-file mode: 010001CD.bin is 0x00019960 bytes at the location pointed to by dirFileBuf(0x00279168), type 1704
psiFileLoad in single-file mode: 010001D4.bin is 0x0000d160 bytes at the location pointed to by dirFileBuf(0x00279168), type 1704
psiFileLoad in single-file mode: 010001D8.bin is 0x000a04a0 bytes at the location pointed to by dirFileBuf(0x00279168), type 1704
psiFileLoad in single-file mode: 010001D9.bin is 0x000002e0 bytes at the location pointed to by dirFileBuf(0x00279168), type 1704
psiFileLoad in single-file mode: 010001F3.bin is 0x00007ec0 bytes at the location pointed to by dirFileBuf(0x00279168), type 1704
psiFileLoad in single-file mode: 010001DF.bin is 0x00023460 bytes at the location pointed to by dirFileBuf(0x00279168), type 1704
psiFileLoad in single-file mode: 01000215.bin is 0x0001e560 bytes at the location pointed to by dirFileBuf(0x00279168), type 1704
psiFileLoad in single-file mode: 010000A6.bin is 0x00000ac0 bytes at the location pointed to by dirFileBuf(0x00279168), type 1704
psiFileLoad in single-file mode: 010001F4.bin is 0x00005e80 bytes at the location pointed to by dirFileBuf(0x00279168), type 1704
psiFileLoad in single-file mode: 010001F5.bin is 0x00008940 bytes at the location pointed to by dirFileBuf(0x00279168), type 1704
psiFileLoad in single-file mode: 010001B5.bin is 0x00040240 bytes at the location pointed to by dirFileBuf(0x00279168), type 1704
psiFileLoad in single-file mode: 010000D8.bin is 0x000544e0 bytes at the location pointed to by dirFileBuf(0x00279168), type 1704
psiFileLoad in single-file mode: 0100005F.bin is 0x0001eac0 bytes at the location pointed to by dirFileBuf(0x00279168), type 1704
psiFileLoad in single-file mode: 01000092.bin is 0x00039260 bytes at the location pointed to by dirFileBuf(0x00279168), type 1704
psiFileLoad in single-file mode: 010000B0.bin is 0x000230a0 bytes at the location pointed to by dirFileBuf(0x00279168), type 1704
psiFileLoad in single-file mode: 010000B3.bin is 0x0007f680 bytes at the location pointed to by dirFileBuf(0x00279168), type 1704
psiFileLoad in single-file mode: 01000083.bin is 0x0003a1c0 bytes at the location pointed to by dirFileBuf(0x00279168), type 1704
psiFileLoad in single-file mode: 010000AF.bin is 0x0002d380 bytes at the location pointed to by dirFileBuf(0x00279168), type 1704
psiFileLoad in single-file mode: 0100006B.bin is 0x000123c0 bytes at the location pointed to by dirFileBuf(0x00279168), type 1704
psiFileLoad in single-file mode: 0100006E.bin is 0x0001b700 bytes at the location pointed to by dirFileBuf(0x00279168), type 1704
psiFileLoad in single-file mode: 01000071.bin is 0x00004000 bytes at the location pointed to by dirFileBuf(0x00279168), type 1704
psiFileLoad in single-file mode: 01000153.bin is 0x000114a0 bytes aError opening file: No such file or directory
Error opening file: No such file or directory
Error opening file: No such file or directory
Error opening file: No such file or directory
Error opening file: No such file or directory
Error opening file: No such file or directory
Error opening file: No such file or directory
Error opening file: No such file or directory
Error opening file: No such file or directory
Error opening file: No such file or directory
Error opening file: No such file or directory
Error opening file: No such file or directory
Error opening file: No such file or directory
Error opening file: No such file or directory
Error opening file: No such file or directory
Error opening file: No such file or directory
Error opening file: No such file or directory
Error opening file: No such file or directory
Error opening file: No such file or directory
Error opening file: No such file or directory
Error opening file: No such file or directory
Error opening file: No such file or directory
Error opening file: No such file or directory
Error opening file: No such file or directory
Error opening file: No such file or directory
Error opening file: No such file or directory
Error opening file: No such file or directory
Error opening file: No such file or directory
Error opening file: No such file or directory
Error opening file: No such file or directory
Error opening file: No such file or directory
Error opening file: No such file or directory
t the location pointed to by dirFileBuf(0x00279168), type 1704
psiFileLoad in single-file mode: 010001F1.bin is 0x00026120 bytes at the location pointed to by dirFileBuf(0x00279168), type 1704
psiFileLoad in single-file mode: 010000E1.bin is 0x00025880 bytes at the location pointed to by dirFileBuf(0x00279168), type 1704
psiFileLoad in single-file mode: 010000E2.bin is 0x000095e0 bytes at the location pointed to by dirFileBuf(0x00279168), type 1704
psiFileLoad in single-file mode: 010000E3.bin is 0x0001e640 bytes at the location pointed to by dirFileBuf(0x00279168), type 1704
psiFileLoad in single-file mode: 01000101.bin is 0x0000cbe0 bytes at the location pointed to by dirFileBuf(0x00279168), type 1704
psiFileLoad in single-file mode: 0100011E.bin is 0x000098e0 bytes at the location pointed to by dirFileBuf(0x00279168), type 1704
psiFileLoad in single-file mode: 01000156.bin is 0x000163e0 bytes at the location pointed to by dirFileBuf(0x00279168), type 1704
psiFileLoad in single-file mode: 01000186.bin is 0x0000c760 bytes at the location pointed to by dirFileBuf(0x00279168), type 1704
psiFileLoad in single-file mode: 010001B3.bin is 0x0000e860 bytes at the location pointed to by dirFileBuf(0x00279168), type 1704
psiFileLoad in single-file mode: 010001F0.bin is 0x00025880 bytes at the location pointed to by dirFileBuf(0x00279168), type 1704
psiFileLoad in single-file mode: 010001F8.bin is 0x000352c0 bytes at the location pointed to by dirFileBuf(0x00279168), type 1704
psiFileLoad in single-file mode: 01000213.bin is 0x0000d4e0 bytes at the location pointed to by dirFileBuf(0x00279168), type 1704
psiFileLoad in single-file mode: 0500002f.bin is 0x00000900 bytes at the location pointed to by dirFileBuf(0x00279168), type 1c04
psiFileLoad in single-file mode: 0500004b.bin is 0x000004e0 bytes at the location pointed to by dirFileBuf(0x00279168), type 1c04
psiFileLoad in single-file mode: 05000037.bin is 0x00000860 bytes at the location pointed to by dirFileBuf(0x00279168), type 1c04
psiFileLoad in single-file mode: 05000050.bin is 0x00000620 bytes at the location pointed to by dirFileBuf(0x00279168), type 1c04
psiFileLoad in single-file mode: 05000051.bin is 0x00000660 bytes at the location pointed to by dirFileBuf(0x00279168), type 1c04
psiFileLoad in single-file mode: 05000070.bin is 0x00000520 bytes at the location pointed to by dirFileBuf(0x00279168), type 1c04
psiFileLoad in single-file mode: 05000088.bin is 0x00000600 bytes at the location pointed to by dirFileBuf(0x00279168), type 1c04
psiFileLoad in single-file mode: 050000a8.bin is 0x00000660 bytes at the location pointed to by dirFileBuf(0x00279168), type 1c04
psiFileLoad in single-file mode: 050000a9.bin is 0x00000600 bytes at the location pointed to by dirFileBuf(0x00279168), type 1c04
psiFileLoad in single-file mode: 050000ab.bin is 0x00000480 bytes at the location pointed to by dirFileBuf(0x00279168), type 1c04
psiFileLoad in single-file mode: 050000c0.bin is 0x000005c0 bytes at the location pointed to by dirFileBuf(0x00279168), type 1c04
psiFileLoad in single-file mode: 05000030.bin is 0x00000860 bytes at the location pointed to by dirFileBuf(0x00279168), type 1c04
psiFileLoad in single-file mode: 0500000d.bin is 0x00000860 bytes at the location pointed to by dirFileBuf(0x00279168), type 1c04
psiFileLoad in single-file mode: 05000007.bin is 0x000010e0 bytes at the location pointed to by dirFileBuf(0x00279168), type 1c04
psiFileLoad in single-file mode: 0500002e.bin is 0x00000860 bytes at the location pointed to by dirFileBuf(0x00279168), type 1c04
psiFileLoad in single-file mode: 05000042.bin is 0x000004e0 bytes at the location pointed to by dirFileBuf(0x00279168), type 1c04
psiFileLoad in single-file mode: 05000043.bin is 0x00000560 bytes at the location pointed to by dirFileBuf(0x00279168), type 1c04
psiFileLoad in single-file mode: 0500003e.bin is 0x00000560 bytes at the location pointed to by dirFileBuf(0x00279168), type 1c04
psiFileLoad in single-file mode: 05000044.bin is 0x00000560 bytes at the location pointed to by dirFileBuf(0x00279168), type 1c04
psiError opening file: No such file or directory
Error opening file: No such file or directory
Error opening file: No such file or directory
Error opening file: No such file or directory
Error opening file: No such file or directory
Error opening file: No such file or directory
Error opening file: No such file or directory
Error opening file: No such file or directory
Error opening file: No such file or directory
Error opening file: No such file or directory
Error opening file: No such file or directory
Error opening file: No such file or directory
Error opening file: No such file or directory
Error opening file: No such file or directory
Error opening file: No such file or directory
Error opening file: No such file or directory
Error opening file: No such file or directory
Error opening file: No such file or directory
Error opening file: No such file or directory
Error opening file: No such file or directory
Error opening file: No such file or directory
Error opening file: No such file or directory
Error opening file: No such file or directory
Error opening file: No such file or directory
Error opening file: No such file or directory
Error opening file: No such file or directory
Error opening file: No such file or directory
Error opening file: No such file or directory
Error opening file: No such file or directory
Error opening file: No such file or directory
Error opening file: No such file or directory
FileLoad in single-file mode: 05000045.bin is 0x00000540 bytes at the location pointed to by dirFileBuf(0x00279168), type 1c04
psiFileLoad in single-file mode: 05000047.bin is 0x00000660 bytes at the location pointed to by dirFileBuf(0x00279168), type 1c04
psiFileLoad in single-file mode: 05000049.bin is 0x000005c0 bytes at the location pointed to by dirFileBuf(0x00279168), type 1c04
psiFileLoad in single-file mode: 05000005.bin is 0x00000060 bytes at the location pointed to by dirFileBuf(0x00279168), type 1c04
psiFileLoad in single-file mode: 06000233.bin is 0x00000060 bytes at the location pointed to by dirFileBuf(0x00279168), type 1f04
psiFileLoad in single-file mode: 06000236.bin is 0x00000060 bytes at the location pointed to by dirFileBuf(0x00279168), type 1f04
psiFileLoad in single-file mode: 0600022f.bin is 0x00000040 bytes at the location pointed to by dirFileBuf(0x00279168), type 1f04
psiFileLoad in single-file mode: 06000231.bin is 0x00000040 bytes at the location pointed to by dirFileBuf(0x00279168), type 1f04
psiFileLoad in single-file mode: 06000232.bin is 0x00000040 bytes at the location pointed to by dirFileBuf(0x00279168), type 1f04
psiFileLoad in single-file mode: 06000238.bin is 0x00000020 bytes at the location pointed to by dirFileBuf(0x00279168), type 1f04
psiFileLoad in single-file mode: 0600023a.bin is 0x00000020 bytes at the location pointed to by dirFileBuf(0x00279168), type 1f04
psiFileLoad in single-file mode: 0600023c.bin is 0x00000020 bytes at the location pointed to by dirFileBuf(0x00279168), type 1f04
psiFileLoad in single-file mode: 0600023d.bin is 0x00000020 bytes at the location pointed to by dirFileBuf(0x00279168), type 1f04
psiFileLoad in single-file mode: 06000237.bin is 0x00000020 bytes at the location pointed to by dirFileBuf(0x00279168), type 1f04
psiFileLoad in single-file mode: 06000239.bin is 0x00000020 bytes at the location pointed to by dirFileBuf(0x00279168), type 1f04
psiFileLoad in single-file mode: 06000241.bin is 0x00000020 bytes at the location pointed to by dirFileBuf(0x00279168), type 1f04
psiFileLoad in single-file mode: 06000242.bin is 0x00000040 bytes at the location pointed to by dirFileBuf(0x00279168), type 1f04
psiFileLoad in single-file mode: 0600023f.bin is 0x00000020 bytes at the location pointed to by dirFileBuf(0x00279168), type 1f04
psiFileLoad in single-file mode: 06000244.bin is 0x00000040 bytes at the location pointed to by dirFileBuf(0x00279168), type 1f04
psiFileLoad in single-file mode: 06000245.bin is 0x00000040 bytes at the location pointed to by dirFileBuf(0x00279168), type 1f04
psiFileLoad in single-file mode: 06000246.bin is 0x00000060 bytes at the location pointed to by dirFileBuf(0x00279168), type 1f04
psiFileLoad in single-file mode: 06000247.bin is 0x00000040 bytes at the location pointed to by dirFileBuf(0x00279168), type 1f04
psiFileLoad in single-file mode: 06000248.bin is 0x00000020 bytes at the location pointed to by dirFileBuf(0x00279168), type 1f04
psiFileLoad in single-file mode: 06000249.bin is 0x00000020 bytes at the location pointed to by dirFileBuf(0x00279168), type 1f04
psiFileLoad in single-file mode: 0600024d.bin is 0x00000040 bytes at the location pointed to by dirFileBuf(0x00279168), type 1f04
psiFileLoad in single-file mode: 0600024e.bin is 0x00000020 bytes at the location pointed to by dirFileBuf(0x00279168), type 1f04
psiFileLoad in single-file mode: 06000240.bin is 0x00000040 bytes at the location pointed to by dirFileBuf(0x00279168), type 1f04
psiFileLoad in single-file mode: 06000250.bin is 0x00000040 bytes at the location pointed to by dirFileBuf(0x00279168), type 1f04
psiFileLoad in single-file mode: 06000243.bin is 0x00000020 bytes at the location pointed to by dirFileBuf(0x00279168), type 1f04
psiFileLoad in single-file mode: 06000252.bin is 0x00000020 bytes at the location pointed to by dirFileBuf(0x00279168), type 1f04
psiFileLoad in single-file mode: 06000253.bin is 0x00000020 bytes at the location pointed to by dirFileBuf(0x00279168), type 1f04
psiFileLoad in single-file mode: 06000254.bin is 0x00000020 bytes at Error opening file: No such file or directory
Error opening file: No such file or directory
Error opening file: No such file or directory
Error opening file: No such file or directory
Error opening file: No such file or directory
Error opening file: No such file or directory
Error opening file: No such file or directory
Error opening file: No such file or directory
Error opening file: No such file or directory
Error opening file: No such file or directory
Error opening file: No such file or directory
Error opening file: No such file or directory
Error opening file: No such file or directory
Error opening file: No such file or directory
Error opening file: No such file or directory
Error opening file: No such file or directory
Error opening file: No such file or directory
Error opening file: No such file or directory
Error opening file: No such file or directory
Error opening file: No such file or directory
Error opening file: No such file or directory
Error opening file: No such file or directory
Error opening file: No such file or directory
Error opening file: No such file or directory
Error opening file: No such file or directory
Error opening file: No such file or directory
Error opening file: No such file or directory
Error opening file: No such file or directory
Error opening file: No such file or directory
Error opening file: No such file or directory
Error opening file: No such file or directory
Error opening file: No such file or directory
the location pointed to by dirFileBuf(0x00279168), type 1f04
psiFileLoad in single-file mode: 06000255.bin is 0x00000020 bytes at the location pointed to by dirFileBuf(0x00279168), type 1f04
psiFileLoad in single-file mode: 06000256.bin is 0x00000020 bytes at the location pointed to by dirFileBuf(0x00279168), type 1f04
psiFileLoad in single-file mode: 0600024f.bin is 0x00000040 bytes at the location pointed to by dirFileBuf(0x00279168), type 1f04
psiFileLoad in single-file mode: 06000258.bin is 0x00000020 bytes at the location pointed to by dirFileBuf(0x00279168), type 1f04
psiFileLoad in single-file mode: 06000259.bin is 0x00000020 bytes at the location pointed to by dirFileBuf(0x00279168), type 1f04
psiFileLoad in single-file mode: 0600025a.bin is 0x00000020 bytes at the location pointed to by dirFileBuf(0x00279168), type 1f04
psiFileLoad in single-file mode: 0600025b.bin is 0x00000020 bytes at the location pointed to by dirFileBuf(0x00279168), type 1f04
psiFileLoad in single-file mode: 0600025c.bin is 0x00000020 bytes at the location pointed to by dirFileBuf(0x00279168), type 1f04
psiFileLoad in single-file mode: 0600025d.bin is 0x00000020 bytes at the location pointed to by dirFileBuf(0x00279168), type 1f04
psiFileLoad in single-file mode: 0600025e.bin is 0x00000020 bytes at the location pointed to by dirFileBuf(0x00279168), type 1f04
psiFileLoad in single-file mode: 0600025f.bin is 0x00000020 bytes at the location pointed to by dirFileBuf(0x00279168), type 1f04
psiFileLoad in single-file mode: 06000260.bin is 0x00000020 bytes at the location pointed to by dirFileBuf(0x00279168), type 1f04
psiFileLoad in single-file mode: 06000261.bin is 0x00000040 bytes at the location pointed to by dirFileBuf(0x00279168), type 1f04
psiFileLoad in single-file mode: 06000262.bin is 0x00000020 bytes at the location pointed to by dirFileBuf(0x00279168), type 1f04
psiFileLoad in single-file mode: 06000264.bin is 0x00000020 bytes at the location pointed to by dirFileBuf(0x00279168), type 1f04
psiFileLoad in single-file mode: 06000286.bin is 0x00000040 bytes at the location pointed to by dirFileBuf(0x00279168), type 1f04
psiFileLoad in single-file mode: 06000287.bin is 0x00000040 bytes at the location pointed to by dirFileBuf(0x00279168), type 1f04
psiFileLoad in single-file mode: 06000288.bin is 0x00000020 bytes at the location pointed to by dirFileBuf(0x00279168), type 1f04
psiFileLoad in single-file mode: 06000289.bin is 0x00000040 bytes at the location pointed to by dirFileBuf(0x00279168), type 1f04
psiFileLoad in single-file mode: 06000251.bin is 0x00000060 bytes at the location pointed to by dirFileBuf(0x00279168), type 1f04
psiFileLoad in single-file mode: 0600028b.bin is 0x00000060 bytes at the location pointed to by dirFileBuf(0x00279168), type 1f04
psiFileLoad in single-file mode: 0600028c.bin is 0x00000040 bytes at the location pointed to by dirFileBuf(0x00279168), type 1f04
psiFileLoad in single-file mode: 0600028d.bin is 0x00000020 bytes at the location pointed to by dirFileBuf(0x00279168), type 1f04
psiFileLoad in single-file mode: 06000257.bin is 0x00000020 bytes at the location pointed to by dirFileBuf(0x00279168), type 1f04
psiFileLoad in single-file mode: 0600022e.bin is 0x00000040 bytes at the location pointed to by dirFileBuf(0x00279168), type 1f04
psiFileLoad in single-file mode: 0600029a.bin is 0x00000060 bytes at the location pointed to by dirFileBuf(0x00279168), type 1f04
psiFileLoad in single-file mode: 0600029b.bin is 0x00000040 bytes at the location pointed to by dirFileBuf(0x00279168), type 1f04
psiFileLoad in single-file mode: 0600029c.bin is 0x00000060 bytes at the location pointed to by dirFileBuf(0x00279168), type 1f04
psiFileLoad in single-file mode: 0600029d.bin is 0x00000040 bytes at the location pointed to by dirFileBuf(0x00279168), type 1f04
psiFileLoad in single-file mode: 0600029e.bin is 0x00000040 bytes at the location pointed to by dirFileBuf(0x00279168), type 1f04
psiFileLoad in single-file mode: 0600029f.bin is 0x00000040 bytes at the location pointed to by dirFileBuf(0x00279168), type 1f04
psiFiError opening file: No such file or directory
Error opening file: No such file or directory
Error opening file: No such file or directory
Error opening file: No such file or directory
Error opening file: No such file or directory
Error opening file: No such file or directory
Error opening file: No such file or directory
Error opening file: No such file or directory
Error opening file: No such file or directory
Error opening file: No such file or directory
Error opening file: No such file or directory
Error opening file: No such file or directory
Error opening file: No such file or directory
Error opening file: No such file or directory
Error opening file: No such file or directory
Error opening file: No such file or directory
Error opening file: No such file or directory
Error opening file: No such file or directory
Error opening file: No such file or directory
Error opening file: No such file or directory
Error opening file: No such file or directory
Error opening file: No such file or directory
Error opening file: No such file or directory
Error opening file: No such file or directory
Error opening file: No such file or directory
Error opening file: No such file or directory
Error opening file: No such file or directory
Error opening file: No such file or directory
Error opening file: No such file or directory
Error opening file: No such file or directory
Error opening file: No such file or directory
leLoad in single-file mode: 060002a0.bin is 0x00000040 bytes at the location pointed to by dirFileBuf(0x00279168), type 1f04
psiFileLoad in single-file mode: 060002a1.bin is 0x00000040 bytes at the location pointed to by dirFileBuf(0x00279168), type 1f04
psiFileLoad in single-file mode: 060002a2.bin is 0x00000040 bytes at the location pointed to by dirFileBuf(0x00279168), type 1f04
psiFileLoad in single-file mode: 060002a3.bin is 0x00000040 bytes at the location pointed to by dirFileBuf(0x00279168), type 1f04
psiFileLoad in single-file mode: 060002a4.bin is 0x00000020 bytes at the location pointed to by dirFileBuf(0x00279168), type 1f04
psiFileLoad in single-file mode: 0600028a.bin is 0x00000040 bytes at the location pointed to by dirFileBuf(0x00279168), type 1f04
psiFileLoad in single-file mode: 060002a6.bin is 0x00000040 bytes at the location pointed to by dirFileBuf(0x00279168), type 1f04
psiFileLoad in single-file mode: 060002a7.bin is 0x00000040 bytes at the location pointed to by dirFileBuf(0x00279168), type 1f04
psiFileLoad in single-file mode: 060002a8.bin is 0x00000040 bytes at the location pointed to by dirFileBuf(0x00279168), type 1f04
psiFileLoad in single-file mode: 060002a9.bin is 0x00000020 bytes at the location pointed to by dirFileBuf(0x00279168), type 1f04
psiFileLoad in single-file mode: 060002ab.bin is 0x00000040 bytes at the location pointed to by dirFileBuf(0x00279168), type 1f04
psiFileLoad in single-file mode: 060002ac.bin is 0x00000040 bytes at the location pointed to by dirFileBuf(0x00279168), type 1f04
psiFileLoad in single-file mode: 060002ad.bin is 0x00000040 bytes at the location pointed to by dirFileBuf(0x00279168), type 1f04
psiFileLoad in single-file mode: 060002ae.bin is 0x00000020 bytes at the location pointed to by dirFileBuf(0x00279168), type 1f04
psiFileLoad in single-file mode: 060002af.bin is 0x00000020 bytes at the location pointed to by dirFileBuf(0x00279168), type 1f04
psiFileLoad in single-file mode: 060002b0.bin is 0x00000020 bytes at the location pointed to by dirFileBuf(0x00279168), type 1f04
psiFileLoad in single-file mode: 060002b1.bin is 0x00000020 bytes at the location pointed to by dirFileBuf(0x00279168), type 1f04
psiFileLoad in single-file mode: 060002b2.bin is 0x00000020 bytes at the location pointed to by dirFileBuf(0x00279168), type 1f04
psiFileLoad in single-file mode: 060002b3.bin is 0x00000020 bytes at the location pointed to by dirFileBuf(0x00279168), type 1f04
psiFileLoad in single-file mode: 060002b4.bin is 0x00000020 bytes at the location pointed to by dirFileBuf(0x00279168), type 1f04
psiFileLoad in single-file mode: 060002b5.bin is 0x00000020 bytes at the location pointed to by dirFileBuf(0x00279168), type 1f04
psiFileLoad in single-file mode: 060002b6.bin is 0x00000020 bytes at the location pointed to by dirFileBuf(0x00279168), type 1f04
psiFileLoad in single-file mode: 060002b7.bin is 0x00000020 bytes at the location pointed to by dirFileBuf(0x00279168), type 1f04
psiFileLoad in single-file mode: 060002b8.bin is 0x00000020 bytes at the location pointed to by dirFileBuf(0x00279168), type 1f04
psiFileLoad in single-file mode: 060002b9.bin is 0x00000040 bytes at the location pointed to by dirFileBuf(0x00279168), type 1f04
psiFileLoad in single-file mode: 060002ba.bin is 0x00000040 bytes at the location pointed to by dirFileBuf(0x00279168), type 1f04
psiFileLoad in single-file mode: 060002bb.bin is 0x00000040 bytes at the location pointed to by dirFileBuf(0x00279168), type 1f04
psiFileLoad in single-file mode: 060002bc.bin is 0x00000040 bytes at the location pointed to by dirFileBuf(0x00279168), type 1f04
psiFileLoad in single-file mode: 060002bd.bin is 0x00000040 bytes at the location pointed to by dirFileBuf(0x00279168), type 1f04
psiFileLoad in single-file mode: 060002bf.bin is 0x00000040 bytes at the location pointed to by dirFileBuf(0x00279168), type 1f04
psiFileLoad in single-file mode: 060002c0.bin is 0x00000040 bytes at the location pointed to by dirFileBuf(0x00279168), type 1f04
psiFileLoad in single-file mode: 060002c1.bin is 0x00000040 bytes at thError opening file: No such file or directory
Error opening file: No such file or directory
Error opening file: No such file or directory
Error opening file: No such file or directory
Error opening file: No such file or directory
Error opening file: No such file or directory
Error opening file: No such file or directory
Error opening file: No such file or directory
Error opening file: No such file or directory
Error opening file: No such file or directory
Error opening file: No such file or directory
Error opening file: No such file or directory
Error opening file: No such file or directory
Error opening file: No such file or directory
Error opening file: No such file or directory
Error opening file: No such file or directory
Error opening file: No such file or directory
Error opening file: No such file or directory
Error opening file: No such file or directory
Error opening file: No such file or directory
Error opening file: No such file or directory
Error opening file: No such file or directory
Error opening file: No such file or directory
Error opening file: No such file or directory
Error opening file: No such file or directory
Error opening file: No such file or directory
Error opening file: No such file or directory
Error opening file: No such file or directory
Error opening file: No such file or directory
Error opening file: No such file or directory
Error opening file: No such file or directory
Error opening file: No such file or directory
e location pointed to by dirFileBuf(0x00279168), type 1f04
psiFileLoad in single-file mode: 060002c2.bin is 0x00000040 bytes at the location pointed to by dirFileBuf(0x00279168), type 1f04
psiFileLoad in single-file mode: 060002c3.bin is 0x00000040 bytes at the location pointed to by dirFileBuf(0x00279168), type 1f04
psiFileLoad in single-file mode: 060002c4.bin is 0x00000040 bytes at the location pointed to by dirFileBuf(0x00279168), type 1f04
psiFileLoad in single-file mode: 060002c5.bin is 0x00000040 bytes at the location pointed to by dirFileBuf(0x00279168), type 1f04
psiFileLoad in single-file mode: 060002c6.bin is 0x00000040 bytes at the location pointed to by dirFileBuf(0x00279168), type 1f04
psiFileLoad in single-file mode: 060002c7.bin is 0x00000040 bytes at the location pointed to by dirFileBuf(0x00279168), type 1f04
psiFileLoad in single-file mode: 060002c8.bin is 0x00000020 bytes at the location pointed to by dirFileBuf(0x00279168), type 1f04
psiFileLoad in single-file mode: 0600022d.bin is 0x00000040 bytes at the location pointed to by dirFileBuf(0x00279168), type 1f04
psiFileLoad in single-file mode: 060002ca.bin is 0x00000020 bytes at the location pointed to by dirFileBuf(0x00279168), type 1f04
psiFileLoad in single-file mode: 060002cb.bin is 0x00000020 bytes at the location pointed to by dirFileBuf(0x00279168), type 1f04
psiFileLoad in single-file mode: 060002cc.bin is 0x00000020 bytes at the location pointed to by dirFileBuf(0x00279168), type 1f04
psiFileLoad in single-file mode: 060002cd.bin is 0x00000020 bytes at the location pointed to by dirFileBuf(0x00279168), type 1f04
psiFileLoad in single-file mode: 060002ce.bin is 0x00000020 bytes at the location pointed to by dirFileBuf(0x00279168), type 1f04
psiFileLoad in single-file mode: 060002cf.bin is 0x00000040 bytes at the location pointed to by dirFileBuf(0x00279168), type 1f04
psiFileLoad in single-file mode: 060002d0.bin is 0x00000040 bytes at the location pointed to by dirFileBuf(0x00279168), type 1f04
psiFileLoad in single-file mode: 06000290.bin is 0x00000040 bytes at the location pointed to by dirFileBuf(0x00279168), type 1f04
psiFileLoad in single-file mode: 0600028f.bin is 0x00000020 bytes at the location pointed to by dirFileBuf(0x00279168), type 1f04
psiFileLoad in single-file mode: 060002a5.bin is 0x00000040 bytes at the location pointed to by dirFileBuf(0x00279168), type 1f04
psiFileLoad in single-file mode: 0600022a.bin is 0x00000020 bytes at the location pointed to by dirFileBuf(0x00279168), type 1f04
psiFileLoad in single-file mode: 0600022c.bin is 0x00000040 bytes at the location pointed to by dirFileBuf(0x00279168), type 1f04
psiFileLoad in single-file mode: 060002d6.bin is 0x00000020 bytes at the location pointed to by dirFileBuf(0x00279168), type 1f04
psiFileLoad in single-file mode: 060002d7.bin is 0x00000020 bytes at the location pointed to by dirFileBuf(0x00279168), type 1f04
psiFileLoad in single-file mode: 060002d8.bin is 0x00000020 bytes at the location pointed to by dirFileBuf(0x00279168), type 1f04
psiFileLoad in single-file mode: 060002d9.bin is 0x00000020 bytes at the location pointed to by dirFileBuf(0x00279168), type 1f04
psiFileLoad in single-file mode: 060002da.bin is 0x00000020 bytes at the location pointed to by dirFileBuf(0x00279168), type 1f04
psiFileLoad in single-file mode: 060002db.bin is 0x00000020 bytes at the location pointed to by dirFileBuf(0x00279168), type 1f04
psiFileLoad in single-file mode: 060002dc.bin is 0x00000020 bytes at the location pointed to by dirFileBuf(0x00279168), type 1f04
psiFileLoad in single-file mode: 060002dd.bin is 0x00000020 bytes at the location pointed to by dirFileBuf(0x00279168), type 1f04
psiFileLoad in single-file mode: 060002de.bin is 0x00000020 bytes at the location pointed to by dirFileBuf(0x00279168), type 1f04
psiFileLoad in single-file mode: 060002df.bin is 0x00000020 bytes at the location pointed to by dirFileBuf(0x00279168), type 1f04
psiFileLoad in single-file mode: 060002e0.bin is 0x00000020 bytes at the location pointed to by dirFileBuf(0x00279168), type 1f04
psiFileError opening file: No such file or directory
Error opening file: No such file or directory
Error opening file: No such file or directory
Error opening file: No such file or directory
Error opening file: No such file or directory
Error opening file: No such file or directory
Error opening file: No such file or directory
Error opening file: No such file or directory
Error opening file: No such file or directory
Error opening file: No such file or directory
Error opening file: No such file or directory
Error opening file: No such file or directory
Error opening file: No such file or directory
Error opening file: No such file or directory
Error opening file: No such file or directory
Error opening file: No such file or directory
Error opening file: No such file or directory
Error opening file: No such file or directory
Error opening file: No such file or directory
Error opening file: No such file or directory
Error opening file: No such file or directory
Error opening file: No such file or directory
Error opening file: No such file or directory
Error opening file: No such file or directory
Error opening file: No such file or directory
Error opening file: No such file or directory
Error opening file: No such file or directory
Error opening file: No such file or directory
Error opening file: No such file or directory
Error opening file: No such file or directory
Error opening file: No such file or directory
Load in single-file mode: 060002e1.bin is 0x00000020 bytes at the location pointed to by dirFileBuf(0x00279168), type 1f04
psiFileLoad in single-file mode: 060002e2.bin is 0x00000020 bytes at the location pointed to by dirFileBuf(0x00279168), type 1f04
psiFileLoad in single-file mode: 060002e3.bin is 0x00000020 bytes at the location pointed to by dirFileBuf(0x00279168), type 1f04
psiFileLoad in single-file mode: 060002e4.bin is 0x00000020 bytes at the location pointed to by dirFileBuf(0x00279168), type 1f04
psiFileLoad in single-file mode: 060002e5.bin is 0x00000020 bytes at the location pointed to by dirFileBuf(0x00279168), type 1f04
psiFileLoad in single-file mode: 060002e6.bin is 0x00000020 bytes at the location pointed to by dirFileBuf(0x00279168), type 1f04
psiFileLoad in single-file mode: 060002e7.bin is 0x00000020 bytes at the location pointed to by dirFileBuf(0x00279168), type 1f04
psiFileLoad in single-file mode: 060002e8.bin is 0x00000020 bytes at the location pointed to by dirFileBuf(0x00279168), type 1f04
psiFileLoad in single-file mode: 060002e9.bin is 0x00000020 bytes at the location pointed to by dirFileBuf(0x00279168), type 1f04
psiFileLoad in single-file mode: 060002ea.bin is 0x00000020 bytes at the location pointed to by dirFileBuf(0x00279168), type 1f04
psiFileLoad in single-file mode: 060002ec.bin is 0x00000040 bytes at the location pointed to by dirFileBuf(0x00279168), type 1f04
psiFileLoad in single-file mode: 060002ed.bin is 0x00000080 bytes at the location pointed to by dirFileBuf(0x00279168), type 1f04
psiFileLoad in single-file mode: 060002c9.bin is 0x00000020 bytes at the location pointed to by dirFileBuf(0x00279168), type 1f04
psiFileLoad in single-file mode: 060002ef.bin is 0x00000040 bytes at the location pointed to by dirFileBuf(0x00279168), type 1f04
psiFileLoad in single-file mode: 060002f0.bin is 0x00000020 bytes at the location pointed to by dirFileBuf(0x00279168), type 1f04
psiFileLoad in single-file mode: 060002f1.bin is 0x00000020 bytes at the location pointed to by dirFileBuf(0x00279168), type 1f04
psiFileLoad in single-file mode: 060002f2.bin is 0x00000020 bytes at the location pointed to by dirFileBuf(0x00279168), type 1f04
psiFileLoad in single-file mode: 060002f3.bin is 0x00000020 bytes at the location pointed to by dirFileBuf(0x00279168), type 1f04
psiFileLoad in single-file mode: 060002f4.bin is 0x00000020 bytes at the location pointed to by dirFileBuf(0x00279168), type 1f04
psiFileLoad in single-file mode: 060002f5.bin is 0x00000040 bytes at the location pointed to by dirFileBuf(0x00279168), type 1f04
psiFileLoad in single-file mode: 060002f7.bin is 0x00000020 bytes at the location pointed to by dirFileBuf(0x00279168), type 1f04
psiFileLoad in single-file mode: 060002f8.bin is 0x00000020 bytes at the location pointed to by dirFileBuf(0x00279168), type 1f04
psiFileLoad in single-file mode: 060002f9.bin is 0x00000020 bytes at the location pointed to by dirFileBuf(0x00279168), type 1f04
psiFileLoad in single-file mode: 060002fa.bin is 0x00000020 bytes at the location pointed to by dirFileBuf(0x00279168), type 1f04
psiFileLoad in single-file mode: 060002fb.bin is 0x00000020 bytes at the location pointed to by dirFileBuf(0x00279168), type 1f04
psiFileLoad in single-file mode: 060002fc.bin is 0x00000020 bytes at the location pointed to by dirFileBuf(0x00279168), type 1f04
psiFileLoad in single-file mode: 060002fd.bin is 0x00000020 bytes at the location pointed to by dirFileBuf(0x00279168), type 1f04
psiFileLoad in single-file mode: 060002fe.bin is 0x00000020 bytes at the location pointed to by dirFileBuf(0x00279168), type 1f04
psiFileLoad in single-file mode: 060002ff.bin is 0x00000020 bytes at the location pointed to by dirFileBuf(0x00279168), type 1f04
psiFileLoad in single-file mode: 06000300.bin is 0x00000020 bytes at the location pointed to by dirFileBuf(0x00279168), type 1f04
psiFileLoad in single-file mode: 06000301.bin is 0x00000020 bytes at the location pointed to by dirFileBuf(0x00279168), type 1f04
psiFileLoad in single-file mode: 06000302.bin is 0x00000020 bytes at the Error opening file: No such file or directory
Error opening file: No such file or directory
Error opening file: No such file or directory
Error opening file: No such file or directory
Error opening file: No such file or directory
Error opening file: No such file or directory
Error opening file: No such file or directory
Error opening file: No such file or directory
Error opening file: No such file or directory
Error opening file: No such file or directory
Error opening file: No such file or directory
Error opening file: No such file or directory
Error opening file: No such file or directory
Error opening file: No such file or directory
Error opening file: No such file or directory
Error opening file: No such file or directory
Error opening file: No such file or directory
Error opening file: No such file or directory
Error opening file: No such file or directory
Error opening file: No such file or directory
Error opening file: No such file or directory
Error opening file: No such file or directory
Error opening file: No such file or directory
Error opening file: No such file or directory
Error opening file: No such file or directory
Error opening file: No such file or directory
Error opening file: No such file or directory
Error opening file: No such file or directory
Error opening file: No such file or directory
Error opening file: No such file or directory
Error opening file: No such file or directory
Error opening file: No such file or directory
location pointed to by dirFileBuf(0x00279168), type 1f04
psiFileLoad in single-file mode: 06000303.bin is 0x00000020 bytes at the location pointed to by dirFileBuf(0x00279168), type 1f04
psiFileLoad in single-file mode: 06000304.bin is 0x00000020 bytes at the location pointed to by dirFileBuf(0x00279168), type 1f04
psiFileLoad in single-file mode: 06000305.bin is 0x00000020 bytes at the location pointed to by dirFileBuf(0x00279168), type 1f04
psiFileLoad in single-file mode: 06000306.bin is 0x00000020 bytes at the location pointed to by dirFileBuf(0x00279168), type 1f04
psiFileLoad in single-file mode: 06000307.bin is 0x00000020 bytes at the location pointed to by dirFileBuf(0x00279168), type 1f04
psiFileLoad in single-file mode: 06000308.bin is 0x00000020 bytes at the location pointed to by dirFileBuf(0x00279168), type 1f04
psiFileLoad in single-file mode: 06000309.bin is 0x00000020 bytes at the location pointed to by dirFileBuf(0x00279168), type 1f04
psiFileLoad in single-file mode: 0600030a.bin is 0x00000020 bytes at the location pointed to by dirFileBuf(0x00279168), type 1f04
psiFileLoad in single-file mode: 0600030b.bin is 0x00000020 bytes at the location pointed to by dirFileBuf(0x00279168), type 1f04
psiFileLoad in single-file mode: 0600030c.bin is 0x00000020 bytes at the location pointed to by dirFileBuf(0x00279168), type 1f04
psiFileLoad in single-file mode: 0600030d.bin is 0x00000040 bytes at the location pointed to by dirFileBuf(0x00279168), type 1f04
psiFileLoad in single-file mode: 0600030e.bin is 0x00000040 bytes at the location pointed to by dirFileBuf(0x00279168), type 1f04
psiFileLoad in single-file mode: 06000311.bin is 0x00000040 bytes at the location pointed to by dirFileBuf(0x00279168), type 1f04
psiFileLoad in single-file mode: 06000312.bin is 0x00000040 bytes at the location pointed to by dirFileBuf(0x00279168), type 1f04
psiFileLoad in single-file mode: 06000313.bin is 0x00000040 bytes at the location pointed to by dirFileBuf(0x00279168), type 1f04
psiFileLoad in single-file mode: 06000314.bin is 0x00000040 bytes at the location pointed to by dirFileBuf(0x00279168), type 1f04
psiFileLoad in single-file mode: 06000315.bin is 0x00000040 bytes at the location pointed to by dirFileBuf(0x00279168), type 1f04
psiFileLoad in single-file mode: 06000316.bin is 0x00000040 bytes at the location pointed to by dirFileBuf(0x00279168), type 1f04
psiFileLoad in single-file mode: 06000317.bin is 0x00000040 bytes at the location pointed to by dirFileBuf(0x00279168), type 1f04
psiFileLoad in single-file mode: 06000318.bin is 0x00000020 bytes at the location pointed to by dirFileBuf(0x00279168), type 1f04
psiFileLoad in single-file mode: 0600031b.bin is 0x00000020 bytes at the location pointed to by dirFileBuf(0x00279168), type 1f04
psiFileLoad in single-file mode: 0600031c.bin is 0x00000020 bytes at the location pointed to by dirFileBuf(0x00279168), type 1f04
psiFileLoad in single-file mode: 0600031d.bin is 0x00000020 bytes at the location pointed to by dirFileBuf(0x00279168), type 1f04
psiFileLoad in single-file mode: 0600031e.bin is 0x00000020 bytes at the location pointed to by dirFileBuf(0x00279168), type 1f04
psiFileLoad in single-file mode: 0600031f.bin is 0x00000040 bytes at the location pointed to by dirFileBuf(0x00279168), type 1f04
psiFileLoad in single-file mode: 06000321.bin is 0x00000040 bytes at the location pointed to by dirFileBuf(0x00279168), type 1f04
psiFileLoad in single-file mode: 06000322.bin is 0x00000040 bytes at the location pointed to by dirFileBuf(0x00279168), type 1f04
psiFileLoad in single-file mode: 06000323.bin is 0x00000040 bytes at the location pointed to by dirFileBuf(0x00279168), type 1f04
psiFileLoad in single-file mode: 06000325.bin is 0x00000040 bytes at the location pointed to by dirFileBuf(0x00279168), type 1f04
psiFileLoad in single-file mode: 06000326.bin is 0x00000040 bytes at the location pointed to by dirFileBuf(0x00279168), type 1f04
psiFileLoad in single-file mode: 06000328.bin is 0x00000020 bytes at the location pointed to by dirFileBuf(0x00279168), type 1f04
psiFileLoError opening file: No such file or directory
Error opening file: No such file or directory
Error opening file: No such file or directory
Error opening file: No such file or directory
Error opening file: No such file or directory
Error opening file: No such file or directory
Error opening file: No such file or directory
Error opening file: No such file or directory
Error opening file: No such file or directory
Error opening file: No such file or directory
Error opening file: No such file or directory
Error opening file: No such file or directory
Error opening file: No such file or directory
Error opening file: No such file or directory
Error opening file: No such file or directory
Error opening file: No such file or directory
Error opening file: No such file or directory
Error opening file: No such file or directory
Error opening file: No such file or directory
Error opening file: No such file or directory
Error opening file: No such file or directory
Error opening file: No such file or directory
Error opening file: No such file or directory
Error opening file: No such file or directory
Error opening file: No such file or directory
Error opening file: No such file or directory
Error opening file: No such file or directory
Error opening file: No such file or directory
Error opening file: No such file or directory
Error opening file: No such file or directory
Error opening file: No such file or directory
ad in single-file mode: 06000329.bin is 0x00000020 bytes at the location pointed to by dirFileBuf(0x00279168), type 1f04
psiFileLoad in single-file mode: 0600032a.bin is 0x00000020 bytes at the location pointed to by dirFileBuf(0x00279168), type 1f04
psiFileLoad in single-file mode: 0600032b.bin is 0x00000020 bytes at the location pointed to by dirFileBuf(0x00279168), type 1f04
psiFileLoad in single-file mode: 0600032c.bin is 0x00000020 bytes at the location pointed to by dirFileBuf(0x00279168), type 1f04
psiFileLoad in single-file mode: 0600032d.bin is 0x00000020 bytes at the location pointed to by dirFileBuf(0x00279168), type 1f04
psiFileLoad in single-file mode: 0600032e.bin is 0x00000020 bytes at the location pointed to by dirFileBuf(0x00279168), type 1f04
psiFileLoad in single-file mode: 0600032f.bin is 0x00000020 bytes at the location pointed to by dirFileBuf(0x00279168), type 1f04
psiFileLoad in single-file mode: 06000330.bin is 0x00000040 bytes at the location pointed to by dirFileBuf(0x00279168), type 1f04
psiFileLoad in single-file mode: 06000331.bin is 0x00000020 bytes at the location pointed to by dirFileBuf(0x00279168), type 1f04
psiFileLoad in single-file mode: 06000332.bin is 0x00000020 bytes at the location pointed to by dirFileBuf(0x00279168), type 1f04
psiFileLoad in single-file mode: 06000333.bin is 0x00000040 bytes at the location pointed to by dirFileBuf(0x00279168), type 1f04
psiFileLoad in single-file mode: 06000334.bin is 0x00000020 bytes at the location pointed to by dirFileBuf(0x00279168), type 1f04
psiFileLoad in single-file mode: 06000335.bin is 0x00000020 bytes at the location pointed to by dirFileBuf(0x00279168), type 1f04
psiFileLoad in single-file mode: 06000337.bin is 0x00000040 bytes at the location pointed to by dirFileBuf(0x00279168), type 1f04
psiFileLoad in single-file mode: 06000338.bin is 0x00000020 bytes at the location pointed to by dirFileBuf(0x00279168), type 1f04
psiFileLoad in single-file mode: 06000339.bin is 0x00000020 bytes at the location pointed to by dirFileBuf(0x00279168), type 1f04
psiFileLoad in single-file mode: 060002d1.bin is 0x00000020 bytes at the location pointed to by dirFileBuf(0x00279168), type 1f04
psiFileLoad in single-file mode: 0600033b.bin is 0x00000020 bytes at the location pointed to by dirFileBuf(0x00279168), type 1f04
psiFileLoad in single-file mode: 0600033c.bin is 0x00000040 bytes at the location pointed to by dirFileBuf(0x00279168), type 1f04
psiFileLoad in single-file mode: 0600033d.bin is 0x00000040 bytes at the location pointed to by dirFileBuf(0x00279168), type 1f04
psiFileLoad in single-file mode: 0600033e.bin is 0x00000040 bytes at the location pointed to by dirFileBuf(0x00279168), type 1f04
psiFileLoad in single-file mode: 0600033f.bin is 0x00000040 bytes at the location pointed to by dirFileBuf(0x00279168), type 1f04
psiFileLoad in single-file mode: 06000340.bin is 0x00000040 bytes at the location pointed to by dirFileBuf(0x00279168), type 1f04
psiFileLoad in single-file mode: 06000341.bin is 0x00000040 bytes at the location pointed to by dirFileBuf(0x00279168), type 1f04
psiFileLoad in single-file mode: 06000342.bin is 0x00000020 bytes at the location pointed to by dirFileBuf(0x00279168), type 1f04
psiFileLoad in single-file mode: 0600036a.bin is 0x00000020 bytes at the location pointed to by dirFileBuf(0x00279168), type 1f04
psiFileLoad in single-file mode: 0600036b.bin is 0x00000020 bytes at the location pointed to by dirFileBuf(0x00279168), type 1f04
psiFileLoad in single-file mode: 0600036c.bin is 0x00000020 bytes at the location pointed to by dirFileBuf(0x00279168), type 1f04
psiFileLoad in single-file mode: 0600036d.bin is 0x00000020 bytes at the location pointed to by dirFileBuf(0x00279168), type 1f04
psiFileLoad in single-file mode: 0600036e.bin is 0x00000020 bytes at the location pointed to by dirFileBuf(0x00279168), type 1f04
psiFileLoad in single-file mode: 0600036f.bin is 0x00000020 bytes at the location pointed to by dirFileBuf(0x00279168), type 1f04
psiFileLoad in single-file mode: 06000370.bin is 0x00000020 bytes at the loError opening file: No such file or directory
Error opening file: No such file or directory
Error opening file: No such file or directory
Error opening file: No such file or directory
Error opening file: No such file or directory
Error opening file: No such file or directory
Error opening file: No such file or directory
Error opening file: No such file or directory
Error opening file: No such file or directory
Error opening file: No such file or directory
Error opening file: No such file or directory
Error opening file: No such file or directory
Error opening file: No such file or directory
Error opening file: No such file or directory
Error opening file: No such file or directory
Error opening file: No such file or directory
Error opening file: No such file or directory
Error opening file: No such file or directory
Error opening file: No such file or directory
Error opening file: No such file or directory
Error opening file: No such file or directory
Error opening file: No such file or directory
Error opening file: No such file or directory
Error opening file: No such file or directory
Error opening file: No such file or directory
Error opening file: No such file or directory
Error opening file: No such file or directory
Error opening file: No such file or directory
Error opening file: No such file or directory
Error opening file: No such file or directory
Error opening file: No such file or directory
Error opening file: No such file or directory
cation pointed to by dirFileBuf(0x00279168), type 1f04
psiFileLoad in single-file mode: 060002d2.bin is 0x00000020 bytes at the location pointed to by dirFileBuf(0x00279168), type 1f04
psiFileLoad in single-file mode: 060003a6.bin is 0x00000040 bytes at the location pointed to by dirFileBuf(0x00279168), type 1f04
psiFileLoad in single-file mode: 060002d3.bin is 0x00000020 bytes at the location pointed to by dirFileBuf(0x00279168), type 1f04
psiFileLoad in single-file mode: 060003a8.bin is 0x00000040 bytes at the location pointed to by dirFileBuf(0x00279168), type 1f04
psiFileLoad in single-file mode: 0600022b.bin is 0x00000040 bytes at the location pointed to by dirFileBuf(0x00279168), type 1f04
psiFileLoad in single-file mode: 060003df.bin is 0x00000020 bytes at the location pointed to by dirFileBuf(0x00279168), type 1f04
psiFileLoad in single-file mode: 060003e0.bin is 0x00000020 bytes at the location pointed to by dirFileBuf(0x00279168), type 1f04
psiFileLoad in single-file mode: 060003e1.bin is 0x00000020 bytes at the location pointed to by dirFileBuf(0x00279168), type 1f04
psiFileLoad in single-file mode: 060003e8.bin is 0x00000020 bytes at the location pointed to by dirFileBuf(0x00279168), type 1f04
psiFileLoad in single-file mode: 060002d4.bin is 0x00000020 bytes at the location pointed to by dirFileBuf(0x00279168), type 1f04
psiFileLoad in single-file mode: 060002d5.bin is 0x00000020 bytes at the location pointed to by dirFileBuf(0x00279168), type 1f04
psiFileLoad in single-file mode: 060002ee.bin is 0x00000040 bytes at the location pointed to by dirFileBuf(0x00279168), type 1f04
psiFileLoad in single-file mode: 06000407.bin is 0x00000020 bytes at the location pointed to by dirFileBuf(0x00279168), type 1f04
psiFileLoad in single-file mode: 06000408.bin is 0x00000020 bytes at the location pointed to by dirFileBuf(0x00279168), type 1f04
psiFileLoad in single-file mode: 06000409.bin is 0x00000020 bytes at the location pointed to by dirFileBuf(0x00279168), type 1f04
psiFileLoad in single-file mode: 0600040a.bin is 0x00000020 bytes at the location pointed to by dirFileBuf(0x00279168), type 1f04
psiFileLoad in single-file mode: 0600040e.bin is 0x00000020 bytes at the location pointed to by dirFileBuf(0x00279168), type 1f04
psiFileLoad in single-file mode: 06000411.bin is 0x00000020 bytes at the location pointed to by dirFileBuf(0x00279168), type 1f04
psiFileLoad in single-file mode: 06000412.bin is 0x00000020 bytes at the location pointed to by dirFileBuf(0x00279168), type 1f04
psiFileLoad in single-file mode: 06000418.bin is 0x00000020 bytes at the location pointed to by dirFileBuf(0x00279168), type 1f04
psiFileLoad in single-file mode: 06000419.bin is 0x00000080 bytes at the location pointed to by dirFileBuf(0x00279168), type 1f04
psiFileLoad in single-file mode: 06000425.bin is 0x00000020 bytes at the location pointed to by dirFileBuf(0x00279168), type 1f04
psiFileLoad in single-file mode: 06000433.bin is 0x00000020 bytes at the location pointed to by dirFileBuf(0x00279168), type 1f04
psiFileLoad in single-file mode: 06000434.bin is 0x00000020 bytes at the location pointed to by dirFileBuf(0x00279168), type 1f04
psiFileLoad in single-file mode: 06000435.bin is 0x00000020 bytes at the location pointed to by dirFileBuf(0x00279168), type 1f04
psiFileLoad in single-file mode: 06000439.bin is 0x00000020 bytes at the location pointed to by dirFileBuf(0x00279168), type 1f04
psiFileLoad in single-file mode: 0600043a.bin is 0x00000020 bytes at the location pointed to by dirFileBuf(0x00279168), type 1f04
psiFileLoad in single-file mode: 0600043b.bin is 0x00000020 bytes at the location pointed to by dirFileBuf(0x00279168), type 1f04
psiFileLoad in single-file mode: 0600043c.bin is 0x00000020 bytes at the location pointed to by dirFileBuf(0x00279168), type 1f04
psiFileLoad in single-file mode: 06000445.bin is 0x00000020 bytes at the location pointed to by dirFileBuf(0x00279168), type 1f04
psiFileLoad in single-file mode: 06000446.bin is 0x00000020 bytes at the location pointed to by dirFileBuf(0x00279168), type 1f04
psiFileLoadError opening file: No such file or directory
Error opening file: No such file or directory
Error opening file: No such file or directory
Error opening file: No such file or directory
Error opening file: No such file or directory
Error opening file: No such file or directory
Error opening file: No such file or directory
Error opening file: No such file or directory
Error opening file: No such file or directory
Error opening file: No such file or directory
Error opening file: No such file or directory
Error opening file: No such file or directory
Error opening file: No such file or directory
Error opening file: No such file or directory
Error opening file: No such file or directory
Error opening file: No such file or directory
Error opening file: No such file or directory
Error opening file: No such file or directory
Error opening file: No such file or directory
Error opening file: No such file or directory
Error opening file: No such file or directory
Error opening file: No such file or directory
Error opening file: No such file or directory
Error opening file: No such file or directory
Error opening file: No such file or directory
Error opening file: No such file or directory
Error opening file: No such file or directory
Error opening file: No such file or directory
Error opening file: No such file or directory
Error opening file: No such file or directory
Error opening file: No such file or directory
 in single-file mode: 06000447.bin is 0x00000020 bytes at the location pointed to by dirFileBuf(0x00279168), type 1f04
psiFileLoad in single-file mode: 06000449.bin is 0x00000020 bytes at the location pointed to by dirFileBuf(0x00279168), type 1f04
psiFileLoad in single-file mode: 0600044a.bin is 0x00000020 bytes at the location pointed to by dirFileBuf(0x00279168), type 1f04
psiFileLoad in single-file mode: 0600044b.bin is 0x00000020 bytes at the location pointed to by dirFileBuf(0x00279168), type 1f04
psiFileLoad in single-file mode: 0600044c.bin is 0x00000020 bytes at the location pointed to by dirFileBuf(0x00279168), type 1f04
psiFileLoad in single-file mode: 0600044d.bin is 0x00000020 bytes at the location pointed to by dirFileBuf(0x00279168), type 1f04
psiFileLoad in single-file mode: 0600046c.bin is 0x00000020 bytes at the location pointed to by dirFileBuf(0x00279168), type 1f04
psiFileLoad in single-file mode: 0600046d.bin is 0x00000020 bytes at the location pointed to by dirFileBuf(0x00279168), type 1f04
psiFileLoad in single-file mode: 0600046e.bin is 0x00000020 bytes at the location pointed to by dirFileBuf(0x00279168), type 1f04
psiFileLoad in single-file mode: 0600046f.bin is 0x00000020 bytes at the location pointed to by dirFileBuf(0x00279168), type 1f04
psiFileLoad in single-file mode: 06000470.bin is 0x00000020 bytes at the location pointed to by dirFileBuf(0x00279168), type 1f04
psiFileLoad in single-file mode: 06000471.bin is 0x00000020 bytes at the location pointed to by dirFileBuf(0x00279168), type 1f04
psiFileLoad in single-file mode: 06000475.bin is 0x00000020 bytes at the location pointed to by dirFileBuf(0x00279168), type 1f04
psiFileLoad in single-file mode: 06000476.bin is 0x00000020 bytes at the location pointed to by dirFileBuf(0x00279168), type 1f04
psiFileLoad in single-file mode: 0600047f.bin is 0x00000020 bytes at the location pointed to by dirFileBuf(0x00279168), type 1f04
psiFileLoad in single-file mode: 06000480.bin is 0x00000020 bytes at the location pointed to by dirFileBuf(0x00279168), type 1f04
psiFileLoad in single-file mode: 06000485.bin is 0x00000020 bytes at the location pointed to by dirFileBuf(0x00279168), type 1f04
psiFileLoad in single-file mode: 06000487.bin is 0x00000020 bytes at the location pointed to by dirFileBuf(0x00279168), type 1f04
psiFileLoad in single-file mode: 06000488.bin is 0x00000020 bytes at the location pointed to by dirFileBuf(0x00279168), type 1f04
psiFileLoad in single-file mode: 06000489.bin is 0x00000020 bytes at the location pointed to by dirFileBuf(0x00279168), type 1f04
psiFileLoad in single-file mode: 0600048a.bin is 0x00000020 bytes at the location pointed to by dirFileBuf(0x00279168), type 1f04
psiFileLoad in single-file mode: 0600048b.bin is 0x00000020 bytes at the location pointed to by dirFileBuf(0x00279168), type 1f04
psiFileLoad in single-file mode: 0600048c.bin is 0x00000020 bytes at the location pointed to by dirFileBuf(0x00279168), type 1f04
psiFileLoad in single-file mode: 0600048d.bin is 0x00000020 bytes at the location pointed to by dirFileBuf(0x00279168), type 1f04
psiFileLoad in single-file mode: 060004a3.bin is 0x00000020 bytes at the location pointed to by dirFileBuf(0x00279168), type 1f04
psiFileLoad in single-file mode: 060004a5.bin is 0x00000020 bytes at the location pointed to by dirFileBuf(0x00279168), type 1f04
psiFileLoad in single-file mode: 060004a6.bin is 0x00000020 bytes at the location pointed to by dirFileBuf(0x00279168), type 1f04
psiFileLoad in single-file mode: 060004a7.bin is 0x00000020 bytes at the location pointed to by dirFileBuf(0x00279168), type 1f04
psiFileLoad in single-file mode: 06000227.bin is 0x00000040 bytes at the location pointed to by dirFileBuf(0x00279168), type 1f04
psiFileLoad in single-file mode: 0600033a.bin is 0x00000020 bytes at the location pointed to by dirFileBuf(0x00279168), type 1f04
psiFileLoad in single-file mode: 060004aa.bin is 0x00000020 bytes at the location pointed to by dirFileBuf(0x00279168), type 1f04
psiFileLoad in single-file mode: 060004ab.bin is 0x00000020 bytes at the locaError opening file: No such file or directory
Error opening file: No such file or directory
Error opening file: No such file or directory
Error opening file: No such file or directory
Error opening file: No such file or directory
Error opening file: No such file or directory
Error opening file: No such file or directory
Error opening file: No such file or directory
Error opening file: No such file or directory
Error opening file: No such file or directory
Error opening file: No such file or directory
Error opening file: No such file or directory
Error opening file: No such file or directory
Error opening file: No such file or directory
Error opening file: No such file or directory
Error opening file: No such file or directory
Error opening file: No such file or directory
Error opening file: No such file or directory
Error opening file: No such file or directory
Error opening file: No such file or directory
Error opening file: No such file or directory
Error opening file: No such file or directory
Error opening file: No such file or directory
Error opening file: No such file or directory
Error opening file: No such file or directory
Error opening file: No such file or directory
Error opening file: No such file or directory
Error opening file: No such file or directory
Error opening file: No such file or directory
Error opening file: No such file or directory
Error opening file: No such file or directory
Error opening file: No such file or directory
tion pointed to by dirFileBuf(0x00279168), type 1f04
psiFileLoad in single-file mode: 060004ac.bin is 0x00000020 bytes at the location pointed to by dirFileBuf(0x00279168), type 1f04
psiFileLoad in single-file mode: 060004ad.bin is 0x00000040 bytes at the location pointed to by dirFileBuf(0x00279168), type 1f04
psiFileLoad in single-file mode: 060004ae.bin is 0x00000020 bytes at the location pointed to by dirFileBuf(0x00279168), type 1f04
psiFileLoad in single-file mode: 060004af.bin is 0x00000020 bytes at the location pointed to by dirFileBuf(0x00279168), type 1f04
psiFileLoad in single-file mode: 060004b1.bin is 0x00000020 bytes at the location pointed to by dirFileBuf(0x00279168), type 1f04
psiFileLoad in single-file mode: 060004b2.bin is 0x00000020 bytes at the location pointed to by dirFileBuf(0x00279168), type 1f04
psiFileLoad in single-file mode: 060004b9.bin is 0x00000020 bytes at the location pointed to by dirFileBuf(0x00279168), type 1f04
psiFileLoad in single-file mode: 060004ba.bin is 0x00000020 bytes at the location pointed to by dirFileBuf(0x00279168), type 1f04
psiFileLoad in single-file mode: 060004bb.bin is 0x00000020 bytes at the location pointed to by dirFileBuf(0x00279168), type 1f04
psiFileLoad in single-file mode: 060004bc.bin is 0x00000020 bytes at the location pointed to by dirFileBuf(0x00279168), type 1f04
psiFileLoad in single-file mode: 060004bd.bin is 0x00000020 bytes at the location pointed to by dirFileBuf(0x00279168), type 1f04
psiFileLoad in single-file mode: 060004bf.bin is 0x00000020 bytes at the location pointed to by dirFileBuf(0x00279168), type 1f04
psiFileLoad in single-file mode: 060004c0.bin is 0x00000040 bytes at the location pointed to by dirFileBuf(0x00279168), type 1f04
psiFileLoad in single-file mode: 060004c1.bin is 0x00000040 bytes at the location pointed to by dirFileBuf(0x00279168), type 1f04
psiFileLoad in single-file mode: 060004c2.bin is 0x00000040 bytes at the location pointed to by dirFileBuf(0x00279168), type 1f04
psiFileLoad in single-file mode: 060004c3.bin is 0x00000020 bytes at the location pointed to by dirFileBuf(0x00279168), type 1f04
psiFileLoad in single-file mode: 060004c5.bin is 0x00000020 bytes at the location pointed to by dirFileBuf(0x00279168), type 1f04
psiFileLoad in single-file mode: 060004d4.bin is 0x00000020 bytes at the location pointed to by dirFileBuf(0x00279168), type 1f04
psiFileLoad in single-file mode: 060004d5.bin is 0x00000020 bytes at the location pointed to by dirFileBuf(0x00279168), type 1f04
psiFileLoad in single-file mode: 060004d6.bin is 0x00000020 bytes at the location pointed to by dirFileBuf(0x00279168), type 1f04
psiFileLoad in single-file mode: 060004d7.bin is 0x00000020 bytes at the location pointed to by dirFileBuf(0x00279168), type 1f04
psiFileLoad in single-file mode: 060004d8.bin is 0x00000040 bytes at the location pointed to by dirFileBuf(0x00279168), type 1f04
psiFileLoad in single-file mode: 060004d9.bin is 0x00000040 bytes at the location pointed to by dirFileBuf(0x00279168), type 1f04
psiFileLoad in single-file mode: 060004da.bin is 0x00000020 bytes at the location pointed to by dirFileBuf(0x00279168), type 1f04
psiFileLoad in single-file mode: 060004db.bin is 0x00000020 bytes at the location pointed to by dirFileBuf(0x00279168), type 1f04
psiFileLoad in single-file mode: 060004e7.bin is 0x00000020 bytes at the location pointed to by dirFileBuf(0x00279168), type 1f04
psiFileLoad in single-file mode: 060004e8.bin is 0x00000020 bytes at the location pointed to by dirFileBuf(0x00279168), type 1f04
psiFileLoad in single-file mode: 060004e9.bin is 0x00000020 bytes at the location pointed to by dirFileBuf(0x00279168), type 1f04
psiFileLoad in single-file mode: 060004ea.bin is 0x00000020 bytes at the location pointed to by dirFileBuf(0x00279168), type 1f04
psiFileLoad in single-file mode: 060004ee.bin is 0x00000020 bytes at the location pointed to by dirFileBuf(0x00279168), type 1f04
psiFileLoad in single-file mode: 06000511.bin is 0x00000040 bytes at the location pointed to by dirFileBuf(0x00279168), type 1f04
psiFileLoad iError opening file: No such file or directory
Error opening file: No such file or directory
Error opening file: No such file or directory
Error opening file: No such file or directory
Error opening file: No such file or directory
Error opening file: No such file or directory
Error opening file: No such file or directory
Error opening file: No such file or directory
Error opening file: No such file or directory
Error opening file: No such file or directory
Error opening file: No such file or directory
Error opening file: No such file or directory
Error opening file: No such file or directory
Error opening file: No such file or directory
Error opening file: No such file or directory
Error opening file: No such file or directory
Error opening file: No such file or directory
Error opening file: No such file or directory
Error opening file: No such file or directory
Error opening file: No such file or directory
Error opening file: No such file or directory
Error opening file: No such file or directory
Error opening file: No such file or directory
Error opening file: No such file or directory
Error opening file: No such file or directory
Error opening file: No such file or directory
Error opening file: No such file or directory
Error opening file: No such file or directory
Error opening file: No such file or directory
Error opening file: No such file or directory
Error opening file: No such file or directory
n single-file mode: 06000534.bin is 0x00000020 bytes at the location pointed to by dirFileBuf(0x00279168), type 1f04
psiFileLoad in single-file mode: 06000535.bin is 0x00000020 bytes at the location pointed to by dirFileBuf(0x00279168), type 1f04
psiFileLoad in single-file mode: 06000536.bin is 0x00000020 bytes at the location pointed to by dirFileBuf(0x00279168), type 1f04
psiFileLoad in single-file mode: 06000539.bin is 0x00000020 bytes at the location pointed to by dirFileBuf(0x00279168), type 1f04
psiFileLoad in single-file mode: 0600053c.bin is 0x00000040 bytes at the location pointed to by dirFileBuf(0x00279168), type 1f04
psiFileLoad in single-file mode: 0600053f.bin is 0x00000040 bytes at the location pointed to by dirFileBuf(0x00279168), type 1f04
psiFileLoad in single-file mode: 06000540.bin is 0x00000020 bytes at the location pointed to by dirFileBuf(0x00279168), type 1f04
psiFileLoad in single-file mode: 06000541.bin is 0x00000020 bytes at the location pointed to by dirFileBuf(0x00279168), type 1f04
psiFileLoad in single-file mode: 06000542.bin is 0x00000020 bytes at the location pointed to by dirFileBuf(0x00279168), type 1f04
psiFileLoad in single-file mode: 06000543.bin is 0x00000020 bytes at the location pointed to by dirFileBuf(0x00279168), type 1f04
psiFileLoad in single-file mode: 06000544.bin is 0x00000020 bytes at the location pointed to by dirFileBuf(0x00279168), type 1f04
psiFileLoad in single-file mode: 06000545.bin is 0x00000040 bytes at the location pointed to by dirFileBuf(0x00279168), type 1f04
psiFileLoad in single-file mode: 06000546.bin is 0x00000020 bytes at the location pointed to by dirFileBuf(0x00279168), type 1f04
psiFileLoad in single-file mode: 06000547.bin is 0x00000040 bytes at the location pointed to by dirFileBuf(0x00279168), type 1f04
psiFileLoad in single-file mode: 06000548.bin is 0x00000020 bytes at the location pointed to by dirFileBuf(0x00279168), type 1f04
psiFileLoad in single-file mode: 06000549.bin is 0x00000020 bytes at the location pointed to by dirFileBuf(0x00279168), type 1f04
psiFileLoad in single-file mode: 0600054a.bin is 0x00000020 bytes at the location pointed to by dirFileBuf(0x00279168), type 1f04
psiFileLoad in single-file mode: 0600054b.bin is 0x00000020 bytes at the location pointed to by dirFileBuf(0x00279168), type 1f04
psiFileLoad in single-file mode: 0600054c.bin is 0x00000040 bytes at the location pointed to by dirFileBuf(0x00279168), type 1f04
psiFileLoad in single-file mode: 06000555.bin is 0x00000020 bytes at the location pointed to by dirFileBuf(0x00279168), type 1f04
psiFileLoad in single-file mode: 06000556.bin is 0x00000020 bytes at the location pointed to by dirFileBuf(0x00279168), type 1f04
psiFileLoad in single-file mode: 06000557.bin is 0x00000020 bytes at the location pointed to by dirFileBuf(0x00279168), type 1f04
psiFileLoad in single-file mode: 06000558.bin is 0x00000020 bytes at the location pointed to by dirFileBuf(0x00279168), type 1f04
psiFileLoad in single-file mode: 0600055a.bin is 0x00000020 bytes at the location pointed to by dirFileBuf(0x00279168), type 1f04
psiFileLoad in single-file mode: 0600055b.bin is 0x00000020 bytes at the location pointed to by dirFileBuf(0x00279168), type 1f04
psiFileLoad in single-file mode: 06000569.bin is 0x00000020 bytes at the location pointed to by dirFileBuf(0x00279168), type 1f04
psiFileLoad in single-file mode: 0600056b.bin is 0x00000020 bytes at the location pointed to by dirFileBuf(0x00279168), type 1f04
psiFileLoad in single-file mode: 0600056c.bin is 0x00000040 bytes at the location pointed to by dirFileBuf(0x00279168), type 1f04
psiFileLoad in single-file mode: 0600056d.bin is 0x00000020 bytes at the location pointed to by dirFileBuf(0x00279168), type 1f04
psiFileLoad in single-file mode: 0600056e.bin is 0x00000020 bytes at the location pointed to by dirFileBuf(0x00279168), type 1f04
psiFileLoad in single-file mode: 0600056f.bin is 0x00000020 bytes at the location pointed to by dirFileBuf(0x00279168), type 1f04
psiFileLoad in single-file mode: 06000570.bin is 0x00000020 bytes at the locatiError opening file: No such file or directory
Error opening file: No such file or directory
Error opening file: No such file or directory
Error opening file: No such file or directory
Error opening file: No such file or directory
Error opening file: No such file or directory
Error opening file: No such file or directory
Error opening file: No such file or directory
Error opening file: No such file or directory
Error opening file: No such file or directory
Error opening file: No such file or directory
Error opening file: No such file or directory
Error opening file: No such file or directory
Error opening file: No such file or directory
Error opening file: No such file or directory
Error opening file: No such file or directory
Error opening file: No such file or directory
Error opening file: No such file or directory
Error opening file: No such file or directory
Error opening file: No such file or directory
Error opening file: No such file or directory
Error opening file: No such file or directory
Error opening file: No such file or directory
Error opening file: No such file or directory
Error opening file: No such file or directory
Error opening file: No such file or directory
Error opening file: No such file or directory
Error opening file: No such file or directory
Error opening file: No such file or directory
Error opening file: No such file or directory
Error opening file: No such file or directory
Error opening file: No such file or directory
on pointed to by dirFileBuf(0x00279168), type 1f04
psiFileLoad in single-file mode: 06000575.bin is 0x00000020 bytes at the location pointed to by dirFileBuf(0x00279168), type 1f04
psiFileLoad in single-file mode: 06000578.bin is 0x00000040 bytes at the location pointed to by dirFileBuf(0x00279168), type 1f04
psiFileLoad in single-file mode: 060005a4.bin is 0x00000020 bytes at the location pointed to by dirFileBuf(0x00279168), type 1f04
psiFileLoad in single-file mode: 060005a6.bin is 0x00000020 bytes at the location pointed to by dirFileBuf(0x00279168), type 1f04
psiFileLoad in single-file mode: 060005a7.bin is 0x00000020 bytes at the location pointed to by dirFileBuf(0x00279168), type 1f04
psiFileLoad in single-file mode: 060005a8.bin is 0x00000020 bytes at the location pointed to by dirFileBuf(0x00279168), type 1f04
psiFileLoad in single-file mode: 060005a9.bin is 0x00000020 bytes at the location pointed to by dirFileBuf(0x00279168), type 1f04
psiFileLoad in single-file mode: 060005aa.bin is 0x00000020 bytes at the location pointed to by dirFileBuf(0x00279168), type 1f04
psiFileLoad in single-file mode: 060005ac.bin is 0x00000020 bytes at the location pointed to by dirFileBuf(0x00279168), type 1f04
psiFileLoad in single-file mode: 060005cf.bin is 0x00000040 bytes at the location pointed to by dirFileBuf(0x00279168), type 1f04
psiFileLoad in single-file mode: 060005e5.bin is 0x00000020 bytes at the location pointed to by dirFileBuf(0x00279168), type 1f04
psiFileLoad in single-file mode: 060005ea.bin is 0x00000020 bytes at the location pointed to by dirFileBuf(0x00279168), type 1f04
psiFileLoad in single-file mode: 060005ec.bin is 0x00000020 bytes at the location pointed to by dirFileBuf(0x00279168), type 1f04
psiFileLoad in single-file mode: 060005ed.bin is 0x00000020 bytes at the location pointed to by dirFileBuf(0x00279168), type 1f04
psiFileLoad in single-file mode: 060005ee.bin is 0x00000020 bytes at the location pointed to by dirFileBuf(0x00279168), type 1f04
psiFileLoad in single-file mode: 060005ef.bin is 0x00000020 bytes at the location pointed to by dirFileBuf(0x00279168), type 1f04
psiFileLoad in single-file mode: 060005f0.bin is 0x00000020 bytes at the location pointed to by dirFileBuf(0x00279168), type 1f04
psiFileLoad in single-file mode: 060005f2.bin is 0x00000020 bytes at the location pointed to by dirFileBuf(0x00279168), type 1f04
psiFileLoad in single-file mode: 060005f3.bin is 0x00000020 bytes at the location pointed to by dirFileBuf(0x00279168), type 1f04
psiFileLoad in single-file mode: 060005f7.bin is 0x00000020 bytes at the location pointed to by dirFileBuf(0x00279168), type 1f04
psiFileLoad in single-file mode: 060005f8.bin is 0x00000020 bytes at the location pointed to by dirFileBuf(0x00279168), type 1f04
psiFileLoad in single-file mode: 060005f9.bin is 0x00000020 bytes at the location pointed to by dirFileBuf(0x00279168), type 1f04
psiFileLoad in single-file mode: 060005fa.bin is 0x00000020 bytes at the location pointed to by dirFileBuf(0x00279168), type 1f04
psiFileLoad in single-file mode: 060005fd.bin is 0x00000020 bytes at the location pointed to by dirFileBuf(0x00279168), type 1f04
psiFileLoad in single-file mode: 060005fe.bin is 0x00000020 bytes at the location pointed to by dirFileBuf(0x00279168), type 1f04
psiFileLoad in single-file mode: 06000607.bin is 0x00000020 bytes at the location pointed to by dirFileBuf(0x00279168), type 1f04
psiFileLoad in single-file mode: 06000608.bin is 0x00000020 bytes at the location pointed to by dirFileBuf(0x00279168), type 1f04
psiFileLoad in single-file mode: 0600061c.bin is 0x00000020 bytes at the location pointed to by dirFileBuf(0x00279168), type 1f04
psiFileLoad in single-file mode: 06000625.bin is 0x00000020 bytes at the location pointed to by dirFileBuf(0x00279168), type 1f04
psiFileLoad in single-file mode: 06000674.bin is 0x00000020 bytes at the location pointed to by dirFileBuf(0x00279168), type 1f04
psiFileLoad in single-file mode: 06000675.bin is 0x00000020 bytes at the location pointed to by dirFileBuf(0x00279168), type 1f04
psiFileLoad in Error opening file: No such file or directory
Error opening file: No such file or directory
Error opening file: No such file or directory
Error opening file: No such file or directory
Error opening file: No such file or directory
Error opening file: No such file or directory
Error opening file: No such file or directory
Error opening file: No such file or directory
Error opening file: No such file or directory
Error opening file: No such file or directory
Error opening file: No such file or directory
Error opening file: No such file or directory
Error opening file: No such file or directory
Error opening file: No such file or directory
Error opening file: No such file or directory
Error opening file: No such file or directory
Error opening file: No such file or directory
Error opening file: No such file or directory
Error opening file: No such file or directory
Error opening file: No such file or directory
Error opening file: No such file or directory
Error opening file: No such file or directory
Error opening file: No such file or directory
Error opening file: No such file or directory
Error opening file: No such file or directory
Error opening file: No such file or directory
Error opening file: No such file or directory
Error opening file: No such file or directory
Error opening file: No such file or directory
Error opening file: No such file or directory
Error opening file: No such file or directory
single-file mode: 06000676.bin is 0x00000020 bytes at the location pointed to by dirFileBuf(0x00279168), type 1f04
psiFileLoad in single-file mode: 06000677.bin is 0x00000020 bytes at the location pointed to by dirFileBuf(0x00279168), type 1f04
psiFileLoad in single-file mode: 06000678.bin is 0x00000020 bytes at the location pointed to by dirFileBuf(0x00279168), type 1f04
psiFileLoad in single-file mode: 06000679.bin is 0x00000020 bytes at the location pointed to by dirFileBuf(0x00279168), type 1f04
psiFileLoad in single-file mode: 0600067a.bin is 0x00000020 bytes at the location pointed to by dirFileBuf(0x00279168), type 1f04
psiFileLoad in single-file mode: 0600067b.bin is 0x00000020 bytes at the location pointed to by dirFileBuf(0x00279168), type 1f04
psiFileLoad in single-file mode: 0600067c.bin is 0x00000020 bytes at the location pointed to by dirFileBuf(0x00279168), type 1f04
psiFileLoad in single-file mode: 0600067e.bin is 0x00000020 bytes at the location pointed to by dirFileBuf(0x00279168), type 1f04
psiFileLoad in single-file mode: 0600067f.bin is 0x00000020 bytes at the location pointed to by dirFileBuf(0x00279168), type 1f04
psiFileLoad in single-file mode: 06000680.bin is 0x00000020 bytes at the location pointed to by dirFileBuf(0x00279168), type 1f04
psiFileLoad in single-file mode: 060006dd.bin is 0x00000020 bytes at the location pointed to by dirFileBuf(0x00279168), type 1f04
psiFileLoad in single-file mode: 060006de.bin is 0x00000020 bytes at the location pointed to by dirFileBuf(0x00279168), type 1f04
psiFileLoad in single-file mode: 060006e0.bin is 0x00000040 bytes at the location pointed to by dirFileBuf(0x00279168), type 1f04
psiFileLoad in single-file mode: 060006e7.bin is 0x00000020 bytes at the location pointed to by dirFileBuf(0x00279168), type 1f04
psiFileLoad in single-file mode: 06000702.bin is 0x00000020 bytes at the location pointed to by dirFileBuf(0x00279168), type 1f04
psiFileLoad in single-file mode: 06000703.bin is 0x00000020 bytes at the location pointed to by dirFileBuf(0x00279168), type 1f04
psiFileLoad in single-file mode: 06000704.bin is 0x00000020 bytes at the location pointed to by dirFileBuf(0x00279168), type 1f04
psiFileLoad in single-file mode: 06000705.bin is 0x00000020 bytes at the location pointed to by dirFileBuf(0x00279168), type 1f04
psiFileLoad in single-file mode: 06000706.bin is 0x00000020 bytes at the location pointed to by dirFileBuf(0x00279168), type 1f04
psiFileLoad in single-file mode: 06000707.bin is 0x00000020 bytes at the location pointed to by dirFileBuf(0x00279168), type 1f04
psiFileLoad in single-file mode: 0600070a.bin is 0x00000020 bytes at the location pointed to by dirFileBuf(0x00279168), type 1f04
psiFileLoad in single-file mode: 0600070c.bin is 0x00000020 bytes at the location pointed to by dirFileBuf(0x00279168), type 1f04
psiFileLoad in single-file mode: 06000763.bin is 0x00000020 bytes at the location pointed to by dirFileBuf(0x00279168), type 1f04
psiFileLoad in single-file mode: 06000764.bin is 0x00000020 bytes at the location pointed to by dirFileBuf(0x00279168), type 1f04
psiFileLoad in single-file mode: 06000765.bin is 0x00000020 bytes at the location pointed to by dirFileBuf(0x00279168), type 1f04
psiFileLoad in single-file mode: 06000766.bin is 0x00000040 bytes at the location pointed to by dirFileBuf(0x00279168), type 1f04
psiFileLoad in single-file mode: 0600076d.bin is 0x00000020 bytes at the location pointed to by dirFileBuf(0x00279168), type 1f04
psiFileLoad in single-file mode: 0600076e.bin is 0x00000020 bytes at the location pointed to by dirFileBuf(0x00279168), type 1f04
psiFileLoad in single-file mode: 0600076f.bin is 0x00000020 bytes at the location pointed to by dirFileBuf(0x00279168), type 1f04
psiFileLoad in single-file mode: 0600077e.bin is 0x00000040 bytes at the location pointed to by dirFileBuf(0x00279168), type 1f04
psiFileLoad in single-file mode: 0600077f.bin is 0x00000020 bytes at the location pointed to by dirFileBuf(0x00279168), type 1f04
psiFileLoad in single-file mode: 06000780.bin is 0x00000020 bytes at the locationError opening file: No such file or directory
Error opening file: No such file or directory
Error opening file: No such file or directory
Error opening file: No such file or directory
Error opening file: No such file or directory
Error opening file: No such file or directory
Error opening file: No such file or directory
Error opening file: No such file or directory
Error opening file: No such file or directory
Error opening file: No such file or directory
Error opening file: No such file or directory
Error opening file: No such file or directory
Error opening file: No such file or directory
Error opening file: No such file or directory
Error opening file: No such file or directory
Error opening file: No such file or directory
Error opening file: No such file or directory
Error opening file: No such file or directory
Error opening file: No such file or directory
Error opening file: No such file or directory
Error opening file: No such file or directory
Error opening file: No such file or directory
Error opening file: No such file or directory
Error opening file: No such file or directory
Error opening file: No such file or directory
Error opening file: No such file or directory
Error opening file: No such file or directory
Error opening file: No such file or directory
Error opening file: No such file or directory
Error opening file: No such file or directory
Error opening file: No such file or directory
Error opening file: No such file or directory
 pointed to by dirFileBuf(0x00279168), type 1f04
psiFileLoad in single-file mode: 06000781.bin is 0x00000040 bytes at the location pointed to by dirFileBuf(0x00279168), type 1f04
psiFileLoad in single-file mode: 06000782.bin is 0x00000020 bytes at the location pointed to by dirFileBuf(0x00279168), type 1f04
psiFileLoad in single-file mode: 060007af.bin is 0x00000020 bytes at the location pointed to by dirFileBuf(0x00279168), type 1f04
psiFileLoad in single-file mode: 060007b9.bin is 0x00000020 bytes at the location pointed to by dirFileBuf(0x00279168), type 1f04
psiFileLoad in single-file mode: 06000371.bin is 0x00000020 bytes at the location pointed to by dirFileBuf(0x00279168), type 1f04
psiFileLoad in single-file mode: 06000807.bin is 0x00000040 bytes at the location pointed to by dirFileBuf(0x00279168), type 1f04
psiFileLoad in single-file mode: 06000808.bin is 0x00000020 bytes at the location pointed to by dirFileBuf(0x00279168), type 1f04
psiFileLoad in single-file mode: 06000809.bin is 0x00000020 bytes at the location pointed to by dirFileBuf(0x00279168), type 1f04
psiFileLoad in single-file mode: 06000812.bin is 0x00000020 bytes at the location pointed to by dirFileBuf(0x00279168), type 1f04
psiFileLoad in single-file mode: 06000820.bin is 0x00000020 bytes at the location pointed to by dirFileBuf(0x00279168), type 1f04
psiFileLoad in single-file mode: 06000823.bin is 0x00000020 bytes at the location pointed to by dirFileBuf(0x00279168), type 1f04
psiFileLoad in single-file mode: 06000824.bin is 0x00000020 bytes at the location pointed to by dirFileBuf(0x00279168), type 1f04
psiFileLoad in single-file mode: 06000825.bin is 0x00000020 bytes at the location pointed to by dirFileBuf(0x00279168), type 1f04
psiFileLoad in single-file mode: 06000826.bin is 0x00000020 bytes at the location pointed to by dirFileBuf(0x00279168), type 1f04
psiFileLoad in single-file mode: 06000827.bin is 0x00000040 bytes at the location pointed to by dirFileBuf(0x00279168), type 1f04
psiFileLoad in single-file mode: 06000828.bin is 0x00000040 bytes at the location pointed to by dirFileBuf(0x00279168), type 1f04
psiFileLoad in single-file mode: 06000829.bin is 0x00000040 bytes at the location pointed to by dirFileBuf(0x00279168), type 1f04
psiFileLoad in single-file mode: 0600082a.bin is 0x00000020 bytes at the location pointed to by dirFileBuf(0x00279168), type 1f04
psiFileLoad in single-file mode: 0600082b.bin is 0x00000020 bytes at the location pointed to by dirFileBuf(0x00279168), type 1f04
psiFileLoad in single-file mode: 0600082c.bin is 0x00000020 bytes at the location pointed to by dirFileBuf(0x00279168), type 1f04
psiFileLoad in single-file mode: 0600082f.bin is 0x00000020 bytes at the location pointed to by dirFileBuf(0x00279168), type 1f04
psiFileLoad in single-file mode: 06000830.bin is 0x00000020 bytes at the location pointed to by dirFileBuf(0x00279168), type 1f04
psiFileLoad in single-file mode: 0600084d.bin is 0x00000020 bytes at the location pointed to by dirFileBuf(0x00279168), type 1f04
psiFileLoad in single-file mode: 0600084e.bin is 0x00000040 bytes at the location pointed to by dirFileBuf(0x00279168), type 1f04
psiFileLoad in single-file mode: 0600084f.bin is 0x00000020 bytes at the location pointed to by dirFileBuf(0x00279168), type 1f04
psiFileLoad in single-file mode: 06000850.bin is 0x00000040 bytes at the location pointed to by dirFileBuf(0x00279168), type 1f04
psiFileLoad in single-file mode: 06000851.bin is 0x00000040 bytes at the location pointed to by dirFileBuf(0x00279168), type 1f04
psiFileLoad in single-file mode: 06000860.bin is 0x00000020 bytes at the location pointed to by dirFileBuf(0x00279168), type 1f04
psiFileLoad in single-file mode: 06000876.bin is 0x00000060 bytes at the location pointed to by dirFileBuf(0x00279168), type 1f04
psiFileLoad in single-file mode: 0600087f.bin is 0x00000020 bytes at the location pointed to by dirFileBuf(0x00279168), type 1f04
psiFileLoad in single-file mode: 0600088c.bin is 0x00000020 bytes at the location pointed to by dirFileBuf(0x00279168), type 1f04
psiFileLoad in siError opening file: No such file or directory
Error opening file: No such file or directory
Error opening file: No such file or directory
Error opening file: No such file or directory
Error opening file: No such file or directory
Error opening file: No such file or directory
Error opening file: No such file or directory
Error opening file: No such file or directory
Error opening file: No such file or directory
Error opening file: No such file or directory
Error opening file: No such file or directory
Error opening file: No such file or directory
Error opening file: No such file or directory
Error opening file: No such file or directory
Error opening file: No such file or directory
Error opening file: No such file or directory
Error opening file: No such file or directory
Error opening file: No such file or directory
Error opening file: No such file or directory
Error opening file: No such file or directory
Error opening file: No such file or directory
Error opening file: No such file or directory
Error opening file: No such file or directory
Error opening file: No such file or directory
Error opening file: No such file or directory
Error opening file: No such file or directory
Error opening file: No such file or directory
Error opening file: No such file or directory
Error opening file: No such file or directory
Error opening file: No such file or directory
Error opening file: No such file or directory
ngle-file mode: 0600088d.bin is 0x00000020 bytes at the location pointed to by dirFileBuf(0x00279168), type 1f04
psiFileLoad in single-file mode: 0600088e.bin is 0x00000020 bytes at the location pointed to by dirFileBuf(0x00279168), type 1f04
psiFileLoad in single-file mode: 0600089d.bin is 0x00000020 bytes at the location pointed to by dirFileBuf(0x00279168), type 1f04
psiFileLoad in single-file mode: 0600089f.bin is 0x00000020 bytes at the location pointed to by dirFileBuf(0x00279168), type 1f04
psiFileLoad in single-file mode: 060008a0.bin is 0x00000020 bytes at the location pointed to by dirFileBuf(0x00279168), type 1f04
psiFileLoad in single-file mode: 060008b7.bin is 0x00000020 bytes at the location pointed to by dirFileBuf(0x00279168), type 1f04
psiFileLoad in single-file mode: 060003a7.bin is 0x00000040 bytes at the location pointed to by dirFileBuf(0x00279168), type 1f04
psiFileLoad in single-file mode: 060008c9.bin is 0x00000020 bytes at the location pointed to by dirFileBuf(0x00279168), type 1f04
psiFileLoad in single-file mode: 060008ee.bin is 0x00000020 bytes at the location pointed to by dirFileBuf(0x00279168), type 1f04
psiFileLoad in single-file mode: 06000916.bin is 0x00000020 bytes at the location pointed to by dirFileBuf(0x00279168), type 1f04
psiFileLoad in single-file mode: 060003a9.bin is 0x00000040 bytes at the location pointed to by dirFileBuf(0x00279168), type 1f04
psiFileLoad in single-file mode: 06000953.bin is 0x00000020 bytes at the location pointed to by dirFileBuf(0x00279168), type 1f04
psiFileLoad in single-file mode: 0600095f.bin is 0x00000020 bytes at the location pointed to by dirFileBuf(0x00279168), type 1f04
psiFileLoad in single-file mode: 060003e9.bin is 0x00000020 bytes at the location pointed to by dirFileBuf(0x00279168), type 1f04
psiFileLoad in single-file mode: 06000995.bin is 0x00000060 bytes at the location pointed to by dirFileBuf(0x00279168), type 1f04
psiFileLoad in single-file mode: 06000996.bin is 0x00000080 bytes at the location pointed to by dirFileBuf(0x00279168), type 1f04
psiFileLoad in single-file mode: 06000997.bin is 0x000000a0 bytes at the location pointed to by dirFileBuf(0x00279168), type 1f04
psiFileLoad in single-file mode: 0600099a.bin is 0x00000020 bytes at the location pointed to by dirFileBuf(0x00279168), type 1f04
psiFileLoad in single-file mode: 0600099b.bin is 0x00000020 bytes at the location pointed to by dirFileBuf(0x00279168), type 1f04
psiFileLoad in single-file mode: 060009e6.bin is 0x00000020 bytes at the location pointed to by dirFileBuf(0x00279168), type 1f04
psiFileLoad in single-file mode: 060009e7.bin is 0x00000020 bytes at the location pointed to by dirFileBuf(0x00279168), type 1f04
psiFileLoad in single-file mode: 060009ff.bin is 0x00000020 bytes at the location pointed to by dirFileBuf(0x00279168), type 1f04
psiFileLoad in single-file mode: 06000a00.bin is 0x00000020 bytes at the location pointed to by dirFileBuf(0x00279168), type 1f04
psiFileLoad in single-file mode: 06000a1c.bin is 0x00000020 bytes at the location pointed to by dirFileBuf(0x00279168), type 1f04
psiFileLoad in single-file mode: 06000404.bin is 0x00000020 bytes at the location pointed to by dirFileBuf(0x00279168), type 1f04
psiFileLoad in single-file mode: 06000406.bin is 0x00000020 bytes at the location pointed to by dirFileBuf(0x00279168), type 1f04
psiFileLoad in single-file mode: 06000a24.bin is 0x00000020 bytes at the location pointed to by dirFileBuf(0x00279168), type 1f04
psiFileLoad in single-file mode: 06000a3a.bin is 0x00000020 bytes at the location pointed to by dirFileBuf(0x00279168), type 1f04
psiFileLoad in single-file mode: 06000229.bin is 0x00000040 bytes at the location pointed to by dirFileBuf(0x00279168), type 1f04
psiFileLoad in single-file mode: 06000223.bin is 0x00000020 bytes at the location pointed to by dirFileBuf(0x00279168), type 1f04
psiFileLoad in single-file mode: 06000222.bin is 0x00000020 bytes at the location pointed to by dirFileBuf(0x00279168), type 1f04
psiFileLoad in single-file mode: 06000221.bin is 0x00000020 bytes at the location pError opening file: No such file or directory
Error opening file: No such file or directory
Error opening file: No such file or directory
Error opening file: No such file or directory
Error opening file: No such file or directory
Error opening file: No such file or directory
Error opening file: No such file or directory
Error opening file: No such file or directory
Error opening file: No such file or directory
Error opening file: No such file or directory
Error opening file: No such file or directory
Error opening file: No such file or directory
Error opening file: No such file or directory
Error opening file: No such file or directory
Error opening file: No such file or directory
Error opening file: No such file or directory
Error opening file: No such file or directory
Error opening file: No such file or directory
Error opening file: No such file or directory
Error opening file: No such file or directory
Error opening file: No such file or directory
Error opening file: No such file or directory
Error opening file: No such file or directory
Error opening file: No such file or directory
Error opening file: No such file or directory
Error opening file: No such file or directory
Error opening file: No such file or directory
Error opening file: No such file or directory
Error opening file: No such file or directory
Error opening file: No such file or directory
Error opening file: No such file or directory
Error opening file: No such file or directory
ointed to by dirFileBuf(0x00279168), type 1f04
psiFileLoad in single-file mode: 0600021e.bin is 0x00000020 bytes at the location pointed to by dirFileBuf(0x00279168), type 1f04
psiFileLoad in single-file mode: 0600021c.bin is 0x00000040 bytes at the location pointed to by dirFileBuf(0x00279168), type 1f04
psiFileLoad in single-file mode: 0600021b.bin is 0x00000040 bytes at the location pointed to by dirFileBuf(0x00279168), type 1f04
psiFileLoad in single-file mode: 06000217.bin is 0x00000020 bytes at the location pointed to by dirFileBuf(0x00279168), type 1f04
psiFileLoad in single-file mode: 06000216.bin is 0x00000020 bytes at the location pointed to by dirFileBuf(0x00279168), type 1f04
psiFileLoad in single-file mode: 06000215.bin is 0x00000020 bytes at the location pointed to by dirFileBuf(0x00279168), type 1f04
psiFileLoad in single-file mode: 06000212.bin is 0x00000020 bytes at the location pointed to by dirFileBuf(0x00279168), type 1f04
psiFileLoad in single-file mode: 060001dd.bin is 0x00000020 bytes at the location pointed to by dirFileBuf(0x00279168), type 1f04
psiFileLoad in single-file mode: 060001dc.bin is 0x00000020 bytes at the location pointed to by dirFileBuf(0x00279168), type 1f04
psiFileLoad in single-file mode: 060001c2.bin is 0x00000020 bytes at the location pointed to by dirFileBuf(0x00279168), type 1f04
psiFileLoad in single-file mode: 060001c0.bin is 0x00000020 bytes at the location pointed to by dirFileBuf(0x00279168), type 1f04
psiFileLoad in single-file mode: 060001bf.bin is 0x00000020 bytes at the location pointed to by dirFileBuf(0x00279168), type 1f04
psiFileLoad in single-file mode: 060001be.bin is 0x00000020 bytes at the location pointed to by dirFileBuf(0x00279168), type 1f04
psiFileLoad in single-file mode: 060001bd.bin is 0x00000020 bytes at the location pointed to by dirFileBuf(0x00279168), type 1f04
psiFileLoad in single-file mode: 060001bc.bin is 0x00000020 bytes at the location pointed to by dirFileBuf(0x00279168), type 1f04
psiFileLoad in single-file mode: 060001bb.bin is 0x00000020 bytes at the location pointed to by dirFileBuf(0x00279168), type 1f04
psiFileLoad in single-file mode: 060001ba.bin is 0x00000020 bytes at the location pointed to by dirFileBuf(0x00279168), type 1f04
psiFileLoad in single-file mode: 060001b9.bin is 0x00000020 bytes at the location pointed to by dirFileBuf(0x00279168), type 1f04
psiFileLoad in single-file mode: 060001b8.bin is 0x00000020 bytes at the location pointed to by dirFileBuf(0x00279168), type 1f04
psiFileLoad in single-file mode: 060001b7.bin is 0x00000020 bytes at the location pointed to by dirFileBuf(0x00279168), type 1f04
psiFileLoad in single-file mode: 060001b6.bin is 0x00000020 bytes at the location pointed to by dirFileBuf(0x00279168), type 1f04
psiFileLoad in single-file mode: 060001b5.bin is 0x00000020 bytes at the location pointed to by dirFileBuf(0x00279168), type 1f04
psiFileLoad in single-file mode: 060001b3.bin is 0x00000040 bytes at the location pointed to by dirFileBuf(0x00279168), type 1f04
psiFileLoad in single-file mode: 060001b2.bin is 0x00000020 bytes at the location pointed to by dirFileBuf(0x00279168), type 1f04
psiFileLoad in single-file mode: 060001b1.bin is 0x00000040 bytes at the location pointed to by dirFileBuf(0x00279168), type 1f04
psiFileLoad in single-file mode: 060001b0.bin is 0x00000040 bytes at the location pointed to by dirFileBuf(0x00279168), type 1f04
psiFileLoad in single-file mode: 060001ae.bin is 0x00000040 bytes at the location pointed to by dirFileBuf(0x00279168), type 1f04
psiFileLoad in single-file mode: 060001ad.bin is 0x00000020 bytes at the location pointed to by dirFileBuf(0x00279168), type 1f04
psiFileLoad in single-file mode: 060001ac.bin is 0x00000040 bytes at the location pointed to by dirFileBuf(0x00279168), type 1f04
psiFileLoad in single-file mode: 060001ab.bin is 0x00000040 bytes at the location pointed to by dirFileBuf(0x00279168), type 1f04
psiFileLoad in single-file mode: 060001aa.bin is 0x00000040 bytes at the location pointed to by dirFileBuf(0x00279168), type 1f04
psiFileLoad in singError opening file: No such file or directory
Error opening file: No such file or directory
Error opening file: No such file or directory
Error opening file: No such file or directory
Error opening file: No such file or directory
Error opening file: No such file or directory
Error opening file: No such file or directory
Error opening file: No such file or directory
Error opening file: No such file or directory
Error opening file: No such file or directory
Error opening file: No such file or directory
Error opening file: No such file or directory
Error opening file: No such file or directory
Error opening file: No such file or directory
Error opening file: No such file or directory
Error opening file: No such file or directory
Error opening file: No such file or directory
Error opening file: No such file or directory
Error opening file: No such file or directory
Error opening file: No such file or directory
Error opening file: No such file or directory
Error opening file: No such file or directory
Error opening file: No such file or directory
Error opening file: No such file or directory
Error opening file: No such file or directory
Error opening file: No such file or directory
Error opening file: No such file or directory
Error opening file: No such file or directory
Error opening file: No such file or directory
Error opening file: No such file or directory
Error opening file: No such file or directory
le-file mode: 060001a9.bin is 0x00000040 bytes at the location pointed to by dirFileBuf(0x00279168), type 1f04
psiFileLoad in single-file mode: 060001a8.bin is 0x00000040 bytes at the location pointed to by dirFileBuf(0x00279168), type 1f04
psiFileLoad in single-file mode: 060001a7.bin is 0x00000040 bytes at the location pointed to by dirFileBuf(0x00279168), type 1f04
psiFileLoad in single-file mode: 060001a6.bin is 0x00000020 bytes at the location pointed to by dirFileBuf(0x00279168), type 1f04
psiFileLoad in single-file mode: 060001a5.bin is 0x00000020 bytes at the location pointed to by dirFileBuf(0x00279168), type 1f04
psiFileLoad in single-file mode: 060001a3.bin is 0x00000020 bytes at the location pointed to by dirFileBuf(0x00279168), type 1f04
psiFileLoad in single-file mode: 060001a2.bin is 0x00000040 bytes at the location pointed to by dirFileBuf(0x00279168), type 1f04
psiFileLoad in single-file mode: 0600018f.bin is 0x00000040 bytes at the location pointed to by dirFileBuf(0x00279168), type 1f04
psiFileLoad in single-file mode: 06000188.bin is 0x00000020 bytes at the location pointed to by dirFileBuf(0x00279168), type 1f04
psiFileLoad in single-file mode: 06000187.bin is 0x00000020 bytes at the location pointed to by dirFileBuf(0x00279168), type 1f04
psiFileLoad in single-file mode: 06000186.bin is 0x00000040 bytes at the location pointed to by dirFileBuf(0x00279168), type 1f04
psiFileLoad in single-file mode: 06000184.bin is 0x00000020 bytes at the location pointed to by dirFileBuf(0x00279168), type 1f04
psiFileLoad in single-file mode: 06000182.bin is 0x00000020 bytes at the location pointed to by dirFileBuf(0x00279168), type 1f04
psiFileLoad in single-file mode: 06000177.bin is 0x00000040 bytes at the location pointed to by dirFileBuf(0x00279168), type 1f04
psiFileLoad in single-file mode: 06000176.bin is 0x00000040 bytes at the location pointed to by dirFileBuf(0x00279168), type 1f04
psiFileLoad in single-file mode: 06000167.bin is 0x00000040 bytes at the location pointed to by dirFileBuf(0x00279168), type 1f04
psiFileLoad in single-file mode: 06000161.bin is 0x00000040 bytes at the location pointed to by dirFileBuf(0x00279168), type 1f04
psiFileLoad in single-file mode: 0600015c.bin is 0x00000040 bytes at the location pointed to by dirFileBuf(0x00279168), type 1f04
psiFileLoad in single-file mode: 0600015b.bin is 0x00000040 bytes at the location pointed to by dirFileBuf(0x00279168), type 1f04
psiFileLoad in single-file mode: 0600015a.bin is 0x00000040 bytes at the location pointed to by dirFileBuf(0x00279168), type 1f04
psiFileLoad in single-file mode: 06000159.bin is 0x00000040 bytes at the location pointed to by dirFileBuf(0x00279168), type 1f04
psiFileLoad in single-file mode: 06000158.bin is 0x00000040 bytes at the location pointed to by dirFileBuf(0x00279168), type 1f04
psiFileLoad in single-file mode: 06000157.bin is 0x00000040 bytes at the location pointed to by dirFileBuf(0x00279168), type 1f04
psiFileLoad in single-file mode: 06000156.bin is 0x00000040 bytes at the location pointed to by dirFileBuf(0x00279168), type 1f04
psiFileLoad in single-file mode: 06000155.bin is 0x00000040 bytes at the location pointed to by dirFileBuf(0x00279168), type 1f04
psiFileLoad in single-file mode: 06000151.bin is 0x00000040 bytes at the location pointed to by dirFileBuf(0x00279168), type 1f04
psiFileLoad in single-file mode: 0600014f.bin is 0x00000040 bytes at the location pointed to by dirFileBuf(0x00279168), type 1f04
psiFileLoad in single-file mode: 0600012a.bin is 0x00000020 bytes at the location pointed to by dirFileBuf(0x00279168), type 1f04
psiFileLoad in single-file mode: 06000129.bin is 0x00000020 bytes at the location pointed to by dirFileBuf(0x00279168), type 1f04
psiFileLoad in single-file mode: 06000128.bin is 0x00000020 bytes at the location pointed to by dirFileBuf(0x00279168), type 1f04
psiFileLoad in single-file mode: 06000127.bin is 0x00000020 bytes at the location pointed to by dirFileBuf(0x00279168), type 1f04
psiFileLoad in single-file mode: 06000126.bin is 0x00000040 bytes at the location poiError opening file: No such file or directory
Error opening file: No such file or directory
Error opening file: No such file or directory
Error opening file: No such file or directory
Error opening file: No such file or directory
Error opening file: No such file or directory
Error opening file: No such file or directory
Error opening file: No such file or directory
Error opening file: No such file or directory
Error opening file: No such file or directory
Error opening file: No such file or directory
Error opening file: No such file or directory
Error opening file: No such file or directory
Error opening file: No such file or directory
Error opening file: No such file or directory
Error opening file: No such file or directory
Error opening file: No such file or directory
Error opening file: No such file or directory
Error opening file: No such file or directory
Error opening file: No such file or directory
Error opening file: No such file or directory
Error opening file: No such file or directory
Error opening file: No such file or directory
Error opening file: No such file or directory
Error opening file: No such file or directory
Error opening file: No such file or directory
Error opening file: No such file or directory
Error opening file: No such file or directory
Error opening file: No such file or directory
Error opening file: No such file or directory
Error opening file: No such file or directory
Error opening file: No such file or directory
nted to by dirFileBuf(0x00279168), type 1f04
psiFileLoad in single-file mode: 06000120.bin is 0x00000020 bytes at the location pointed to by dirFileBuf(0x00279168), type 1f04
psiFileLoad in single-file mode: 0600011f.bin is 0x00000020 bytes at the location pointed to by dirFileBuf(0x00279168), type 1f04
psiFileLoad in single-file mode: 060000f9.bin is 0x00000020 bytes at the location pointed to by dirFileBuf(0x00279168), type 1f04
psiFileLoad in single-file mode: 060000f8.bin is 0x00000020 bytes at the location pointed to by dirFileBuf(0x00279168), type 1f04
psiFileLoad in single-file mode: 060000f7.bin is 0x00000020 bytes at the location pointed to by dirFileBuf(0x00279168), type 1f04
psiFileLoad in single-file mode: 060000f6.bin is 0x00000020 bytes at the location pointed to by dirFileBuf(0x00279168), type 1f04
psiFileLoad in single-file mode: 060000f5.bin is 0x00000020 bytes at the location pointed to by dirFileBuf(0x00279168), type 1f04
psiFileLoad in single-file mode: 060000f4.bin is 0x00000020 bytes at the location pointed to by dirFileBuf(0x00279168), type 1f04
psiFileLoad in single-file mode: 060000f3.bin is 0x00000020 bytes at the location pointed to by dirFileBuf(0x00279168), type 1f04
psiFileLoad in single-file mode: 060000f2.bin is 0x00000020 bytes at the location pointed to by dirFileBuf(0x00279168), type 1f04
psiFileLoad in single-file mode: 060000f1.bin is 0x00000020 bytes at the location pointed to by dirFileBuf(0x00279168), type 1f04
psiFileLoad in single-file mode: 060000f0.bin is 0x00000020 bytes at the location pointed to by dirFileBuf(0x00279168), type 1f04
psiFileLoad in single-file mode: 060000ef.bin is 0x00000020 bytes at the location pointed to by dirFileBuf(0x00279168), type 1f04
psiFileLoad in single-file mode: 060000e9.bin is 0x00000020 bytes at the location pointed to by dirFileBuf(0x00279168), type 1f04
psiFileLoad in single-file mode: 060000e8.bin is 0x00000020 bytes at the location pointed to by dirFileBuf(0x00279168), type 1f04
psiFileLoad in single-file mode: 060000e7.bin is 0x00000020 bytes at the location pointed to by dirFileBuf(0x00279168), type 1f04
psiFileLoad in single-file mode: 060000e6.bin is 0x00000020 bytes at the location pointed to by dirFileBuf(0x00279168), type 1f04
psiFileLoad in single-file mode: 060000e5.bin is 0x00000020 bytes at the location pointed to by dirFileBuf(0x00279168), type 1f04
psiFileLoad in single-file mode: 060000e4.bin is 0x00000020 bytes at the location pointed to by dirFileBuf(0x00279168), type 1f04
psiFileLoad in single-file mode: 060000ce.bin is 0x00000040 bytes at the location pointed to by dirFileBuf(0x00279168), type 1f04
psiFileLoad in single-file mode: 060000cd.bin is 0x00000020 bytes at the location pointed to by dirFileBuf(0x00279168), type 1f04
psiFileLoad in single-file mode: 060000cc.bin is 0x00000020 bytes at the location pointed to by dirFileBuf(0x00279168), type 1f04
psiFileLoad in single-file mode: 060000cb.bin is 0x00000040 bytes at the location pointed to by dirFileBuf(0x00279168), type 1f04
psiFileLoad in single-file mode: 060000ca.bin is 0x00000020 bytes at the location pointed to by dirFileBuf(0x00279168), type 1f04
psiFileLoad in single-file mode: 060000b5.bin is 0x00000020 bytes at the location pointed to by dirFileBuf(0x00279168), type 1f04
psiFileLoad in single-file mode: 060000b4.bin is 0x00000020 bytes at the location pointed to by dirFileBuf(0x00279168), type 1f04
psiFileLoad in single-file mode: 060000a5.bin is 0x00000020 bytes at the location pointed to by dirFileBuf(0x00279168), type 1f04
psiFileLoad in single-file mode: 060000a4.bin is 0x00000020 bytes at the location pointed to by dirFileBuf(0x00279168), type 1f04
psiFileLoad in single-file mode: 06000093.bin is 0x00000020 bytes at the location pointed to by dirFileBuf(0x00279168), type 1f04
psiFileLoad in single-file mode: 06000092.bin is 0x00000020 bytes at the location pointed to by dirFileBuf(0x00279168), type 1f04
psiFileLoad in single-file mode: 06000228.bin is 0x00000040 bytes at the location pointed to by dirFileBuf(0x00279168), type 1f04
psiFileLoad in singleError opening file: No such file or directory
Error opening file: No such file or directory
Error opening file: No such file or directory
Error opening file: No such file or directory
Error opening file: No such file or directory
Error opening file: No such file or directory
Error opening file: No such file or directory
vkd3d:0118:fixme:D3DCompile2VKD3D Ignoring flags 0x8000.
[mvk-warn] VK_ERROR_FEATURE_NOT_PRESENT: Metal does not support disabling primitive restart.
[mvk-warn] VK_ERROR_FEATURE_NOT_PRESENT: Metal does not support disabling primitive restart.
[mvk-warn] VK_ERROR_FEATURE_NOT_PRESENT: Metal does not support disabling primitive restart.
vkd3d:0118:fixme:D3DCompile2VKD3D Ignoring flags 0x8000.
[mvk-warn] VK_ERROR_FEATURE_NOT_PRESENT: Metal does not support disabling primitive restart.
[mvk-warn] VK_ERROR_FEATURE_NOT_PRESENT: Metal does not support disabling primitive restart.
[mvk-warn] VK_ERROR_FEATURE_NOT_PRESENT: Metal does not support disabling primitive restart.
[mvk-warn] VK_ERROR_FEATURE_NOT_PRESENT: Metal does not support disabling primitive restart.
vkd3d:0118:fixme:D3DCompile2VKD3D Ignoring flags 0x8000.
[mvk-error] VK_SUCCESS: Found attribute with size (8) larger than it's binding's stride (6). Changing descriptor format from MTLVertexFormatShort4 to MTLVertexFormatShort3.
[mvk-error] VK_SUCCESS: Found attribute with size (8) larger than it's binding's stride (6). Changing descriptor format from MTLVertexFormatShort4 to MTLVertexFormatShort3.
[mvk-error] VK_SUCCESS: Found attribute with size (8) larger than it's binding's stride (6). Changing descriptor format from MTLVertexFormatShort4 to MTLVertexFormatShort3.
[mvk-error] VK_SUCCESS: Found attribute with size (8) larger than it's binding's stride (6). Changing descriptor format from MTLVertexFormatShort4 to MTLVertexFormatShort3.
[mvk-error] VK_SUCCESS: Found attribute with size (8) larger than it's binding's stride (6). Changing descriptor format from MTLVertexFormatShort4 to MTLVertexFormatShort3.
[mvk-error] VK_SUCCESS: Found attribute with size (8) larger than it's binding's stride (6). Changing descriptor format from MTLVertexFormatShort4 to MTLVertexFormatShort3.
[mvk-error] VK_SUCCESS: Found attribute with size (8) larger than it's binding's stride (6). Changing descriptor format from MTLVertexFormatShort4 to MTLVertexFormatShort3.
[mvk-error] VK_SUCCESS: Found attribute with size (8) larger than it's binding's stride (6). Changing descriptor format from MTLVertexFormatShort4 to MTLVertexFormatShort3.
[mvk-warn] VK_ERROR_FEATURE_NOT_PRESENT: Metal does not support disabling primitive restart.
vkd3d:0118:fixme:D3DCompile2VKD3D Ignoring flags 0x8000.
[mvk-warn] VK_ERROR_FEATURE_NOT_PRESENT: Metal does not support disabling primitive restart.
[mvk-warn] VK_ERROR_FEATURE_NOT_PRESENT: Metal does not support disabling primitive restart.
[mvk-warn] VK_ERROR_FEATURE_NOT_PRESENT: Metal does not support disabling primitive restart.
vkd3d:0118:fixme:D3DCompile2VKD3D Ignoring flags 0x8000.
[mvk-warn] VK_ERROR_FEATURE_NOT_PRESENT: Metal does not support disabling primitive restart.
[mvk-warn] VK_ERROR_FEATURE_NOT_PRESENT: Metal does not support disabling primitive restart.
[mvk-warn] VK_ERROR_FEATURE_NOT_PRESENT: Metal does not support disabling primitive restart.
vkd3d:0118:fixme:D3DCompile2VKD3D Ignoring flags 0x8000.
vkd3d:0118:fixme:D3DCompile2VKD3D Ignoring flags 0x8000.
vkd3d:0118:fixme:D3DCompile2VKD3D Ignoring flags 0x8000.
vkd3d:0118:fixme:D3DCompile2VKD3D Ignoring flags 0x8000.
[mvk-warn] VK_ERROR_FEATURE_NOT_PRESENT: Metal does not support disabling primitive restart.
vkd3d:0118:fixme:D3DCompile2VKD3D Ignoring flags 0x8000.
[mvk-warn] VK_ERROR_FEATURE_NOT_PRESENT: Metal does not support disabling primitive restart.
[mvk-warn] VK_ERROR_FEATURE_NOT_PRESENT: Metal does not support disabling primitive restart.
-file mode: 060004a8.bin is 0x00000020 bytes at the location pointed to by dirFileBuf(0x00279168), type 1f04
psiFileLoad in single-file mode: 06000224.bin is 0x00000020 bytes at the location pointed to by dirFileBuf(0x00279168), type 1f04
psiFileLoad in single-file mode: 060004a9.bin is 0x00000020 bytes at the location pointed to by dirFileBuf(0x00279168), type 1f04
psiFileLoad in single-file mode: 0600017b.bin is 0x00000040 bytes at the location pointed to by dirFileBuf(0x00279168), type 1f04
psiFileLoad in single-file mode: 0600017c.bin is 0x00000040 bytes at the location pointed to by dirFileBuf(0x00279168), type 1f04
psiFileLoad in single-file mode: 060001a4.bin is 0x00000020 bytes at the location pointed to by dirFileBuf(0x00279168), type 1f04
psiFileLoad in single-file mode: 01000099.bin is 0x00472ea0 bytes at the location pointed to by dirFileBuf(0x00279168), type 1704
[xa2] decoded 18432 bytes of 2-channel ADPCM at 0x050f4bdc -> 16384 samples (cache now 5 entries, 11.9 MB)
[xa2] decoded 27972 bytes of 1-channel ADPCM at 0x06ae5360 -> 49728 samples (cache now 6 entries, 12.0 MB)
[d3d9] shader 0 translated: 11 NV2A instructions, inputs 0x000d, outputs 0x0229, streams 0x001
[d3d9] shader 27 translated: 65 NV2A instructions, inputs 0x7f9f, outputs 0x0229, streams 0x1ff
[d3d9] shader 26 translated: 57 NV2A instructions, inputs 0x001f, outputs 0x0229, streams 0x001
[d3d9] shader 24 translated: 42 NV2A instructions, inputs 0x000f, outputs 0x0229, streams 0x001
[d3d9] shader 32 translated: 14 NV2A instructions, inputs 0x000f, outputs 0x0629, streams 0x001
[xa2] decoded 29772 bytes of 1-channel ADPCM at 0x067bfde8 -> 52928 samples (cache now 7 entries, 12.1 MB)
[xa2] decoded 105408 bytes of 1-channel ADPCM at 0x0679d444 -> 187392 samples (cache now 8 entries, 12.5 MB)
[xa2] decoded 7344 bytes of 1-channel ADPCM at 0x06bb1a98 -> 13056 samples (cache now 9 entries, 12.5 MB)
[d3d9] shader 129 translated: 17 NV2A instructions, inputs 0x006d, outputs 0x0069, streams 0x001
[xa2] decoded 3276 bytes of 1-channel ADPCM at 0x068e100c -> 5824 samples (cache now 10 entries, 12.5 MB)
[xa2] decoded 14364 bytes of 1-channel ADPCM at 0x06964880 -> 25536 samples (cache now 11 entries, 12.6 MB)
[xa2] decoded 6372 bytes of 1-channel ADPCM at 0x06809540 -> 11328 samples (cache now 12 entries, 12.6 MB)
[xa2] decoded 3924 bytes of 1-channel ADPCM at 0x06888b54 -> 6976 samples (cache now 13 entries, 12.6 MB)
[xa2] decoded 12132 bytes of 1-channel ADPCM at 0x0696809c -> 21568 samples (cache now 14 entries, 12.6 MB)
[d3d9] shader 64 translated: 14 NV2A instructions, inputs 0x000d, outputs 0x0229, streams 0x001
[xa2] decoded 10296 bytes of 1-channel ADPCM at 0x06a2a394 -> 18304 samples (cache now 15 entries, 12.7 MB)
[xa2] decoded 6120 bytes of 1-channel ADPCM at 0x06807d58 -> 10880 samples (cache now 16 entries, 12.7 MB)
[d3d9] shader 22 translated: 46 NV2A instructions, inputs 0x001f, outputs 0x0229, streams 0x001
[d3d9] shader 20 translated: 31 NV2A instructions, inputs 0x000f, outputs 0x0229, streams 0x001
[d3d9] shader 23 translated: 54 NV2A instructions, inputs 0x7f9f, outputs 0x0229, streams 0x1ff
[perf] 33.5 fps (asked for 50), 27.8 ms working + 2.1 ms waiting per frame
[perf]   14.9 us per draw call
[perf]   constants: 145 uploads of 4538 registers per frame (31 per upload)
[perf]   draw mix: 1850 indexed, 0 direct, 6 immediate, 60 vertices each on average
[perf]   per frame: 1858 draws, 0 texture uploads, 1872 texture lookups costing 88136 comparisons (166 registered)
[perf]   per frame: 0 backbuffer captures, 0 render targets created, 1 buffers created
[perf] disc reads: 155 deferred, 0 completed synchronously (0%), 0 failed, 39064 KB
[mvk-error] VK_SUCCESS: Found attribute with size (8) larger than it's binding's stride (6). Changing descriptor format from MTLVertexFormatShort4 to MTLVertexFormatShort3.
[mvk-error] VK_SUCCESS: Found attribute with size (8) larger than it's binding's stride (6). Changing descriptor format from MTLVertexFormatShort4 to MTLVertexFormatShort3.
[mvk-error] VK_SUCCESS: Found attribute with size (8) larger than it's binding's stride (6). Changing descriptor format from MTLVertexFormatShort4 to MTLVertexFormatShort3.
[mvk-error] VK_SUCCESS: Found attribute with size (8) larger than it's binding's stride (6). Changing descriptor format from MTLVertexFormatShort4 to MTLVertexFormatShort3.
[mvk-error] VK_SUCCESS: Found attribute with size (8) larger than it's binding's stride (6). Changing descriptor format from MTLVertexFormatShort4 to MTLVertexFormatShort3.
[mvk-error] VK_SUCCESS: Found attribute with size (8) larger than it's binding's stride (6). Changing descriptor format from MTLVertexFormatShort4 to MTLVertexFormatShort3.
[mvk-error] VK_SUCCESS: Found attribute with size (8) larger than it's binding's stride (6). Changing descriptor format from MTLVertexFormatShort4 to MTLVertexFormatShort3.
[mvk-error] VK_SUCCESS: Found attribute with size (8) larger than it's binding's stride (6). Changing descriptor format from MTLVertexFormatShort4 to MTLVertexFormatShort3.
[mvk-error] VK_SUCCESS: Found attribute with size (8) larger than it's binding's stride (6). Changing descriptor format from MTLVertexFormatShort4 to MTLVertexFormatShort3.
[mvk-error] VK_SUCCESS: Found attribute with size (8) larger than it's binding's stride (6). Changing descriptor format from MTLVertexFormatShort4 to MTLVertexFormatShort3.
[mvk-error] VK_SUCCESS: Found attribute with size (8) larger than it's binding's stride (6). Changing descriptor format from MTLVertexFormatShort4 to MTLVertexFormatShort3.
[mvk-error] VK_SUCCESS: Found attribute with size (8) larger than it's binding's stride (6). Changing descriptor format from MTLVertexFormatShort4 to MTLVertexFormatShort3.
[mvk-error] VK_SUCCESS: Found attribute with size (8) larger than it's binding's stride (6). Changing descriptor format from MTLVertexFormatShort4 to MTLVertexFormatShort3.
[mvk-error] VK_SUCCESS: Found attribute with size (8) larger than it's binding's stride (6). Changing descriptor format from MTLVertexFormatShort4 to MTLVertexFormatShort3.
[mvk-error] VK_SUCCESS: Found attribute with size (8) larger than it's binding's stride (6). Changing descriptor format from MTLVertexFormatShort4 to MTLVertexFormatShort3.
[mvk-error] VK_SUCCESS: Found attribute with size (8) larger than it's binding's stride (6). Changing descriptor format from MTLVertexFormatShort4 to MTLVertexFormatShort3.
[mvk-warn] VK_ERROR_FEATURE_NOT_PRESENT: Metal does not support disabling primitive restart.
[mvk-warn] VK_ERROR_FEATURE_NOT_PRESENT: Metal does not support disabling primitive restart.
vkd3d:0118:fixme:D3DCompile2VKD3D Ignoring flags 0x8000.
vkd3d:0118:fixme:D3DCompile2VKD3D Ignoring flags 0x8000.
[mvk-warn] VK_ERROR_FEATURE_NOT_PRESENT: Metal does not support disabling primitive restart.
[mvk-warn] VK_ERROR_FEATURE_NOT_PRESENT: Metal does not support disabling primitive restart.
[mvk-warn] VK_ERROR_FEATURE_NOT_PRESENT: Metal does not support disabling primitive restart.
[mvk-warn] VK_ERROR_FEATURE_NOT_PRESENT: Metal does not support disabling primitive restart.
[mvk-warn] VK_ERROR_FEATURE_NOT_PRESENT: Metal does not support disabling primitive restart.
[mvk-warn] VK_ERROR_FEATURE_NOT_PRESENT: Metal does not support disabling primitive restart.
[mvk-warn] VK_ERROR_FEATURE_NOT_PRESENT: Metal does not support disabling primitive restart.
[mvk-warn] VK_ERROR_FEATURE_NOT_PRESENT: Metal does not support disabling primitive restart.
[mvk-warn] VK_ERROR_FEATURE_NOT_PRESENT: Metal does not support disabling primitive restart.
[mvk-warn] VK_ERROR_FEATURE_NOT_PRESENT: Metal does not support disabling primitive restart.
[xa2] decoded 14580 bytes of 1-channel ADPCM at 0x06960f8c -> 25920 samples (cache now 17 entries, 12.8 MB)
[xa2] SLOW decode: 3.0 ms for 154620 bytes
[xa2] decoded 154620 bytes of 1-channel ADPCM at 0x06af82d8 -> 274880 samples (cache now 18 entries, 13.3 MB)
[xa2] decoded 14256 bytes of 1-channel ADPCM at 0x069e3b7c -> 25344 samples (cache now 19 entries, 13.3 MB)
[d3d9] shader 4 translated: 26 NV2A instructions, inputs 0x000f, outputs 0x0229, streams 0x001
[d3d9] shader 8 translated: 37 NV2A instructions, inputs 0x000f, outputs 0x0229, streams 0x001
[xa2] decoded 17352 bytes of 1-channel ADPCM at 0x06bad6d0 -> 30848 samples (cache now 20 entries, 13.4 MB)
[xa2] decoded 1476 bytes of 1-channel ADPCM at 0x0676c424 -> 2624 samples (cache now 21 entries, 13.4 MB)
[xa2] decoded 14076 bytes of 1-channel ADPCM at 0x069d55fc -> 25024 samples (cache now 22 entries, 13.4 MB)
[xa2] decoded 15480 bytes of 1-channel ADPCM at 0x06b8b4e8 -> 27520 samples (cache now 23 entries, 13.5 MB)
[xa2] decoded 10656 bytes of 1-channel ADPCM at 0x0695e5ec -> 18944 samples (cache now 24 entries, 13.5 MB)
[xa2] decoded 10620 bytes of 1-channel ADPCM at 0x068ab738 -> 18880 samples (cache now 25 entries, 13.6 MB)
[xa2] decoded 5904 bytes of 1-channel ADPCM at 0x068b676c -> 10496 samples (cache now 26 entries, 13.6 MB)
[xa2] decoded 23652 bytes of 1-channel ADPCM at 0x06a7afc8 -> 42048 samples (cache now 27 entries, 13.7 MB)
[xa2] decoded 19224 bytes of 1-channel ADPCM at 0x069f539c -> 34176 samples (cache now 28 entries, 13.7 MB)
[xa2] decoded 4860 bytes of 1-channel ADPCM at 0x06bb3748 -> 8640 samples (cache now 29 entries, 13.7 MB)
[xa2] decoded 23436 bytes of 1-channel ADPCM at 0x069458a8 -> 41664 samples (cache now 30 entries, 13.8 MB)
[xa2] decoded 9972 bytes of 1-channel ADPCM at 0x067800b0 -> 17728 samples (cache now 31 entries, 13.9 MB)
[xa2] decoded 7560 bytes of 1-channel ADPCM at 0x06a918e8 -> 13440 samples (cache now 32 entries, 13.9 MB)
[perf] 51.1 fps (asked for 50), 16.8 ms working + 2.8 ms waiting per frame
[perf]   11.2 us per draw call
[perf]   constants: 113 uploads of 3785 registers per frame (33 per upload)
[perf]   draw mix: 1489 indexed, 1 direct, 8 immediate, 60 vertices each on average
[perf]   per frame: 1500 draws, 0 texture uploads, 1506 texture lookups costing 71351 comparisons (172 registered)
[perf]   per frame: 0 backbuffer captures, 0 render targets created, 1 buffers created
[perf] disc reads: 176 deferred, 0 completed synchronously (0%), 0 failed, 39480 KB
[xa2] decoded 9180 bytes of 1-channel ADPCM at 0x068af5cc -> 16320 samples (cache now 33 entries, 13.9 MB)
[xa2] decoded 10620 bytes of 1-channel ADPCM at 0x06a667d8 -> 18880 samples (cache now 34 entries, 14.0 MB)
[xa2] decoded 15768 bytes of 1-channel ADPCM at 0x068bc808 -> 28032 samples (cache now 35 entries, 14.0 MB)
[xa2] decoded 17208 bytes of 1-channel ADPCM at 0x068c05a0 -> 30592 samples (cache now 36 entries, 14.1 MB)
[xa2] decoded 14616 bytes of 1-channel ADPCM at 0x068f1e9c -> 25984 samples (cache now 37 entries, 14.1 MB)
[xa2] decoded 10368 bytes of 1-channel ADPCM at 0x068ef61c -> 18432 samples (cache now 38 entries, 14.1 MB)
[xa2] decoded 2520 bytes of 1-channel ADPCM at 0x06bac4d0 -> 4480 samples (cache now 39 entries, 14.2 MB)
[xa2] decoded 9468 bytes of 1-channel ADPCM at 0x067827a4 -> 16832 samples (cache now 40 entries, 14.2 MB)
[xa2] decoded 2880 bytes of 1-channel ADPCM at 0x06bab990 -> 5120 samples (cache now 41 entries, 14.2 MB)
[xa2] decoded 2088 bytes of 1-channel ADPCM at 0x06bacea8 -> 3712 samples (cache now 42 entries, 14.2 MB)
[xa2] decoded 9864 bytes of 1-channel ADPCM at 0x06773534 -> 17536 samples (cache now 43 entries, 14.2 MB)
[xa2] decoded 15336 bytes of 1-channel ADPCM at 0x068f8a9c -> 27264 samples (cache now 44 entries, 14.3 MB)
[xa2] decoded 18360 bytes of 1-channel ADPCM at 0x069ec7f8 -> 32640 samples (cache now 45 entries, 14.4 MB)
[xa2] decoded 36324 bytes of 1-channel ADPCM at 0x067b7004 -> 64576 samples (cache now 46 entries, 14.5 MB)
[perf] 50.0 fps (asked for 50), 11.0 ms working + 9.0 ms waiting per frame
[perf]   9.0 us per draw call
[perf]   constants: 105 uploads of 3301 registers per frame (31 per upload)
[perf]   draw mix: 1209 indexed, 1 direct, 6 immediate, 55 vertices each on average
[perf]   per frame: 1217 draws, 0 texture uploads, 1222 texture lookups costing 58615 comparisons (177 registered)
[perf]   per frame: 0 backbuffer captures, 0 render targets created, 1 buffers created
[perf] disc reads: 189 deferred, 0 completed synchronously (0%), 0 failed, 39740 KB
[xa2] decoded 10152 bytes of 1-channel ADPCM at 0x069f9eb4 -> 18048 samples (cache now 47 entries, 14.5 MB)
[xa2] decoded 6300 bytes of 1-channel ADPCM at 0x0680ae24 -> 11200 samples (cache now 48 entries, 14.5 MB)
[xa2] decoded 6120 bytes of 1-channel ADPCM at 0x0680def0 -> 10880 samples (cache now 49 entries, 14.6 MB)
[xa2] decoded 7344 bytes of 1-channel ADPCM at 0x069d394c -> 13056 samples (cache now 50 entries, 14.6 MB)
[xa2] decoded 12456 bytes of 1-channel ADPCM at 0x069dac78 -> 22144 samples (cache now 51 entries, 14.6 MB)
[perf] 50.0 fps (asked for 50), 11.7 ms working + 8.3 ms waiting per frame
[perf]   10.4 us per draw call
[perf]   constants: 106 uploads of 3309 registers per frame (30 per upload)
[perf]   draw mix: 1117 indexed, 1 direct, 6 immediate, 54 vertices each on average
[perf]   per frame: 1124 draws, 0 texture uploads, 1127 texture lookups costing 55907 comparisons (177 registered)
[perf]   per frame: 0 backbuffer captures, 0 render targets created, 1 buffers created
[perf] disc reads: 203 deferred, 0 completed synchronously (0%), 0 failed, 40020 KB
vkd3d:0118:fixme:D3DCompile2VKD3D Ignoring flags 0x8000.
[mvk-warn] VK_ERROR_FEATURE_NOT_PRESENT: Metal does not support disabling primitive restart.
[mvk-warn] VK_ERROR_FEATURE_NOT_PRESENT: Metal does not support disabling primitive restart.
[xa2] decoded 5400 bytes of 1-channel ADPCM at 0x068ae0b4 -> 9600 samples (cache now 52 entries, 14.6 MB)
[d3d9] shader 16 translated: 17 NV2A instructions, inputs 0x000f, outputs 0x0229, streams 0x001
[xa2] decoded 9576 bytes of 1-channel ADPCM at 0x06a84b74 -> 17024 samples (cache now 53 entries, 14.7 MB)
[xa2] decoded 6156 bytes of 1-channel ADPCM at 0x068442bc -> 10944 samples (cache now 54 entries, 14.7 MB)
[xa2] decoded 9972 bytes of 1-channel ADPCM at 0x069521e4 -> 17728 samples (cache now 55 entries, 14.7 MB)
[xa2] decoded 12672 bytes of 1-channel ADPCM at 0x0694f064 -> 22528 samples (cache now 56 entries, 14.8 MB)
[xa2] decoded 4644 bytes of 1-channel ADPCM at 0x06846af4 -> 8256 samples (cache now 57 entries, 14.8 MB)
[xa2] decoded 10296 bytes of 1-channel ADPCM at 0x069548d8 -> 18304 samples (cache now 58 entries, 14.8 MB)
[xa2] decoded 1368 bytes of 1-channel ADPCM at 0x068ec430 -> 2432 samples (cache now 59 entries, 14.8 MB)
[xa2] decoded 4140 bytes of 1-channel ADPCM at 0x06845ac8 -> 7360 samples (cache now 60 entries, 14.8 MB)
[xa2] decoded 11160 bytes of 1-channel ADPCM at 0x06957110 -> 19840 samples (cache now 61 entries, 14.9 MB)
[xa2] decoded 13536 bytes of 1-channel ADPCM at 0x068c48d8 -> 24064 samples (cache now 62 entries, 14.9 MB)
[perf] 50.0 fps (asked for 50), 11.4 ms working + 8.6 ms waiting per frame
[perf]   13.8 us per draw call
[perf]   constants: 107 uploads of 3590 registers per frame (33 per upload)
[perf]   draw mix: 812 indexed, 1 direct, 8 immediate, 67 vertices each on average
[perf]   per frame: 822 draws, 0 texture uploads, 828 texture lookups costing 47611 comparisons (181 registered)
[perf]   per frame: 0 backbuffer captures, 0 render targets created, 1 buffers created
[perf] disc reads: 216 deferred, 0 completed synchronously (0%), 0 failed, 40280 KB
[xa2] decoded 19116 bytes of 1-channel ADPCM at 0x068fc684 -> 33984 samples (cache now 63 entries, 15.0 MB)
[xa2] decoded 13032 bytes of 1-channel ADPCM at 0x068f57b4 -> 23168 samples (cache now 64 entries, 15.0 MB)
[xa2] decoded 1908 bytes of 1-channel ADPCM at 0x068eb32c -> 3392 samples (cache now 65 entries, 15.0 MB)
[xa2] decoded 2232 bytes of 1-channel ADPCM at 0x068ee2fc -> 3968 samples (cache now 66 entries, 15.0 MB)
[xa2] decoded 5868 bytes of 1-channel ADPCM at 0x06842bd0 -> 10432 samples (cache now 67 entries, 15.1 MB)
[xa2] decoded 13068 bytes of 1-channel ADPCM at 0x06a96bbc -> 23232 samples (cache now 68 entries, 15.1 MB)
[xa2] decoded 5616 bytes of 1-channel ADPCM at 0x068b3a24 -> 9984 samples (cache now 69 entries, 15.1 MB)
[xa2] decoded 16200 bytes of 1-channel ADPCM at 0x06a80c2c -> 28800 samples (cache now 70 entries, 15.2 MB)
[perf] 50.0 fps (asked for 50), 9.6 ms working + 10.4 ms waiting per frame
[perf]   11.9 us per draw call
[perf]   constants: 109 uploads of 3529 registers per frame (32 per upload)
[perf]   draw mix: 795 indexed, 1 direct, 7 immediate, 63 vertices each on average
[perf]   per frame: 804 draws, 0 texture uploads, 809 texture lookups costing 46775 comparisons (181 registered)
[perf]   per frame: 0 backbuffer captures, 0 render targets created, 1 buffers created
[perf] disc reads: 230 deferred, 0 completed synchronously (0%), 0 failed, 40560 KB
vkd3d:0118:fixme:D3DCompile2VKD3D Ignoring flags 0x8000.
[mvk-warn] VK_ERROR_FEATURE_NOT_PRESENT: Metal does not support disabling primitive restart.
[mvk-warn] VK_ERROR_FEATURE_NOT_PRESENT: Metal does not support disabling primitive restart.
[xa2] decoded 5256 bytes of 1-channel ADPCM at 0x068e2494 -> 9344 samples (cache now 71 entries, 15.2 MB)
[xa2] decoded 9288 bytes of 1-channel ADPCM at 0x06b93504 -> 16512 samples (cache now 72 entries, 15.2 MB)
[d3d9] shader 18 translated: 32 NV2A instructions, inputs 0x001f, outputs 0x0229, streams 0x001
[perf] 50.0 fps (asked for 50), 5.9 ms working + 14.1 ms waiting per frame
[perf]   28.4 us per draw call
[perf]   constants: 33 uploads of 1145 registers per frame (34 per upload)
[perf]   draw mix: 201 indexed, 0 direct, 6 immediate, 93 vertices each on average
[perf]   per frame: 208 draws, 0 texture uploads, 209 texture lookups costing 14301 comparisons (183 registered)
[perf]   per frame: 0 backbuffer captures, 0 render targets created, 0 buffers created
[perf] disc reads: 243 deferred, 0 completed synchronously (0%), 0 failed, 40800 KB
[xa2] decoded 6192 bytes of 1-channel ADPCM at 0x0680c6c0 -> 11008 samples (cache now 73 entries, 15.3 MB)
[perf] 50.0 fps (asked for 50), 3.6 ms working + 16.4 ms waiting per frame
[perf]   74.5 us per draw call
[perf]   constants: 12 uploads of 458 registers per frame (37 per upload)
[perf]   draw mix: 42 indexed, 0 direct, 6 immediate, 190 vertices each on average
[perf]   per frame: 48 draws, 0 texture uploads, 48 texture lookups costing 5213 comparisons (183 registered)
[perf]   per frame: 0 backbuffer captures, 0 render targets created, 0 buffers created
[perf] disc reads: 265 deferred, 0 completed synchronously (0%), 0 failed, 41234 KB
Error opening file: No such file or directory
Error opening file: No such file or directory
Error opening file: No such file or directory
Error opening file: No such file or directory
Error opening file: No such file or directory
Error opening file: No such file or directory
Error opening file: No such file or directory
Error opening file: No such file or directory
Error opening file: No such file or directory
Error opening file: No such file or directory
Error opening file: No such file or directory
Error opening file: No such file or directory
Error opening file: No such file or directory
Error opening file: No such file or directory
Error opening file: No such file or directory
Error opening file: No such file or directory
Error opening file: No such file or directory
Error opening file: No such file or directory
Error opening file: No such file or directory
Error opening file: No such file or directory
Error opening file: No such file or directory
Error opening file: No such file or directory
Error opening file: No such file or directory
Error opening file: No such file or directory
Error opening file: No such file or directory
[d3dSeam] level reset: released 500 texture, 520 vertex buffer and 432 index buffer slots.
[dsnd] entry points still unimplemented (calls so far): DirectSoundUseFullHRTF (no HRTF yet)=1 IDirectSound_DownloadEffectsImage (no I3DL2 reverb yet)=1
Mem_Init
Mem_Init: Heap: 0x043e0000, size: 0x02800000
Loading language 0 from file UKTxt.dat
psiFileLoad in multi-file mode: UKTxt.dat is 0x00021800 bytes starting at 0x06bb9edc, type 3604
hooked psiFileOpen: 07000500.bin
psiFileLoad in single-file mode: 010001D9.bin is 0x000002e0 bytes at the location pointed to by dirFileBuf(0x00279168), type 1704
psiFileLoad in single-file mode: 010001D8.bin is 0x000a04a0 bytes at the location pointed to by dirFileBuf(0x00279168), type 1704
psiFileLoad in single-file mode: 0100010F.bin is 0x00120d80 bytes at the location pointed to by dirFileBuf(0x00279168), type 1704
Playing background movie 07100006.xmv
[xa2] decoded 18432 bytes of 2-channel ADPCM at 0x069e75e4 -> 16384 samples (cache now 74 entries, 15.3 MB)
[d3dSeam] level reset: released 15 texture, 2 vertex buffer and 2 index buffer slots.
[dsnd] entry points still unimplemented (calls so far): DirectSoundUseFullHRTF (no HRTF yet)=1 IDirectSound_DownloadEffectsImage (no I3DL2 reverb yet)=1
Mem_Init
Mem_Init: Heap: 0x043e0000, size: 0x02800000
Loading language 0 from file UKTxt.dat
psiFileLoad in multi-file mode: UKTxt.dat is 0x00021800 bytes starting at 0x06bb9edc, type 3604
hooked psiFileOpen: 07000006.bin
psiFileLoad in single-file mode: 040002d8.bin is 0x00000100 bytes at the location pointed to by dirFileBuf(0x00279168), type 1e04
psiFileLoad in single-file mode: 04000018.bin is 0x00000a40 bytes at the location pointed to by dirFileBuf(0x00279168), type 1e04
psiFileLoad in single-file mode: 04000020.bin is 0x00003d20 bytes at the location pointed to by dirFileBuf(0x00279168), type 1e04
psiFileLoad in single-file mode: 04000021.bin is 0x000005c0 bytes at the location pointed to by dirFileBuf(0x00279168), type 1e04
psiFileLoad in single-file mode: 04000045.bin is 0x00001360 bytes at the location pointed to by dirFileBuf(0x00279168), type 1e04
psiFileLoad in single-file mode: 04000046.bin is 0x00002680 bytes at the location pointed to by dirFileBuf(0x00279168), type 1e04
psiFileLoad in single-file mode: 04000047.bin is 0x00000fc0 bytes at the location pointed to by dirFileBuf(0x00279168), type 1e04
psiFileLoad in single-file mode: 04000048.bin is 0x00000b20 bytes at the location pointed to by dirFileBuf(0x00279168), type 1e04
psiFileLoad in single-file mode: 04000049.bin is 0x00002440 bytes at the location pointed to by dirFileBuf(0x00279168), type 1e04
psiFileLoad in single-file mode: 04000063.bin is 0x00001f60 bytes at the location pointed to by dirFileBuf(0x00279168), type 1e04
psiFileLoad in single-file mode: 04000064.bin is 0x00008800 bytes at the location pointed to by dirFileBuf(0x00279168), type 1e04
psiFileLoad in single-file mode: 04000065.bin is 0x00000ce0 bytes at the location pointed to by dirFileBuf(0x00279168), type 1e04
psiFileLoad in single-file mode: 04000066.bin is 0x0000cfe0 bytes at the location pointed to by dirFileBuf(0x00279168), type 1e04
psiFileLoad in single-file mode: 04000069.bin is 0x000016e0 bytes at the location pointed to by dirFileBuf(0x00279168), type 1e04
psiFileLoad in single-file mode: 0400006a.bin is 0x0001a2c0 bytes at the location pointed to by dirFileBuf(0x00279168), type 1e04
psiFileLoad in single-file mode: 04000073.bin is 0x00000360 bytes at the location pointed to by dirFileBuf(0x00279168), type 1e04
psiFileLoad in single-file mode: 04000074.bin is 0x00000180 bytes at the location pointed to by dirFileBuf(0x00279168), type 1e04
psiFileLoad in single-file mode: 04000075.bin is 0x00000440 bytes at the location pointed to by dirFileBuf(0x00279168), type 1e04
psiFileLoad in single-file mode: 04000076.bin is 0x00000140 bytes at the location pointed to by dirFileBuf(0x00279168), type 1e04
psiFileLoad in single-file mode: 04000077.bin is 0x00000160 bytes at the location pointed to by dirFileBuf(0x00279168), type 1e04
psiFileLoad in single-file mode: Error opening file: No such file or directory
Error opening file: No such file or directory
Error opening file: No such file or directory
Error opening file: No such file or directory
Error opening file: No such file or directory
Error opening file: No such file or directory
Error opening file: No such file or directory
Error opening file: No such file or directory
Error opening file: No such file or directory
Error opening file: No such file or directory
Error opening file: No such file or directory
Error opening file: No such file or directory
Error opening file: No such file or directory
Error opening file: No such file or directory
Error opening file: No such file or directory
Error opening file: No such file or directory
Error opening file: No such file or directory
Error opening file: No such file or directory
Error opening file: No such file or directory
Error opening file: No such file or directory
Error opening file: No such file or directory
Error opening file: No such file or directory
Error opening file: No such file or directory
Error opening file: No such file or directory
Error opening file: No such file or directory
Error opening file: No such file or directory
Error opening file: No such file or directory
Error opening file: No such file or directory
Error opening file: No such file or directory
Error opening file: No such file or directory
Error opening file: No such file or directory
04000078.bin is 0x00000100 bytes at the location pointed to by dirFileBuf(0x00279168), type 1e04
psiFileLoad in single-file mode: 04000079.bin is 0x00000100 bytes at the location pointed to by dirFileBuf(0x00279168), type 1e04
psiFileLoad in single-file mode: 0400007a.bin is 0x00000100 bytes at the location pointed to by dirFileBuf(0x00279168), type 1e04
psiFileLoad in single-file mode: 0400007b.bin is 0x00000100 bytes at the location pointed to by dirFileBuf(0x00279168), type 1e04
psiFileLoad in single-file mode: 0400007c.bin is 0x00000100 bytes at the location pointed to by dirFileBuf(0x00279168), type 1e04
psiFileLoad in single-file mode: 0400007d.bin is 0x00000100 bytes at the location pointed to by dirFileBuf(0x00279168), type 1e04
psiFileLoad in single-file mode: 040000a0.bin is 0x000058c0 bytes at the location pointed to by dirFileBuf(0x00279168), type 1e04
psiFileLoad in single-file mode: 040000a2.bin is 0x00002be0 bytes at the location pointed to by dirFileBuf(0x00279168), type 1e04
psiFileLoad in single-file mode: 040000a3.bin is 0x0000a620 bytes at the location pointed to by dirFileBuf(0x00279168), type 1e04
psiFileLoad in single-file mode: 040000aa.bin is 0x00000400 bytes at the location pointed to by dirFileBuf(0x00279168), type 1e04
psiFileLoad in single-file mode: 040000af.bin is 0x00000300 bytes at the location pointed to by dirFileBuf(0x00279168), type 1e04
psiFileLoad in single-file mode: 040000b0.bin is 0x00000440 bytes at the location pointed to by dirFileBuf(0x00279168), type 1e04
psiFileLoad in single-file mode: 040000c0.bin is 0x00000260 bytes at the location pointed to by dirFileBuf(0x00279168), type 1e04
psiFileLoad in single-file mode: 040000cd.bin is 0x00004780 bytes at the location pointed to by dirFileBuf(0x00279168), type 1e04
psiFileLoad in single-file mode: 040000ce.bin is 0x00005e60 bytes at the location pointed to by dirFileBuf(0x00279168), type 1e04
psiFileLoad in single-file mode: 040000cf.bin is 0x000047a0 bytes at the location pointed to by dirFileBuf(0x00279168), type 1e04
psiFileLoad in single-file mode: 040000d0.bin is 0x00004e60 bytes at the location pointed to by dirFileBuf(0x00279168), type 1e04
psiFileLoad in single-file mode: 040000d1.bin is 0x00005b00 bytes at the location pointed to by dirFileBuf(0x00279168), type 1e04
psiFileLoad in single-file mode: 040000d2.bin is 0x00003e60 bytes at the location pointed to by dirFileBuf(0x00279168), type 1e04
psiFileLoad in single-file mode: 040000d3.bin is 0x00004720 bytes at the location pointed to by dirFileBuf(0x00279168), type 1e04
psiFileLoad in single-file mode: 040000d4.bin is 0x00004380 bytes at the location pointed to by dirFileBuf(0x00279168), type 1e04
psiFileLoad in single-file mode: 040000d9.bin is 0x0000bdc0 bytes at the location pointed to by dirFileBuf(0x00279168), type 1e04
psiFileLoad in single-file mode: 040000db.bin is 0x00006900 bytes at the location pointed to by dirFileBuf(0x00279168), type 1e04
psiFileLoad in single-file mode: 040000e7.bin is 0x000040c0 bytes at the location pointed to by dirFileBuf(0x00279168), type 1e04
psiFileLoad in single-file mode: 040000f0.bin is 0x00013640 bytes at the location pointed to by dirFileBuf(0x00279168), type 1e04
psiFileLoad in single-file mode: 040000f2.bin is 0x00002ce0 bytes at the location pointed to by dirFileBuf(0x00279168), type 1e04
psiFileLoad in single-file mode: 040000f3.bin is 0x00002080 bytes at the location pointed to by dirFileBuf(0x00279168), type 1e04
psiFileLoad in single-file mode: 040000f5.bin is 0x00003d00 bytes at the location pointed to by dirFileBuf(0x00279168), type 1e04
psiFileLoad in single-file mode: 040000f6.bin is 0x00003f20 bytes at the location pointed to by dirFileBuf(0x00279168), type 1e04
psiFileLoad in single-file mode: 040000fb.bin is 0x00002fc0 bytes at the location pointed to by dirFileBuf(0x00279168), type 1e04
psiFileLoad in single-file mode: 040000fd.bin is 0x000037c0 bytes at the location pointed to by dirFileBuf(0x00279168), type 1e04
psiFileLoad in single-file mode: 04000100.bin is 0x00009540 bytes at the location pointed to by dirError opening file: No such file or directory
Error opening file: No such file or directory
Error opening file: No such file or directory
Error opening file: No such file or directory
Error opening file: No such file or directory
Error opening file: No such file or directory
Error opening file: No such file or directory
Error opening file: No such file or directory
Error opening file: No such file or directory
Error opening file: No such file or directory
Error opening file: No such file or directory
Error opening file: No such file or directory
Error opening file: No such file or directory
Error opening file: No such file or directory
Error opening file: No such file or directory
Error opening file: No such file or directory
Error opening file: No such file or directory
Error opening file: No such file or directory
Error opening file: No such file or directory
Error opening file: No such file or directory
Error opening file: No such file or directory
Error opening file: No such file or directory
Error opening file: No such file or directory
Error opening file: No such file or directory
Error opening file: No such file or directory
Error opening file: No such file or directory
Error opening file: No such file or directory
Error opening file: No such file or directory
Error opening file: No such file or directory
Error opening file: No such file or directory
Error opening file: No such file or directory
Error opening file: No such file or directory
FileBuf(0x00279168), type 1e04
psiFileLoad in single-file mode: 04000101.bin is 0x000093c0 bytes at the location pointed to by dirFileBuf(0x00279168), type 1e04
psiFileLoad in single-file mode: 04000102.bin is 0x00001c00 bytes at the location pointed to by dirFileBuf(0x00279168), type 1e04
psiFileLoad in single-file mode: 04000109.bin is 0x00001a40 bytes at the location pointed to by dirFileBuf(0x00279168), type 1e04
psiFileLoad in single-file mode: 0400011c.bin is 0x00004380 bytes at the location pointed to by dirFileBuf(0x00279168), type 1e04
psiFileLoad in single-file mode: 0400011d.bin is 0x00003560 bytes at the location pointed to by dirFileBuf(0x00279168), type 1e04
psiFileLoad in single-file mode: 0400011e.bin is 0x00006cc0 bytes at the location pointed to by dirFileBuf(0x00279168), type 1e04
psiFileLoad in single-file mode: 04000120.bin is 0x00001720 bytes at the location pointed to by dirFileBuf(0x00279168), type 1e04
psiFileLoad in single-file mode: 04000121.bin is 0x00001f40 bytes at the location pointed to by dirFileBuf(0x00279168), type 1e04
psiFileLoad in single-file mode: 04000122.bin is 0x00004860 bytes at the location pointed to by dirFileBuf(0x00279168), type 1e04
psiFileLoad in single-file mode: 04000123.bin is 0x00002ba0 bytes at the location pointed to by dirFileBuf(0x00279168), type 1e04
psiFileLoad in single-file mode: 04000124.bin is 0x00002fe0 bytes at the location pointed to by dirFileBuf(0x00279168), type 1e04
psiFileLoad in single-file mode: 04000125.bin is 0x000035a0 bytes at the location pointed to by dirFileBuf(0x00279168), type 1e04
psiFileLoad in single-file mode: 04000126.bin is 0x00007200 bytes at the location pointed to by dirFileBuf(0x00279168), type 1e04
psiFileLoad in single-file mode: 04000127.bin is 0x00004e60 bytes at the location pointed to by dirFileBuf(0x00279168), type 1e04
psiFileLoad in single-file mode: 04000128.bin is 0x00002b40 bytes at the location pointed to by dirFileBuf(0x00279168), type 1e04
psiFileLoad in single-file mode: 04000129.bin is 0x00000e80 bytes at the location pointed to by dirFileBuf(0x00279168), type 1e04
psiFileLoad in single-file mode: 0400012b.bin is 0x00002420 bytes at the location pointed to by dirFileBuf(0x00279168), type 1e04
psiFileLoad in single-file mode: 0400012c.bin is 0x000045c0 bytes at the location pointed to by dirFileBuf(0x00279168), type 1e04
psiFileLoad in single-file mode: 0400012d.bin is 0x00004100 bytes at the location pointed to by dirFileBuf(0x00279168), type 1e04
psiFileLoad in single-file mode: 0400012e.bin is 0x00003060 bytes at the location pointed to by dirFileBuf(0x00279168), type 1e04
psiFileLoad in single-file mode: 0400012f.bin is 0x00000aa0 bytes at the location pointed to by dirFileBuf(0x00279168), type 1e04
psiFileLoad in single-file mode: 04000130.bin is 0x000033e0 bytes at the location pointed to by dirFileBuf(0x00279168), type 1e04
psiFileLoad in single-file mode: 04000131.bin is 0x000078c0 bytes at the location pointed to by dirFileBuf(0x00279168), type 1e04
psiFileLoad in single-file mode: 04000132.bin is 0x00003700 bytes at the location pointed to by dirFileBuf(0x00279168), type 1e04
psiFileLoad in single-file mode: 04000133.bin is 0x00000b60 bytes at the location pointed to by dirFileBuf(0x00279168), type 1e04
psiFileLoad in single-file mode: 04000134.bin is 0x00000a20 bytes at the location pointed to by dirFileBuf(0x00279168), type 1e04
psiFileLoad in single-file mode: 04000135.bin is 0x00002560 bytes at the location pointed to by dirFileBuf(0x00279168), type 1e04
psiFileLoad in single-file mode: 04000136.bin is 0x000019e0 bytes at the location pointed to by dirFileBuf(0x00279168), type 1e04
psiFileLoad in single-file mode: 04000137.bin is 0x00000a20 bytes at the location pointed to by dirFileBuf(0x00279168), type 1e04
psiFileLoad in single-file mode: 04000138.bin is 0x00001ee0 bytes at the location pointed to by dirFileBuf(0x00279168), type 1e04
psiFileLoad in single-file mode: 0400013a.bin is 0x00003e00 bytes at the location pointed to by dirFileBuf(0x00279168), type 1e04
psiFileLoad in single-file mode: 04Error opening file: No such file or directory
Error opening file: No such file or directory
Error opening file: No such file or directory
Error opening file: No such file or directory
Error opening file: No such file or directory
Error opening file: No such file or directory
Error opening file: No such file or directory
Error opening file: No such file or directory
Error opening file: No such file or directory
Error opening file: No such file or directory
Error opening file: No such file or directory
Error opening file: No such file or directory
Error opening file: No such file or directory
Error opening file: No such file or directory
Error opening file: No such file or directory
Error opening file: No such file or directory
Error opening file: No such file or directory
Error opening file: No such file or directory
Error opening file: No such file or directory
Error opening file: No such file or directory
Error opening file: No such file or directory
Error opening file: No such file or directory
Error opening file: No such file or directory
Error opening file: No such file or directory
Error opening file: No such file or directory
Error opening file: No such file or directory
Error opening file: No such file or directory
Error opening file: No such file or directory
Error opening file: No such file or directory
Error opening file: No such file or directory
Error opening file: No such file or directory
000152.bin is 0x00001aa0 bytes at the location pointed to by dirFileBuf(0x00279168), type 1e04
psiFileLoad in single-file mode: 04000153.bin is 0x00001d60 bytes at the location pointed to by dirFileBuf(0x00279168), type 1e04
psiFileLoad in single-file mode: 04000173.bin is 0x000259a0 bytes at the location pointed to by dirFileBuf(0x00279168), type 1e04
psiFileLoad in single-file mode: 04000174.bin is 0x00022060 bytes at the location pointed to by dirFileBuf(0x00279168), type 1e04
psiFileLoad in single-file mode: 0400018e.bin is 0x00005da0 bytes at the location pointed to by dirFileBuf(0x00279168), type 1e04
psiFileLoad in single-file mode: 0400018f.bin is 0x00005840 bytes at the location pointed to by dirFileBuf(0x00279168), type 1e04
psiFileLoad in single-file mode: 04000190.bin is 0x00006e40 bytes at the location pointed to by dirFileBuf(0x00279168), type 1e04
psiFileLoad in single-file mode: 04000194.bin is 0x00005440 bytes at the location pointed to by dirFileBuf(0x00279168), type 1e04
psiFileLoad in single-file mode: 04000196.bin is 0x000062c0 bytes at the location pointed to by dirFileBuf(0x00279168), type 1e04
psiFileLoad in single-file mode: 04000197.bin is 0x00005fc0 bytes at the location pointed to by dirFileBuf(0x00279168), type 1e04
psiFileLoad in single-file mode: 04000198.bin is 0x000089e0 bytes at the location pointed to by dirFileBuf(0x00279168), type 1e04
psiFileLoad in single-file mode: 04000199.bin is 0x000059c0 bytes at the location pointed to by dirFileBuf(0x00279168), type 1e04
psiFileLoad in single-file mode: 0400019a.bin is 0x00004dc0 bytes at the location pointed to by dirFileBuf(0x00279168), type 1e04
psiFileLoad in single-file mode: 0400019b.bin is 0x00004dc0 bytes at the location pointed to by dirFileBuf(0x00279168), type 1e04
psiFileLoad in single-file mode: 0400019c.bin is 0x00004780 bytes at the location pointed to by dirFileBuf(0x00279168), type 1e04
psiFileLoad in single-file mode: 0400019d.bin is 0x00004260 bytes at the location pointed to by dirFileBuf(0x00279168), type 1e04
psiFileLoad in single-file mode: 0400019e.bin is 0x00004e00 bytes at the location pointed to by dirFileBuf(0x00279168), type 1e04
psiFileLoad in single-file mode: 0400019f.bin is 0x000068e0 bytes at the location pointed to by dirFileBuf(0x00279168), type 1e04
psiFileLoad in single-file mode: 040001a0.bin is 0x000080a0 bytes at the location pointed to by dirFileBuf(0x00279168), type 1e04
psiFileLoad in single-file mode: 040001a1.bin is 0x00008960 bytes at the location pointed to by dirFileBuf(0x00279168), type 1e04
psiFileLoad in single-file mode: 040001a2.bin is 0x00005840 bytes at the location pointed to by dirFileBuf(0x00279168), type 1e04
psiFileLoad in single-file mode: 040001a3.bin is 0x00007b60 bytes at the location pointed to by dirFileBuf(0x00279168), type 1e04
psiFileLoad in single-file mode: 040001a4.bin is 0x00006680 bytes at the location pointed to by dirFileBuf(0x00279168), type 1e04
psiFileLoad in single-file mode: 040001a5.bin is 0x00006360 bytes at the location pointed to by dirFileBuf(0x00279168), type 1e04
psiFileLoad in single-file mode: 040001a6.bin is 0x00004dc0 bytes at the location pointed to by dirFileBuf(0x00279168), type 1e04
psiFileLoad in single-file mode: 040001a8.bin is 0x00004040 bytes at the location pointed to by dirFileBuf(0x00279168), type 1e04
psiFileLoad in single-file mode: 040001a9.bin is 0x00005ba0 bytes at the location pointed to by dirFileBuf(0x00279168), type 1e04
psiFileLoad in single-file mode: 040001aa.bin is 0x0000d180 bytes at the location pointed to by dirFileBuf(0x00279168), type 1e04
psiFileLoad in single-file mode: 040001ad.bin is 0x000063c0 bytes at the location pointed to by dirFileBuf(0x00279168), type 1e04
psiFileLoad in single-file mode: 040001ae.bin is 0x00006580 bytes at the location pointed to by dirFileBuf(0x00279168), type 1e04
psiFileLoad in single-file mode: 040001af.bin is 0x00006f00 bytes at the location pointed to by dirFileBuf(0x00279168), type 1e04
psiFileLoad in single-file mode: 040001b0.bin is 0x00006d40 bytes at the location pointed to by dirFiError opening file: No such file or directory
Error opening file: No such file or directory
Error opening file: No such file or directory
Error opening file: No such file or directory
Error opening file: No such file or directory
Error opening file: No such file or directory
Error opening file: No such file or directory
Error opening file: No such file or directory
Error opening file: No such file or directory
Error opening file: No such file or directory
Error opening file: No such file or directory
Error opening file: No such file or directory
Error opening file: No such file or directory
Error opening file: No such file or directory
Error opening file: No such file or directory
Error opening file: No such file or directory
Error opening file: No such file or directory
Error opening file: No such file or directory
Error opening file: No such file or directory
Error opening file: No such file or directory
Error opening file: No such file or directory
Error opening file: No such file or directory
Error opening file: No such file or directory
Error opening file: No such file or directory
Error opening file: No such file or directory
Error opening file: No such file or directory
Error opening file: No such file or directory
Error opening file: No such file or directory
Error opening file: No such file or directory
Error opening file: No such file or directory
Error opening file: No such file or directory
Error opening file: No such file or directory
leBuf(0x00279168), type 1e04
psiFileLoad in single-file mode: 040001b1.bin is 0x0000ab20 bytes at the location pointed to by dirFileBuf(0x00279168), type 1e04
psiFileLoad in single-file mode: 040001b3.bin is 0x00004fa0 bytes at the location pointed to by dirFileBuf(0x00279168), type 1e04
psiFileLoad in single-file mode: 040001b4.bin is 0x00004ea0 bytes at the location pointed to by dirFileBuf(0x00279168), type 1e04
psiFileLoad in single-file mode: 040001b6.bin is 0x00008820 bytes at the location pointed to by dirFileBuf(0x00279168), type 1e04
psiFileLoad in single-file mode: 040001b7.bin is 0x000162a0 bytes at the location pointed to by dirFileBuf(0x00279168), type 1e04
psiFileLoad in single-file mode: 040001b8.bin is 0x00000f40 bytes at the location pointed to by dirFileBuf(0x00279168), type 1e04
psiFileLoad in single-file mode: 040001b9.bin is 0x0000e980 bytes at the location pointed to by dirFileBuf(0x00279168), type 1e04
psiFileLoad in single-file mode: 040001ba.bin is 0x00000d60 bytes at the location pointed to by dirFileBuf(0x00279168), type 1e04
psiFileLoad in single-file mode: 040001bb.bin is 0x000076a0 bytes at the location pointed to by dirFileBuf(0x00279168), type 1e04
psiFileLoad in single-file mode: 040001bc.bin is 0x00009fa0 bytes at the location pointed to by dirFileBuf(0x00279168), type 1e04
psiFileLoad in single-file mode: 040001bd.bin is 0x00008580 bytes at the location pointed to by dirFileBuf(0x00279168), type 1e04
psiFileLoad in single-file mode: 040001be.bin is 0x00008e00 bytes at the location pointed to by dirFileBuf(0x00279168), type 1e04
psiFileLoad in single-file mode: 040001bf.bin is 0x000031a0 bytes at the location pointed to by dirFileBuf(0x00279168), type 1e04
psiFileLoad in single-file mode: 040001c0.bin is 0x00005bc0 bytes at the location pointed to by dirFileBuf(0x00279168), type 1e04
psiFileLoad in single-file mode: 040001c3.bin is 0x00006260 bytes at the location pointed to by dirFileBuf(0x00279168), type 1e04
psiFileLoad in single-file mode: 040001c4.bin is 0x00007d40 bytes at the location pointed to by dirFileBuf(0x00279168), type 1e04
psiFileLoad in single-file mode: 040001c5.bin is 0x0000a0a0 bytes at the location pointed to by dirFileBuf(0x00279168), type 1e04
psiFileLoad in single-file mode: 040001c6.bin is 0x00005fe0 bytes at the location pointed to by dirFileBuf(0x00279168), type 1e04
psiFileLoad in single-file mode: 040001c8.bin is 0x00013140 bytes at the location pointed to by dirFileBuf(0x00279168), type 1e04
psiFileLoad in single-file mode: 040001ca.bin is 0x00007fc0 bytes at the location pointed to by dirFileBuf(0x00279168), type 1e04
psiFileLoad in single-file mode: 040001cb.bin is 0x00004980 bytes at the location pointed to by dirFileBuf(0x00279168), type 1e04
psiFileLoad in single-file mode: 040001cc.bin is 0x00004cc0 bytes at the location pointed to by dirFileBuf(0x00279168), type 1e04
psiFileLoad in single-file mode: 040001ce.bin is 0x00003480 bytes at the location pointed to by dirFileBuf(0x00279168), type 1e04
psiFileLoad in single-file mode: 040001cf.bin is 0x00003020 bytes at the location pointed to by dirFileBuf(0x00279168), type 1e04
psiFileLoad in single-file mode: 040001d0.bin is 0x000022e0 bytes at the location pointed to by dirFileBuf(0x00279168), type 1e04
psiFileLoad in single-file mode: 040001d1.bin is 0x000037e0 bytes at the location pointed to by dirFileBuf(0x00279168), type 1e04
psiFileLoad in single-file mode: 040001d2.bin is 0x00008c20 bytes at the location pointed to by dirFileBuf(0x00279168), type 1e04
psiFileLoad in single-file mode: 040001d3.bin is 0x00001a00 bytes at the location pointed to by dirFileBuf(0x00279168), type 1e04
psiFileLoad in single-file mode: 040001d4.bin is 0x000019e0 bytes at the location pointed to by dirFileBuf(0x00279168), type 1e04
psiFileLoad in single-file mode: 040001d5.bin is 0x00000b20 bytes at the location pointed to by dirFileBuf(0x00279168), type 1e04
psiFileLoad in single-file mode: 040001d6.bin is 0x00001680 bytes at the location pointed to by dirFileBuf(0x00279168), type 1e04
psiFileLoad in single-file mode: 0400Error opening file: No such file or directory
Error opening file: No such file or directory
Error opening file: No such file or directory
Error opening file: No such file or directory
Error opening file: No such file or directory
Error opening file: No such file or directory
Error opening file: No such file or directory
Error opening file: No such file or directory
Error opening file: No such file or directory
Error opening file: No such file or directory
Error opening file: No such file or directory
Error opening file: No such file or directory
Error opening file: No such file or directory
Error opening file: No such file or directory
Error opening file: No such file or directory
Error opening file: No such file or directory
Error opening file: No such file or directory
Error opening file: No such file or directory
Error opening file: No such file or directory
Error opening file: No such file or directory
Error opening file: No such file or directory
Error opening file: No such file or directory
Error opening file: No such file or directory
Error opening file: No such file or directory
Error opening file: No such file or directory
Error opening file: No such file or directory
Error opening file: No such file or directory
Error opening file: No such file or directory
Error opening file: No such file or directory
Error opening file: No such file or directory
Error opening file: No such file or directory
01d7.bin is 0x00000b00 bytes at the location pointed to by dirFileBuf(0x00279168), type 1e04
psiFileLoad in single-file mode: 040001d8.bin is 0x00000f00 bytes at the location pointed to by dirFileBuf(0x00279168), type 1e04
psiFileLoad in single-file mode: 040001d9.bin is 0x000015a0 bytes at the location pointed to by dirFileBuf(0x00279168), type 1e04
psiFileLoad in single-file mode: 040001da.bin is 0x00001fa0 bytes at the location pointed to by dirFileBuf(0x00279168), type 1e04
psiFileLoad in single-file mode: 040001db.bin is 0x000049a0 bytes at the location pointed to by dirFileBuf(0x00279168), type 1e04
psiFileLoad in single-file mode: 040001dc.bin is 0x000028c0 bytes at the location pointed to by dirFileBuf(0x00279168), type 1e04
psiFileLoad in single-file mode: 040001dd.bin is 0x000032e0 bytes at the location pointed to by dirFileBuf(0x00279168), type 1e04
psiFileLoad in single-file mode: 040001de.bin is 0x000029c0 bytes at the location pointed to by dirFileBuf(0x00279168), type 1e04
psiFileLoad in single-file mode: 040001df.bin is 0x00003940 bytes at the location pointed to by dirFileBuf(0x00279168), type 1e04
psiFileLoad in single-file mode: 040001e0.bin is 0x000032c0 bytes at the location pointed to by dirFileBuf(0x00279168), type 1e04
psiFileLoad in single-file mode: 040001e1.bin is 0x000076e0 bytes at the location pointed to by dirFileBuf(0x00279168), type 1e04
psiFileLoad in single-file mode: 040001e2.bin is 0x00002900 bytes at the location pointed to by dirFileBuf(0x00279168), type 1e04
psiFileLoad in single-file mode: 040001e3.bin is 0x00002380 bytes at the location pointed to by dirFileBuf(0x00279168), type 1e04
psiFileLoad in single-file mode: 040001e5.bin is 0x00001980 bytes at the location pointed to by dirFileBuf(0x00279168), type 1e04
psiFileLoad in single-file mode: 040001e6.bin is 0x00001f60 bytes at the location pointed to by dirFileBuf(0x00279168), type 1e04
psiFileLoad in single-file mode: 040001ee.bin is 0x00005a20 bytes at the location pointed to by dirFileBuf(0x00279168), type 1e04
psiFileLoad in single-file mode: 040001ef.bin is 0x000061a0 bytes at the location pointed to by dirFileBuf(0x00279168), type 1e04
psiFileLoad in single-file mode: 040001f0.bin is 0x00005b40 bytes at the location pointed to by dirFileBuf(0x00279168), type 1e04
psiFileLoad in single-file mode: 040001f2.bin is 0x00001f00 bytes at the location pointed to by dirFileBuf(0x00279168), type 1e04
psiFileLoad in single-file mode: 040001f3.bin is 0x00002300 bytes at the location pointed to by dirFileBuf(0x00279168), type 1e04
psiFileLoad in single-file mode: 040001f4.bin is 0x00002040 bytes at the location pointed to by dirFileBuf(0x00279168), type 1e04
psiFileLoad in single-file mode: 040001f5.bin is 0x00002160 bytes at the location pointed to by dirFileBuf(0x00279168), type 1e04
psiFileLoad in single-file mode: 040001f6.bin is 0x00002a00 bytes at the location pointed to by dirFileBuf(0x00279168), type 1e04
psiFileLoad in single-file mode: 040001f8.bin is 0x00002880 bytes at the location pointed to by dirFileBuf(0x00279168), type 1e04
psiFileLoad in single-file mode: 040001f9.bin is 0x000026e0 bytes at the location pointed to by dirFileBuf(0x00279168), type 1e04
psiFileLoad in single-file mode: 040001fa.bin is 0x00000e20 bytes at the location pointed to by dirFileBuf(0x00279168), type 1e04
psiFileLoad in single-file mode: 040001fb.bin is 0x00001fa0 bytes at the location pointed to by dirFileBuf(0x00279168), type 1e04
psiFileLoad in single-file mode: 040001fc.bin is 0x00003960 bytes at the location pointed to by dirFileBuf(0x00279168), type 1e04
psiFileLoad in single-file mode: 040001fd.bin is 0x00003b40 bytes at the location pointed to by dirFileBuf(0x00279168), type 1e04
psiFileLoad in single-file mode: 04000202.bin is 0x000044a0 bytes at the location pointed to by dirFileBuf(0x00279168), type 1e04
psiFileLoad in single-file mode: 04000205.bin is 0x00001120 bytes at the location pointed to by dirFileBuf(0x00279168), type 1e04
psiFileLoad in single-file mode: 04000207.bin is 0x000046c0 bytes at the location pointed to by dirFileError opening file: No such file or directory
Error opening file: No such file or directory
Error opening file: No such file or directory
Error opening file: No such file or directory
Error opening file: No such file or directory
Error opening file: No such file or directory
Error opening file: No such file or directory
Error opening file: No such file or directory
Error opening file: No such file or directory
Error opening file: No such file or directory
Error opening file: No such file or directory
Error opening file: No such file or directory
Error opening file: No such file or directory
Error opening file: No such file or directory
Error opening file: No such file or directory
Error opening file: No such file or directory
Error opening file: No such file or directory
Error opening file: No such file or directory
Error opening file: No such file or directory
Error opening file: No such file or directory
Error opening file: No such file or directory
Error opening file: No such file or directory
Error opening file: No such file or directory
Error opening file: No such file or directory
Error opening file: No such file or directory
Error opening file: No such file or directory
Error opening file: No such file or directory
Error opening file: No such file or directory
Error opening file: No such file or directory
Error opening file: No such file or directory
Error opening file: No such file or directory
Error opening file: No such file or directory
Buf(0x00279168), type 1e04
psiFileLoad in single-file mode: 04000208.bin is 0x000041a0 bytes at the location pointed to by dirFileBuf(0x00279168), type 1e04
psiFileLoad in single-file mode: 04000209.bin is 0x000041c0 bytes at the location pointed to by dirFileBuf(0x00279168), type 1e04
psiFileLoad in single-file mode: 0400020a.bin is 0x00002180 bytes at the location pointed to by dirFileBuf(0x00279168), type 1e04
psiFileLoad in single-file mode: 0400020b.bin is 0x00000dc0 bytes at the location pointed to by dirFileBuf(0x00279168), type 1e04
psiFileLoad in single-file mode: 0400020c.bin is 0x00002460 bytes at the location pointed to by dirFileBuf(0x00279168), type 1e04
psiFileLoad in single-file mode: 0400020d.bin is 0x00000c40 bytes at the location pointed to by dirFileBuf(0x00279168), type 1e04
psiFileLoad in single-file mode: 04000210.bin is 0x00002600 bytes at the location pointed to by dirFileBuf(0x00279168), type 1e04
psiFileLoad in single-file mode: 04000211.bin is 0x00003fc0 bytes at the location pointed to by dirFileBuf(0x00279168), type 1e04
psiFileLoad in single-file mode: 04000212.bin is 0x00003040 bytes at the location pointed to by dirFileBuf(0x00279168), type 1e04
psiFileLoad in single-file mode: 0400021f.bin is 0x00003300 bytes at the location pointed to by dirFileBuf(0x00279168), type 1e04
psiFileLoad in single-file mode: 04000220.bin is 0x000065c0 bytes at the location pointed to by dirFileBuf(0x00279168), type 1e04
psiFileLoad in single-file mode: 04000221.bin is 0x00005a80 bytes at the location pointed to by dirFileBuf(0x00279168), type 1e04
psiFileLoad in single-file mode: 04000225.bin is 0x00004c40 bytes at the location pointed to by dirFileBuf(0x00279168), type 1e04
psiFileLoad in single-file mode: 04000226.bin is 0x00005620 bytes at the location pointed to by dirFileBuf(0x00279168), type 1e04
psiFileLoad in single-file mode: 04000227.bin is 0x00001b00 bytes at the location pointed to by dirFileBuf(0x00279168), type 1e04
psiFileLoad in single-file mode: 04000228.bin is 0x00001d20 bytes at the location pointed to by dirFileBuf(0x00279168), type 1e04
psiFileLoad in single-file mode: 04000229.bin is 0x00002ac0 bytes at the location pointed to by dirFileBuf(0x00279168), type 1e04
psiFileLoad in single-file mode: 0400022a.bin is 0x000032c0 bytes at the location pointed to by dirFileBuf(0x00279168), type 1e04
psiFileLoad in single-file mode: 0400022b.bin is 0x00003180 bytes at the location pointed to by dirFileBuf(0x00279168), type 1e04
psiFileLoad in single-file mode: 0400022c.bin is 0x00003c20 bytes at the location pointed to by dirFileBuf(0x00279168), type 1e04
psiFileLoad in single-file mode: 0400022d.bin is 0x00003cc0 bytes at the location pointed to by dirFileBuf(0x00279168), type 1e04
psiFileLoad in single-file mode: 0400022f.bin is 0x00002840 bytes at the location pointed to by dirFileBuf(0x00279168), type 1e04
psiFileLoad in single-file mode: 04000230.bin is 0x00002720 bytes at the location pointed to by dirFileBuf(0x00279168), type 1e04
psiFileLoad in single-file mode: 04000231.bin is 0x00002ba0 bytes at the location pointed to by dirFileBuf(0x00279168), type 1e04
psiFileLoad in single-file mode: 04000232.bin is 0x00002620 bytes at the location pointed to by dirFileBuf(0x00279168), type 1e04
psiFileLoad in single-file mode: 04000233.bin is 0x00003820 bytes at the location pointed to by dirFileBuf(0x00279168), type 1e04
psiFileLoad in single-file mode: 04000235.bin is 0x00003720 bytes at the location pointed to by dirFileBuf(0x00279168), type 1e04
psiFileLoad in single-file mode: 0400023a.bin is 0x00001400 bytes at the location pointed to by dirFileBuf(0x00279168), type 1e04
psiFileLoad in single-file mode: 0400023b.bin is 0x00001b80 bytes at the location pointed to by dirFileBuf(0x00279168), type 1e04
psiFileLoad in single-file mode: 0400023c.bin is 0x00000740 bytes at the location pointed to by dirFileBuf(0x00279168), type 1e04
psiFileLoad in single-file mode: 0400023d.bin is 0x00000c20 bytes at the location pointed to by dirFileBuf(0x00279168), type 1e04
psiFileLoad in single-file mode: 040002Error opening file: No such file or directory
Error opening file: No such file or directory
Error opening file: No such file or directory
Error opening file: No such file or directory
Error opening file: No such file or directory
Error opening file: No such file or directory
Error opening file: No such file or directory
Error opening file: No such file or directory
Error opening file: No such file or directory
Error opening file: No such file or directory
Error opening file: No such file or directory
Error opening file: No such file or directory
Error opening file: No such file or directory
Error opening file: No such file or directory
Error opening file: No such file or directory
Error opening file: No such file or directory
Error opening file: No such file or directory
Error opening file: No such file or directory
Error opening file: No such file or directory
Error opening file: No such file or directory
Error opening file: No such file or directory
Error opening file: No such file or directory
Error opening file: No such file or directory
Error opening file: No such file or directory
Error opening file: No such file or directory
Error opening file: No such file or directory
Error opening file: No such file or directory
Error opening file: No such file or directory
Error opening file: No such file or directory
Error opening file: No such file or directory
Error opening file: No such file or directory
3e.bin is 0x00001f20 bytes at the location pointed to by dirFileBuf(0x00279168), type 1e04
psiFileLoad in single-file mode: 0400023f.bin is 0x00000740 bytes at the location pointed to by dirFileBuf(0x00279168), type 1e04
psiFileLoad in single-file mode: 04000240.bin is 0x00000d60 bytes at the location pointed to by dirFileBuf(0x00279168), type 1e04
psiFileLoad in single-file mode: 04000241.bin is 0x000031c0 bytes at the location pointed to by dirFileBuf(0x00279168), type 1e04
psiFileLoad in single-file mode: 04000243.bin is 0x000034e0 bytes at the location pointed to by dirFileBuf(0x00279168), type 1e04
psiFileLoad in single-file mode: 04000244.bin is 0x00001d40 bytes at the location pointed to by dirFileBuf(0x00279168), type 1e04
psiFileLoad in single-file mode: 04000245.bin is 0x00002180 bytes at the location pointed to by dirFileBuf(0x00279168), type 1e04
psiFileLoad in single-file mode: 04000246.bin is 0x00002840 bytes at the location pointed to by dirFileBuf(0x00279168), type 1e04
psiFileLoad in single-file mode: 04000247.bin is 0x00000fa0 bytes at the location pointed to by dirFileBuf(0x00279168), type 1e04
psiFileLoad in single-file mode: 04000248.bin is 0x00001e80 bytes at the location pointed to by dirFileBuf(0x00279168), type 1e04
psiFileLoad in single-file mode: 04000249.bin is 0x00000740 bytes at the location pointed to by dirFileBuf(0x00279168), type 1e04
psiFileLoad in single-file mode: 0400024a.bin is 0x00000ea0 bytes at the location pointed to by dirFileBuf(0x00279168), type 1e04
psiFileLoad in single-file mode: 0400024b.bin is 0x00002460 bytes at the location pointed to by dirFileBuf(0x00279168), type 1e04
psiFileLoad in single-file mode: 0400024c.bin is 0x00000740 bytes at the location pointed to by dirFileBuf(0x00279168), type 1e04
psiFileLoad in single-file mode: 0400024d.bin is 0x00001060 bytes at the location pointed to by dirFileBuf(0x00279168), type 1e04
psiFileLoad in single-file mode: 0400024e.bin is 0x00002fe0 bytes at the location pointed to by dirFileBuf(0x00279168), type 1e04
psiFileLoad in single-file mode: 0400024f.bin is 0x00003720 bytes at the location pointed to by dirFileBuf(0x00279168), type 1e04
psiFileLoad in single-file mode: 04000250.bin is 0x000027c0 bytes at the location pointed to by dirFileBuf(0x00279168), type 1e04
psiFileLoad in single-file mode: 04000251.bin is 0x00001fc0 bytes at the location pointed to by dirFileBuf(0x00279168), type 1e04
psiFileLoad in single-file mode: 04000252.bin is 0x00001f00 bytes at the location pointed to by dirFileBuf(0x00279168), type 1e04
psiFileLoad in single-file mode: 04000253.bin is 0x00003660 bytes at the location pointed to by dirFileBuf(0x00279168), type 1e04
psiFileLoad in single-file mode: 04000254.bin is 0x00004040 bytes at the location pointed to by dirFileBuf(0x00279168), type 1e04
psiFileLoad in single-file mode: 04000255.bin is 0x000034a0 bytes at the location pointed to by dirFileBuf(0x00279168), type 1e04
psiFileLoad in single-file mode: 04000256.bin is 0x000040e0 bytes at the location pointed to by dirFileBuf(0x00279168), type 1e04
psiFileLoad in single-file mode: 04000257.bin is 0x00002f60 bytes at the location pointed to by dirFileBuf(0x00279168), type 1e04
psiFileLoad in single-file mode: 04000258.bin is 0x00003ae0 bytes at the location pointed to by dirFileBuf(0x00279168), type 1e04
psiFileLoad in single-file mode: 04000259.bin is 0x000041c0 bytes at the location pointed to by dirFileBuf(0x00279168), type 1e04
psiFileLoad in single-file mode: 0400025a.bin is 0x00002c20 bytes at the location pointed to by dirFileBuf(0x00279168), type 1e04
psiFileLoad in single-file mode: 0400025b.bin is 0x00002ee0 bytes at the location pointed to by dirFileBuf(0x00279168), type 1e04
psiFileLoad in single-file mode: 0400025c.bin is 0x00003ec0 bytes at the location pointed to by dirFileBuf(0x00279168), type 1e04
psiFileLoad in single-file mode: 0400025d.bin is 0x00003f20 bytes at the location pointed to by dirFileBuf(0x00279168), type 1e04
psiFileLoad in single-file mode: 0400025f.bin is 0x00001940 bytes at the location pointed to by dirFileBuError opening file: No such file or directory
Error opening file: No such file or directory
Error opening file: No such file or directory
Error opening file: No such file or directory
Error opening file: No such file or directory
Error opening file: No such file or directory
Error opening file: No such file or directory
Error opening file: No such file or directory
Error opening file: No such file or directory
Error opening file: No such file or directory
Error opening file: No such file or directory
Error opening file: No such file or directory
Error opening file: No such file or directory
Error opening file: No such file or directory
Error opening file: No such file or directory
Error opening file: No such file or directory
Error opening file: No such file or directory
Error opening file: No such file or directory
Error opening file: No such file or directory
Error opening file: No such file or directory
Error opening file: No such file or directory
Error opening file: No such file or directory
Error opening file: No such file or directory
Error opening file: No such file or directory
Error opening file: No such file or directory
Error opening file: No such file or directory
Error opening file: No such file or directory
Error opening file: No such file or directory
Error opening file: No such file or directory
Error opening file: No such file or directory
Error opening file: No such file or directory
Error opening file: No such file or directory
f(0x00279168), type 1e04
psiFileLoad in single-file mode: 04000260.bin is 0x000071a0 bytes at the location pointed to by dirFileBuf(0x00279168), type 1e04
psiFileLoad in single-file mode: 04000264.bin is 0x00002820 bytes at the location pointed to by dirFileBuf(0x00279168), type 1e04
psiFileLoad in single-file mode: 04000265.bin is 0x00002540 bytes at the location pointed to by dirFileBuf(0x00279168), type 1e04
psiFileLoad in single-file mode: 04000266.bin is 0x00002b80 bytes at the location pointed to by dirFileBuf(0x00279168), type 1e04
psiFileLoad in single-file mode: 04000267.bin is 0x000036c0 bytes at the location pointed to by dirFileBuf(0x00279168), type 1e04
psiFileLoad in single-file mode: 04000268.bin is 0x00004660 bytes at the location pointed to by dirFileBuf(0x00279168), type 1e04
psiFileLoad in single-file mode: 04000269.bin is 0x00002b60 bytes at the location pointed to by dirFileBuf(0x00279168), type 1e04
psiFileLoad in single-file mode: 0400026a.bin is 0x00000c40 bytes at the location pointed to by dirFileBuf(0x00279168), type 1e04
psiFileLoad in single-file mode: 0400026b.bin is 0x00000c20 bytes at the location pointed to by dirFileBuf(0x00279168), type 1e04
psiFileLoad in single-file mode: 0400026c.bin is 0x00002c60 bytes at the location pointed to by dirFileBuf(0x00279168), type 1e04
psiFileLoad in single-file mode: 0400026d.bin is 0x00001f80 bytes at the location pointed to by dirFileBuf(0x00279168), type 1e04
psiFileLoad in single-file mode: 0400026e.bin is 0x00003b00 bytes at the location pointed to by dirFileBuf(0x00279168), type 1e04
psiFileLoad in single-file mode: 0400026f.bin is 0x00003ca0 bytes at the location pointed to by dirFileBuf(0x00279168), type 1e04
psiFileLoad in single-file mode: 04000272.bin is 0x00006bc0 bytes at the location pointed to by dirFileBuf(0x00279168), type 1e04
psiFileLoad in single-file mode: 04000273.bin is 0x000023e0 bytes at the location pointed to by dirFileBuf(0x00279168), type 1e04
psiFileLoad in single-file mode: 04000274.bin is 0x00002880 bytes at the location pointed to by dirFileBuf(0x00279168), type 1e04
psiFileLoad in single-file mode: 04000277.bin is 0x000021c0 bytes at the location pointed to by dirFileBuf(0x00279168), type 1e04
psiFileLoad in single-file mode: 04000278.bin is 0x000024c0 bytes at the location pointed to by dirFileBuf(0x00279168), type 1e04
psiFileLoad in single-file mode: 04000279.bin is 0x00002500 bytes at the location pointed to by dirFileBuf(0x00279168), type 1e04
psiFileLoad in single-file mode: 0400027a.bin is 0x00003080 bytes at the location pointed to by dirFileBuf(0x00279168), type 1e04
psiFileLoad in single-file mode: 0400027b.bin is 0x00000ca0 bytes at the location pointed to by dirFileBuf(0x00279168), type 1e04
psiFileLoad in single-file mode: 0400027c.bin is 0x000039c0 bytes at the location pointed to by dirFileBuf(0x00279168), type 1e04
psiFileLoad in single-file mode: 0400027e.bin is 0x000027e0 bytes at the location pointed to by dirFileBuf(0x00279168), type 1e04
psiFileLoad in single-file mode: 0400027f.bin is 0x000030a0 bytes at the location pointed to by dirFileBuf(0x00279168), type 1e04
psiFileLoad in single-file mode: 04000280.bin is 0x00003000 bytes at the location pointed to by dirFileBuf(0x00279168), type 1e04
psiFileLoad in single-file mode: 04000281.bin is 0x00007820 bytes at the location pointed to by dirFileBuf(0x00279168), type 1e04
psiFileLoad in single-file mode: 04000282.bin is 0x00002c40 bytes at the location pointed to by dirFileBuf(0x00279168), type 1e04
psiFileLoad in single-file mode: 04000283.bin is 0x00003fe0 bytes at the location pointed to by dirFileBuf(0x00279168), type 1e04
psiFileLoad in single-file mode: 04000284.bin is 0x00003cc0 bytes at the location pointed to by dirFileBuf(0x00279168), type 1e04
psiFileLoad in single-file mode: 04000285.bin is 0x00003c00 bytes at the location pointed to by dirFileBuf(0x00279168), type 1e04
psiFileLoad in single-file mode: 04000286.bin is 0x00002960 bytes at the location pointed to by dirFileBuf(0x00279168), type 1e04
psiFileLoad in single-file mode: 04000287Error opening file: No such file or directory
Error opening file: No such file or directory
Error opening file: No such file or directory
Error opening file: No such file or directory
Error opening file: No such file or directory
Error opening file: No such file or directory
Error opening file: No such file or directory
Error opening file: No such file or directory
Error opening file: No such file or directory
Error opening file: No such file or directory
Error opening file: No such file or directory
Error opening file: No such file or directory
Error opening file: No such file or directory
Error opening file: No such file or directory
Error opening file: No such file or directory
Error opening file: No such file or directory
Error opening file: No such file or directory
Error opening file: No such file or directory
Error opening file: No such file or directory
Error opening file: No such file or directory
Error opening file: No such file or directory
Error opening file: No such file or directory
Error opening file: No such file or directory
Error opening file: No such file or directory
Error opening file: No such file or directory
Error opening file: No such file or directory
Error opening file: No such file or directory
Error opening file: No such file or directory
Error opening file: No such file or directory
Error opening file: No such file or directory
Error opening file: No such file or directory
.bin is 0x00002f60 bytes at the location pointed to by dirFileBuf(0x00279168), type 1e04
psiFileLoad in single-file mode: 04000288.bin is 0x000029e0 bytes at the location pointed to by dirFileBuf(0x00279168), type 1e04
psiFileLoad in single-file mode: 04000289.bin is 0x00002b80 bytes at the location pointed to by dirFileBuf(0x00279168), type 1e04
psiFileLoad in single-file mode: 0400028a.bin is 0x00000b40 bytes at the location pointed to by dirFileBuf(0x00279168), type 1e04
psiFileLoad in single-file mode: 0400028b.bin is 0x00004c40 bytes at the location pointed to by dirFileBuf(0x00279168), type 1e04
psiFileLoad in single-file mode: 0400028c.bin is 0x00002aa0 bytes at the location pointed to by dirFileBuf(0x00279168), type 1e04
psiFileLoad in single-file mode: 0400028e.bin is 0x00002820 bytes at the location pointed to by dirFileBuf(0x00279168), type 1e04
psiFileLoad in single-file mode: 0400028f.bin is 0x00002c40 bytes at the location pointed to by dirFileBuf(0x00279168), type 1e04
psiFileLoad in single-file mode: 04000290.bin is 0x00003d00 bytes at the location pointed to by dirFileBuf(0x00279168), type 1e04
psiFileLoad in single-file mode: 04000292.bin is 0x00007f80 bytes at the location pointed to by dirFileBuf(0x00279168), type 1e04
psiFileLoad in single-file mode: 04000293.bin is 0x00001560 bytes at the location pointed to by dirFileBuf(0x00279168), type 1e04
psiFileLoad in single-file mode: 04000294.bin is 0x00001cc0 bytes at the location pointed to by dirFileBuf(0x00279168), type 1e04
psiFileLoad in single-file mode: 04000295.bin is 0x00003100 bytes at the location pointed to by dirFileBuf(0x00279168), type 1e04
psiFileLoad in single-file mode: 04000296.bin is 0x00002240 bytes at the location pointed to by dirFileBuf(0x00279168), type 1e04
psiFileLoad in single-file mode: 04000297.bin is 0x00002ca0 bytes at the location pointed to by dirFileBuf(0x00279168), type 1e04
psiFileLoad in single-file mode: 04000298.bin is 0x00005ae0 bytes at the location pointed to by dirFileBuf(0x00279168), type 1e04
psiFileLoad in single-file mode: 04000299.bin is 0x00004b00 bytes at the location pointed to by dirFileBuf(0x00279168), type 1e04
psiFileLoad in single-file mode: 0400029a.bin is 0x00003c80 bytes at the location pointed to by dirFileBuf(0x00279168), type 1e04
psiFileLoad in single-file mode: 0400029b.bin is 0x00001060 bytes at the location pointed to by dirFileBuf(0x00279168), type 1e04
psiFileLoad in single-file mode: 0400029c.bin is 0x000056a0 bytes at the location pointed to by dirFileBuf(0x00279168), type 1e04
psiFileLoad in single-file mode: 0400029e.bin is 0x00003a00 bytes at the location pointed to by dirFileBuf(0x00279168), type 1e04
psiFileLoad in single-file mode: 0400029f.bin is 0x000033c0 bytes at the location pointed to by dirFileBuf(0x00279168), type 1e04
psiFileLoad in single-file mode: 040002a0.bin is 0x00004c00 bytes at the location pointed to by dirFileBuf(0x00279168), type 1e04
psiFileLoad in single-file mode: 040002a1.bin is 0x00001de0 bytes at the location pointed to by dirFileBuf(0x00279168), type 1e04
psiFileLoad in single-file mode: 040002a2.bin is 0x00003920 bytes at the location pointed to by dirFileBuf(0x00279168), type 1e04
psiFileLoad in single-file mode: 040002a3.bin is 0x000032a0 bytes at the location pointed to by dirFileBuf(0x00279168), type 1e04
psiFileLoad in single-file mode: 040002a4.bin is 0x00000be0 bytes at the location pointed to by dirFileBuf(0x00279168), type 1e04
psiFileLoad in single-file mode: 040002a5.bin is 0x00003320 bytes at the location pointed to by dirFileBuf(0x00279168), type 1e04
psiFileLoad in single-file mode: 040002a6.bin is 0x00009f60 bytes at the location pointed to by dirFileBuf(0x00279168), type 1e04
psiFileLoad in single-file mode: 040002a7.bin is 0x00005e40 bytes at the location pointed to by dirFileBuf(0x00279168), type 1e04
psiFileLoad in single-file mode: 040002a8.bin is 0x00002fa0 bytes at the location pointed to by dirFileBuf(0x00279168), type 1e04
psiFileLoad in single-file mode: 040002a9.bin is 0x00008160 bytes at the location pointed to by dirFileBuf(Error opening file: No such file or directory
Error opening file: No such file or directory
Error opening file: No such file or directory
Error opening file: No such file or directory
Error opening file: No such file or directory
Error opening file: No such file or directory
Error opening file: No such file or directory
Error opening file: No such file or directory
Error opening file: No such file or directory
Error opening file: No such file or directory
Error opening file: No such file or directory
Error opening file: No such file or directory
Error opening file: No such file or directory
Error opening file: No such file or directory
Error opening file: No such file or directory
Error opening file: No such file or directory
Error opening file: No such file or directory
Error opening file: No such file or directory
Error opening file: No such file or directory
Error opening file: No such file or directory
Error opening file: No such file or directory
Error opening file: No such file or directory
Error opening file: No such file or directory
Error opening file: No such file or directory
Error opening file: No such file or directory
Error opening file: No such file or directory
Error opening file: No such file or directory
Error opening file: No such file or directory
Error opening file: No such file or directory
Error opening file: No such file or directory
Error opening file: No such file or directory
Error opening file: No such file or directory
0x00279168), type 1e04
psiFileLoad in single-file mode: 040002aa.bin is 0x00008920 bytes at the location pointed to by dirFileBuf(0x00279168), type 1e04
psiFileLoad in single-file mode: 040002ab.bin is 0x000025e0 bytes at the location pointed to by dirFileBuf(0x00279168), type 1e04
psiFileLoad in single-file mode: 040002ac.bin is 0x00002a80 bytes at the location pointed to by dirFileBuf(0x00279168), type 1e04
psiFileLoad in single-file mode: 040002ae.bin is 0x00001a40 bytes at the location pointed to by dirFileBuf(0x00279168), type 1e04
psiFileLoad in single-file mode: 040002af.bin is 0x00003a20 bytes at the location pointed to by dirFileBuf(0x00279168), type 1e04
psiFileLoad in single-file mode: 040002b0.bin is 0x000038c0 bytes at the location pointed to by dirFileBuf(0x00279168), type 1e04
psiFileLoad in single-file mode: 040002b1.bin is 0x000039a0 bytes at the location pointed to by dirFileBuf(0x00279168), type 1e04
psiFileLoad in single-file mode: 040002b2.bin is 0x00003d60 bytes at the location pointed to by dirFileBuf(0x00279168), type 1e04
psiFileLoad in single-file mode: 040002b3.bin is 0x000055c0 bytes at the location pointed to by dirFileBuf(0x00279168), type 1e04
psiFileLoad in single-file mode: 040002b4.bin is 0x00003a20 bytes at the location pointed to by dirFileBuf(0x00279168), type 1e04
psiFileLoad in single-file mode: 040002b5.bin is 0x00003c60 bytes at the location pointed to by dirFileBuf(0x00279168), type 1e04
psiFileLoad in single-file mode: 040002b6.bin is 0x00002e60 bytes at the location pointed to by dirFileBuf(0x00279168), type 1e04
psiFileLoad in single-file mode: 040002b7.bin is 0x000026e0 bytes at the location pointed to by dirFileBuf(0x00279168), type 1e04
psiFileLoad in single-file mode: 040002b8.bin is 0x00003060 bytes at the location pointed to by dirFileBuf(0x00279168), type 1e04
psiFileLoad in single-file mode: 040002b9.bin is 0x00000d20 bytes at the location pointed to by dirFileBuf(0x00279168), type 1e04
psiFileLoad in single-file mode: 040002d1.bin is 0x00000100 bytes at the location pointed to by dirFileBuf(0x00279168), type 1e04
psiFileLoad in single-file mode: 040002d2.bin is 0x00000100 bytes at the location pointed to by dirFileBuf(0x00279168), type 1e04
psiFileLoad in single-file mode: 040002d3.bin is 0x00000100 bytes at the location pointed to by dirFileBuf(0x00279168), type 1e04
psiFileLoad in single-file mode: 040002d4.bin is 0x00000100 bytes at the location pointed to by dirFileBuf(0x00279168), type 1e04
psiFileLoad in single-file mode: 040002d5.bin is 0x00000100 bytes at the location pointed to by dirFileBuf(0x00279168), type 1e04
psiFileLoad in single-file mode: 040002d6.bin is 0x00000100 bytes at the location pointed to by dirFileBuf(0x00279168), type 1e04
psiFileLoad in single-file mode: 040002d7.bin is 0x00000120 bytes at the location pointed to by dirFileBuf(0x00279168), type 1e04
psiFileLoad in single-file mode: 04000632.bin is 0x000007c0 bytes at the location pointed to by dirFileBuf(0x00279168), type 1e04
psiFileLoad in single-file mode: 0400031d.bin is 0x00004980 bytes at the location pointed to by dirFileBuf(0x00279168), type 1e04
psiFileLoad in single-file mode: 0400031e.bin is 0x00004b60 bytes at the location pointed to by dirFileBuf(0x00279168), type 1e04
psiFileLoad in single-file mode: 0400031f.bin is 0x000049e0 bytes at the location pointed to by dirFileBuf(0x00279168), type 1e04
psiFileLoad in single-file mode: 04000320.bin is 0x00004000 bytes at the location pointed to by dirFileBuf(0x00279168), type 1e04
psiFileLoad in single-file mode: 04000356.bin is 0x00001240 bytes at the location pointed to by dirFileBuf(0x00279168), type 1e04
psiFileLoad in single-file mode: 0400035d.bin is 0x00004060 bytes at the location pointed to by dirFileBuf(0x00279168), type 1e04
psiFileLoad in single-file mode: 0400035e.bin is 0x00002f20 bytes at the location pointed to by dirFileBuf(0x00279168), type 1e04
psiFileLoad in single-file mode: 0400035f.bin is 0x000009c0 bytes at the location pointed to by dirFileBuf(0x00279168), type 1e04
psiFileLoad in single-file mode: 04000360.bError opening file: No such file or directory
Error opening file: No such file or directory
Error opening file: No such file or directory
Error opening file: No such file or directory
Error opening file: No such file or directory
Error opening file: No such file or directory
Error opening file: No such file or directory
Error opening file: No such file or directory
Error opening file: No such file or directory
Error opening file: No such file or directory
Error opening file: No such file or directory
Error opening file: No such file or directory
Error opening file: No such file or directory
Error opening file: No such file or directory
Error opening file: No such file or directory
Error opening file: No such file or directory
Error opening file: No such file or directory
Error opening file: No such file or directory
Error opening file: No such file or directory
Error opening file: No such file or directory
Error opening file: No such file or directory
Error opening file: No such file or directory
Error opening file: No such file or directory
Error opening file: No such file or directory
Error opening file: No such file or directory
Error opening file: No such file or directory
Error opening file: No such file or directory
Error opening file: No such file or directory
Error opening file: No such file or directory
Error opening file: No such file or directory
Error opening file: No such file or directory
in is 0x00000f60 bytes at the location pointed to by dirFileBuf(0x00279168), type 1e04
psiFileLoad in single-file mode: 0400037b.bin is 0x000027c0 bytes at the location pointed to by dirFileBuf(0x00279168), type 1e04
psiFileLoad in single-file mode: 0400037c.bin is 0x00004700 bytes at the location pointed to by dirFileBuf(0x00279168), type 1e04
psiFileLoad in single-file mode: 0400037d.bin is 0x00000e00 bytes at the location pointed to by dirFileBuf(0x00279168), type 1e04
psiFileLoad in single-file mode: 0400037e.bin is 0x000039c0 bytes at the location pointed to by dirFileBuf(0x00279168), type 1e04
psiFileLoad in single-file mode: 0400037f.bin is 0x000046c0 bytes at the location pointed to by dirFileBuf(0x00279168), type 1e04
psiFileLoad in single-file mode: 04000380.bin is 0x00004340 bytes at the location pointed to by dirFileBuf(0x00279168), type 1e04
psiFileLoad in single-file mode: 04000384.bin is 0x00004f40 bytes at the location pointed to by dirFileBuf(0x00279168), type 1e04
psiFileLoad in single-file mode: 04000388.bin is 0x000045e0 bytes at the location pointed to by dirFileBuf(0x00279168), type 1e04
psiFileLoad in single-file mode: 04000389.bin is 0x00006360 bytes at the location pointed to by dirFileBuf(0x00279168), type 1e04
psiFileLoad in single-file mode: 0400038f.bin is 0x00007620 bytes at the location pointed to by dirFileBuf(0x00279168), type 1e04
psiFileLoad in single-file mode: 04000390.bin is 0x00004520 bytes at the location pointed to by dirFileBuf(0x00279168), type 1e04
psiFileLoad in single-file mode: 040003a4.bin is 0x00002c00 bytes at the location pointed to by dirFileBuf(0x00279168), type 1e04
psiFileLoad in single-file mode: 040003a5.bin is 0x000028a0 bytes at the location pointed to by dirFileBuf(0x00279168), type 1e04
psiFileLoad in single-file mode: 040003a6.bin is 0x00003c80 bytes at the location pointed to by dirFileBuf(0x00279168), type 1e04
psiFileLoad in single-file mode: 040003a8.bin is 0x00002d40 bytes at the location pointed to by dirFileBuf(0x00279168), type 1e04
psiFileLoad in single-file mode: 040003a9.bin is 0x000036a0 bytes at the location pointed to by dirFileBuf(0x00279168), type 1e04
psiFileLoad in single-file mode: 040003aa.bin is 0x00005960 bytes at the location pointed to by dirFileBuf(0x00279168), type 1e04
psiFileLoad in single-file mode: 040003ab.bin is 0x00008160 bytes at the location pointed to by dirFileBuf(0x00279168), type 1e04
psiFileLoad in single-file mode: 040003b8.bin is 0x00008ba0 bytes at the location pointed to by dirFileBuf(0x00279168), type 1e04
psiFileLoad in single-file mode: 040003b9.bin is 0x00001b40 bytes at the location pointed to by dirFileBuf(0x00279168), type 1e04
psiFileLoad in single-file mode: 040003ba.bin is 0x00001e20 bytes at the location pointed to by dirFileBuf(0x00279168), type 1e04
psiFileLoad in single-file mode: 040003bb.bin is 0x000099c0 bytes at the location pointed to by dirFileBuf(0x00279168), type 1e04
psiFileLoad in single-file mode: 040003bc.bin is 0x00001660 bytes at the location pointed to by dirFileBuf(0x00279168), type 1e04
psiFileLoad in single-file mode: 040003bd.bin is 0x00004740 bytes at the location pointed to by dirFileBuf(0x00279168), type 1e04
psiFileLoad in single-file mode: 040003c0.bin is 0x00004d60 bytes at the location pointed to by dirFileBuf(0x00279168), type 1e04
psiFileLoad in single-file mode: 040003c1.bin is 0x00004ea0 bytes at the location pointed to by dirFileBuf(0x00279168), type 1e04
psiFileLoad in single-file mode: 040003d2.bin is 0x00003a40 bytes at the location pointed to by dirFileBuf(0x00279168), type 1e04
psiFileLoad in single-file mode: 040003f5.bin is 0x00000740 bytes at the location pointed to by dirFileBuf(0x00279168), type 1e04
psiFileLoad in single-file mode: 040003f6.bin is 0x00005d80 bytes at the location pointed to by dirFileBuf(0x00279168), type 1e04
psiFileLoad in single-file mode: 040003fb.bin is 0x00000420 bytes at the location pointed to by dirFileBuf(0x00279168), type 1e04
psiFileLoad in single-file mode: 040003fe.bin is 0x00000600 bytes at the location pointed to by dirFileBuf(0xError opening file: No such file or directory
Error opening file: No such file or directory
Error opening file: No such file or directory
Error opening file: No such file or directory
Error opening file: No such file or directory
Error opening file: No such file or directory
Error opening file: No such file or directory
Error opening file: No such file or directory
Error opening file: No such file or directory
Error opening file: No such file or directory
Error opening file: No such file or directory
Error opening file: No such file or directory
Error opening file: No such file or directory
Error opening file: No such file or directory
Error opening file: No such file or directory
Error opening file: No such file or directory
Error opening file: No such file or directory
Error opening file: No such file or directory
Error opening file: No such file or directory
Error opening file: No such file or directory
Error opening file: No such file or directory
Error opening file: No such file or directory
Error opening file: No such file or directory
Error opening file: No such file or directory
Error opening file: No such file or directory
Error opening file: No such file or directory
Error opening file: No such file or directory
Error opening file: No such file or directory
Error opening file: No such file or directory
Error opening file: No such file or directory
Error opening file: No such file or directory
Error opening file: No such file or directory
00279168), type 1e04
psiFileLoad in single-file mode: 040003ff.bin is 0x000006e0 bytes at the location pointed to by dirFileBuf(0x00279168), type 1e04
psiFileLoad in single-file mode: 04000400.bin is 0x00000960 bytes at the location pointed to by dirFileBuf(0x00279168), type 1e04
psiFileLoad in single-file mode: 04000401.bin is 0x000006c0 bytes at the location pointed to by dirFileBuf(0x00279168), type 1e04
psiFileLoad in single-file mode: 04000402.bin is 0x00000540 bytes at the location pointed to by dirFileBuf(0x00279168), type 1e04
psiFileLoad in single-file mode: 04000403.bin is 0x000004c0 bytes at the location pointed to by dirFileBuf(0x00279168), type 1e04
psiFileLoad in single-file mode: 04000404.bin is 0x000008e0 bytes at the location pointed to by dirFileBuf(0x00279168), type 1e04
psiFileLoad in single-file mode: 0400041a.bin is 0x00000ba0 bytes at the location pointed to by dirFileBuf(0x00279168), type 1e04
psiFileLoad in single-file mode: 0400041c.bin is 0x00001020 bytes at the location pointed to by dirFileBuf(0x00279168), type 1e04
psiFileLoad in single-file mode: 0400041d.bin is 0x00000ca0 bytes at the location pointed to by dirFileBuf(0x00279168), type 1e04
psiFileLoad in single-file mode: 0400041e.bin is 0x000004c0 bytes at the location pointed to by dirFileBuf(0x00279168), type 1e04
psiFileLoad in single-file mode: 0400041f.bin is 0x00000e40 bytes at the location pointed to by dirFileBuf(0x00279168), type 1e04
psiFileLoad in single-file mode: 04000420.bin is 0x00000f80 bytes at the location pointed to by dirFileBuf(0x00279168), type 1e04
psiFileLoad in single-file mode: 04000421.bin is 0x000008e0 bytes at the location pointed to by dirFileBuf(0x00279168), type 1e04
psiFileLoad in single-file mode: 04000422.bin is 0x000004c0 bytes at the location pointed to by dirFileBuf(0x00279168), type 1e04
psiFileLoad in single-file mode: 04000423.bin is 0x00000a60 bytes at the location pointed to by dirFileBuf(0x00279168), type 1e04
psiFileLoad in single-file mode: 04000424.bin is 0x000006a0 bytes at the location pointed to by dirFileBuf(0x00279168), type 1e04
psiFileLoad in single-file mode: 04000425.bin is 0x000053e0 bytes at the location pointed to by dirFileBuf(0x00279168), type 1e04
psiFileLoad in single-file mode: 04000426.bin is 0x00003ac0 bytes at the location pointed to by dirFileBuf(0x00279168), type 1e04
psiFileLoad in single-file mode: 04000428.bin is 0x00000700 bytes at the location pointed to by dirFileBuf(0x00279168), type 1e04
psiFileLoad in single-file mode: 04000429.bin is 0x000005e0 bytes at the location pointed to by dirFileBuf(0x00279168), type 1e04
psiFileLoad in single-file mode: 04000430.bin is 0x00000700 bytes at the location pointed to by dirFileBuf(0x00279168), type 1e04
psiFileLoad in single-file mode: 04000431.bin is 0x000006e0 bytes at the location pointed to by dirFileBuf(0x00279168), type 1e04
psiFileLoad in single-file mode: 04000432.bin is 0x00000520 bytes at the location pointed to by dirFileBuf(0x00279168), type 1e04
psiFileLoad in single-file mode: 04000433.bin is 0x000009c0 bytes at the location pointed to by dirFileBuf(0x00279168), type 1e04
psiFileLoad in single-file mode: 04000435.bin is 0x00000a20 bytes at the location pointed to by dirFileBuf(0x00279168), type 1e04
psiFileLoad in single-file mode: 04000436.bin is 0x00001de0 bytes at the location pointed to by dirFileBuf(0x00279168), type 1e04
psiFileLoad in single-file mode: 04000437.bin is 0x00003ae0 bytes at the location pointed to by dirFileBuf(0x00279168), type 1e04
psiFileLoad in single-file mode: 04000438.bin is 0x00003ec0 bytes at the location pointed to by dirFileBuf(0x00279168), type 1e04
psiFileLoad in single-file mode: 04000439.bin is 0x00000760 bytes at the location pointed to by dirFileBuf(0x00279168), type 1e04
psiFileLoad in single-file mode: 0400043b.bin is 0x00000720 bytes at the location pointed to by dirFileBuf(0x00279168), type 1e04
psiFileLoad in single-file mode: 0400043c.bin is 0x00003fa0 bytes at the location pointed to by dirFileBuf(0x00279168), type 1e04
psiFileLoad in single-file mode: 0400044b.binError opening file: No such file or directory
Error opening file: No such file or directory
Error opening file: No such file or directory
Error opening file: No such file or directory
Error opening file: No such file or directory
Error opening file: No such file or directory
Error opening file: No such file or directory
Error opening file: No such file or directory
Error opening file: No such file or directory
Error opening file: No such file or directory
Error opening file: No such file or directory
Error opening file: No such file or directory
Error opening file: No such file or directory
Error opening file: No such file or directory
Error opening file: No such file or directory
Error opening file: No such file or directory
Error opening file: No such file or directory
Error opening file: No such file or directory
Error opening file: No such file or directory
Error opening file: No such file or directory
Error opening file: No such file or directory
Error opening file: No such file or directory
Error opening file: No such file or directory
Error opening file: No such file or directory
Error opening file: No such file or directory
Error opening file: No such file or directory
Error opening file: No such file or directory
Error opening file: No such file or directory
Error opening file: No such file or directory
Error opening file: No such file or directory
Error opening file: No such file or directory
 is 0x00000900 bytes at the location pointed to by dirFileBuf(0x00279168), type 1e04
psiFileLoad in single-file mode: 0400044c.bin is 0x000004c0 bytes at the location pointed to by dirFileBuf(0x00279168), type 1e04
psiFileLoad in single-file mode: 0400044d.bin is 0x000025e0 bytes at the location pointed to by dirFileBuf(0x00279168), type 1e04
psiFileLoad in single-file mode: 0400044e.bin is 0x00002160 bytes at the location pointed to by dirFileBuf(0x00279168), type 1e04
psiFileLoad in single-file mode: 0400044f.bin is 0x00002140 bytes at the location pointed to by dirFileBuf(0x00279168), type 1e04
psiFileLoad in single-file mode: 04000450.bin is 0x00002be0 bytes at the location pointed to by dirFileBuf(0x00279168), type 1e04
psiFileLoad in single-file mode: 04000451.bin is 0x00000800 bytes at the location pointed to by dirFileBuf(0x00279168), type 1e04
psiFileLoad in single-file mode: 04000452.bin is 0x00000960 bytes at the location pointed to by dirFileBuf(0x00279168), type 1e04
psiFileLoad in single-file mode: 0400045d.bin is 0x00000920 bytes at the location pointed to by dirFileBuf(0x00279168), type 1e04
psiFileLoad in single-file mode: 0400045e.bin is 0x00000a40 bytes at the location pointed to by dirFileBuf(0x00279168), type 1e04
psiFileLoad in single-file mode: 0400045f.bin is 0x00000980 bytes at the location pointed to by dirFileBuf(0x00279168), type 1e04
psiFileLoad in single-file mode: 04000460.bin is 0x00000420 bytes at the location pointed to by dirFileBuf(0x00279168), type 1e04
psiFileLoad in single-file mode: 04000464.bin is 0x000037c0 bytes at the location pointed to by dirFileBuf(0x00279168), type 1e04
psiFileLoad in single-file mode: 04000484.bin is 0x00003260 bytes at the location pointed to by dirFileBuf(0x00279168), type 1e04
psiFileLoad in single-file mode: 040004a4.bin is 0x00005e40 bytes at the location pointed to by dirFileBuf(0x00279168), type 1e04
psiFileLoad in single-file mode: 040004a5.bin is 0x00005680 bytes at the location pointed to by dirFileBuf(0x00279168), type 1e04
psiFileLoad in single-file mode: 040004a6.bin is 0x00006b80 bytes at the location pointed to by dirFileBuf(0x00279168), type 1e04
psiFileLoad in single-file mode: 040004a9.bin is 0x00005260 bytes at the location pointed to by dirFileBuf(0x00279168), type 1e04
psiFileLoad in single-file mode: 040004ac.bin is 0x00003f00 bytes at the location pointed to by dirFileBuf(0x00279168), type 1e04
psiFileLoad in single-file mode: 040004ad.bin is 0x00003100 bytes at the location pointed to by dirFileBuf(0x00279168), type 1e04
psiFileLoad in single-file mode: 040004ae.bin is 0x00005620 bytes at the location pointed to by dirFileBuf(0x00279168), type 1e04
psiFileLoad in single-file mode: 040004af.bin is 0x000074c0 bytes at the location pointed to by dirFileBuf(0x00279168), type 1e04
psiFileLoad in single-file mode: 040004b0.bin is 0x00001ec0 bytes at the location pointed to by dirFileBuf(0x00279168), type 1e04
psiFileLoad in single-file mode: 040004b1.bin is 0x00002fa0 bytes at the location pointed to by dirFileBuf(0x00279168), type 1e04
psiFileLoad in single-file mode: 040004b2.bin is 0x00002f60 bytes at the location pointed to by dirFileBuf(0x00279168), type 1e04
psiFileLoad in single-file mode: 040004b3.bin is 0x00002940 bytes at the location pointed to by dirFileBuf(0x00279168), type 1e04
psiFileLoad in single-file mode: 040004b4.bin is 0x00004980 bytes at the location pointed to by dirFileBuf(0x00279168), type 1e04
psiFileLoad in single-file mode: 040004b5.bin is 0x00003fa0 bytes at the location pointed to by dirFileBuf(0x00279168), type 1e04
psiFileLoad in single-file mode: 040004b6.bin is 0x00000b40 bytes at the location pointed to by dirFileBuf(0x00279168), type 1e04
psiFileLoad in single-file mode: 040004b7.bin is 0x000026e0 bytes at the location pointed to by dirFileBuf(0x00279168), type 1e04
psiFileLoad in single-file mode: 040004b8.bin is 0x00004600 bytes at the location pointed to by dirFileBuf(0x00279168), type 1e04
psiFileLoad in single-file mode: 040004b9.bin is 0x00000c00 bytes at the location pointed to by dirFileBuf(0x00Error opening file: No such file or directory
Error opening file: No such file or directory
Error opening file: No such file or directory
Error opening file: No such file or directory
Error opening file: No such file or directory
Error opening file: No such file or directory
Error opening file: No such file or directory
Error opening file: No such file or directory
Error opening file: No such file or directory
Error opening file: No such file or directory
Error opening file: No such file or directory
Error opening file: No such file or directory
Error opening file: No such file or directory
Error opening file: No such file or directory
Error opening file: No such file or directory
Error opening file: No such file or directory
Error opening file: No such file or directory
Error opening file: No such file or directory
Error opening file: No such file or directory
Error opening file: No such file or directory
Error opening file: No such file or directory
Error opening file: No such file or directory
Error opening file: No such file or directory
Error opening file: No such file or directory
Error opening file: No such file or directory
Error opening file: No such file or directory
Error opening file: No such file or directory
Error opening file: No such file or directory
Error opening file: No such file or directory
Error opening file: No such file or directory
Error opening file: No such file or directory
Error opening file: No such file or directory
279168), type 1e04
psiFileLoad in single-file mode: 040004ba.bin is 0x000042c0 bytes at the location pointed to by dirFileBuf(0x00279168), type 1e04
psiFileLoad in single-file mode: 040004c3.bin is 0x00002860 bytes at the location pointed to by dirFileBuf(0x00279168), type 1e04
psiFileLoad in single-file mode: 040004c4.bin is 0x000029c0 bytes at the location pointed to by dirFileBuf(0x00279168), type 1e04
psiFileLoad in single-file mode: 040004c5.bin is 0x00002b20 bytes at the location pointed to by dirFileBuf(0x00279168), type 1e04
psiFileLoad in single-file mode: 040004c6.bin is 0x00002420 bytes at the location pointed to by dirFileBuf(0x00279168), type 1e04
psiFileLoad in single-file mode: 040004c8.bin is 0x00003cc0 bytes at the location pointed to by dirFileBuf(0x00279168), type 1e04
psiFileLoad in single-file mode: 040004c9.bin is 0x000029c0 bytes at the location pointed to by dirFileBuf(0x00279168), type 1e04
psiFileLoad in single-file mode: 040004d3.bin is 0x000007c0 bytes at the location pointed to by dirFileBuf(0x00279168), type 1e04
psiFileLoad in single-file mode: 040004d5.bin is 0x000018a0 bytes at the location pointed to by dirFileBuf(0x00279168), type 1e04
psiFileLoad in single-file mode: 040004d6.bin is 0x000041e0 bytes at the location pointed to by dirFileBuf(0x00279168), type 1e04
psiFileLoad in single-file mode: 040004d7.bin is 0x00002ea0 bytes at the location pointed to by dirFileBuf(0x00279168), type 1e04
psiFileLoad in single-file mode: 040004d8.bin is 0x00002fe0 bytes at the location pointed to by dirFileBuf(0x00279168), type 1e04
psiFileLoad in single-file mode: 040004d9.bin is 0x00000800 bytes at the location pointed to by dirFileBuf(0x00279168), type 1e04
psiFileLoad in single-file mode: 040004da.bin is 0x00000780 bytes at the location pointed to by dirFileBuf(0x00279168), type 1e04
psiFileLoad in single-file mode: 040004dd.bin is 0x00000520 bytes at the location pointed to by dirFileBuf(0x00279168), type 1e04
psiFileLoad in single-file mode: 040004e0.bin is 0x00004e00 bytes at the location pointed to by dirFileBuf(0x00279168), type 1e04
psiFileLoad in single-file mode: 040004fd.bin is 0x00002140 bytes at the location pointed to by dirFileBuf(0x00279168), type 1e04
psiFileLoad in single-file mode: 040004ff.bin is 0x00000500 bytes at the location pointed to by dirFileBuf(0x00279168), type 1e04
psiFileLoad in single-file mode: 04000500.bin is 0x00001260 bytes at the location pointed to by dirFileBuf(0x00279168), type 1e04
psiFileLoad in single-file mode: 04000501.bin is 0x00002620 bytes at the location pointed to by dirFileBuf(0x00279168), type 1e04
psiFileLoad in single-file mode: 04000502.bin is 0x000023c0 bytes at the location pointed to by dirFileBuf(0x00279168), type 1e04
psiFileLoad in single-file mode: 04000503.bin is 0x00000500 bytes at the location pointed to by dirFileBuf(0x00279168), type 1e04
psiFileLoad in single-file mode: 04000505.bin is 0x000008a0 bytes at the location pointed to by dirFileBuf(0x00279168), type 1e04
psiFileLoad in single-file mode: 04000522.bin is 0x000041c0 bytes at the location pointed to by dirFileBuf(0x00279168), type 1e04
psiFileLoad in single-file mode: 04000540.bin is 0x00001760 bytes at the location pointed to by dirFileBuf(0x00279168), type 1e04
psiFileLoad in single-file mode: 04000541.bin is 0x00001440 bytes at the location pointed to by dirFileBuf(0x00279168), type 1e04
psiFileLoad in single-file mode: 04000543.bin is 0x000031e0 bytes at the location pointed to by dirFileBuf(0x00279168), type 1e04
psiFileLoad in single-file mode: 04000544.bin is 0x000092e0 bytes at the location pointed to by dirFileBuf(0x00279168), type 1e04
psiFileLoad in single-file mode: 04000548.bin is 0x000048a0 bytes at the location pointed to by dirFileBuf(0x00279168), type 1e04
psiFileLoad in single-file mode: 04000549.bin is 0x00009420 bytes at the location pointed to by dirFileBuf(0x00279168), type 1e04
psiFileLoad in single-file mode: 0400054a.bin is 0x000065c0 bytes at the location pointed to by dirFileBuf(0x00279168), type 1e04
psiFileLoad in single-file mode: 0400054b.bin iError opening file: No such file or directory
Error opening file: No such file or directory
Error opening file: No such file or directory
Error opening file: No such file or directory
Error opening file: No such file or directory
Error opening file: No such file or directory
Error opening file: No such file or directory
Error opening file: No such file or directory
Error opening file: No such file or directory
Error opening file: No such file or directory
Error opening file: No such file or directory
Error opening file: No such file or directory
Error opening file: No such file or directory
Error opening file: No such file or directory
Error opening file: No such file or directory
Error opening file: No such file or directory
Error opening file: No such file or directory
Error opening file: No such file or directory
Error opening file: No such file or directory
Error opening file: No such file or directory
Error opening file: No such file or directory
Error opening file: No such file or directory
Error opening file: No such file or directory
Error opening file: No such file or directory
Error opening file: No such file or directory
Error opening file: No such file or directory
Error opening file: No such file or directory
Error opening file: No such file or directory
Error opening file: No such file or directory
Error opening file: No such file or directory
Error opening file: No such file or directory
s 0x00009360 bytes at the location pointed to by dirFileBuf(0x00279168), type 1e04
psiFileLoad in single-file mode: 0400054e.bin is 0x00004960 bytes at the location pointed to by dirFileBuf(0x00279168), type 1e04
psiFileLoad in single-file mode: 0400054f.bin is 0x00003e80 bytes at the location pointed to by dirFileBuf(0x00279168), type 1e04
psiFileLoad in single-file mode: 04000558.bin is 0x000033e0 bytes at the location pointed to by dirFileBuf(0x00279168), type 1e04
psiFileLoad in single-file mode: 04000559.bin is 0x00003860 bytes at the location pointed to by dirFileBuf(0x00279168), type 1e04
psiFileLoad in single-file mode: 0400056a.bin is 0x00000ca0 bytes at the location pointed to by dirFileBuf(0x00279168), type 1e04
psiFileLoad in single-file mode: 04000570.bin is 0x00000e60 bytes at the location pointed to by dirFileBuf(0x00279168), type 1e04
psiFileLoad in single-file mode: 040005a3.bin is 0x00009680 bytes at the location pointed to by dirFileBuf(0x00279168), type 1e04
psiFileLoad in single-file mode: 040005a4.bin is 0x00006e60 bytes at the location pointed to by dirFileBuf(0x00279168), type 1e04
psiFileLoad in single-file mode: 040005a5.bin is 0x00007d80 bytes at the location pointed to by dirFileBuf(0x00279168), type 1e04
psiFileLoad in single-file mode: 040005a6.bin is 0x00006900 bytes at the location pointed to by dirFileBuf(0x00279168), type 1e04
psiFileLoad in single-file mode: 040005a7.bin is 0x00007dc0 bytes at the location pointed to by dirFileBuf(0x00279168), type 1e04
psiFileLoad in single-file mode: 040005a8.bin is 0x00007d60 bytes at the location pointed to by dirFileBuf(0x00279168), type 1e04
psiFileLoad in single-file mode: 040005a9.bin is 0x000076e0 bytes at the location pointed to by dirFileBuf(0x00279168), type 1e04
psiFileLoad in single-file mode: 040005aa.bin is 0x00006660 bytes at the location pointed to by dirFileBuf(0x00279168), type 1e04
psiFileLoad in single-file mode: 040005ab.bin is 0x00007d40 bytes at the location pointed to by dirFileBuf(0x00279168), type 1e04
psiFileLoad in single-file mode: 040005ad.bin is 0x000061c0 bytes at the location pointed to by dirFileBuf(0x00279168), type 1e04
psiFileLoad in single-file mode: 040005ae.bin is 0x000017c0 bytes at the location pointed to by dirFileBuf(0x00279168), type 1e04
psiFileLoad in single-file mode: 040005af.bin is 0x000017e0 bytes at the location pointed to by dirFileBuf(0x00279168), type 1e04
psiFileLoad in single-file mode: 04000608.bin is 0x00000ae0 bytes at the location pointed to by dirFileBuf(0x00279168), type 1e04
psiFileLoad in single-file mode: 04000609.bin is 0x00000880 bytes at the location pointed to by dirFileBuf(0x00279168), type 1e04
psiFileLoad in single-file mode: 0400060b.bin is 0x00005ec0 bytes at the location pointed to by dirFileBuf(0x00279168), type 1e04
psiFileLoad in single-file mode: 04000612.bin is 0x00001260 bytes at the location pointed to by dirFileBuf(0x00279168), type 1e04
psiFileLoad in single-file mode: 0400062d.bin is 0x000004c0 bytes at the location pointed to by dirFileBuf(0x00279168), type 1e04
psiFileLoad in single-file mode: 0400062e.bin is 0x00002360 bytes at the location pointed to by dirFileBuf(0x00279168), type 1e04
psiFileLoad in single-file mode: 0400062f.bin is 0x00001200 bytes at the location pointed to by dirFileBuf(0x00279168), type 1e04
psiFileLoad in single-file mode: 04000630.bin is 0x000004c0 bytes at the location pointed to by dirFileBuf(0x00279168), type 1e04
psiFileLoad in single-file mode: 04000631.bin is 0x00000640 bytes at the location pointed to by dirFileBuf(0x00279168), type 1e04
psiFileLoad in single-file mode: 04000708.bin is 0x000007c0 bytes at the location pointed to by dirFileBuf(0x00279168), type 1e04
psiFileLoad in single-file mode: 04000634.bin is 0x00002fe0 bytes at the location pointed to by dirFileBuf(0x00279168), type 1e04
psiFileLoad in single-file mode: 04000636.bin is 0x000034e0 bytes at the location pointed to by dirFileBuf(0x00279168), type 1e04
psiFileLoad in single-file mode: 0400067d.bin is 0x00000760 bytes at the location pointed to by dirFileBuf(0x0027Error opening file: No such file or directory
Error opening file: No such file or directory
Error opening file: No such file or directory
Error opening file: No such file or directory
Error opening file: No such file or directory
Error opening file: No such file or directory
Error opening file: No such file or directory
Error opening file: No such file or directory
Error opening file: No such file or directory
Error opening file: No such file or directory
Error opening file: No such file or directory
Error opening file: No such file or directory
Error opening file: No such file or directory
Error opening file: No such file or directory
Error opening file: No such file or directory
Error opening file: No such file or directory
Error opening file: No such file or directory
Error opening file: No such file or directory
Error opening file: No such file or directory
Error opening file: No such file or directory
Error opening file: No such file or directory
Error opening file: No such file or directory
Error opening file: No such file or directory
Error opening file: No such file or directory
Error opening file: No such file or directory
Error opening file: No such file or directory
Error opening file: No such file or directory
Error opening file: No such file or directory
Error opening file: No such file or directory
Error opening file: No such file or directory
Error opening file: No such file or directory
Error opening file: No such file or directory
9168), type 1e04
psiFileLoad in single-file mode: 0400067e.bin is 0x00000560 bytes at the location pointed to by dirFileBuf(0x00279168), type 1e04
psiFileLoad in single-file mode: 0400067f.bin is 0x000006e0 bytes at the location pointed to by dirFileBuf(0x00279168), type 1e04
psiFileLoad in single-file mode: 04000680.bin is 0x00004cc0 bytes at the location pointed to by dirFileBuf(0x00279168), type 1e04
psiFileLoad in single-file mode: 04000684.bin is 0x000007c0 bytes at the location pointed to by dirFileBuf(0x00279168), type 1e04
psiFileLoad in single-file mode: 04000686.bin is 0x00000840 bytes at the location pointed to by dirFileBuf(0x00279168), type 1e04
psiFileLoad in single-file mode: 04000687.bin is 0x000007a0 bytes at the location pointed to by dirFileBuf(0x00279168), type 1e04
psiFileLoad in single-file mode: 04000688.bin is 0x000006a0 bytes at the location pointed to by dirFileBuf(0x00279168), type 1e04
psiFileLoad in single-file mode: 04000697.bin is 0x000033c0 bytes at the location pointed to by dirFileBuf(0x00279168), type 1e04
psiFileLoad in single-file mode: 04000698.bin is 0x00000640 bytes at the location pointed to by dirFileBuf(0x00279168), type 1e04
psiFileLoad in single-file mode: 04000699.bin is 0x00000560 bytes at the location pointed to by dirFileBuf(0x00279168), type 1e04
psiFileLoad in single-file mode: 0400069a.bin is 0x00002880 bytes at the location pointed to by dirFileBuf(0x00279168), type 1e04
psiFileLoad in single-file mode: 0400069b.bin is 0x000006e0 bytes at the location pointed to by dirFileBuf(0x00279168), type 1e04
psiFileLoad in single-file mode: 040006a4.bin is 0x00003f20 bytes at the location pointed to by dirFileBuf(0x00279168), type 1e04
psiFileLoad in single-file mode: 040006ae.bin is 0x00000600 bytes at the location pointed to by dirFileBuf(0x00279168), type 1e04
psiFileLoad in single-file mode: 040006e3.bin is 0x00007660 bytes at the location pointed to by dirFileBuf(0x00279168), type 1e04
psiFileLoad in single-file mode: 040006e4.bin is 0x00001000 bytes at the location pointed to by dirFileBuf(0x00279168), type 1e04
psiFileLoad in single-file mode: 040006e5.bin is 0x00004b20 bytes at the location pointed to by dirFileBuf(0x00279168), type 1e04
psiFileLoad in single-file mode: 040006eb.bin is 0x00002700 bytes at the location pointed to by dirFileBuf(0x00279168), type 1e04
psiFileLoad in single-file mode: 040006f9.bin is 0x000007c0 bytes at the location pointed to by dirFileBuf(0x00279168), type 1e04
psiFileLoad in single-file mode: 040006fc.bin is 0x00000700 bytes at the location pointed to by dirFileBuf(0x00279168), type 1e04
psiFileLoad in single-file mode: 040006fd.bin is 0x000006e0 bytes at the location pointed to by dirFileBuf(0x00279168), type 1e04
psiFileLoad in single-file mode: 040006fe.bin is 0x00000500 bytes at the location pointed to by dirFileBuf(0x00279168), type 1e04
psiFileLoad in single-file mode: 040006ff.bin is 0x00001f40 bytes at the location pointed to by dirFileBuf(0x00279168), type 1e04
psiFileLoad in single-file mode: 04000700.bin is 0x00001da0 bytes at the location pointed to by dirFileBuf(0x00279168), type 1e04
psiFileLoad in single-file mode: 04000701.bin is 0x00003de0 bytes at the location pointed to by dirFileBuf(0x00279168), type 1e04
psiFileLoad in single-file mode: 04000702.bin is 0x00003ea0 bytes at the location pointed to by dirFileBuf(0x00279168), type 1e04
psiFileLoad in single-file mode: 04000703.bin is 0x00000740 bytes at the location pointed to by dirFileBuf(0x00279168), type 1e04
psiFileLoad in single-file mode: 04000704.bin is 0x000006e0 bytes at the location pointed to by dirFileBuf(0x00279168), type 1e04
psiFileLoad in single-file mode: 04000705.bin is 0x000009c0 bytes at the location pointed to by dirFileBuf(0x00279168), type 1e04
psiFileLoad in single-file mode: 04000017.bin is 0x00002880 bytes at the location pointed to by dirFileBuf(0x00279168), type 1e04
psiFileLoad in single-file mode: 04000709.bin is 0x00000a80 bytes at the location pointed to by dirFileBuf(0x00279168), type 1e04
psiFileLoad in single-file mode: 0400071e.bin is Error opening file: No such file or directory
Error opening file: No such file or directory
Error opening file: No such file or directory
Error opening file: No such file or directory
Error opening file: No such file or directory
Error opening file: No such file or directory
Error opening file: No such file or directory
Error opening file: No such file or directory
Error opening file: No such file or directory
Error opening file: No such file or directory
Error opening file: No such file or directory
Error opening file: No such file or directory
Error opening file: No such file or directory
Error opening file: No such file or directory
Error opening file: No such file or directory
Error opening file: No such file or directory
Error opening file: No such file or directory
Error opening file: No such file or directory
Error opening file: No such file or directory
Error opening file: No such file or directory
Error opening file: No such file or directory
Error opening file: No such file or directory
Error opening file: No such file or directory
0x00004a80 bytes at the location pointed to by dirFileBuf(0x00279168), type 1e04
psiFileLoad in single-file mode: 0400071f.bin is 0x00004be0 bytes at the location pointed to by dirFileBuf(0x00279168), type 1e04
psiFileLoad in single-file mode: 04000720.bin is 0x00005a80 bytes at the location pointed to by dirFileBuf(0x00279168), type 1e04
psiFileLoad in single-file mode: 04000721.bin is 0x00005e00 bytes at the location pointed to by dirFileBuf(0x00279168), type 1e04
psiFileLoad in single-file mode: 04000722.bin is 0x00005900 bytes at the location pointed to by dirFileBuf(0x00279168), type 1e04
psiFileLoad in single-file mode: 0400072f.bin is 0x00004800 bytes at the location pointed to by dirFileBuf(0x00279168), type 1e04
psiFileLoad in single-file mode: 04000744.bin is 0x00007780 bytes at the location pointed to by dirFileBuf(0x00279168), type 1e04
psiFileLoad in single-file mode: 04000749.bin is 0x00007820 bytes at the location pointed to by dirFileBuf(0x00279168), type 1e04
psiFileLoad in single-file mode: 04000755.bin is 0x00000980 bytes at the location pointed to by dirFileBuf(0x00279168), type 1e04
psiFileLoad in single-file mode: 04000756.bin is 0x00005fe0 bytes at the location pointed to by dirFileBuf(0x00279168), type 1e04
psiFileLoad in single-file mode: 04000757.bin is 0x000066a0 bytes at the location pointed to by dirFileBuf(0x00279168), type 1e04
psiFileLoad in single-file mode: 04000766.bin is 0x00000ce0 bytes at the location pointed to by dirFileBuf(0x00279168), type 1e04
psiFileLoad in single-file mode: 04000768.bin is 0x000027c0 bytes at the location pointed to by dirFileBuf(0x00279168), type 1e04
psiFileLoad in single-file mode: 04000769.bin is 0x00002140 bytes at the location pointed to by dirFileBuf(0x00279168), type 1e04
psiFileLoad in single-file mode: 0400077a.bin is 0x000030a0 bytes at the location pointed to by dirFileBuf(0x00279168), type 1e04
psiFileLoad in single-file mode: 04000794.bin is 0x00000d20 bytes at the location pointed to by dirFileBuf(0x00279168), type 1e04
psiFileLoad in single-file mode: 040007ad.bin is 0x00002fe0 bytes at the location pointed to by dirFileBuf(0x00279168), type 1e04
psiFileLoad in single-file mode: 040007d8.bin is 0x000042a0 bytes at the location pointed to by dirFileBuf(0x00279168), type 1e04
psiFileLoad in single-file mode: 0400083e.bin is 0x00000a40 bytes at the location pointed to by dirFileBuf(0x00279168), type 1e04
psiFileLoad in single-file mode: 0400083f.bin is 0x00001300 bytes at the location pointed to by dirFileBuf(0x00279168), type 1e04
psiFileLoad in single-file mode: 0400084e.bin is 0x00000740 bytes at the location pointed to by dirFileBuf(0x00279168), type 1e04
psiFileLoad in single-file mode: 0400084f.bin is 0x00000740 bytes at the location pointed to by dirFileBuf(0x00279168), type 1e04
psiFileLoad in single-file mode: 04000871.bin is 0x00000e60 bytes at the location pointed to by dirFileBuf(0x00279168), type 1e04
Processing a skeleton, idx: 5, num bones: 38, unknown data 0x03
Processing a skeleton, idx: 2, num bones: 45, unknown data 0x06
Processing a skeleton, idx: 3, num bones: 42, unknown data 0x05
Processing a skeleton, idx: 4, num bones: 42, unknown data 0x05
Processing a skeleton, idx: 1, num bones: 73, unknown data 0x01
Processing a skeleton, idx: 6, num bones: 6, unknown data 0x01
Processing a skeleton, idx: 35, num bones: 45, unknown data 0x07
Processing a skeleton, idx: 8, num bones: 73, unknown data 0x01
Processing a skeleton, idx: 9, num bones: 38, unknown data 0x03
Processing a skeleton, idx: 7, num bones: 6, unknown data 0x01
Processing a skeleton, idx: 13, num bones: 44, unknown data 0x05
Processing a skeleton, idx: 14, num bones: 42, unknown data 0x05
Processing a skeleton, idx: 28, num bones: 42, unknown data 0x05
Processing a skeleton, idx: 27, num bones: 33, unknown data 0x21
Processing a skeleton, idx: 36, num bones: 62, unknown data 0x18
Processing a skeleton, idx: 15, num bones: 41, unknown data 0x04
Processing a skeleton, idx: 16, num bones: 43, unknown data 0x07
Processing a skeleton, idx: 12, num bones: 73, unknown data 0Error opening file: No such file or directory
Error opening file: No such file or directory
Error opening file: No such file or directory
Error opening file: No such file or directory
Error opening file: No such file or directory
Error opening file: No such file or directory
Error opening file: No such file or directory
Error opening file: No such file or directory
Error opening file: No such file or directory
Error opening file: No such file or directory
Error opening file: No such file or directory
Error opening file: No such file or directory
Error opening file: No such file or directory
Error opening file: No such file or directory
Error opening file: No such file or directory
Error opening file: No such file or directory
Error opening file: No such file or directory
Error opening file: No such file or directory
x01
Processing a skeleton, idx: 38, num bones: 47, unknown data 0x08
Processing a skeleton, idx: 39, num bones: 44, unknown data 0x06
Processing a skeleton, idx: 41, num bones: 46, unknown data 0x05
Processing a skeleton, idx: 42, num bones: 71, unknown data 0x01
Processing a skeleton, idx: 40, num bones: 46, unknown data 0x04
Processing a skeleton, idx: 0, num bones: 73, unknown data 0x01
Processing a skeleton, idx: 17, num bones: 41, unknown data 0x04
Processing a skeleton, idx: 11, num bones: 9, unknown data 0x04
Processing a skeleton, idx: 10, num bones: 42, unknown data 0x05
Processing a skeleton, idx: 18, num bones: 43, unknown data 0x04
Processing a skeleton, idx: 19, num bones: 11, unknown data 0x0b
Processing a skeleton, idx: 20, num bones: 43, unknown data 0x05
Processing a skeleton, idx: 21, num bones: 43, unknown data 0x05
Processing a skeleton, idx: 29, num bones: 41, unknown data 0x05
Processing a skeleton, idx: 43, num bones: 41, unknown data 0x04
Processing a skeleton, idx: 22, num bones: 45, unknown data 0x06
Processing a skeleton, idx: 23, num bones: 46, unknown data 0x08
Processing a skeleton, idx: 24, num bones: 41, unknown data 0x06
Processing a skeleton, idx: 25, num bones: 43, unknown data 0x07
Processing a skeleton, idx: 34, num bones: 40, unknown data 0x04
Processing a skeleton, idx: 32, num bones: 5, unknown data 0x05
Processing a skeleton, idx: 26, num bones: 43, unknown data 0x04
Processing a skeleton, idx: 37, num bones: 42, unknown data 0x06
Processing a skeleton, idx: 33, num bones: 39, unknown data 0x04
Processing a skeleton, idx: 44, num bones: 39, unknown data 0x04
Processing a skeleton, idx: 31, num bones: 5, unknown data 0x01
Processing a skeleton, idx: 30, num bones: 44, unknown data 0x05
psiFileLoad in single-file mode: 0100008A.bin is 0x0001d700 bytes at the location pointed to by dirFileBuf(0x00279168), type 1704
psiFileLoad in single-file mode: 0100015D.bin is 0x0000f1e0 bytes at the location pointed to by dirFileBuf(0x00279168), type 1704
psiFileLoad in single-file mode: 01000081.bin is 0x000c7ca0 bytes at the location pointed to by dirFileBuf(0x00279168), type 1704
psiFileLoad in single-file mode: 01000073.bin is 0x00000840 bytes at the location pointed to by dirFileBuf(0x00279168), type 1704
psiFileLoad in single-file mode: 010000BC.bin is 0x00014660 bytes at the location pointed to by dirFileBuf(0x00279168), type 1704
psiFileLoad in single-file mode: 010000EF.bin is 0x00015060 bytes at the location pointed to by dirFileBuf(0x00279168), type 1704
psiFileLoad in single-file mode: 01000070.bin is 0x00056c60 bytes at the location pointed to by dirFileBuf(0x00279168), type 1704
psiFileLoad in single-file mode: 010000CF.bin is 0x0003c140 bytes at the location pointed to by dirFileBuf(0x00279168), type 1704
psiFileLoad in single-file mode: 0100008D.bin is 0x000252e0 bytes at the location pointed to by dirFileBuf(0x00279168), type 1704
psiFileLoad in single-file mode: 010000F3.bin is 0x00000860 bytes at the location pointed to by dirFileBuf(0x00279168), type 1704
psiFileLoad in single-file mode: 0100002E.bin is 0x00084660 bytes at the location pointed to by dirFileBuf(0x00279168), type 1704
psiFileLoad in single-file mode: 0100002D.bin is 0x000068c0 bytes at the location pointed to by dirFileBuf(0x00279168), type 1704
psiFileLoad in single-file mode: 010001CD.bin is 0x00019960 bytes at the location pointed to by dirFileBuf(0x00279168), type 1704
psiFileLoad in single-file mode: 010001B5.bin is 0x00040240 bytes at the location pointed to by dirFileBuf(0x00279168), type 1704
psiFileLoad in single-file mode: 01000004.bin is 0x00003f40 bytes at the location pointed to by dirFileBuf(0x00279168), type 1704
psiFileLoad in single-file mode: 01000166.bin is 0x00006940 bytes at the location pointed to by dirFileBuf(0x00279168), type 1704
psiFileLoad in single-file mode: 010001D4.bin is 0x0000d160 bytes at the location pointed to by dirFileBuf(0x00279168), type 1704
psiFileLoad in single-file mode: 010001F3.bin is 0x00007ec0 bytes at the location pointed to by dirFileBuf(0x00279168), type 1704
pError opening file: No such file or directory
Error opening file: No such file or directory
Error opening file: No such file or directory
Error opening file: No such file or directory
Error opening file: No such file or directory
Error opening file: No such file or directory
Error opening file: No such file or directory
Error opening file: No such file or directory
Error opening file: No such file or directory
Error opening file: No such file or directory
Error opening file: No such file or directory
Error opening file: No such file or directory
Error opening file: No such file or directory
Error opening file: No such file or directory
Error opening file: No such file or directory
Error opening file: No such file or directory
Error opening file: No such file or directory
Error opening file: No such file or directory
Error opening file: No such file or directory
Error opening file: No such file or directory
Error opening file: No such file or directory
Error opening file: No such file or directory
Error opening file: No such file or directory
Error opening file: No such file or directory
Error opening file: No such file or directory
Error opening file: No such file or directory
Error opening file: No such file or directory
Error opening file: No such file or directory
Error opening file: No such file or directory
Error opening file: No such file or directory
Error opening file: No such file or directory
siFileLoad in single-file mode: 010001D8.bin is 0x000a04a0 bytes at the location pointed to by dirFileBuf(0x00279168), type 1704
psiFileLoad in single-file mode: 010001D9.bin is 0x000002e0 bytes at the location pointed to by dirFileBuf(0x00279168), type 1704
psiFileLoad in single-file mode: 01000215.bin is 0x0001e560 bytes at the location pointed to by dirFileBuf(0x00279168), type 1704
psiFileLoad in single-file mode: 010000A6.bin is 0x00000ac0 bytes at the location pointed to by dirFileBuf(0x00279168), type 1704
psiFileLoad in single-file mode: 010000A2.bin is 0x000e4780 bytes at the location pointed to by dirFileBuf(0x00279168), type 1704
psiFileLoad in single-file mode: 010001F4.bin is 0x00005e80 bytes at the location pointed to by dirFileBuf(0x00279168), type 1704
psiFileLoad in single-file mode: 010001F5.bin is 0x00008940 bytes at the location pointed to by dirFileBuf(0x00279168), type 1704
psiFileLoad in single-file mode: 010001DF.bin is 0x00023460 bytes at the location pointed to by dirFileBuf(0x00279168), type 1704
psiFileLoad in single-file mode: 010000AF.bin is 0x00030300 bytes at the location pointed to by dirFileBuf(0x00279168), type 1704
psiFileLoad in single-file mode: 010000ED.bin is 0x00036640 bytes at the location pointed to by dirFileBuf(0x00279168), type 1704
psiFileLoad in single-file mode: 010000B0.bin is 0x0002dbc0 bytes at the location pointed to by dirFileBuf(0x00279168), type 1704
psiFileLoad in single-file mode: 01000083.bin is 0x0003a1c0 bytes at the location pointed to by dirFileBuf(0x00279168), type 1704
psiFileLoad in single-file mode: 01000092.bin is 0x00039260 bytes at the location pointed to by dirFileBuf(0x00279168), type 1704
psiFileLoad in single-file mode: 010000B3.bin is 0x0007f680 bytes at the location pointed to by dirFileBuf(0x00279168), type 1704
psiFileLoad in single-file mode: 0100005F.bin is 0x00011020 bytes at the location pointed to by dirFileBuf(0x00279168), type 1704
psiFileLoad in single-file mode: 01000071.bin is 0x00004000 bytes at the location pointed to by dirFileBuf(0x00279168), type 1704
psiFileLoad in single-file mode: 010000E1.bin is 0x000263c0 bytes at the location pointed to by dirFileBuf(0x00279168), type 1704
psiFileLoad in single-file mode: 010000E2.bin is 0x000095e0 bytes at the location pointed to by dirFileBuf(0x00279168), type 1704
psiFileLoad in single-file mode: 0100006B.bin is 0x000118a0 bytes at the location pointed to by dirFileBuf(0x00279168), type 1704
psiFileLoad in single-file mode: 0100006E.bin is 0x0001b700 bytes at the location pointed to by dirFileBuf(0x00279168), type 1704
psiFileLoad in single-file mode: 010000E3.bin is 0x0001e640 bytes at the location pointed to by dirFileBuf(0x00279168), type 1704
psiFileLoad in single-file mode: 01000101.bin is 0x0000cbe0 bytes at the location pointed to by dirFileBuf(0x00279168), type 1704
psiFileLoad in single-file mode: 0100011E.bin is 0x000098e0 bytes at the location pointed to by dirFileBuf(0x00279168), type 1704
psiFileLoad in single-file mode: 01000153.bin is 0x000114a0 bytes at the location pointed to by dirFileBuf(0x00279168), type 1704
psiFileLoad in single-file mode: 01000156.bin is 0x000163e0 bytes at the location pointed to by dirFileBuf(0x00279168), type 1704
psiFileLoad in single-file mode: 01000186.bin is 0x0000c760 bytes at the location pointed to by dirFileBuf(0x00279168), type 1704
psiFileLoad in single-file mode: 010001F0.bin is 0x00025880 bytes at the location pointed to by dirFileBuf(0x00279168), type 1704
psiFileLoad in single-file mode: 010001F1.bin is 0x00026120 bytes at the location pointed to by dirFileBuf(0x00279168), type 1704
psiFileLoad in single-file mode: 010001F8.bin is 0x000352c0 bytes at the location pointed to by dirFileBuf(0x00279168), type 1704
psiFileLoad in single-file mode: 01000213.bin is 0x0000d4e0 bytes at the location pointed to by dirFileBuf(0x00279168), type 1704
psiFileLoad in single-file mode: 010001B3.bin is 0x0000e860 bytes at the location pointed to by dirFileBuf(0x00279168), type 1704
psiFileLoad in single-file mode: 05000070.bin is 0x00000520 bytes aError opening file: No such file or directory
Error opening file: No such file or directory
Error opening file: No such file or directory
Error opening file: No such file or directory
Error opening file: No such file or directory
Error opening file: No such file or directory
Error opening file: No such file or directory
Error opening file: No such file or directory
Error opening file: No such file or directory
Error opening file: No such file or directory
Error opening file: No such file or directory
Error opening file: No such file or directory
Error opening file: No such file or directory
Error opening file: No such file or directory
Error opening file: No such file or directory
Error opening file: No such file or directory
Error opening file: No such file or directory
Error opening file: No such file or directory
Error opening file: No such file or directory
Error opening file: No such file or directory
Error opening file: No such file or directory
Error opening file: No such file or directory
Error opening file: No such file or directory
Error opening file: No such file or directory
Error opening file: No such file or directory
Error opening file: No such file or directory
Error opening file: No such file or directory
Error opening file: No such file or directory
Error opening file: No such file or directory
Error opening file: No such file or directory
Error opening file: No such file or directory
Error opening file: No such file or directory
t the location pointed to by dirFileBuf(0x00279168), type 1c04
psiFileLoad in single-file mode: 05000042.bin is 0x000004e0 bytes at the location pointed to by dirFileBuf(0x00279168), type 1c04
psiFileLoad in single-file mode: 0500004b.bin is 0x000004e0 bytes at the location pointed to by dirFileBuf(0x00279168), type 1c04
psiFileLoad in single-file mode: 05000050.bin is 0x00000620 bytes at the location pointed to by dirFileBuf(0x00279168), type 1c04
psiFileLoad in single-file mode: 05000051.bin is 0x00000660 bytes at the location pointed to by dirFileBuf(0x00279168), type 1c04
psiFileLoad in single-file mode: 05000044.bin is 0x00000560 bytes at the location pointed to by dirFileBuf(0x00279168), type 1c04
psiFileLoad in single-file mode: 05000088.bin is 0x00000600 bytes at the location pointed to by dirFileBuf(0x00279168), type 1c04
psiFileLoad in single-file mode: 050000a8.bin is 0x00000660 bytes at the location pointed to by dirFileBuf(0x00279168), type 1c04
psiFileLoad in single-file mode: 050000a9.bin is 0x00000600 bytes at the location pointed to by dirFileBuf(0x00279168), type 1c04
psiFileLoad in single-file mode: 050000ab.bin is 0x00000480 bytes at the location pointed to by dirFileBuf(0x00279168), type 1c04
psiFileLoad in single-file mode: 050000c0.bin is 0x000005c0 bytes at the location pointed to by dirFileBuf(0x00279168), type 1c04
psiFileLoad in single-file mode: 05000043.bin is 0x00000560 bytes at the location pointed to by dirFileBuf(0x00279168), type 1c04
psiFileLoad in single-file mode: 05000037.bin is 0x00000860 bytes at the location pointed to by dirFileBuf(0x00279168), type 1c04
psiFileLoad in single-file mode: 05000035.bin is 0x00000860 bytes at the location pointed to by dirFileBuf(0x00279168), type 1c04
psiFileLoad in single-file mode: 0500003e.bin is 0x00000560 bytes at the location pointed to by dirFileBuf(0x00279168), type 1c04
psiFileLoad in single-file mode: 0500002f.bin is 0x00000900 bytes at the location pointed to by dirFileBuf(0x00279168), type 1c04
psiFileLoad in single-file mode: 0500002e.bin is 0x00000860 bytes at the location pointed to by dirFileBuf(0x00279168), type 1c04
psiFileLoad in single-file mode: 05000030.bin is 0x00000860 bytes at the location pointed to by dirFileBuf(0x00279168), type 1c04
psiFileLoad in single-file mode: 0500000d.bin is 0x00000860 bytes at the location pointed to by dirFileBuf(0x00279168), type 1c04
psiFileLoad in single-file mode: 05000007.bin is 0x000010e0 bytes at the location pointed to by dirFileBuf(0x00279168), type 1c04
psiFileLoad in single-file mode: 05000045.bin is 0x00000540 bytes at the location pointed to by dirFileBuf(0x00279168), type 1c04
psiFileLoad in single-file mode: 05000047.bin is 0x00000660 bytes at the location pointed to by dirFileBuf(0x00279168), type 1c04
psiFileLoad in single-file mode: 05000049.bin is 0x000005c0 bytes at the location pointed to by dirFileBuf(0x00279168), type 1c04
psiFileLoad in single-file mode: 06000232.bin is 0x00000040 bytes at the location pointed to by dirFileBuf(0x00279168), type 1f04
psiFileLoad in single-file mode: 06000233.bin is 0x00000060 bytes at the location pointed to by dirFileBuf(0x00279168), type 1f04
psiFileLoad in single-file mode: 06000236.bin is 0x00000060 bytes at the location pointed to by dirFileBuf(0x00279168), type 1f04
psiFileLoad in single-file mode: 06000237.bin is 0x00000020 bytes at the location pointed to by dirFileBuf(0x00279168), type 1f04
psiFileLoad in single-file mode: 06000231.bin is 0x00000040 bytes at the location pointed to by dirFileBuf(0x00279168), type 1f04
psiFileLoad in single-file mode: 06000238.bin is 0x00000020 bytes at the location pointed to by dirFileBuf(0x00279168), type 1f04
psiFileLoad in single-file mode: 06000239.bin is 0x00000020 bytes at the location pointed to by dirFileBuf(0x00279168), type 1f04
psiFileLoad in single-file mode: 0600023a.bin is 0x00000020 bytes at the location pointed to by dirFileBuf(0x00279168), type 1f04
psiFileLoad in single-file mode: 0600023c.bin is 0x00000020 bytes at the location pointed to by dirFileBuf(0x00279168), type 1f04
psiError opening file: No such file or directory
Error opening file: No such file or directory
Error opening file: No such file or directory
Error opening file: No such file or directory
Error opening file: No such file or directory
Error opening file: No such file or directory
Error opening file: No such file or directory
Error opening file: No such file or directory
Error opening file: No such file or directory
Error opening file: No such file or directory
Error opening file: No such file or directory
Error opening file: No such file or directory
Error opening file: No such file or directory
Error opening file: No such file or directory
Error opening file: No such file or directory
Error opening file: No such file or directory
Error opening file: No such file or directory
Error opening file: No such file or directory
Error opening file: No such file or directory
Error opening file: No such file or directory
Error opening file: No such file or directory
Error opening file: No such file or directory
Error opening file: No such file or directory
Error opening file: No such file or directory
Error opening file: No such file or directory
Error opening file: No such file or directory
Error opening file: No such file or directory
Error opening file: No such file or directory
Error opening file: No such file or directory
Error opening file: No such file or directory
Error opening file: No such file or directory
FileLoad in single-file mode: 0600023d.bin is 0x00000020 bytes at the location pointed to by dirFileBuf(0x00279168), type 1f04
psiFileLoad in single-file mode: 0600023f.bin is 0x00000020 bytes at the location pointed to by dirFileBuf(0x00279168), type 1f04
psiFileLoad in single-file mode: 06000240.bin is 0x00000040 bytes at the location pointed to by dirFileBuf(0x00279168), type 1f04
psiFileLoad in single-file mode: 06000241.bin is 0x00000020 bytes at the location pointed to by dirFileBuf(0x00279168), type 1f04
psiFileLoad in single-file mode: 06000242.bin is 0x00000040 bytes at the location pointed to by dirFileBuf(0x00279168), type 1f04
psiFileLoad in single-file mode: 06000243.bin is 0x00000020 bytes at the location pointed to by dirFileBuf(0x00279168), type 1f04
psiFileLoad in single-file mode: 06000244.bin is 0x00000040 bytes at the location pointed to by dirFileBuf(0x00279168), type 1f04
psiFileLoad in single-file mode: 06000245.bin is 0x00000040 bytes at the location pointed to by dirFileBuf(0x00279168), type 1f04
psiFileLoad in single-file mode: 06000246.bin is 0x00000060 bytes at the location pointed to by dirFileBuf(0x00279168), type 1f04
psiFileLoad in single-file mode: 06000247.bin is 0x00000040 bytes at the location pointed to by dirFileBuf(0x00279168), type 1f04
psiFileLoad in single-file mode: 06000248.bin is 0x00000020 bytes at the location pointed to by dirFileBuf(0x00279168), type 1f04
psiFileLoad in single-file mode: 06000249.bin is 0x00000020 bytes at the location pointed to by dirFileBuf(0x00279168), type 1f04
psiFileLoad in single-file mode: 0600024d.bin is 0x00000040 bytes at the location pointed to by dirFileBuf(0x00279168), type 1f04
psiFileLoad in single-file mode: 0600024e.bin is 0x00000020 bytes at the location pointed to by dirFileBuf(0x00279168), type 1f04
psiFileLoad in single-file mode: 0600024f.bin is 0x00000040 bytes at the location pointed to by dirFileBuf(0x00279168), type 1f04
psiFileLoad in single-file mode: 06000250.bin is 0x00000040 bytes at the location pointed to by dirFileBuf(0x00279168), type 1f04
psiFileLoad in single-file mode: 06000251.bin is 0x00000060 bytes at the location pointed to by dirFileBuf(0x00279168), type 1f04
psiFileLoad in single-file mode: 06000252.bin is 0x00000020 bytes at the location pointed to by dirFileBuf(0x00279168), type 1f04
psiFileLoad in single-file mode: 06000253.bin is 0x00000020 bytes at the location pointed to by dirFileBuf(0x00279168), type 1f04
psiFileLoad in single-file mode: 06000254.bin is 0x00000020 bytes at the location pointed to by dirFileBuf(0x00279168), type 1f04
psiFileLoad in single-file mode: 06000255.bin is 0x00000020 bytes at the location pointed to by dirFileBuf(0x00279168), type 1f04
psiFileLoad in single-file mode: 06000256.bin is 0x00000020 bytes at the location pointed to by dirFileBuf(0x00279168), type 1f04
psiFileLoad in single-file mode: 06000257.bin is 0x00000020 bytes at the location pointed to by dirFileBuf(0x00279168), type 1f04
psiFileLoad in single-file mode: 06000258.bin is 0x00000020 bytes at the location pointed to by dirFileBuf(0x00279168), type 1f04
psiFileLoad in single-file mode: 06000259.bin is 0x00000020 bytes at the location pointed to by dirFileBuf(0x00279168), type 1f04
psiFileLoad in single-file mode: 0600025a.bin is 0x00000020 bytes at the location pointed to by dirFileBuf(0x00279168), type 1f04
psiFileLoad in single-file mode: 0600025b.bin is 0x00000020 bytes at the location pointed to by dirFileBuf(0x00279168), type 1f04
psiFileLoad in single-file mode: 0600025c.bin is 0x00000020 bytes at the location pointed to by dirFileBuf(0x00279168), type 1f04
psiFileLoad in single-file mode: 0600025d.bin is 0x00000020 bytes at the location pointed to by dirFileBuf(0x00279168), type 1f04
psiFileLoad in single-file mode: 0600025e.bin is 0x00000020 bytes at the location pointed to by dirFileBuf(0x00279168), type 1f04
psiFileLoad in single-file mode: 0600025f.bin is 0x00000020 bytes at the location pointed to by dirFileBuf(0x00279168), type 1f04
psiFileLoad in single-file mode: 06000260.bin is 0x00000020 bytes at Error opening file: No such file or directory
Error opening file: No such file or directory
Error opening file: No such file or directory
Error opening file: No such file or directory
Error opening file: No such file or directory
Error opening file: No such file or directory
Error opening file: No such file or directory
Error opening file: No such file or directory
Error opening file: No such file or directory
Error opening file: No such file or directory
Error opening file: No such file or directory
Error opening file: No such file or directory
Error opening file: No such file or directory
Error opening file: No such file or directory
Error opening file: No such file or directory
Error opening file: No such file or directory
Error opening file: No such file or directory
Error opening file: No such file or directory
Error opening file: No such file or directory
Error opening file: No such file or directory
Error opening file: No such file or directory
Error opening file: No such file or directory
Error opening file: No such file or directory
Error opening file: No such file or directory
Error opening file: No such file or directory
Error opening file: No such file or directory
Error opening file: No such file or directory
Error opening file: No such file or directory
Error opening file: No such file or directory
Error opening file: No such file or directory
Error opening file: No such file or directory
Error opening file: No such file or directory
the location pointed to by dirFileBuf(0x00279168), type 1f04
psiFileLoad in single-file mode: 06000261.bin is 0x00000040 bytes at the location pointed to by dirFileBuf(0x00279168), type 1f04
psiFileLoad in single-file mode: 06000262.bin is 0x00000020 bytes at the location pointed to by dirFileBuf(0x00279168), type 1f04
psiFileLoad in single-file mode: 06000264.bin is 0x00000020 bytes at the location pointed to by dirFileBuf(0x00279168), type 1f04
psiFileLoad in single-file mode: 06000286.bin is 0x00000040 bytes at the location pointed to by dirFileBuf(0x00279168), type 1f04
psiFileLoad in single-file mode: 06000287.bin is 0x00000040 bytes at the location pointed to by dirFileBuf(0x00279168), type 1f04
psiFileLoad in single-file mode: 06000288.bin is 0x00000020 bytes at the location pointed to by dirFileBuf(0x00279168), type 1f04
psiFileLoad in single-file mode: 06000289.bin is 0x00000040 bytes at the location pointed to by dirFileBuf(0x00279168), type 1f04
psiFileLoad in single-file mode: 0600028a.bin is 0x00000040 bytes at the location pointed to by dirFileBuf(0x00279168), type 1f04
psiFileLoad in single-file mode: 0600028b.bin is 0x00000060 bytes at the location pointed to by dirFileBuf(0x00279168), type 1f04
psiFileLoad in single-file mode: 0600028c.bin is 0x00000040 bytes at the location pointed to by dirFileBuf(0x00279168), type 1f04
psiFileLoad in single-file mode: 0600028d.bin is 0x00000020 bytes at the location pointed to by dirFileBuf(0x00279168), type 1f04
psiFileLoad in single-file mode: 0600028f.bin is 0x00000020 bytes at the location pointed to by dirFileBuf(0x00279168), type 1f04
psiFileLoad in single-file mode: 06000290.bin is 0x00000040 bytes at the location pointed to by dirFileBuf(0x00279168), type 1f04
psiFileLoad in single-file mode: 0600029a.bin is 0x00000060 bytes at the location pointed to by dirFileBuf(0x00279168), type 1f04
psiFileLoad in single-file mode: 0600029b.bin is 0x00000040 bytes at the location pointed to by dirFileBuf(0x00279168), type 1f04
psiFileLoad in single-file mode: 0600029c.bin is 0x00000060 bytes at the location pointed to by dirFileBuf(0x00279168), type 1f04
psiFileLoad in single-file mode: 0600029d.bin is 0x00000040 bytes at the location pointed to by dirFileBuf(0x00279168), type 1f04
psiFileLoad in single-file mode: 0600029e.bin is 0x00000040 bytes at the location pointed to by dirFileBuf(0x00279168), type 1f04
psiFileLoad in single-file mode: 0600029f.bin is 0x00000040 bytes at the location pointed to by dirFileBuf(0x00279168), type 1f04
psiFileLoad in single-file mode: 060002a0.bin is 0x00000040 bytes at the location pointed to by dirFileBuf(0x00279168), type 1f04
psiFileLoad in single-file mode: 060002a1.bin is 0x00000040 bytes at the location pointed to by dirFileBuf(0x00279168), type 1f04
psiFileLoad in single-file mode: 060002a2.bin is 0x00000040 bytes at the location pointed to by dirFileBuf(0x00279168), type 1f04
psiFileLoad in single-file mode: 060002a3.bin is 0x00000040 bytes at the location pointed to by dirFileBuf(0x00279168), type 1f04
psiFileLoad in single-file mode: 060002a4.bin is 0x00000020 bytes at the location pointed to by dirFileBuf(0x00279168), type 1f04
psiFileLoad in single-file mode: 060002a5.bin is 0x00000040 bytes at the location pointed to by dirFileBuf(0x00279168), type 1f04
psiFileLoad in single-file mode: 060002a6.bin is 0x00000040 bytes at the location pointed to by dirFileBuf(0x00279168), type 1f04
psiFileLoad in single-file mode: 060002a7.bin is 0x00000040 bytes at the location pointed to by dirFileBuf(0x00279168), type 1f04
psiFileLoad in single-file mode: 060002a8.bin is 0x00000040 bytes at the location pointed to by dirFileBuf(0x00279168), type 1f04
psiFileLoad in single-file mode: 060002a9.bin is 0x00000020 bytes at the location pointed to by dirFileBuf(0x00279168), type 1f04
psiFileLoad in single-file mode: 060002ab.bin is 0x00000040 bytes at the location pointed to by dirFileBuf(0x00279168), type 1f04
psiFileLoad in single-file mode: 060002ac.bin is 0x00000040 bytes at the location pointed to by dirFileBuf(0x00279168), type 1f04
psiFiError opening file: No such file or directory
Error opening file: No such file or directory
Error opening file: No such file or directory
Error opening file: No such file or directory
Error opening file: No such file or directory
Error opening file: No such file or directory
Error opening file: No such file or directory
Error opening file: No such file or directory
Error opening file: No such file or directory
Error opening file: No such file or directory
Error opening file: No such file or directory
Error opening file: No such file or directory
Error opening file: No such file or directory
Error opening file: No such file or directory
Error opening file: No such file or directory
Error opening file: No such file or directory
Error opening file: No such file or directory
Error opening file: No such file or directory
Error opening file: No such file or directory
Error opening file: No such file or directory
Error opening file: No such file or directory
Error opening file: No such file or directory
Error opening file: No such file or directory
Error opening file: No such file or directory
Error opening file: No such file or directory
Error opening file: No such file or directory
Error opening file: No such file or directory
Error opening file: No such file or directory
Error opening file: No such file or directory
Error opening file: No such file or directory
Error opening file: No such file or directory
leLoad in single-file mode: 060002ad.bin is 0x00000040 bytes at the location pointed to by dirFileBuf(0x00279168), type 1f04
psiFileLoad in single-file mode: 060002ae.bin is 0x00000020 bytes at the location pointed to by dirFileBuf(0x00279168), type 1f04
psiFileLoad in single-file mode: 060002af.bin is 0x00000020 bytes at the location pointed to by dirFileBuf(0x00279168), type 1f04
psiFileLoad in single-file mode: 060002b0.bin is 0x00000020 bytes at the location pointed to by dirFileBuf(0x00279168), type 1f04
psiFileLoad in single-file mode: 060002b1.bin is 0x00000020 bytes at the location pointed to by dirFileBuf(0x00279168), type 1f04
psiFileLoad in single-file mode: 060002b2.bin is 0x00000020 bytes at the location pointed to by dirFileBuf(0x00279168), type 1f04
psiFileLoad in single-file mode: 060002b3.bin is 0x00000020 bytes at the location pointed to by dirFileBuf(0x00279168), type 1f04
psiFileLoad in single-file mode: 060002b4.bin is 0x00000020 bytes at the location pointed to by dirFileBuf(0x00279168), type 1f04
psiFileLoad in single-file mode: 060002b5.bin is 0x00000020 bytes at the location pointed to by dirFileBuf(0x00279168), type 1f04
psiFileLoad in single-file mode: 060002b6.bin is 0x00000020 bytes at the location pointed to by dirFileBuf(0x00279168), type 1f04
psiFileLoad in single-file mode: 060002b7.bin is 0x00000020 bytes at the location pointed to by dirFileBuf(0x00279168), type 1f04
psiFileLoad in single-file mode: 060002b8.bin is 0x00000020 bytes at the location pointed to by dirFileBuf(0x00279168), type 1f04
psiFileLoad in single-file mode: 060002b9.bin is 0x00000040 bytes at the location pointed to by dirFileBuf(0x00279168), type 1f04
psiFileLoad in single-file mode: 060002ba.bin is 0x00000040 bytes at the location pointed to by dirFileBuf(0x00279168), type 1f04
psiFileLoad in single-file mode: 060002bb.bin is 0x00000040 bytes at the location pointed to by dirFileBuf(0x00279168), type 1f04
psiFileLoad in single-file mode: 060002bc.bin is 0x00000040 bytes at the location pointed to by dirFileBuf(0x00279168), type 1f04
psiFileLoad in single-file mode: 060002bd.bin is 0x00000040 bytes at the location pointed to by dirFileBuf(0x00279168), type 1f04
psiFileLoad in single-file mode: 060002bf.bin is 0x00000040 bytes at the location pointed to by dirFileBuf(0x00279168), type 1f04
psiFileLoad in single-file mode: 060002c0.bin is 0x00000040 bytes at the location pointed to by dirFileBuf(0x00279168), type 1f04
psiFileLoad in single-file mode: 060002c1.bin is 0x00000040 bytes at the location pointed to by dirFileBuf(0x00279168), type 1f04
psiFileLoad in single-file mode: 060002c2.bin is 0x00000040 bytes at the location pointed to by dirFileBuf(0x00279168), type 1f04
psiFileLoad in single-file mode: 060002c3.bin is 0x00000040 bytes at the location pointed to by dirFileBuf(0x00279168), type 1f04
psiFileLoad in single-file mode: 060002c4.bin is 0x00000040 bytes at the location pointed to by dirFileBuf(0x00279168), type 1f04
psiFileLoad in single-file mode: 060002c5.bin is 0x00000040 bytes at the location pointed to by dirFileBuf(0x00279168), type 1f04
psiFileLoad in single-file mode: 060002c6.bin is 0x00000040 bytes at the location pointed to by dirFileBuf(0x00279168), type 1f04
psiFileLoad in single-file mode: 060002c7.bin is 0x00000040 bytes at the location pointed to by dirFileBuf(0x00279168), type 1f04
psiFileLoad in single-file mode: 060002c8.bin is 0x00000020 bytes at the location pointed to by dirFileBuf(0x00279168), type 1f04
psiFileLoad in single-file mode: 060002c9.bin is 0x00000020 bytes at the location pointed to by dirFileBuf(0x00279168), type 1f04
psiFileLoad in single-file mode: 060002ca.bin is 0x00000020 bytes at the location pointed to by dirFileBuf(0x00279168), type 1f04
psiFileLoad in single-file mode: 060002cb.bin is 0x00000020 bytes at the location pointed to by dirFileBuf(0x00279168), type 1f04
psiFileLoad in single-file mode: 060002cc.bin is 0x00000020 bytes at the location pointed to by dirFileBuf(0x00279168), type 1f04
psiFileLoad in single-file mode: 060002cd.bin is 0x00000020 bytes at thError opening file: No such file or directory
Error opening file: No such file or directory
Error opening file: No such file or directory
Error opening file: No such file or directory
Error opening file: No such file or directory
Error opening file: No such file or directory
Error opening file: No such file or directory
Error opening file: No such file or directory
Error opening file: No such file or directory
Error opening file: No such file or directory
Error opening file: No such file or directory
Error opening file: No such file or directory
Error opening file: No such file or directory
Error opening file: No such file or directory
Error opening file: No such file or directory
Error opening file: No such file or directory
Error opening file: No such file or directory
Error opening file: No such file or directory
Error opening file: No such file or directory
Error opening file: No such file or directory
Error opening file: No such file or directory
Error opening file: No such file or directory
Error opening file: No such file or directory
Error opening file: No such file or directory
Error opening file: No such file or directory
Error opening file: No such file or directory
Error opening file: No such file or directory
Error opening file: No such file or directory
Error opening file: No such file or directory
Error opening file: No such file or directory
Error opening file: No such file or directory
Error opening file: No such file or directory
e location pointed to by dirFileBuf(0x00279168), type 1f04
psiFileLoad in single-file mode: 060002ce.bin is 0x00000020 bytes at the location pointed to by dirFileBuf(0x00279168), type 1f04
psiFileLoad in single-file mode: 060002cf.bin is 0x00000040 bytes at the location pointed to by dirFileBuf(0x00279168), type 1f04
psiFileLoad in single-file mode: 060002d0.bin is 0x00000040 bytes at the location pointed to by dirFileBuf(0x00279168), type 1f04
psiFileLoad in single-file mode: 0600022e.bin is 0x00000040 bytes at the location pointed to by dirFileBuf(0x00279168), type 1f04
psiFileLoad in single-file mode: 0600022f.bin is 0x00000040 bytes at the location pointed to by dirFileBuf(0x00279168), type 1f04
psiFileLoad in single-file mode: 060002d3.bin is 0x00000020 bytes at the location pointed to by dirFileBuf(0x00279168), type 1f04
psiFileLoad in single-file mode: 060002d4.bin is 0x00000020 bytes at the location pointed to by dirFileBuf(0x00279168), type 1f04
psiFileLoad in single-file mode: 060002d5.bin is 0x00000020 bytes at the location pointed to by dirFileBuf(0x00279168), type 1f04
psiFileLoad in single-file mode: 060002d6.bin is 0x00000020 bytes at the location pointed to by dirFileBuf(0x00279168), type 1f04
psiFileLoad in single-file mode: 060002d7.bin is 0x00000020 bytes at the location pointed to by dirFileBuf(0x00279168), type 1f04
psiFileLoad in single-file mode: 060002d8.bin is 0x00000020 bytes at the location pointed to by dirFileBuf(0x00279168), type 1f04
psiFileLoad in single-file mode: 060002d9.bin is 0x00000020 bytes at the location pointed to by dirFileBuf(0x00279168), type 1f04
psiFileLoad in single-file mode: 060002da.bin is 0x00000020 bytes at the location pointed to by dirFileBuf(0x00279168), type 1f04
psiFileLoad in single-file mode: 060002db.bin is 0x00000020 bytes at the location pointed to by dirFileBuf(0x00279168), type 1f04
psiFileLoad in single-file mode: 060002dc.bin is 0x00000020 bytes at the location pointed to by dirFileBuf(0x00279168), type 1f04
psiFileLoad in single-file mode: 060002dd.bin is 0x00000020 bytes at the location pointed to by dirFileBuf(0x00279168), type 1f04
psiFileLoad in single-file mode: 060002de.bin is 0x00000020 bytes at the location pointed to by dirFileBuf(0x00279168), type 1f04
psiFileLoad in single-file mode: 060002df.bin is 0x00000020 bytes at the location pointed to by dirFileBuf(0x00279168), type 1f04
psiFileLoad in single-file mode: 060002e0.bin is 0x00000020 bytes at the location pointed to by dirFileBuf(0x00279168), type 1f04
psiFileLoad in single-file mode: 060002e1.bin is 0x00000020 bytes at the location pointed to by dirFileBuf(0x00279168), type 1f04
psiFileLoad in single-file mode: 060002e2.bin is 0x00000020 bytes at the location pointed to by dirFileBuf(0x00279168), type 1f04
psiFileLoad in single-file mode: 060002e3.bin is 0x00000020 bytes at the location pointed to by dirFileBuf(0x00279168), type 1f04
psiFileLoad in single-file mode: 060002e4.bin is 0x00000020 bytes at the location pointed to by dirFileBuf(0x00279168), type 1f04
psiFileLoad in single-file mode: 060002e5.bin is 0x00000020 bytes at the location pointed to by dirFileBuf(0x00279168), type 1f04
psiFileLoad in single-file mode: 060002e6.bin is 0x00000020 bytes at the location pointed to by dirFileBuf(0x00279168), type 1f04
psiFileLoad in single-file mode: 060002e7.bin is 0x00000020 bytes at the location pointed to by dirFileBuf(0x00279168), type 1f04
psiFileLoad in single-file mode: 0600022c.bin is 0x00000040 bytes at the location pointed to by dirFileBuf(0x00279168), type 1f04
psiFileLoad in single-file mode: 0600022d.bin is 0x00000040 bytes at the location pointed to by dirFileBuf(0x00279168), type 1f04
psiFileLoad in single-file mode: 060002ea.bin is 0x00000020 bytes at the location pointed to by dirFileBuf(0x00279168), type 1f04
psiFileLoad in single-file mode: 060002ec.bin is 0x00000040 bytes at the location pointed to by dirFileBuf(0x00279168), type 1f04
psiFileLoad in single-file mode: 060002ed.bin is 0x00000080 bytes at the location pointed to by dirFileBuf(0x00279168), type 1f04
psiFileError opening file: No such file or directory
Error opening file: No such file or directory
Error opening file: No such file or directory
Error opening file: No such file or directory
Error opening file: No such file or directory
Error opening file: No such file or directory
Error opening file: No such file or directory
Error opening file: No such file or directory
Error opening file: No such file or directory
Error opening file: No such file or directory
Error opening file: No such file or directory
Error opening file: No such file or directory
Error opening file: No such file or directory
Error opening file: No such file or directory
Error opening file: No such file or directory
Error opening file: No such file or directory
Error opening file: No such file or directory
Error opening file: No such file or directory
Error opening file: No such file or directory
Error opening file: No such file or directory
Error opening file: No such file or directory
Error opening file: No such file or directory
Error opening file: No such file or directory
Error opening file: No such file or directory
Error opening file: No such file or directory
Error opening file: No such file or directory
Error opening file: No such file or directory
Error opening file: No such file or directory
Error opening file: No such file or directory
Error opening file: No such file or directory
Error opening file: No such file or directory
Load in single-file mode: 060002ee.bin is 0x00000040 bytes at the location pointed to by dirFileBuf(0x00279168), type 1f04
psiFileLoad in single-file mode: 060002ef.bin is 0x00000040 bytes at the location pointed to by dirFileBuf(0x00279168), type 1f04
psiFileLoad in single-file mode: 060002f0.bin is 0x00000020 bytes at the location pointed to by dirFileBuf(0x00279168), type 1f04
psiFileLoad in single-file mode: 060002f1.bin is 0x00000020 bytes at the location pointed to by dirFileBuf(0x00279168), type 1f04
psiFileLoad in single-file mode: 060002f2.bin is 0x00000020 bytes at the location pointed to by dirFileBuf(0x00279168), type 1f04
psiFileLoad in single-file mode: 060002f3.bin is 0x00000020 bytes at the location pointed to by dirFileBuf(0x00279168), type 1f04
psiFileLoad in single-file mode: 060002f4.bin is 0x00000020 bytes at the location pointed to by dirFileBuf(0x00279168), type 1f04
psiFileLoad in single-file mode: 060002f5.bin is 0x00000040 bytes at the location pointed to by dirFileBuf(0x00279168), type 1f04
psiFileLoad in single-file mode: 060002f7.bin is 0x00000020 bytes at the location pointed to by dirFileBuf(0x00279168), type 1f04
psiFileLoad in single-file mode: 060002f8.bin is 0x00000020 bytes at the location pointed to by dirFileBuf(0x00279168), type 1f04
psiFileLoad in single-file mode: 060002f9.bin is 0x00000020 bytes at the location pointed to by dirFileBuf(0x00279168), type 1f04
psiFileLoad in single-file mode: 060002fa.bin is 0x00000020 bytes at the location pointed to by dirFileBuf(0x00279168), type 1f04
psiFileLoad in single-file mode: 060002fb.bin is 0x00000020 bytes at the location pointed to by dirFileBuf(0x00279168), type 1f04
psiFileLoad in single-file mode: 060002fc.bin is 0x00000020 bytes at the location pointed to by dirFileBuf(0x00279168), type 1f04
psiFileLoad in single-file mode: 060002fd.bin is 0x00000020 bytes at the location pointed to by dirFileBuf(0x00279168), type 1f04
psiFileLoad in single-file mode: 060002fe.bin is 0x00000020 bytes at the location pointed to by dirFileBuf(0x00279168), type 1f04
psiFileLoad in single-file mode: 060002ff.bin is 0x00000020 bytes at the location pointed to by dirFileBuf(0x00279168), type 1f04
psiFileLoad in single-file mode: 06000300.bin is 0x00000020 bytes at the location pointed to by dirFileBuf(0x00279168), type 1f04
psiFileLoad in single-file mode: 06000301.bin is 0x00000020 bytes at the location pointed to by dirFileBuf(0x00279168), type 1f04
psiFileLoad in single-file mode: 06000302.bin is 0x00000020 bytes at the location pointed to by dirFileBuf(0x00279168), type 1f04
psiFileLoad in single-file mode: 06000303.bin is 0x00000020 bytes at the location pointed to by dirFileBuf(0x00279168), type 1f04
psiFileLoad in single-file mode: 06000304.bin is 0x00000020 bytes at the location pointed to by dirFileBuf(0x00279168), type 1f04
psiFileLoad in single-file mode: 06000305.bin is 0x00000020 bytes at the location pointed to by dirFileBuf(0x00279168), type 1f04
psiFileLoad in single-file mode: 06000306.bin is 0x00000020 bytes at the location pointed to by dirFileBuf(0x00279168), type 1f04
psiFileLoad in single-file mode: 06000307.bin is 0x00000020 bytes at the location pointed to by dirFileBuf(0x00279168), type 1f04
psiFileLoad in single-file mode: 06000308.bin is 0x00000020 bytes at the location pointed to by dirFileBuf(0x00279168), type 1f04
psiFileLoad in single-file mode: 06000309.bin is 0x00000020 bytes at the location pointed to by dirFileBuf(0x00279168), type 1f04
psiFileLoad in single-file mode: 0600030a.bin is 0x00000020 bytes at the location pointed to by dirFileBuf(0x00279168), type 1f04
psiFileLoad in single-file mode: 0600030b.bin is 0x00000020 bytes at the location pointed to by dirFileBuf(0x00279168), type 1f04
psiFileLoad in single-file mode: 0600030c.bin is 0x00000020 bytes at the location pointed to by dirFileBuf(0x00279168), type 1f04
psiFileLoad in single-file mode: 0600030d.bin is 0x00000040 bytes at the location pointed to by dirFileBuf(0x00279168), type 1f04
psiFileLoad in single-file mode: 0600030e.bin is 0x00000040 bytes at the Error opening file: No such file or directory
Error opening file: No such file or directory
Error opening file: No such file or directory
Error opening file: No such file or directory
Error opening file: No such file or directory
Error opening file: No such file or directory
Error opening file: No such file or directory
Error opening file: No such file or directory
Error opening file: No such file or directory
Error opening file: No such file or directory
Error opening file: No such file or directory
Error opening file: No such file or directory
Error opening file: No such file or directory
Error opening file: No such file or directory
Error opening file: No such file or directory
Error opening file: No such file or directory
Error opening file: No such file or directory
Error opening file: No such file or directory
Error opening file: No such file or directory
Error opening file: No such file or directory
Error opening file: No such file or directory
Error opening file: No such file or directory
Error opening file: No such file or directory
Error opening file: No such file or directory
Error opening file: No such file or directory
Error opening file: No such file or directory
Error opening file: No such file or directory
Error opening file: No such file or directory
Error opening file: No such file or directory
Error opening file: No such file or directory
Error opening file: No such file or directory
Error opening file: No such file or directory
location pointed to by dirFileBuf(0x00279168), type 1f04
psiFileLoad in single-file mode: 06000311.bin is 0x00000040 bytes at the location pointed to by dirFileBuf(0x00279168), type 1f04
psiFileLoad in single-file mode: 06000312.bin is 0x00000040 bytes at the location pointed to by dirFileBuf(0x00279168), type 1f04
psiFileLoad in single-file mode: 06000313.bin is 0x00000040 bytes at the location pointed to by dirFileBuf(0x00279168), type 1f04
psiFileLoad in single-file mode: 06000314.bin is 0x00000040 bytes at the location pointed to by dirFileBuf(0x00279168), type 1f04
psiFileLoad in single-file mode: 06000315.bin is 0x00000040 bytes at the location pointed to by dirFileBuf(0x00279168), type 1f04
psiFileLoad in single-file mode: 06000316.bin is 0x00000040 bytes at the location pointed to by dirFileBuf(0x00279168), type 1f04
psiFileLoad in single-file mode: 06000317.bin is 0x00000040 bytes at the location pointed to by dirFileBuf(0x00279168), type 1f04
psiFileLoad in single-file mode: 06000318.bin is 0x00000020 bytes at the location pointed to by dirFileBuf(0x00279168), type 1f04
psiFileLoad in single-file mode: 0600031b.bin is 0x00000020 bytes at the location pointed to by dirFileBuf(0x00279168), type 1f04
psiFileLoad in single-file mode: 0600031c.bin is 0x00000020 bytes at the location pointed to by dirFileBuf(0x00279168), type 1f04
psiFileLoad in single-file mode: 0600031d.bin is 0x00000020 bytes at the location pointed to by dirFileBuf(0x00279168), type 1f04
psiFileLoad in single-file mode: 0600031e.bin is 0x00000020 bytes at the location pointed to by dirFileBuf(0x00279168), type 1f04
psiFileLoad in single-file mode: 0600031f.bin is 0x00000040 bytes at the location pointed to by dirFileBuf(0x00279168), type 1f04
psiFileLoad in single-file mode: 06000321.bin is 0x00000040 bytes at the location pointed to by dirFileBuf(0x00279168), type 1f04
psiFileLoad in single-file mode: 06000322.bin is 0x00000040 bytes at the location pointed to by dirFileBuf(0x00279168), type 1f04
psiFileLoad in single-file mode: 06000323.bin is 0x00000040 bytes at the location pointed to by dirFileBuf(0x00279168), type 1f04
psiFileLoad in single-file mode: 06000325.bin is 0x00000040 bytes at the location pointed to by dirFileBuf(0x00279168), type 1f04
psiFileLoad in single-file mode: 06000326.bin is 0x00000040 bytes at the location pointed to by dirFileBuf(0x00279168), type 1f04
psiFileLoad in single-file mode: 06000328.bin is 0x00000020 bytes at the location pointed to by dirFileBuf(0x00279168), type 1f04
psiFileLoad in single-file mode: 06000329.bin is 0x00000020 bytes at the location pointed to by dirFileBuf(0x00279168), type 1f04
psiFileLoad in single-file mode: 0600032a.bin is 0x00000020 bytes at the location pointed to by dirFileBuf(0x00279168), type 1f04
psiFileLoad in single-file mode: 0600032b.bin is 0x00000020 bytes at the location pointed to by dirFileBuf(0x00279168), type 1f04
psiFileLoad in single-file mode: 0600032c.bin is 0x00000020 bytes at the location pointed to by dirFileBuf(0x00279168), type 1f04
psiFileLoad in single-file mode: 0600032d.bin is 0x00000020 bytes at the location pointed to by dirFileBuf(0x00279168), type 1f04
psiFileLoad in single-file mode: 0600032e.bin is 0x00000020 bytes at the location pointed to by dirFileBuf(0x00279168), type 1f04
psiFileLoad in single-file mode: 0600032f.bin is 0x00000020 bytes at the location pointed to by dirFileBuf(0x00279168), type 1f04
psiFileLoad in single-file mode: 06000330.bin is 0x00000040 bytes at the location pointed to by dirFileBuf(0x00279168), type 1f04
psiFileLoad in single-file mode: 06000331.bin is 0x00000020 bytes at the location pointed to by dirFileBuf(0x00279168), type 1f04
psiFileLoad in single-file mode: 06000332.bin is 0x00000020 bytes at the location pointed to by dirFileBuf(0x00279168), type 1f04
psiFileLoad in single-file mode: 06000333.bin is 0x00000040 bytes at the location pointed to by dirFileBuf(0x00279168), type 1f04
psiFileLoad in single-file mode: 060002d2.bin is 0x00000020 bytes at the location pointed to by dirFileBuf(0x00279168), type 1f04
psiFileLoError opening file: No such file or directory
Error opening file: No such file or directory
Error opening file: No such file or directory
Error opening file: No such file or directory
Error opening file: No such file or directory
Error opening file: No such file or directory
Error opening file: No such file or directory
Error opening file: No such file or directory
Error opening file: No such file or directory
Error opening file: No such file or directory
Error opening file: No such file or directory
Error opening file: No such file or directory
Error opening file: No such file or directory
Error opening file: No such file or directory
Error opening file: No such file or directory
Error opening file: No such file or directory
Error opening file: No such file or directory
Error opening file: No such file or directory
Error opening file: No such file or directory
Error opening file: No such file or directory
Error opening file: No such file or directory
Error opening file: No such file or directory
Error opening file: No such file or directory
Error opening file: No such file or directory
Error opening file: No such file or directory
Error opening file: No such file or directory
Error opening file: No such file or directory
Error opening file: No such file or directory
Error opening file: No such file or directory
Error opening file: No such file or directory
Error opening file: No such file or directory
ad in single-file mode: 06000335.bin is 0x00000020 bytes at the location pointed to by dirFileBuf(0x00279168), type 1f04
psiFileLoad in single-file mode: 06000337.bin is 0x00000040 bytes at the location pointed to by dirFileBuf(0x00279168), type 1f04
psiFileLoad in single-file mode: 06000338.bin is 0x00000020 bytes at the location pointed to by dirFileBuf(0x00279168), type 1f04
psiFileLoad in single-file mode: 06000339.bin is 0x00000020 bytes at the location pointed to by dirFileBuf(0x00279168), type 1f04
psiFileLoad in single-file mode: 0600033a.bin is 0x00000020 bytes at the location pointed to by dirFileBuf(0x00279168), type 1f04
psiFileLoad in single-file mode: 0600033b.bin is 0x00000020 bytes at the location pointed to by dirFileBuf(0x00279168), type 1f04
psiFileLoad in single-file mode: 0600033c.bin is 0x00000040 bytes at the location pointed to by dirFileBuf(0x00279168), type 1f04
psiFileLoad in single-file mode: 0600033d.bin is 0x00000040 bytes at the location pointed to by dirFileBuf(0x00279168), type 1f04
psiFileLoad in single-file mode: 0600033e.bin is 0x00000040 bytes at the location pointed to by dirFileBuf(0x00279168), type 1f04
psiFileLoad in single-file mode: 0600033f.bin is 0x00000040 bytes at the location pointed to by dirFileBuf(0x00279168), type 1f04
psiFileLoad in single-file mode: 06000340.bin is 0x00000040 bytes at the location pointed to by dirFileBuf(0x00279168), type 1f04
psiFileLoad in single-file mode: 06000341.bin is 0x00000040 bytes at the location pointed to by dirFileBuf(0x00279168), type 1f04
psiFileLoad in single-file mode: 06000342.bin is 0x00000020 bytes at the location pointed to by dirFileBuf(0x00279168), type 1f04
psiFileLoad in single-file mode: 0600036a.bin is 0x00000020 bytes at the location pointed to by dirFileBuf(0x00279168), type 1f04
psiFileLoad in single-file mode: 0600036b.bin is 0x00000020 bytes at the location pointed to by dirFileBuf(0x00279168), type 1f04
psiFileLoad in single-file mode: 0600036c.bin is 0x00000020 bytes at the location pointed to by dirFileBuf(0x00279168), type 1f04
psiFileLoad in single-file mode: 0600036d.bin is 0x00000020 bytes at the location pointed to by dirFileBuf(0x00279168), type 1f04
psiFileLoad in single-file mode: 0600036e.bin is 0x00000020 bytes at the location pointed to by dirFileBuf(0x00279168), type 1f04
psiFileLoad in single-file mode: 0600036f.bin is 0x00000020 bytes at the location pointed to by dirFileBuf(0x00279168), type 1f04
psiFileLoad in single-file mode: 060002d1.bin is 0x00000020 bytes at the location pointed to by dirFileBuf(0x00279168), type 1f04
psiFileLoad in single-file mode: 060002e9.bin is 0x00000020 bytes at the location pointed to by dirFileBuf(0x00279168), type 1f04
psiFileLoad in single-file mode: 060003a6.bin is 0x00000040 bytes at the location pointed to by dirFileBuf(0x00279168), type 1f04
psiFileLoad in single-file mode: 060003a7.bin is 0x00000040 bytes at the location pointed to by dirFileBuf(0x00279168), type 1f04
psiFileLoad in single-file mode: 060003a8.bin is 0x00000040 bytes at the location pointed to by dirFileBuf(0x00279168), type 1f04
psiFileLoad in single-file mode: 060003a9.bin is 0x00000040 bytes at the location pointed to by dirFileBuf(0x00279168), type 1f04
psiFileLoad in single-file mode: 060003df.bin is 0x00000020 bytes at the location pointed to by dirFileBuf(0x00279168), type 1f04
psiFileLoad in single-file mode: 060003e0.bin is 0x00000020 bytes at the location pointed to by dirFileBuf(0x00279168), type 1f04
psiFileLoad in single-file mode: 060003e1.bin is 0x00000020 bytes at the location pointed to by dirFileBuf(0x00279168), type 1f04
psiFileLoad in single-file mode: 060003e8.bin is 0x00000020 bytes at the location pointed to by dirFileBuf(0x00279168), type 1f04
psiFileLoad in single-file mode: 060003e9.bin is 0x00000020 bytes at the location pointed to by dirFileBuf(0x00279168), type 1f04
psiFileLoad in single-file mode: 06000404.bin is 0x00000020 bytes at the location pointed to by dirFileBuf(0x00279168), type 1f04
psiFileLoad in single-file mode: 06000406.bin is 0x00000020 bytes at the loError opening file: No such file or directory
Error opening file: No such file or directory
Error opening file: No such file or directory
Error opening file: No such file or directory
Error opening file: No such file or directory
Error opening file: No such file or directory
Error opening file: No such file or directory
Error opening file: No such file or directory
Error opening file: No such file or directory
Error opening file: No such file or directory
Error opening file: No such file or directory
Error opening file: No such file or directory
Error opening file: No such file or directory
Error opening file: No such file or directory
Error opening file: No such file or directory
Error opening file: No such file or directory
Error opening file: No such file or directory
Error opening file: No such file or directory
Error opening file: No such file or directory
Error opening file: No such file or directory
Error opening file: No such file or directory
Error opening file: No such file or directory
Error opening file: No such file or directory
Error opening file: No such file or directory
Error opening file: No such file or directory
Error opening file: No such file or directory
Error opening file: No such file or directory
Error opening file: No such file or directory
Error opening file: No such file or directory
Error opening file: No such file or directory
Error opening file: No such file or directory
Error opening file: No such file or directory
cation pointed to by dirFileBuf(0x00279168), type 1f04
psiFileLoad in single-file mode: 06000407.bin is 0x00000020 bytes at the location pointed to by dirFileBuf(0x00279168), type 1f04
psiFileLoad in single-file mode: 06000408.bin is 0x00000020 bytes at the location pointed to by dirFileBuf(0x00279168), type 1f04
psiFileLoad in single-file mode: 06000409.bin is 0x00000020 bytes at the location pointed to by dirFileBuf(0x00279168), type 1f04
psiFileLoad in single-file mode: 0600040a.bin is 0x00000020 bytes at the location pointed to by dirFileBuf(0x00279168), type 1f04
psiFileLoad in single-file mode: 0600040e.bin is 0x00000020 bytes at the location pointed to by dirFileBuf(0x00279168), type 1f04
psiFileLoad in single-file mode: 06000411.bin is 0x00000020 bytes at the location pointed to by dirFileBuf(0x00279168), type 1f04
psiFileLoad in single-file mode: 06000412.bin is 0x00000020 bytes at the location pointed to by dirFileBuf(0x00279168), type 1f04
psiFileLoad in single-file mode: 06000418.bin is 0x00000020 bytes at the location pointed to by dirFileBuf(0x00279168), type 1f04
psiFileLoad in single-file mode: 06000419.bin is 0x00000080 bytes at the location pointed to by dirFileBuf(0x00279168), type 1f04
psiFileLoad in single-file mode: 06000425.bin is 0x00000020 bytes at the location pointed to by dirFileBuf(0x00279168), type 1f04
psiFileLoad in single-file mode: 06000433.bin is 0x00000020 bytes at the location pointed to by dirFileBuf(0x00279168), type 1f04
psiFileLoad in single-file mode: 06000434.bin is 0x00000020 bytes at the location pointed to by dirFileBuf(0x00279168), type 1f04
psiFileLoad in single-file mode: 06000435.bin is 0x00000020 bytes at the location pointed to by dirFileBuf(0x00279168), type 1f04
psiFileLoad in single-file mode: 06000439.bin is 0x00000020 bytes at the location pointed to by dirFileBuf(0x00279168), type 1f04
psiFileLoad in single-file mode: 0600043a.bin is 0x00000020 bytes at the location pointed to by dirFileBuf(0x00279168), type 1f04
psiFileLoad in single-file mode: 0600043b.bin is 0x00000020 bytes at the location pointed to by dirFileBuf(0x00279168), type 1f04
psiFileLoad in single-file mode: 0600043c.bin is 0x00000020 bytes at the location pointed to by dirFileBuf(0x00279168), type 1f04
psiFileLoad in single-file mode: 06000445.bin is 0x00000020 bytes at the location pointed to by dirFileBuf(0x00279168), type 1f04
psiFileLoad in single-file mode: 06000446.bin is 0x00000020 bytes at the location pointed to by dirFileBuf(0x00279168), type 1f04
psiFileLoad in single-file mode: 06000447.bin is 0x00000020 bytes at the location pointed to by dirFileBuf(0x00279168), type 1f04
psiFileLoad in single-file mode: 06000449.bin is 0x00000020 bytes at the location pointed to by dirFileBuf(0x00279168), type 1f04
psiFileLoad in single-file mode: 0600044a.bin is 0x00000020 bytes at the location pointed to by dirFileBuf(0x00279168), type 1f04
psiFileLoad in single-file mode: 0600044b.bin is 0x00000020 bytes at the location pointed to by dirFileBuf(0x00279168), type 1f04
psiFileLoad in single-file mode: 0600044c.bin is 0x00000020 bytes at the location pointed to by dirFileBuf(0x00279168), type 1f04
psiFileLoad in single-file mode: 0600044d.bin is 0x00000020 bytes at the location pointed to by dirFileBuf(0x00279168), type 1f04
psiFileLoad in single-file mode: 0600047f.bin is 0x00000020 bytes at the location pointed to by dirFileBuf(0x00279168), type 1f04
psiFileLoad in single-file mode: 06000480.bin is 0x00000020 bytes at the location pointed to by dirFileBuf(0x00279168), type 1f04
psiFileLoad in single-file mode: 06000485.bin is 0x00000020 bytes at the location pointed to by dirFileBuf(0x00279168), type 1f04
psiFileLoad in single-file mode: 06000487.bin is 0x00000020 bytes at the location pointed to by dirFileBuf(0x00279168), type 1f04
psiFileLoad in single-file mode: 06000488.bin is 0x00000020 bytes at the location pointed to by dirFileBuf(0x00279168), type 1f04
psiFileLoad in single-file mode: 06000489.bin is 0x00000020 bytes at the location pointed to by dirFileBuf(0x00279168), type 1f04
psiFileLoadError opening file: No such file or directory
Error opening file: No such file or directory
Error opening file: No such file or directory
Error opening file: No such file or directory
Error opening file: No such file or directory
Error opening file: No such file or directory
Error opening file: No such file or directory
Error opening file: No such file or directory
Error opening file: No such file or directory
Error opening file: No such file or directory
Error opening file: No such file or directory
Error opening file: No such file or directory
Error opening file: No such file or directory
Error opening file: No such file or directory
Error opening file: No such file or directory
Error opening file: No such file or directory
Error opening file: No such file or directory
Error opening file: No such file or directory
Error opening file: No such file or directory
Error opening file: No such file or directory
Error opening file: No such file or directory
Error opening file: No such file or directory
Error opening file: No such file or directory
Error opening file: No such file or directory
Error opening file: No such file or directory
Error opening file: No such file or directory
Error opening file: No such file or directory
Error opening file: No such file or directory
Error opening file: No such file or directory
Error opening file: No such file or directory
Error opening file: No such file or directory
 in single-file mode: 0600048a.bin is 0x00000020 bytes at the location pointed to by dirFileBuf(0x00279168), type 1f04
psiFileLoad in single-file mode: 0600048b.bin is 0x00000020 bytes at the location pointed to by dirFileBuf(0x00279168), type 1f04
psiFileLoad in single-file mode: 0600048c.bin is 0x00000020 bytes at the location pointed to by dirFileBuf(0x00279168), type 1f04
psiFileLoad in single-file mode: 0600048d.bin is 0x00000020 bytes at the location pointed to by dirFileBuf(0x00279168), type 1f04
psiFileLoad in single-file mode: 060002e8.bin is 0x00000020 bytes at the location pointed to by dirFileBuf(0x00279168), type 1f04
psiFileLoad in single-file mode: 06000334.bin is 0x00000020 bytes at the location pointed to by dirFileBuf(0x00279168), type 1f04
psiFileLoad in single-file mode: 060004a6.bin is 0x00000020 bytes at the location pointed to by dirFileBuf(0x00279168), type 1f04
psiFileLoad in single-file mode: 060004a7.bin is 0x00000020 bytes at the location pointed to by dirFileBuf(0x00279168), type 1f04
psiFileLoad in single-file mode: 060004a8.bin is 0x00000020 bytes at the location pointed to by dirFileBuf(0x00279168), type 1f04
psiFileLoad in single-file mode: 060004a9.bin is 0x00000020 bytes at the location pointed to by dirFileBuf(0x00279168), type 1f04
psiFileLoad in single-file mode: 060004aa.bin is 0x00000020 bytes at the location pointed to by dirFileBuf(0x00279168), type 1f04
psiFileLoad in single-file mode: 060004ab.bin is 0x00000020 bytes at the location pointed to by dirFileBuf(0x00279168), type 1f04
psiFileLoad in single-file mode: 060004ac.bin is 0x00000020 bytes at the location pointed to by dirFileBuf(0x00279168), type 1f04
psiFileLoad in single-file mode: 060004ad.bin is 0x00000040 bytes at the location pointed to by dirFileBuf(0x00279168), type 1f04
psiFileLoad in single-file mode: 060004ae.bin is 0x00000020 bytes at the location pointed to by dirFileBuf(0x00279168), type 1f04
psiFileLoad in single-file mode: 060004af.bin is 0x00000020 bytes at the location pointed to by dirFileBuf(0x00279168), type 1f04
psiFileLoad in single-file mode: 060004b1.bin is 0x00000020 bytes at the location pointed to by dirFileBuf(0x00279168), type 1f04
psiFileLoad in single-file mode: 060004b2.bin is 0x00000020 bytes at the location pointed to by dirFileBuf(0x00279168), type 1f04
psiFileLoad in single-file mode: 060004b9.bin is 0x00000020 bytes at the location pointed to by dirFileBuf(0x00279168), type 1f04
psiFileLoad in single-file mode: 060004ba.bin is 0x00000020 bytes at the location pointed to by dirFileBuf(0x00279168), type 1f04
psiFileLoad in single-file mode: 060004bb.bin is 0x00000020 bytes at the location pointed to by dirFileBuf(0x00279168), type 1f04
psiFileLoad in single-file mode: 060004bc.bin is 0x00000020 bytes at the location pointed to by dirFileBuf(0x00279168), type 1f04
psiFileLoad in single-file mode: 060004bd.bin is 0x00000020 bytes at the location pointed to by dirFileBuf(0x00279168), type 1f04
psiFileLoad in single-file mode: 060004bf.bin is 0x00000020 bytes at the location pointed to by dirFileBuf(0x00279168), type 1f04
psiFileLoad in single-file mode: 060004c0.bin is 0x00000040 bytes at the location pointed to by dirFileBuf(0x00279168), type 1f04
psiFileLoad in single-file mode: 060004c1.bin is 0x00000040 bytes at the location pointed to by dirFileBuf(0x00279168), type 1f04
psiFileLoad in single-file mode: 060004c2.bin is 0x00000040 bytes at the location pointed to by dirFileBuf(0x00279168), type 1f04
psiFileLoad in single-file mode: 060004c3.bin is 0x00000020 bytes at the location pointed to by dirFileBuf(0x00279168), type 1f04
psiFileLoad in single-file mode: 060004c5.bin is 0x00000020 bytes at the location pointed to by dirFileBuf(0x00279168), type 1f04
psiFileLoad in single-file mode: 060004d4.bin is 0x00000020 bytes at the location pointed to by dirFileBuf(0x00279168), type 1f04
psiFileLoad in single-file mode: 060004d5.bin is 0x00000020 bytes at the location pointed to by dirFileBuf(0x00279168), type 1f04
psiFileLoad in single-file mode: 060004d6.bin is 0x00000020 bytes at the locaError opening file: No such file or directory
Error opening file: No such file or directory
Error opening file: No such file or directory
Error opening file: No such file or directory
Error opening file: No such file or directory
Error opening file: No such file or directory
Error opening file: No such file or directory
Error opening file: No such file or directory
Error opening file: No such file or directory
Error opening file: No such file or directory
Error opening file: No such file or directory
Error opening file: No such file or directory
Error opening file: No such file or directory
Error opening file: No such file or directory
Error opening file: No such file or directory
Error opening file: No such file or directory
Error opening file: No such file or directory
Error opening file: No such file or directory
Error opening file: No such file or directory
Error opening file: No such file or directory
Error opening file: No such file or directory
Error opening file: No such file or directory
Error opening file: No such file or directory
Error opening file: No such file or directory
Error opening file: No such file or directory
Error opening file: No such file or directory
Error opening file: No such file or directory
Error opening file: No such file or directory
Error opening file: No such file or directory
Error opening file: No such file or directory
Error opening file: No such file or directory
Error opening file: No such file or directory
tion pointed to by dirFileBuf(0x00279168), type 1f04
psiFileLoad in single-file mode: 060004d7.bin is 0x00000020 bytes at the location pointed to by dirFileBuf(0x00279168), type 1f04
psiFileLoad in single-file mode: 060004d8.bin is 0x00000040 bytes at the location pointed to by dirFileBuf(0x00279168), type 1f04
psiFileLoad in single-file mode: 060004d9.bin is 0x00000040 bytes at the location pointed to by dirFileBuf(0x00279168), type 1f04
psiFileLoad in single-file mode: 060004da.bin is 0x00000020 bytes at the location pointed to by dirFileBuf(0x00279168), type 1f04
psiFileLoad in single-file mode: 060004db.bin is 0x00000020 bytes at the location pointed to by dirFileBuf(0x00279168), type 1f04
psiFileLoad in single-file mode: 060004e7.bin is 0x00000020 bytes at the location pointed to by dirFileBuf(0x00279168), type 1f04
psiFileLoad in single-file mode: 060004e8.bin is 0x00000020 bytes at the location pointed to by dirFileBuf(0x00279168), type 1f04
psiFileLoad in single-file mode: 060004e9.bin is 0x00000020 bytes at the location pointed to by dirFileBuf(0x00279168), type 1f04
psiFileLoad in single-file mode: 060004ea.bin is 0x00000020 bytes at the location pointed to by dirFileBuf(0x00279168), type 1f04
psiFileLoad in single-file mode: 060004ee.bin is 0x00000020 bytes at the location pointed to by dirFileBuf(0x00279168), type 1f04
psiFileLoad in single-file mode: 06000511.bin is 0x00000040 bytes at the location pointed to by dirFileBuf(0x00279168), type 1f04
psiFileLoad in single-file mode: 06000534.bin is 0x00000020 bytes at the location pointed to by dirFileBuf(0x00279168), type 1f04
psiFileLoad in single-file mode: 06000535.bin is 0x00000020 bytes at the location pointed to by dirFileBuf(0x00279168), type 1f04
psiFileLoad in single-file mode: 06000536.bin is 0x00000020 bytes at the location pointed to by dirFileBuf(0x00279168), type 1f04
psiFileLoad in single-file mode: 06000539.bin is 0x00000020 bytes at the location pointed to by dirFileBuf(0x00279168), type 1f04
psiFileLoad in single-file mode: 0600053c.bin is 0x00000040 bytes at the location pointed to by dirFileBuf(0x00279168), type 1f04
psiFileLoad in single-file mode: 0600053f.bin is 0x00000040 bytes at the location pointed to by dirFileBuf(0x00279168), type 1f04
psiFileLoad in single-file mode: 06000540.bin is 0x00000020 bytes at the location pointed to by dirFileBuf(0x00279168), type 1f04
psiFileLoad in single-file mode: 06000541.bin is 0x00000020 bytes at the location pointed to by dirFileBuf(0x00279168), type 1f04
psiFileLoad in single-file mode: 06000542.bin is 0x00000020 bytes at the location pointed to by dirFileBuf(0x00279168), type 1f04
psiFileLoad in single-file mode: 06000543.bin is 0x00000020 bytes at the location pointed to by dirFileBuf(0x00279168), type 1f04
psiFileLoad in single-file mode: 06000544.bin is 0x00000020 bytes at the location pointed to by dirFileBuf(0x00279168), type 1f04
psiFileLoad in single-file mode: 06000545.bin is 0x00000040 bytes at the location pointed to by dirFileBuf(0x00279168), type 1f04
psiFileLoad in single-file mode: 06000546.bin is 0x00000020 bytes at the location pointed to by dirFileBuf(0x00279168), type 1f04
psiFileLoad in single-file mode: 06000547.bin is 0x00000040 bytes at the location pointed to by dirFileBuf(0x00279168), type 1f04
psiFileLoad in single-file mode: 06000548.bin is 0x00000020 bytes at the location pointed to by dirFileBuf(0x00279168), type 1f04
psiFileLoad in single-file mode: 06000549.bin is 0x00000020 bytes at the location pointed to by dirFileBuf(0x00279168), type 1f04
psiFileLoad in single-file mode: 0600054a.bin is 0x00000020 bytes at the location pointed to by dirFileBuf(0x00279168), type 1f04
psiFileLoad in single-file mode: 0600054b.bin is 0x00000020 bytes at the location pointed to by dirFileBuf(0x00279168), type 1f04
psiFileLoad in single-file mode: 0600054c.bin is 0x00000040 bytes at the location pointed to by dirFileBuf(0x00279168), type 1f04
psiFileLoad in single-file mode: 06000555.bin is 0x00000020 bytes at the location pointed to by dirFileBuf(0x00279168), type 1f04
psiFileLoad iError opening file: No such file or directory
Error opening file: No such file or directory
Error opening file: No such file or directory
Error opening file: No such file or directory
Error opening file: No such file or directory
Error opening file: No such file or directory
Error opening file: No such file or directory
Error opening file: No such file or directory
Error opening file: No such file or directory
Error opening file: No such file or directory
Error opening file: No such file or directory
Error opening file: No such file or directory
Error opening file: No such file or directory
Error opening file: No such file or directory
Error opening file: No such file or directory
Error opening file: No such file or directory
Error opening file: No such file or directory
Error opening file: No such file or directory
Error opening file: No such file or directory
Error opening file: No such file or directory
Error opening file: No such file or directory
Error opening file: No such file or directory
Error opening file: No such file or directory
Error opening file: No such file or directory
Error opening file: No such file or directory
Error opening file: No such file or directory
Error opening file: No such file or directory
Error opening file: No such file or directory
Error opening file: No such file or directory
Error opening file: No such file or directory
Error opening file: No such file or directory
n single-file mode: 06000556.bin is 0x00000020 bytes at the location pointed to by dirFileBuf(0x00279168), type 1f04
psiFileLoad in single-file mode: 06000557.bin is 0x00000020 bytes at the location pointed to by dirFileBuf(0x00279168), type 1f04
psiFileLoad in single-file mode: 06000558.bin is 0x00000020 bytes at the location pointed to by dirFileBuf(0x00279168), type 1f04
psiFileLoad in single-file mode: 0600055a.bin is 0x00000020 bytes at the location pointed to by dirFileBuf(0x00279168), type 1f04
psiFileLoad in single-file mode: 0600055b.bin is 0x00000020 bytes at the location pointed to by dirFileBuf(0x00279168), type 1f04
psiFileLoad in single-file mode: 06000569.bin is 0x00000020 bytes at the location pointed to by dirFileBuf(0x00279168), type 1f04
psiFileLoad in single-file mode: 0600056b.bin is 0x00000020 bytes at the location pointed to by dirFileBuf(0x00279168), type 1f04
psiFileLoad in single-file mode: 0600056c.bin is 0x00000040 bytes at the location pointed to by dirFileBuf(0x00279168), type 1f04
psiFileLoad in single-file mode: 0600056d.bin is 0x00000020 bytes at the location pointed to by dirFileBuf(0x00279168), type 1f04
psiFileLoad in single-file mode: 0600056e.bin is 0x00000020 bytes at the location pointed to by dirFileBuf(0x00279168), type 1f04
psiFileLoad in single-file mode: 0600056f.bin is 0x00000020 bytes at the location pointed to by dirFileBuf(0x00279168), type 1f04
psiFileLoad in single-file mode: 06000570.bin is 0x00000020 bytes at the location pointed to by dirFileBuf(0x00279168), type 1f04
psiFileLoad in single-file mode: 06000575.bin is 0x00000020 bytes at the location pointed to by dirFileBuf(0x00279168), type 1f04
psiFileLoad in single-file mode: 06000578.bin is 0x00000040 bytes at the location pointed to by dirFileBuf(0x00279168), type 1f04
psiFileLoad in single-file mode: 060005a4.bin is 0x00000020 bytes at the location pointed to by dirFileBuf(0x00279168), type 1f04
psiFileLoad in single-file mode: 060005a6.bin is 0x00000020 bytes at the location pointed to by dirFileBuf(0x00279168), type 1f04
psiFileLoad in single-file mode: 060005a7.bin is 0x00000020 bytes at the location pointed to by dirFileBuf(0x00279168), type 1f04
psiFileLoad in single-file mode: 060005a8.bin is 0x00000020 bytes at the location pointed to by dirFileBuf(0x00279168), type 1f04
psiFileLoad in single-file mode: 060005a9.bin is 0x00000020 bytes at the location pointed to by dirFileBuf(0x00279168), type 1f04
psiFileLoad in single-file mode: 060005aa.bin is 0x00000020 bytes at the location pointed to by dirFileBuf(0x00279168), type 1f04
psiFileLoad in single-file mode: 060005ac.bin is 0x00000020 bytes at the location pointed to by dirFileBuf(0x00279168), type 1f04
psiFileLoad in single-file mode: 060005cf.bin is 0x00000040 bytes at the location pointed to by dirFileBuf(0x00279168), type 1f04
psiFileLoad in single-file mode: 060005ef.bin is 0x00000020 bytes at the location pointed to by dirFileBuf(0x00279168), type 1f04
psiFileLoad in single-file mode: 060005f0.bin is 0x00000020 bytes at the location pointed to by dirFileBuf(0x00279168), type 1f04
psiFileLoad in single-file mode: 060005f2.bin is 0x00000020 bytes at the location pointed to by dirFileBuf(0x00279168), type 1f04
psiFileLoad in single-file mode: 060005f3.bin is 0x00000020 bytes at the location pointed to by dirFileBuf(0x00279168), type 1f04
psiFileLoad in single-file mode: 060005f7.bin is 0x00000020 bytes at the location pointed to by dirFileBuf(0x00279168), type 1f04
psiFileLoad in single-file mode: 060005f8.bin is 0x00000020 bytes at the location pointed to by dirFileBuf(0x00279168), type 1f04
psiFileLoad in single-file mode: 060005f9.bin is 0x00000020 bytes at the location pointed to by dirFileBuf(0x00279168), type 1f04
psiFileLoad in single-file mode: 060005fa.bin is 0x00000020 bytes at the location pointed to by dirFileBuf(0x00279168), type 1f04
psiFileLoad in single-file mode: 060005fd.bin is 0x00000020 bytes at the location pointed to by dirFileBuf(0x00279168), type 1f04
psiFileLoad in single-file mode: 060005fe.bin is 0x00000020 bytes at the locatiError opening file: No such file or directory
Error opening file: No such file or directory
Error opening file: No such file or directory
Error opening file: No such file or directory
Error opening file: No such file or directory
Error opening file: No such file or directory
Error opening file: No such file or directory
Error opening file: No such file or directory
Error opening file: No such file or directory
Error opening file: No such file or directory
Error opening file: No such file or directory
Error opening file: No such file or directory
Error opening file: No such file or directory
Error opening file: No such file or directory
Error opening file: No such file or directory
Error opening file: No such file or directory
Error opening file: No such file or directory
Error opening file: No such file or directory
Error opening file: No such file or directory
Error opening file: No such file or directory
Error opening file: No such file or directory
Error opening file: No such file or directory
Error opening file: No such file or directory
Error opening file: No such file or directory
Error opening file: No such file or directory
Error opening file: No such file or directory
Error opening file: No such file or directory
Error opening file: No such file or directory
Error opening file: No such file or directory
Error opening file: No such file or directory
Error opening file: No such file or directory
Error opening file: No such file or directory
on pointed to by dirFileBuf(0x00279168), type 1f04
psiFileLoad in single-file mode: 06000607.bin is 0x00000020 bytes at the location pointed to by dirFileBuf(0x00279168), type 1f04
psiFileLoad in single-file mode: 06000608.bin is 0x00000020 bytes at the location pointed to by dirFileBuf(0x00279168), type 1f04
psiFileLoad in single-file mode: 0600061c.bin is 0x00000020 bytes at the location pointed to by dirFileBuf(0x00279168), type 1f04
psiFileLoad in single-file mode: 06000625.bin is 0x00000020 bytes at the location pointed to by dirFileBuf(0x00279168), type 1f04
psiFileLoad in single-file mode: 06000674.bin is 0x00000020 bytes at the location pointed to by dirFileBuf(0x00279168), type 1f04
psiFileLoad in single-file mode: 06000675.bin is 0x00000020 bytes at the location pointed to by dirFileBuf(0x00279168), type 1f04
psiFileLoad in single-file mode: 06000676.bin is 0x00000020 bytes at the location pointed to by dirFileBuf(0x00279168), type 1f04
psiFileLoad in single-file mode: 06000677.bin is 0x00000020 bytes at the location pointed to by dirFileBuf(0x00279168), type 1f04
psiFileLoad in single-file mode: 06000678.bin is 0x00000020 bytes at the location pointed to by dirFileBuf(0x00279168), type 1f04
psiFileLoad in single-file mode: 06000679.bin is 0x00000020 bytes at the location pointed to by dirFileBuf(0x00279168), type 1f04
psiFileLoad in single-file mode: 0600067a.bin is 0x00000020 bytes at the location pointed to by dirFileBuf(0x00279168), type 1f04
psiFileLoad in single-file mode: 0600067b.bin is 0x00000020 bytes at the location pointed to by dirFileBuf(0x00279168), type 1f04
psiFileLoad in single-file mode: 0600067c.bin is 0x00000020 bytes at the location pointed to by dirFileBuf(0x00279168), type 1f04
psiFileLoad in single-file mode: 0600067e.bin is 0x00000020 bytes at the location pointed to by dirFileBuf(0x00279168), type 1f04
psiFileLoad in single-file mode: 0600067f.bin is 0x00000020 bytes at the location pointed to by dirFileBuf(0x00279168), type 1f04
psiFileLoad in single-file mode: 06000680.bin is 0x00000020 bytes at the location pointed to by dirFileBuf(0x00279168), type 1f04
psiFileLoad in single-file mode: 060006dd.bin is 0x00000020 bytes at the location pointed to by dirFileBuf(0x00279168), type 1f04
psiFileLoad in single-file mode: 060006de.bin is 0x00000020 bytes at the location pointed to by dirFileBuf(0x00279168), type 1f04
psiFileLoad in single-file mode: 060006e0.bin is 0x00000040 bytes at the location pointed to by dirFileBuf(0x00279168), type 1f04
psiFileLoad in single-file mode: 060006e7.bin is 0x00000020 bytes at the location pointed to by dirFileBuf(0x00279168), type 1f04
psiFileLoad in single-file mode: 06000702.bin is 0x00000020 bytes at the location pointed to by dirFileBuf(0x00279168), type 1f04
psiFileLoad in single-file mode: 06000703.bin is 0x00000020 bytes at the location pointed to by dirFileBuf(0x00279168), type 1f04
psiFileLoad in single-file mode: 06000704.bin is 0x00000020 bytes at the location pointed to by dirFileBuf(0x00279168), type 1f04
psiFileLoad in single-file mode: 06000705.bin is 0x00000020 bytes at the location pointed to by dirFileBuf(0x00279168), type 1f04
psiFileLoad in single-file mode: 06000706.bin is 0x00000020 bytes at the location pointed to by dirFileBuf(0x00279168), type 1f04
psiFileLoad in single-file mode: 06000707.bin is 0x00000020 bytes at the location pointed to by dirFileBuf(0x00279168), type 1f04
psiFileLoad in single-file mode: 0600070a.bin is 0x00000020 bytes at the location pointed to by dirFileBuf(0x00279168), type 1f04
psiFileLoad in single-file mode: 0600070c.bin is 0x00000020 bytes at the location pointed to by dirFileBuf(0x00279168), type 1f04
psiFileLoad in single-file mode: 06000763.bin is 0x00000020 bytes at the location pointed to by dirFileBuf(0x00279168), type 1f04
psiFileLoad in single-file mode: 06000764.bin is 0x00000020 bytes at the location pointed to by dirFileBuf(0x00279168), type 1f04
psiFileLoad in single-file mode: 06000765.bin is 0x00000020 bytes at the location pointed to by dirFileBuf(0x00279168), type 1f04
psiFileLoad in Error opening file: No such file or directory
Error opening file: No such file or directory
Error opening file: No such file or directory
Error opening file: No such file or directory
Error opening file: No such file or directory
Error opening file: No such file or directory
Error opening file: No such file or directory
Error opening file: No such file or directory
Error opening file: No such file or directory
Error opening file: No such file or directory
Error opening file: No such file or directory
Error opening file: No such file or directory
Error opening file: No such file or directory
Error opening file: No such file or directory
Error opening file: No such file or directory
Error opening file: No such file or directory
Error opening file: No such file or directory
Error opening file: No such file or directory
Error opening file: No such file or directory
Error opening file: No such file or directory
Error opening file: No such file or directory
Error opening file: No such file or directory
Error opening file: No such file or directory
Error opening file: No such file or directory
Error opening file: No such file or directory
Error opening file: No such file or directory
Error opening file: No such file or directory
Error opening file: No such file or directory
Error opening file: No such file or directory
Error opening file: No such file or directory
Error opening file: No such file or directory
single-file mode: 06000766.bin is 0x00000040 bytes at the location pointed to by dirFileBuf(0x00279168), type 1f04
psiFileLoad in single-file mode: 0600076b.bin is 0x00000020 bytes at the location pointed to by dirFileBuf(0x00279168), type 1f04
psiFileLoad in single-file mode: 0600076d.bin is 0x00000020 bytes at the location pointed to by dirFileBuf(0x00279168), type 1f04
psiFileLoad in single-file mode: 0600076e.bin is 0x00000020 bytes at the location pointed to by dirFileBuf(0x00279168), type 1f04
psiFileLoad in single-file mode: 0600076f.bin is 0x00000020 bytes at the location pointed to by dirFileBuf(0x00279168), type 1f04
psiFileLoad in single-file mode: 0600077e.bin is 0x00000040 bytes at the location pointed to by dirFileBuf(0x00279168), type 1f04
psiFileLoad in single-file mode: 0600077f.bin is 0x00000020 bytes at the location pointed to by dirFileBuf(0x00279168), type 1f04
psiFileLoad in single-file mode: 06000780.bin is 0x00000020 bytes at the location pointed to by dirFileBuf(0x00279168), type 1f04
psiFileLoad in single-file mode: 06000781.bin is 0x00000040 bytes at the location pointed to by dirFileBuf(0x00279168), type 1f04
psiFileLoad in single-file mode: 06000782.bin is 0x00000020 bytes at the location pointed to by dirFileBuf(0x00279168), type 1f04
psiFileLoad in single-file mode: 060007af.bin is 0x00000020 bytes at the location pointed to by dirFileBuf(0x00279168), type 1f04
psiFileLoad in single-file mode: 060007b9.bin is 0x00000020 bytes at the location pointed to by dirFileBuf(0x00279168), type 1f04
psiFileLoad in single-file mode: 06000370.bin is 0x00000020 bytes at the location pointed to by dirFileBuf(0x00279168), type 1f04
psiFileLoad in single-file mode: 06000807.bin is 0x00000040 bytes at the location pointed to by dirFileBuf(0x00279168), type 1f04
psiFileLoad in single-file mode: 06000808.bin is 0x00000020 bytes at the location pointed to by dirFileBuf(0x00279168), type 1f04
psiFileLoad in single-file mode: 06000809.bin is 0x00000020 bytes at the location pointed to by dirFileBuf(0x00279168), type 1f04
psiFileLoad in single-file mode: 06000812.bin is 0x00000020 bytes at the location pointed to by dirFileBuf(0x00279168), type 1f04
psiFileLoad in single-file mode: 06000820.bin is 0x00000020 bytes at the location pointed to by dirFileBuf(0x00279168), type 1f04
psiFileLoad in single-file mode: 06000823.bin is 0x00000020 bytes at the location pointed to by dirFileBuf(0x00279168), type 1f04
psiFileLoad in single-file mode: 06000824.bin is 0x00000020 bytes at the location pointed to by dirFileBuf(0x00279168), type 1f04
psiFileLoad in single-file mode: 06000825.bin is 0x00000020 bytes at the location pointed to by dirFileBuf(0x00279168), type 1f04
psiFileLoad in single-file mode: 06000826.bin is 0x00000020 bytes at the location pointed to by dirFileBuf(0x00279168), type 1f04
psiFileLoad in single-file mode: 06000827.bin is 0x00000040 bytes at the location pointed to by dirFileBuf(0x00279168), type 1f04
psiFileLoad in single-file mode: 06000828.bin is 0x00000040 bytes at the location pointed to by dirFileBuf(0x00279168), type 1f04
psiFileLoad in single-file mode: 06000829.bin is 0x00000040 bytes at the location pointed to by dirFileBuf(0x00279168), type 1f04
psiFileLoad in single-file mode: 0600082a.bin is 0x00000020 bytes at the location pointed to by dirFileBuf(0x00279168), type 1f04
psiFileLoad in single-file mode: 0600082b.bin is 0x00000020 bytes at the location pointed to by dirFileBuf(0x00279168), type 1f04
psiFileLoad in single-file mode: 0600082c.bin is 0x00000020 bytes at the location pointed to by dirFileBuf(0x00279168), type 1f04
psiFileLoad in single-file mode: 0600082f.bin is 0x00000020 bytes at the location pointed to by dirFileBuf(0x00279168), type 1f04
psiFileLoad in single-file mode: 06000830.bin is 0x00000020 bytes at the location pointed to by dirFileBuf(0x00279168), type 1f04
psiFileLoad in single-file mode: 0600084d.bin is 0x00000020 bytes at the location pointed to by dirFileBuf(0x00279168), type 1f04
psiFileLoad in single-file mode: 0600084e.bin is 0x00000040 bytes at the locationError opening file: No such file or directory
Error opening file: No such file or directory
Error opening file: No such file or directory
Error opening file: No such file or directory
Error opening file: No such file or directory
Error opening file: No such file or directory
Error opening file: No such file or directory
Error opening file: No such file or directory
Error opening file: No such file or directory
Error opening file: No such file or directory
Error opening file: No such file or directory
Error opening file: No such file or directory
Error opening file: No such file or directory
Error opening file: No such file or directory
Error opening file: No such file or directory
Error opening file: No such file or directory
Error opening file: No such file or directory
Error opening file: No such file or directory
Error opening file: No such file or directory
Error opening file: No such file or directory
Error opening file: No such file or directory
Error opening file: No such file or directory
Error opening file: No such file or directory
Error opening file: No such file or directory
Error opening file: No such file or directory
Error opening file: No such file or directory
Error opening file: No such file or directory
Error opening file: No such file or directory
Error opening file: No such file or directory
Error opening file: No such file or directory
Error opening file: No such file or directory
Error opening file: No such file or directory
 pointed to by dirFileBuf(0x00279168), type 1f04
psiFileLoad in single-file mode: 0600084f.bin is 0x00000020 bytes at the location pointed to by dirFileBuf(0x00279168), type 1f04
psiFileLoad in single-file mode: 06000850.bin is 0x00000040 bytes at the location pointed to by dirFileBuf(0x00279168), type 1f04
psiFileLoad in single-file mode: 06000851.bin is 0x00000040 bytes at the location pointed to by dirFileBuf(0x00279168), type 1f04
psiFileLoad in single-file mode: 06000860.bin is 0x00000020 bytes at the location pointed to by dirFileBuf(0x00279168), type 1f04
psiFileLoad in single-file mode: 06000876.bin is 0x00000060 bytes at the location pointed to by dirFileBuf(0x00279168), type 1f04
psiFileLoad in single-file mode: 0600087f.bin is 0x00000020 bytes at the location pointed to by dirFileBuf(0x00279168), type 1f04
psiFileLoad in single-file mode: 0600088c.bin is 0x00000020 bytes at the location pointed to by dirFileBuf(0x00279168), type 1f04
psiFileLoad in single-file mode: 0600088d.bin is 0x00000020 bytes at the location pointed to by dirFileBuf(0x00279168), type 1f04
psiFileLoad in single-file mode: 0600088e.bin is 0x00000020 bytes at the location pointed to by dirFileBuf(0x00279168), type 1f04
psiFileLoad in single-file mode: 0600089d.bin is 0x00000020 bytes at the location pointed to by dirFileBuf(0x00279168), type 1f04
psiFileLoad in single-file mode: 0600089f.bin is 0x00000020 bytes at the location pointed to by dirFileBuf(0x00279168), type 1f04
psiFileLoad in single-file mode: 060008a0.bin is 0x00000020 bytes at the location pointed to by dirFileBuf(0x00279168), type 1f04
psiFileLoad in single-file mode: 060008b7.bin is 0x00000020 bytes at the location pointed to by dirFileBuf(0x00279168), type 1f04
psiFileLoad in single-file mode: 060008ee.bin is 0x00000020 bytes at the location pointed to by dirFileBuf(0x00279168), type 1f04
psiFileLoad in single-file mode: 06000916.bin is 0x00000020 bytes at the location pointed to by dirFileBuf(0x00279168), type 1f04
psiFileLoad in single-file mode: 0600095f.bin is 0x00000020 bytes at the location pointed to by dirFileBuf(0x00279168), type 1f04
psiFileLoad in single-file mode: 060009e6.bin is 0x00000020 bytes at the location pointed to by dirFileBuf(0x00279168), type 1f04
psiFileLoad in single-file mode: 060009e7.bin is 0x00000020 bytes at the location pointed to by dirFileBuf(0x00279168), type 1f04
psiFileLoad in single-file mode: 060009ff.bin is 0x00000020 bytes at the location pointed to by dirFileBuf(0x00279168), type 1f04
psiFileLoad in single-file mode: 06000a00.bin is 0x00000020 bytes at the location pointed to by dirFileBuf(0x00279168), type 1f04
psiFileLoad in single-file mode: 06000371.bin is 0x00000020 bytes at the location pointed to by dirFileBuf(0x00279168), type 1f04
psiFileLoad in single-file mode: 06000a3a.bin is 0x00000020 bytes at the location pointed to by dirFileBuf(0x00279168), type 1f04
psiFileLoad in single-file mode: 06000229.bin is 0x00000040 bytes at the location pointed to by dirFileBuf(0x00279168), type 1f04
psiFileLoad in single-file mode: 06000222.bin is 0x00000020 bytes at the location pointed to by dirFileBuf(0x00279168), type 1f04
psiFileLoad in single-file mode: 06000221.bin is 0x00000020 bytes at the location pointed to by dirFileBuf(0x00279168), type 1f04
psiFileLoad in single-file mode: 06000220.bin is 0x00000020 bytes at the location pointed to by dirFileBuf(0x00279168), type 1f04
psiFileLoad in single-file mode: 0600021f.bin is 0x00000020 bytes at the location pointed to by dirFileBuf(0x00279168), type 1f04
psiFileLoad in single-file mode: 0600021e.bin is 0x00000020 bytes at the location pointed to by dirFileBuf(0x00279168), type 1f04
psiFileLoad in single-file mode: 0600021c.bin is 0x00000040 bytes at the location pointed to by dirFileBuf(0x00279168), type 1f04
psiFileLoad in single-file mode: 0600021b.bin is 0x00000040 bytes at the location pointed to by dirFileBuf(0x00279168), type 1f04
psiFileLoad in single-file mode: 06000217.bin is 0x00000020 bytes at the location pointed to by dirFileBuf(0x00279168), type 1f04
psiFileLoad in siError opening file: No such file or directory
Error opening file: No such file or directory
Error opening file: No such file or directory
Error opening file: No such file or directory
Error opening file: No such file or directory
Error opening file: No such file or directory
Error opening file: No such file or directory
Error opening file: No such file or directory
Error opening file: No such file or directory
Error opening file: No such file or directory
Error opening file: No such file or directory
Error opening file: No such file or directory
Error opening file: No such file or directory
Error opening file: No such file or directory
Error opening file: No such file or directory
Error opening file: No such file or directory
Error opening file: No such file or directory
Error opening file: No such file or directory
Error opening file: No such file or directory
Error opening file: No such file or directory
Error opening file: No such file or directory
Error opening file: No such file or directory
Error opening file: No such file or directory
Error opening file: No such file or directory
Error opening file: No such file or directory
Error opening file: No such file or directory
Error opening file: No such file or directory
Error opening file: No such file or directory
Error opening file: No such file or directory
Error opening file: No such file or directory
Error opening file: No such file or directory
ngle-file mode: 06000216.bin is 0x00000020 bytes at the location pointed to by dirFileBuf(0x00279168), type 1f04
psiFileLoad in single-file mode: 06000215.bin is 0x00000020 bytes at the location pointed to by dirFileBuf(0x00279168), type 1f04
psiFileLoad in single-file mode: 060001fc.bin is 0x00000040 bytes at the location pointed to by dirFileBuf(0x00279168), type 1f04
psiFileLoad in single-file mode: 060001fb.bin is 0x00000040 bytes at the location pointed to by dirFileBuf(0x00279168), type 1f04
psiFileLoad in single-file mode: 060001dd.bin is 0x00000020 bytes at the location pointed to by dirFileBuf(0x00279168), type 1f04
psiFileLoad in single-file mode: 060001dc.bin is 0x00000020 bytes at the location pointed to by dirFileBuf(0x00279168), type 1f04
psiFileLoad in single-file mode: 060001c2.bin is 0x00000020 bytes at the location pointed to by dirFileBuf(0x00279168), type 1f04
psiFileLoad in single-file mode: 060001c0.bin is 0x00000020 bytes at the location pointed to by dirFileBuf(0x00279168), type 1f04
psiFileLoad in single-file mode: 060001bf.bin is 0x00000020 bytes at the location pointed to by dirFileBuf(0x00279168), type 1f04
psiFileLoad in single-file mode: 060001be.bin is 0x00000020 bytes at the location pointed to by dirFileBuf(0x00279168), type 1f04
psiFileLoad in single-file mode: 060001bd.bin is 0x00000020 bytes at the location pointed to by dirFileBuf(0x00279168), type 1f04
psiFileLoad in single-file mode: 060001bc.bin is 0x00000020 bytes at the location pointed to by dirFileBuf(0x00279168), type 1f04
psiFileLoad in single-file mode: 060001bb.bin is 0x00000020 bytes at the location pointed to by dirFileBuf(0x00279168), type 1f04
psiFileLoad in single-file mode: 060001ba.bin is 0x00000020 bytes at the location pointed to by dirFileBuf(0x00279168), type 1f04
psiFileLoad in single-file mode: 060001b9.bin is 0x00000020 bytes at the location pointed to by dirFileBuf(0x00279168), type 1f04
psiFileLoad in single-file mode: 060001b8.bin is 0x00000020 bytes at the location pointed to by dirFileBuf(0x00279168), type 1f04
psiFileLoad in single-file mode: 060001b7.bin is 0x00000020 bytes at the location pointed to by dirFileBuf(0x00279168), type 1f04
psiFileLoad in single-file mode: 060001b6.bin is 0x00000020 bytes at the location pointed to by dirFileBuf(0x00279168), type 1f04
psiFileLoad in single-file mode: 060001b5.bin is 0x00000020 bytes at the location pointed to by dirFileBuf(0x00279168), type 1f04
psiFileLoad in single-file mode: 060001b3.bin is 0x00000040 bytes at the location pointed to by dirFileBuf(0x00279168), type 1f04
psiFileLoad in single-file mode: 060001b2.bin is 0x00000020 bytes at the location pointed to by dirFileBuf(0x00279168), type 1f04
psiFileLoad in single-file mode: 060001b1.bin is 0x00000040 bytes at the location pointed to by dirFileBuf(0x00279168), type 1f04
psiFileLoad in single-file mode: 060001b0.bin is 0x00000040 bytes at the location pointed to by dirFileBuf(0x00279168), type 1f04
psiFileLoad in single-file mode: 060001ae.bin is 0x00000040 bytes at the location pointed to by dirFileBuf(0x00279168), type 1f04
psiFileLoad in single-file mode: 060001ad.bin is 0x00000020 bytes at the location pointed to by dirFileBuf(0x00279168), type 1f04
psiFileLoad in single-file mode: 060001ac.bin is 0x00000040 bytes at the location pointed to by dirFileBuf(0x00279168), type 1f04
psiFileLoad in single-file mode: 060001ab.bin is 0x00000040 bytes at the location pointed to by dirFileBuf(0x00279168), type 1f04
psiFileLoad in single-file mode: 060001aa.bin is 0x00000040 bytes at the location pointed to by dirFileBuf(0x00279168), type 1f04
psiFileLoad in single-file mode: 060001a9.bin is 0x00000040 bytes at the location pointed to by dirFileBuf(0x00279168), type 1f04
psiFileLoad in single-file mode: 060001a8.bin is 0x00000040 bytes at the location pointed to by dirFileBuf(0x00279168), type 1f04
psiFileLoad in single-file mode: 060001a7.bin is 0x00000040 bytes at the location pointed to by dirFileBuf(0x00279168), type 1f04
psiFileLoad in single-file mode: 060001a6.bin is 0x00000020 bytes at the location pError opening file: No such file or directory
Error opening file: No such file or directory
Error opening file: No such file or directory
Error opening file: No such file or directory
Error opening file: No such file or directory
Error opening file: No such file or directory
Error opening file: No such file or directory
Error opening file: No such file or directory
Error opening file: No such file or directory
Error opening file: No such file or directory
Error opening file: No such file or directory
Error opening file: No such file or directory
Error opening file: No such file or directory
Error opening file: No such file or directory
Error opening file: No such file or directory
Error opening file: No such file or directory
Error opening file: No such file or directory
Error opening file: No such file or directory
Error opening file: No such file or directory
Error opening file: No such file or directory
Error opening file: No such file or directory
Error opening file: No such file or directory
Error opening file: No such file or directory
Error opening file: No such file or directory
Error opening file: No such file or directory
Error opening file: No such file or directory
Error opening file: No such file or directory
Error opening file: No such file or directory
Error opening file: No such file or directory
Error opening file: No such file or directory
Error opening file: No such file or directory
Error opening file: No such file or directory
ointed to by dirFileBuf(0x00279168), type 1f04
psiFileLoad in single-file mode: 060001a4.bin is 0x00000020 bytes at the location pointed to by dirFileBuf(0x00279168), type 1f04
psiFileLoad in single-file mode: 060001a3.bin is 0x00000020 bytes at the location pointed to by dirFileBuf(0x00279168), type 1f04
psiFileLoad in single-file mode: 060001a2.bin is 0x00000040 bytes at the location pointed to by dirFileBuf(0x00279168), type 1f04
psiFileLoad in single-file mode: 0600018f.bin is 0x00000040 bytes at the location pointed to by dirFileBuf(0x00279168), type 1f04
psiFileLoad in single-file mode: 06000188.bin is 0x00000020 bytes at the location pointed to by dirFileBuf(0x00279168), type 1f04
psiFileLoad in single-file mode: 06000187.bin is 0x00000020 bytes at the location pointed to by dirFileBuf(0x00279168), type 1f04
psiFileLoad in single-file mode: 06000182.bin is 0x00000020 bytes at the location pointed to by dirFileBuf(0x00279168), type 1f04
psiFileLoad in single-file mode: 0600017c.bin is 0x00000040 bytes at the location pointed to by dirFileBuf(0x00279168), type 1f04
psiFileLoad in single-file mode: 0600017b.bin is 0x00000040 bytes at the location pointed to by dirFileBuf(0x00279168), type 1f04
psiFileLoad in single-file mode: 06000177.bin is 0x00000040 bytes at the location pointed to by dirFileBuf(0x00279168), type 1f04
psiFileLoad in single-file mode: 06000176.bin is 0x00000040 bytes at the location pointed to by dirFileBuf(0x00279168), type 1f04
psiFileLoad in single-file mode: 06000167.bin is 0x00000040 bytes at the location pointed to by dirFileBuf(0x00279168), type 1f04
psiFileLoad in single-file mode: 06000161.bin is 0x00000040 bytes at the location pointed to by dirFileBuf(0x00279168), type 1f04
psiFileLoad in single-file mode: 0600015c.bin is 0x00000040 bytes at the location pointed to by dirFileBuf(0x00279168), type 1f04
psiFileLoad in single-file mode: 0600015b.bin is 0x00000040 bytes at the location pointed to by dirFileBuf(0x00279168), type 1f04
psiFileLoad in single-file mode: 0600015a.bin is 0x00000040 bytes at the location pointed to by dirFileBuf(0x00279168), type 1f04
psiFileLoad in single-file mode: 06000159.bin is 0x00000040 bytes at the location pointed to by dirFileBuf(0x00279168), type 1f04
psiFileLoad in single-file mode: 06000158.bin is 0x00000040 bytes at the location pointed to by dirFileBuf(0x00279168), type 1f04
psiFileLoad in single-file mode: 06000157.bin is 0x00000040 bytes at the location pointed to by dirFileBuf(0x00279168), type 1f04
psiFileLoad in single-file mode: 06000156.bin is 0x00000040 bytes at the location pointed to by dirFileBuf(0x00279168), type 1f04
psiFileLoad in single-file mode: 06000155.bin is 0x00000040 bytes at the location pointed to by dirFileBuf(0x00279168), type 1f04
psiFileLoad in single-file mode: 06000151.bin is 0x00000040 bytes at the location pointed to by dirFileBuf(0x00279168), type 1f04
psiFileLoad in single-file mode: 0600014f.bin is 0x00000040 bytes at the location pointed to by dirFileBuf(0x00279168), type 1f04
psiFileLoad in single-file mode: 0600012b.bin is 0x00000020 bytes at the location pointed to by dirFileBuf(0x00279168), type 1f04
psiFileLoad in single-file mode: 0600012a.bin is 0x00000020 bytes at the location pointed to by dirFileBuf(0x00279168), type 1f04
psiFileLoad in single-file mode: 06000129.bin is 0x00000020 bytes at the location pointed to by dirFileBuf(0x00279168), type 1f04
psiFileLoad in single-file mode: 06000128.bin is 0x00000020 bytes at the location pointed to by dirFileBuf(0x00279168), type 1f04
psiFileLoad in single-file mode: 06000127.bin is 0x00000020 bytes at the location pointed to by dirFileBuf(0x00279168), type 1f04
psiFileLoad in single-file mode: 06000126.bin is 0x00000040 bytes at the location pointed to by dirFileBuf(0x00279168), type 1f04
psiFileLoad in single-file mode: 06000125.bin is 0x00000020 bytes at the location pointed to by dirFileBuf(0x00279168), type 1f04
psiFileLoad in single-file mode: 06000124.bin is 0x00000040 bytes at the location pointed to by dirFileBuf(0x00279168), type 1f04
psiFileLoad in singError opening file: No such file or directory
Error opening file: No such file or directory
Error opening file: No such file or directory
Error opening file: No such file or directory
Error opening file: No such file or directory
Error opening file: No such file or directory
Error opening file: No such file or directory
Error opening file: No such file or directory
Error opening file: No such file or directory
Error opening file: No such file or directory
Error opening file: No such file or directory
Error opening file: No such file or directory
Error opening file: No such file or directory
Error opening file: No such file or directory
Error opening file: No such file or directory
Error opening file: No such file or directory
Error opening file: No such file or directory
Error opening file: No such file or directory
Error opening file: No such file or directory
Error opening file: No such file or directory
Error opening file: No such file or directory
Error opening file: No such file or directory
Error opening file: No such file or directory
Error opening file: No such file or directory
Error opening file: No such file or directory
Error opening file: No such file or directory
Error opening file: No such file or directory
Error opening file: No such file or directory
Error opening file: No such file or directory
Error opening file: No such file or directory
Error opening file: No such file or directory
le-file mode: 06000123.bin is 0x00000020 bytes at the location pointed to by dirFileBuf(0x00279168), type 1f04
psiFileLoad in single-file mode: 0600011e.bin is 0x00000020 bytes at the location pointed to by dirFileBuf(0x00279168), type 1f04
psiFileLoad in single-file mode: 0600011d.bin is 0x00000020 bytes at the location pointed to by dirFileBuf(0x00279168), type 1f04
psiFileLoad in single-file mode: 0600011c.bin is 0x00000020 bytes at the location pointed to by dirFileBuf(0x00279168), type 1f04
psiFileLoad in single-file mode: 0600011b.bin is 0x00000020 bytes at the location pointed to by dirFileBuf(0x00279168), type 1f04
psiFileLoad in single-file mode: 060000f9.bin is 0x00000020 bytes at the location pointed to by dirFileBuf(0x00279168), type 1f04
psiFileLoad in single-file mode: 060000f8.bin is 0x00000020 bytes at the location pointed to by dirFileBuf(0x00279168), type 1f04
psiFileLoad in single-file mode: 060000f7.bin is 0x00000020 bytes at the location pointed to by dirFileBuf(0x00279168), type 1f04
psiFileLoad in single-file mode: 060000f6.bin is 0x00000020 bytes at the location pointed to by dirFileBuf(0x00279168), type 1f04
psiFileLoad in single-file mode: 060000f5.bin is 0x00000020 bytes at the location pointed to by dirFileBuf(0x00279168), type 1f04
psiFileLoad in single-file mode: 060000f4.bin is 0x00000020 bytes at the location pointed to by dirFileBuf(0x00279168), type 1f04
psiFileLoad in single-file mode: 060000f3.bin is 0x00000020 bytes at the location pointed to by dirFileBuf(0x00279168), type 1f04
psiFileLoad in single-file mode: 060000f2.bin is 0x00000020 bytes at the location pointed to by dirFileBuf(0x00279168), type 1f04
psiFileLoad in single-file mode: 060000f1.bin is 0x00000020 bytes at the location pointed to by dirFileBuf(0x00279168), type 1f04
psiFileLoad in single-file mode: 060000f0.bin is 0x00000020 bytes at the location pointed to by dirFileBuf(0x00279168), type 1f04
psiFileLoad in single-file mode: 060000ef.bin is 0x00000020 bytes at the location pointed to by dirFileBuf(0x00279168), type 1f04
psiFileLoad in single-file mode: 060000ce.bin is 0x00000040 bytes at the location pointed to by dirFileBuf(0x00279168), type 1f04
psiFileLoad in single-file mode: 060000cd.bin is 0x00000020 bytes at the location pointed to by dirFileBuf(0x00279168), type 1f04
psiFileLoad in single-file mode: 060000cc.bin is 0x00000020 bytes at the location pointed to by dirFileBuf(0x00279168), type 1f04
psiFileLoad in single-file mode: 060000cb.bin is 0x00000040 bytes at the location pointed to by dirFileBuf(0x00279168), type 1f04
psiFileLoad in single-file mode: 060000ca.bin is 0x00000020 bytes at the location pointed to by dirFileBuf(0x00279168), type 1f04
psiFileLoad in single-file mode: 060000a5.bin is 0x00000020 bytes at the location pointed to by dirFileBuf(0x00279168), type 1f04
psiFileLoad in single-file mode: 060000a4.bin is 0x00000020 bytes at the location pointed to by dirFileBuf(0x00279168), type 1f04
psiFileLoad in single-file mode: 0600022b.bin is 0x00000040 bytes at the location pointed to by dirFileBuf(0x00279168), type 1f04
psiFileLoad in single-file mode: 0600022a.bin is 0x00000020 bytes at the location pointed to by dirFileBuf(0x00279168), type 1f04
psiFileLoad in single-file mode: 06000224.bin is 0x00000020 bytes at the location pointed to by dirFileBuf(0x00279168), type 1f04
psiFileLoad in single-file mode: 06000228.bin is 0x00000040 bytes at the location pointed to by dirFileBuf(0x00279168), type 1f04
psiFileLoad in single-file mode: 06000227.bin is 0x00000040 bytes at the location pointed to by dirFileBuf(0x00279168), type 1f04
psiFileLoad in single-file mode: 060004a3.bin is 0x00000020 bytes at the location pointed to by dirFileBuf(0x00279168), type 1f04
psiFileLoad in single-file mode: 06000223.bin is 0x00000020 bytes at the location pointed to by dirFileBuf(0x00279168), type 1f04
psiFileLoad in single-file mode: 060004a5.bin is 0x00000020 bytes at the location pointed to by dirFileBuf(0x00279168), type 1f04
psiFileLoad in single-file mode: 06000184.bin is 0x00000020 bytes at the location poiError opening file: No such file or directory
Error opening file: No such file or directory
Error opening file: No such file or directory
Error opening file: No such file or directory
vkd3d:0118:fixme:D3DCompile2VKD3D Ignoring flags 0x8000.
nted to by dirFileBuf(0x00279168), type 1f04
psiFileLoad in single-file mode: 06000186.bin is 0x00000040 bytes at the location pointed to by dirFileBuf(0x00279168), type 1f04
psiFileLoad in single-file mode: 060001a5.bin is 0x00000020 bytes at the location pointed to by dirFileBuf(0x00279168), type 1f04
psiFileLoad in single-file mode: 01000098.bin is 0x007b78c0 bytes at the location pointed to by dirFileBuf(0x00279168), type 1704
[xa2] decoded 18432 bytes of 2-channel ADPCM at 0x04fa61b4 -> 16384 samples (cache now 75 entries, 15.4 MB)
[d3d9] shader 19 translated: 40 NV2A instructions, inputs 0x7f9f, outputs 0x0229, streams 0x1ff
[perf] 33.5 fps (asked for 50), 11.4 ms working + 18.5 ms waiting per frame
[perf]   258.1 us per draw call
[perf]   constants: 10 uploads of 396 registers per frame (37 per upload)
[perf]   draw mix: 37 indexed, 0 direct, 6 immediate, 186 vertices each on average
[perf]   per frame: 44 draws, 0 texture uploads, 54 texture lookups costing 6637 comparisons (252 registered)
[perf]   per frame: 0 backbuffer captures, 0 render targets created, 0 buffers created
[perf] disc reads: 280 deferred, 0 completed synchronously (0%), 0 failed, 59996 KB
[mvk-error] VK_SUCCESS: Found attribute with size (8) larger than it's binding's stride (6). Changing descriptor format from MTLVertexFormatShort4 to MTLVertexFormatShort3.
[mvk-error] VK_SUCCESS: Found attribute with size (8) larger than it's binding's stride (6). Changing descriptor format from MTLVertexFormatShort4 to MTLVertexFormatShort3.
[mvk-error] VK_SUCCESS: Found attribute with size (8) larger than it's binding's stride (6). Changing descriptor format from MTLVertexFormatShort4 to MTLVertexFormatShort3.
[mvk-error] VK_SUCCESS: Found attribute with size (8) larger than it's binding's stride (6). Changing descriptor format from MTLVertexFormatShort4 to MTLVertexFormatShort3.
[mvk-error] VK_SUCCESS: Found attribute with size (8) larger than it's binding's stride (6). Changing descriptor format from MTLVertexFormatShort4 to MTLVertexFormatShort3.
[mvk-error] VK_SUCCESS: Found attribute with size (8) larger than it's binding's stride (6). Changing descriptor format from MTLVertexFormatShort4 to MTLVertexFormatShort3.
[mvk-error] VK_SUCCESS: Found attribute with size (8) larger than it's binding's stride (6). Changing descriptor format from MTLVertexFormatShort4 to MTLVertexFormatShort3.
[mvk-error] VK_SUCCESS: Found attribute with size (8) larger than it's binding's stride (6). Changing descriptor format from MTLVertexFormatShort4 to MTLVertexFormatShort3.
[mvk-error] VK_SUCCESS: Found attribute with size (8) larger than it's binding's stride (6). Changing descriptor format from MTLVertexFormatShort4 to MTLVertexFormatShort3.
[mvk-error] VK_SUCCESS: Found attribute with size (8) larger than it's binding's stride (6). Changing descriptor format from MTLVertexFormatShort4 to MTLVertexFormatShort3.
[mvk-error] VK_SUCCESS: Found attribute with size (8) larger than it's binding's stride (6). Changing descriptor format from MTLVertexFormatShort4 to MTLVertexFormatShort3.
[mvk-error] VK_SUCCESS: Found attribute with size (8) larger than it's binding's stride (6). Changing descriptor format from MTLVertexFormatShort4 to MTLVertexFormatShort3.
[mvk-error] VK_SUCCESS: Found attribute with size (8) larger than it's binding's stride (6). Changing descriptor format from MTLVertexFormatShort4 to MTLVertexFormatShort3.
[mvk-error] VK_SUCCESS: Found attribute with size (8) larger than it's binding's stride (6). Changing descriptor format from MTLVertexFormatShort4 to MTLVertexFormatShort3.
[mvk-error] VK_SUCCESS: Found attribute with size (8) larger than it's binding's stride (6). Changing descriptor format from MTLVertexFormatShort4 to MTLVertexFormatShort3.
[mvk-error] VK_SUCCESS: Found attribute with size (8) larger than it's binding's stride (6). Changing descriptor format from MTLVertexFormatShort4 to MTLVertexFormatShort3.
[mvk-warn] VK_ERROR_FEATURE_NOT_PRESENT: Metal does not support disabling primitive restart.
[mvk-warn] VK_ERROR_FEATURE_NOT_PRESENT: Metal does not support disabling primitive restart.
[mvk-warn] VK_ERROR_FEATURE_NOT_PRESENT: Metal does not support disabling primitive restart.
[xa2] SLOW decode: 2.0 ms for 105408 bytes
[xa2] decoded 105408 bytes of 1-channel ADPCM at 0x0676ce80 -> 187392 samples (cache now 76 entries, 15.7 MB)
[xa2] decoded 7344 bytes of 1-channel ADPCM at 0x06bb1798 -> 13056 samples (cache now 77 entries, 15.8 MB)
[xa2] decoded 44244 bytes of 1-channel ADPCM at 0x06a483c4 -> 78656 samples (cache now 78 entries, 15.9 MB)
[xa2] decoded 8568 bytes of 1-channel ADPCM at 0x06855fbc -> 15232 samples (cache now 79 entries, 15.9 MB)
[xa2] decoded 6156 bytes of 1-channel ADPCM at 0x0680d578 -> 10944 samples (cache now 80 entries, 16.0 MB)
[xa2] decoded 4140 bytes of 1-channel ADPCM at 0x0680ed84 -> 7360 samples (cache now 81 entries, 16.0 MB)
[xa2] decoded 4644 bytes of 1-channel ADPCM at 0x0680fdb0 -> 8256 samples (cache now 82 entries, 16.0 MB)
[xa2] decoded 3276 bytes of 1-channel ADPCM at 0x068bbff8 -> 5824 samples (cache now 83 entries, 16.0 MB)
[xa2] decoded 5868 bytes of 1-channel ADPCM at 0x0680be8c -> 10432 samples (cache now 84 entries, 16.0 MB)
[xa2] decoded 3924 bytes of 1-channel ADPCM at 0x06858134 -> 6976 samples (cache now 85 entries, 16.0 MB)
[xa2] decoded 25992 bytes of 1-channel ADPCM at 0x06a6472c -> 46208 samples (cache now 86 entries, 16.1 MB)
[xa2] decoded 4860 bytes of 1-channel ADPCM at 0x06bb3448 -> 8640 samples (cache now 87 entries, 16.1 MB)
[xa2] decoded 1476 bytes of 1-channel ADPCM at 0x06731cf0 -> 2624 samples (cache now 88 entries, 16.1 MB)
[xa2] decoded 5616 bytes of 1-channel ADPCM at 0x0688ea10 -> 9984 samples (cache now 89 entries, 16.2 MB)
[perf] 50.0 fps (asked for 50), 9.2 ms working + 10.8 ms waiting per frame
[perf]   24.7 us per draw call
[perf]   constants: 73 uploads of 2521 registers per frame (34 per upload)
[perf]   draw mix: 361 indexed, 1 direct, 8 immediate, 170 vertices each on average
[perf]   per frame: 371 draws, 0 texture uploads, 374 texture lookups costing 69827 comparisons (284 registered)
[perf]   per frame: 0 backbuffer captures, 0 render targets created, 1 buffers created
[xa2] decoded 10620 bytes of 1-channel ADPCM at 0x06886724 -> 18880 samples (cache now 90 entries, 16.2 MB)
[xa2] decoded 14364 bytes of 1-channel ADPCM at 0x069974d8 -> 25536 samples (cache now 91 entries, 16.2 MB)
[xa2] decoded 9180 bytes of 1-channel ADPCM at 0x0688a5b8 -> 16320 samples (cache now 92 entries, 16.3 MB)
[xa2] decoded 10620 bytes of 1-channel ADPCM at 0x06acfbc8 -> 18880 samples (cache now 93 entries, 16.3 MB)
[xa2] decoded 14580 bytes of 1-channel ADPCM at 0x06993be4 -> 25920 samples (cache now 94 entries, 16.4 MB)
[xa2] decoded 11808 bytes of 1-channel ADPCM at 0x068949d4 -> 20992 samples (cache now 95 entries, 16.4 MB)
[xa2] decoded 14616 bytes of 1-channel ADPCM at 0x0692ba0c -> 25984 samples (cache now 96 entries, 16.5 MB)
[xa2] decoded 12132 bytes of 1-channel ADPCM at 0x0699acf4 -> 21568 samples (cache now 97 entries, 16.5 MB)
[xa2] decoded 10656 bytes of 1-channel ADPCM at 0x06991244 -> 18944 samples (cache now 98 entries, 16.5 MB)
[xa2] decoded 9468 bytes of 1-channel ADPCM at 0x067521e0 -> 16832 samples (cache now 99 entries, 16.6 MB)
[xa2] decoded 49392 bytes of 1-channel ADPCM at 0x06a53098 -> 87808 samples (cache now 100 entries, 16.7 MB)
[xa2] decoded 5256 bytes of 1-channel ADPCM at 0x068bd480 -> 9344 samples (cache now 101 entries, 16.7 MB)
[perf] 50.0 fps (asked for 50), 7.8 ms working + 12.2 ms waiting per frame
[perf]   30.1 us per draw call
[perf]   constants: 68 uploads of 2279 registers per frame (33 per upload)
[perf]   draw mix: 249 indexed, 1 direct, 8 immediate, 179 vertices each on average
[perf]   per frame: 259 draws, 0 texture uploads, 264 texture lookups costing 50781 comparisons (296 registered)
[perf]   per frame: 0 backbuffer captures, 0 render targets created, 1 buffers created
[perf] disc reads: 313 deferred, 0 completed synchronously (0%), 0 failed, 60656 KB
[xa2] decoded 15768 bytes of 1-channel ADPCM at 0x068977f4 -> 28032 samples (cache now 102 entries, 16.8 MB)
[xa2] decoded 5400 bytes of 1-channel ADPCM at 0x068890a0 -> 9600 samples (cache now 103 entries, 16.8 MB)
[xa2] decoded 7020 bytes of 1-channel ADPCM at 0x06892e68 -> 12480 samples (cache now 104 entries, 16.8 MB)
[xa2] decoded 29448 bytes of 1-channel ADPCM at 0x06ad89d0 -> 52352 samples (cache now 105 entries, 16.9 MB)
[xa2] decoded 13032 bytes of 1-channel ADPCM at 0x0692f324 -> 23168 samples (cache now 106 entries, 17.0 MB)
[xa2] decoded 9864 bytes of 1-channel ADPCM at 0x06742f70 -> 17536 samples (cache now 107 entries, 17.0 MB)
[xa2] decoded 9972 bytes of 1-channel ADPCM at 0x0674faec -> 17728 samples (cache now 108 entries, 17.1 MB)
[perf] 50.0 fps (asked for 50), 7.0 ms working + 13.0 ms waiting per frame
[perf]   33.5 us per draw call
[perf]   constants: 54 uploads of 1898 registers per frame (34 per upload)
[perf]   draw mix: 200 indexed, 1 direct, 6 immediate, 150 vertices each on average
[perf]   per frame: 209 draws, 0 texture uploads, 214 texture lookups costing 39806 comparisons (296 registered)
[perf]   per frame: 0 backbuffer captures, 0 render targets created, 1 buffers created
[perf] disc reads: 327 deferred, 0 completed synchronously (0%), 0 failed, 60936 KB
[xa2] decoded 30276 bytes of 1-channel ADPCM at 0x06a40d80 -> 53824 samples (cache now 109 entries, 17.2 MB)
[xa2] decoded 39600 bytes of 1-channel ADPCM at 0x067bdb8c -> 70400 samples (cache now 110 entries, 17.3 MB)
[xa2] decoded 14256 bytes of 1-channel ADPCM at 0x06a14344 -> 25344 samples (cache now 111 entries, 17.3 MB)
[xa2] decoded 15480 bytes of 1-channel ADPCM at 0x06b8b1e8 -> 27520 samples (cache now 112 entries, 17.4 MB)
[xa2] decoded 10368 bytes of 1-channel ADPCM at 0x0692918c -> 18432 samples (cache now 113 entries, 17.4 MB)
[xa2] decoded 18360 bytes of 1-channel ADPCM at 0x06a1cfc0 -> 32640 samples (cache now 114 entries, 17.5 MB)
[xa2] decoded 1368 bytes of 1-channel ADPCM at 0x06925fa0 -> 2432 samples (cache now 115 entries, 17.5 MB)
[perf] 50.0 fps (asked for 50), 10.3 ms working + 9.7 ms waiting per frame
[perf]   32.2 us per draw call
[perf]   constants: 72 uploads of 2509 registers per frame (34 per upload)
[perf]   draw mix: 310 indexed, 1 direct, 7 immediate, 153 vertices each on average
[perf]   per frame: 319 draws, 0 texture uploads, 323 texture lookups costing 64432 comparisons (310 registered)
[perf]   per frame: 0 backbuffer captures, 0 render targets created, 1 buffers created
[perf] disc reads: 347 deferred, 0 completed synchronously (0%), 0 failed, 61332 KB
[xa2] decoded 14076 bytes of 1-channel ADPCM at 0x06a05dc4 -> 25024 samples (cache now 116 entries, 17.5 MB)
[perf] 50.0 fps (asked for 50), 8.9 ms working + 11.1 ms waiting per frame
[perf]   41.0 us per draw call
[perf]   constants: 41 uploads of 1471 registers per frame (35 per upload)
[perf]   draw mix: 208 indexed, 1 direct, 6 immediate, 142 vertices each on average
[perf]   per frame: 216 draws, 0 texture uploads, 219 texture lookups costing 41852 comparisons (311 registered)
[perf]   per frame: 0 backbuffer captures, 0 render targets created, 1 buffers created
[perf] disc reads: 361 deferred, 0 completed synchronously (0%), 0 failed, 61612 KB
[xa2] SLOW decode: 2.5 ms for 112860 bytes
[xa2] decoded 112860 bytes of 1-channel ADPCM at 0x06a77ea8 -> 200640 samples (cache now 117 entries, 17.9 MB)
[perf] 50.0 fps (asked for 50), 8.0 ms working + 12.0 ms waiting per frame
[perf]   36.0 us per draw call
[perf]   constants: 50 uploads of 1629 registers per frame (32 per upload)
[perf]   draw mix: 216 indexed, 1 direct, 5 immediate, 144 vertices each on average
[perf]   per frame: 222 draws, 0 texture uploads, 225 texture lookups costing 42620 comparisons (314 registered)
[perf]   per frame: 0 backbuffer captures, 0 render targets created, 1 buffers created
[perf] disc reads: 381 deferred, 0 completed synchronously (0%), 0 failed, 62006 KB
Error opening file: No such file or directory
Error opening file: No such file or directory
Error opening file: No such file or directory
Error opening file: No such file or directory
Error opening file: No such file or directory
Error opening file: No such file or directory
Error opening file: No such file or directory
Error opening file: No such file or directory
Error opening file: No such file or directory
Error opening file: No such file or directory
Error opening file: No such file or directory
Error opening file: No such file or directory
Error opening file: No such file or directory
Error opening file: No such file or directory
Error opening file: No such file or directory
Error opening file: No such file or directory
Error opening file: No such file or directory
Error opening file: No such file or directory
Error opening file: No such file or directory
Error opening file: No such file or directory
Error opening file: No such file or directory
Error opening file: No such file or directory
Error opening file: No such file or directory
Error opening file: No such file or directory
Error opening file: No such file or directory
Error opening file: No such file or directory
[d3dSeam] level reset: released 537 texture, 564 vertex buffer and 454 index buffer slots.
[dsnd] entry points still unimplemented (calls so far): DirectSoundUseFullHRTF (no HRTF yet)=1 IDirectSound_DownloadEffectsImage (no I3DL2 reverb yet)=1
Mem_Init
Mem_Init: Heap: 0x043e0000, size: 0x02800000
Loading language 0 from file UKTxt.dat
psiFileLoad in multi-file mode: UKTxt.dat is 0x00021800 bytes starting at 0x06bb9edc, type 3604
hooked psiFileOpen: 07000500.bin
psiFileLoad in single-file mode: 010001D9.bin is 0x000002e0 bytes at the location pointed to by dirFileBuf(0x00279168), type 1704
psiFileLoad in single-file mode: 010001D8.bin is 0x000a04a0 bytes at the location pointed to by dirFileBuf(0x00279168), type 1704
psiFileLoad in single-file mode: 0100010F.bin is 0x00120d80 bytes at the location pointed to by dirFileBuf(0x00279168), type 1704
Playing background movie 07100007.xmv
[d3dSeam] level reset: released 15 texture, 2 vertex buffer and 2 index buffer slots.
[dsnd] entry points still unimplemented (calls so far): DirectSoundUseFullHRTF (no HRTF yet)=1 IDirectSound_DownloadEffectsImage (no I3DL2 reverb yet)=1
Mem_Init
Mem_Init: Heap: 0x043e0000, size: 0x02800000
Loading language 0 from file UKTxt.dat
psiFileLoad in multi-file mode: UKTxt.dat is 0x00021800 bytes starting at 0x06bb9edc, type 3604
hooked psiFileOpen: 07000007.bin
psiFileLoad in single-file mode: 040003a6.bin is 0x00003c80 bytes at the location pointed to by dirFileBuf(0x00279168), type 1e04
psiFileLoad in single-file mode: 04000018.bin is 0x00000a40 bytes at the location pointed to by dirFileBuf(0x00279168), type 1e04
psiFileLoad in single-file mode: 04000045.bin is 0x00001360 bytes at the location pointed to by dirFileBuf(0x00279168), type 1e04
psiFileLoad in single-file mode: 04000046.bin is 0x00002680 bytes at the location pointed to by dirFileBuf(0x00279168), type 1e04
psiFileLoad in single-file mode: 04000047.bin is 0x00000fc0 bytes at the location pointed to by dirFileBuf(0x00279168), type 1e04
psiFileLoad in single-file mode: 04000048.bin is 0x00000b20 bytes at the location pointed to by dirFileBuf(0x00279168), type 1e04
psiFileLoad in single-file mode: 04000049.bin is 0x00002440 bytes at the location pointed to by dirFileBuf(0x00279168), type 1e04
psiFileLoad in single-file mode: 04000073.bin is 0x00000360 bytes at the location pointed to by dirFileBuf(0x00279168), type 1e04
psiFileLoad in single-file mode: 04000074.bin is 0x00000180 bytes at the location pointed to by dirFileBuf(0x00279168), type 1e04
psiFileLoad in single-file mode: 04000075.bin is 0x00000440 bytes at the location pointed to by dirFileBuf(0x00279168), type 1e04
psiFileLoad in single-file mode: 04000076.bin is 0x00000140 bytes at the location pointed to by dirFileBuf(0x00279168), type 1e04
psiFileLoad in single-file mode: 04000077.bin is 0x00000160 bytes at the location pointed to by dirFileBuf(0x00279168), type 1e04
psiFileLoad in single-file mode: 04000078.bin is 0x00000100 bytes at the location pointed to by dirFileBuf(0x00279168), type 1e04
psiFileLoad in single-file mode: 04000079.bin is 0x00000100 bytes at the location pointed to by dirFileBuf(0x00279168), type 1e04
psiFileLoad in single-file mode: 0400007a.bin is 0x00000100 bytes at the location pointed to by dirFileBuf(0x00279168), type 1e04
psiFileLoad in single-file mode: 0400007b.bin is 0x00000100 bytes at the location pointed to by dirFileBuf(0x00279168), type 1e04
psiFileLoad in single-file mode: 0400007c.bin is 0x00000100 bytes at the location pointed to by dirFileBuf(0x00279168), type 1e04
psiFileLoad in single-file mode: 0400007d.bin is 0x00000100 bytes at the location pointed to by dirFileBuf(0x00279168), type 1e04
psiFileLoad in single-file mode: 0400007e.bin is 0x00000580 bytes at the location pointed to by dirFileBuf(0x00279168), type 1e04
psiFileLoad in single-file mode: 0400007f.bin is 0x00000380 bytes at the location pointed to by dirFileBuf(0x00279168), type 1e04
psiFileLoad in single-file mode: 04000081.bin is 0x000002e0 bytes at the location pointed to by dirFileBuf(0x00279168), type 1e04
psiFileLoadError opening file: No such file or directory
Error opening file: No such file or directory
Error opening file: No such file or directory
Error opening file: No such file or directory
Error opening file: No such file or directory
Error opening file: No such file or directory
Error opening file: No such file or directory
Error opening file: No such file or directory
Error opening file: No such file or directory
Error opening file: No such file or directory
Error opening file: No such file or directory
Error opening file: No such file or directory
Error opening file: No such file or directory
Error opening file: No such file or directory
Error opening file: No such file or directory
Error opening file: No such file or directory
Error opening file: No such file or directory
Error opening file: No such file or directory
Error opening file: No such file or directory
Error opening file: No such file or directory
Error opening file: No such file or directory
Error opening file: No such file or directory
Error opening file: No such file or directory
Error opening file: No such file or directory
Error opening file: No such file or directory
Error opening file: No such file or directory
Error opening file: No such file or directory
Error opening file: No such file or directory
Error opening file: No such file or directory
Error opening file: No such file or directory
Error opening file: No such file or directory
 in single-file mode: 04000082.bin is 0x00000400 bytes at the location pointed to by dirFileBuf(0x00279168), type 1e04
psiFileLoad in single-file mode: 04000083.bin is 0x000005e0 bytes at the location pointed to by dirFileBuf(0x00279168), type 1e04
psiFileLoad in single-file mode: 04000084.bin is 0x00000520 bytes at the location pointed to by dirFileBuf(0x00279168), type 1e04
psiFileLoad in single-file mode: 04000087.bin is 0x00000500 bytes at the location pointed to by dirFileBuf(0x00279168), type 1e04
psiFileLoad in single-file mode: 04000088.bin is 0x000005c0 bytes at the location pointed to by dirFileBuf(0x00279168), type 1e04
psiFileLoad in single-file mode: 04000089.bin is 0x00000240 bytes at the location pointed to by dirFileBuf(0x00279168), type 1e04
psiFileLoad in single-file mode: 0400008a.bin is 0x00000380 bytes at the location pointed to by dirFileBuf(0x00279168), type 1e04
psiFileLoad in single-file mode: 0400008b.bin is 0x00000360 bytes at the location pointed to by dirFileBuf(0x00279168), type 1e04
psiFileLoad in single-file mode: 0400008c.bin is 0x000006a0 bytes at the location pointed to by dirFileBuf(0x00279168), type 1e04
psiFileLoad in single-file mode: 0400008e.bin is 0x00000560 bytes at the location pointed to by dirFileBuf(0x00279168), type 1e04
psiFileLoad in single-file mode: 0400008f.bin is 0x00000320 bytes at the location pointed to by dirFileBuf(0x00279168), type 1e04
psiFileLoad in single-file mode: 04000090.bin is 0x000003e0 bytes at the location pointed to by dirFileBuf(0x00279168), type 1e04
psiFileLoad in single-file mode: 04000092.bin is 0x00000380 bytes at the location pointed to by dirFileBuf(0x00279168), type 1e04
psiFileLoad in single-file mode: 04000093.bin is 0x00000520 bytes at the location pointed to by dirFileBuf(0x00279168), type 1e04
psiFileLoad in single-file mode: 04000096.bin is 0x000002e0 bytes at the location pointed to by dirFileBuf(0x00279168), type 1e04
psiFileLoad in single-file mode: 04000097.bin is 0x000002a0 bytes at the location pointed to by dirFileBuf(0x00279168), type 1e04
psiFileLoad in single-file mode: 04000098.bin is 0x00000360 bytes at the location pointed to by dirFileBuf(0x00279168), type 1e04
psiFileLoad in single-file mode: 04000099.bin is 0x000003c0 bytes at the location pointed to by dirFileBuf(0x00279168), type 1e04
psiFileLoad in single-file mode: 0400009a.bin is 0x00000320 bytes at the location pointed to by dirFileBuf(0x00279168), type 1e04
psiFileLoad in single-file mode: 0400009b.bin is 0x00000460 bytes at the location pointed to by dirFileBuf(0x00279168), type 1e04
psiFileLoad in single-file mode: 0400009d.bin is 0x00000be0 bytes at the location pointed to by dirFileBuf(0x00279168), type 1e04
psiFileLoad in single-file mode: 0400009e.bin is 0x00000580 bytes at the location pointed to by dirFileBuf(0x00279168), type 1e04
psiFileLoad in single-file mode: 040000a0.bin is 0x000058c0 bytes at the location pointed to by dirFileBuf(0x00279168), type 1e04
psiFileLoad in single-file mode: 040000a3.bin is 0x0000a620 bytes at the location pointed to by dirFileBuf(0x00279168), type 1e04
psiFileLoad in single-file mode: 040000aa.bin is 0x00000400 bytes at the location pointed to by dirFileBuf(0x00279168), type 1e04
psiFileLoad in single-file mode: 040000af.bin is 0x00000300 bytes at the location pointed to by dirFileBuf(0x00279168), type 1e04
psiFileLoad in single-file mode: 040000b0.bin is 0x00000440 bytes at the location pointed to by dirFileBuf(0x00279168), type 1e04
psiFileLoad in single-file mode: 040000c0.bin is 0x00000260 bytes at the location pointed to by dirFileBuf(0x00279168), type 1e04
psiFileLoad in single-file mode: 040000cd.bin is 0x00004780 bytes at the location pointed to by dirFileBuf(0x00279168), type 1e04
psiFileLoad in single-file mode: 040000ce.bin is 0x00005e60 bytes at the location pointed to by dirFileBuf(0x00279168), type 1e04
psiFileLoad in single-file mode: 040000cf.bin is 0x000047a0 bytes at the location pointed to by dirFileBuf(0x00279168), type 1e04
psiFileLoad in single-file mode: 040000d0.bin is 0x00004e60 bytes at the locaError opening file: No such file or directory
Error opening file: No such file or directory
Error opening file: No such file or directory
Error opening file: No such file or directory
Error opening file: No such file or directory
Error opening file: No such file or directory
Error opening file: No such file or directory
Error opening file: No such file or directory
Error opening file: No such file or directory
Error opening file: No such file or directory
Error opening file: No such file or directory
Error opening file: No such file or directory
Error opening file: No such file or directory
Error opening file: No such file or directory
Error opening file: No such file or directory
Error opening file: No such file or directory
Error opening file: No such file or directory
Error opening file: No such file or directory
Error opening file: No such file or directory
Error opening file: No such file or directory
Error opening file: No such file or directory
Error opening file: No such file or directory
Error opening file: No such file or directory
Error opening file: No such file or directory
Error opening file: No such file or directory
Error opening file: No such file or directory
Error opening file: No such file or directory
Error opening file: No such file or directory
Error opening file: No such file or directory
Error opening file: No such file or directory
Error opening file: No such file or directory
Error opening file: No such file or directory
tion pointed to by dirFileBuf(0x00279168), type 1e04
psiFileLoad in single-file mode: 040000d1.bin is 0x00005b00 bytes at the location pointed to by dirFileBuf(0x00279168), type 1e04
psiFileLoad in single-file mode: 040000d2.bin is 0x00003e60 bytes at the location pointed to by dirFileBuf(0x00279168), type 1e04
psiFileLoad in single-file mode: 040000d3.bin is 0x00004720 bytes at the location pointed to by dirFileBuf(0x00279168), type 1e04
psiFileLoad in single-file mode: 040000d4.bin is 0x00004380 bytes at the location pointed to by dirFileBuf(0x00279168), type 1e04
psiFileLoad in single-file mode: 040000d9.bin is 0x0000bdc0 bytes at the location pointed to by dirFileBuf(0x00279168), type 1e04
psiFileLoad in single-file mode: 040000db.bin is 0x00006900 bytes at the location pointed to by dirFileBuf(0x00279168), type 1e04
psiFileLoad in single-file mode: 040000e7.bin is 0x000040c0 bytes at the location pointed to by dirFileBuf(0x00279168), type 1e04
psiFileLoad in single-file mode: 040000f0.bin is 0x00013640 bytes at the location pointed to by dirFileBuf(0x00279168), type 1e04
psiFileLoad in single-file mode: 040000f2.bin is 0x00002ce0 bytes at the location pointed to by dirFileBuf(0x00279168), type 1e04
psiFileLoad in single-file mode: 040000f3.bin is 0x00002080 bytes at the location pointed to by dirFileBuf(0x00279168), type 1e04
psiFileLoad in single-file mode: 040000f5.bin is 0x00003d00 bytes at the location pointed to by dirFileBuf(0x00279168), type 1e04
psiFileLoad in single-file mode: 040000f6.bin is 0x00003f20 bytes at the location pointed to by dirFileBuf(0x00279168), type 1e04
psiFileLoad in single-file mode: 040000fb.bin is 0x00002fc0 bytes at the location pointed to by dirFileBuf(0x00279168), type 1e04
psiFileLoad in single-file mode: 040000fd.bin is 0x000037c0 bytes at the location pointed to by dirFileBuf(0x00279168), type 1e04
psiFileLoad in single-file mode: 04000100.bin is 0x00009540 bytes at the location pointed to by dirFileBuf(0x00279168), type 1e04
psiFileLoad in single-file mode: 04000101.bin is 0x000093c0 bytes at the location pointed to by dirFileBuf(0x00279168), type 1e04
psiFileLoad in single-file mode: 04000102.bin is 0x00001c00 bytes at the location pointed to by dirFileBuf(0x00279168), type 1e04
psiFileLoad in single-file mode: 04000109.bin is 0x00001a40 bytes at the location pointed to by dirFileBuf(0x00279168), type 1e04
psiFileLoad in single-file mode: 0400011c.bin is 0x00004380 bytes at the location pointed to by dirFileBuf(0x00279168), type 1e04
psiFileLoad in single-file mode: 0400011d.bin is 0x00003560 bytes at the location pointed to by dirFileBuf(0x00279168), type 1e04
psiFileLoad in single-file mode: 0400011e.bin is 0x00006cc0 bytes at the location pointed to by dirFileBuf(0x00279168), type 1e04
psiFileLoad in single-file mode: 04000120.bin is 0x00001720 bytes at the location pointed to by dirFileBuf(0x00279168), type 1e04
psiFileLoad in single-file mode: 04000121.bin is 0x00001f40 bytes at the location pointed to by dirFileBuf(0x00279168), type 1e04
psiFileLoad in single-file mode: 04000122.bin is 0x00004860 bytes at the location pointed to by dirFileBuf(0x00279168), type 1e04
psiFileLoad in single-file mode: 04000123.bin is 0x00002ba0 bytes at the location pointed to by dirFileBuf(0x00279168), type 1e04
psiFileLoad in single-file mode: 04000124.bin is 0x00002fe0 bytes at the location pointed to by dirFileBuf(0x00279168), type 1e04
psiFileLoad in single-file mode: 04000125.bin is 0x000035a0 bytes at the location pointed to by dirFileBuf(0x00279168), type 1e04
psiFileLoad in single-file mode: 04000126.bin is 0x00007200 bytes at the location pointed to by dirFileBuf(0x00279168), type 1e04
psiFileLoad in single-file mode: 04000127.bin is 0x00004e60 bytes at the location pointed to by dirFileBuf(0x00279168), type 1e04
psiFileLoad in single-file mode: 04000128.bin is 0x00002b40 bytes at the location pointed to by dirFileBuf(0x00279168), type 1e04
psiFileLoad in single-file mode: 04000129.bin is 0x00000e80 bytes at the location pointed to by dirFileBuf(0x00279168), type 1e04
psiFileLoad iError opening file: No such file or directory
Error opening file: No such file or directory
Error opening file: No such file or directory
Error opening file: No such file or directory
Error opening file: No such file or directory
Error opening file: No such file or directory
Error opening file: No such file or directory
Error opening file: No such file or directory
Error opening file: No such file or directory
Error opening file: No such file or directory
Error opening file: No such file or directory
Error opening file: No such file or directory
Error opening file: No such file or directory
Error opening file: No such file or directory
Error opening file: No such file or directory
Error opening file: No such file or directory
Error opening file: No such file or directory
Error opening file: No such file or directory
Error opening file: No such file or directory
Error opening file: No such file or directory
Error opening file: No such file or directory
Error opening file: No such file or directory
Error opening file: No such file or directory
Error opening file: No such file or directory
Error opening file: No such file or directory
Error opening file: No such file or directory
Error opening file: No such file or directory
Error opening file: No such file or directory
Error opening file: No such file or directory
Error opening file: No such file or directory
Error opening file: No such file or directory
n single-file mode: 0400012b.bin is 0x00002420 bytes at the location pointed to by dirFileBuf(0x00279168), type 1e04
psiFileLoad in single-file mode: 0400012c.bin is 0x000045c0 bytes at the location pointed to by dirFileBuf(0x00279168), type 1e04
psiFileLoad in single-file mode: 0400012d.bin is 0x00004100 bytes at the location pointed to by dirFileBuf(0x00279168), type 1e04
psiFileLoad in single-file mode: 0400012e.bin is 0x00003060 bytes at the location pointed to by dirFileBuf(0x00279168), type 1e04
psiFileLoad in single-file mode: 0400012f.bin is 0x00000aa0 bytes at the location pointed to by dirFileBuf(0x00279168), type 1e04
psiFileLoad in single-file mode: 04000130.bin is 0x000033e0 bytes at the location pointed to by dirFileBuf(0x00279168), type 1e04
psiFileLoad in single-file mode: 04000131.bin is 0x000078c0 bytes at the location pointed to by dirFileBuf(0x00279168), type 1e04
psiFileLoad in single-file mode: 04000132.bin is 0x00003700 bytes at the location pointed to by dirFileBuf(0x00279168), type 1e04
psiFileLoad in single-file mode: 04000133.bin is 0x00000b60 bytes at the location pointed to by dirFileBuf(0x00279168), type 1e04
psiFileLoad in single-file mode: 04000134.bin is 0x00000a20 bytes at the location pointed to by dirFileBuf(0x00279168), type 1e04
psiFileLoad in single-file mode: 04000135.bin is 0x00002560 bytes at the location pointed to by dirFileBuf(0x00279168), type 1e04
psiFileLoad in single-file mode: 04000136.bin is 0x000019e0 bytes at the location pointed to by dirFileBuf(0x00279168), type 1e04
psiFileLoad in single-file mode: 04000137.bin is 0x00000a20 bytes at the location pointed to by dirFileBuf(0x00279168), type 1e04
psiFileLoad in single-file mode: 04000138.bin is 0x00001ee0 bytes at the location pointed to by dirFileBuf(0x00279168), type 1e04
psiFileLoad in single-file mode: 0400013a.bin is 0x00003e00 bytes at the location pointed to by dirFileBuf(0x00279168), type 1e04
psiFileLoad in single-file mode: 04000152.bin is 0x00001aa0 bytes at the location pointed to by dirFileBuf(0x00279168), type 1e04
psiFileLoad in single-file mode: 04000153.bin is 0x00001d60 bytes at the location pointed to by dirFileBuf(0x00279168), type 1e04
psiFileLoad in single-file mode: 04000176.bin is 0x00050460 bytes at the location pointed to by dirFileBuf(0x00279168), type 1e04
psiFileLoad in single-file mode: 04000178.bin is 0x00034320 bytes at the location pointed to by dirFileBuf(0x00279168), type 1e04
psiFileLoad in single-file mode: 04000179.bin is 0x00021000 bytes at the location pointed to by dirFileBuf(0x00279168), type 1e04
psiFileLoad in single-file mode: 0400017a.bin is 0x0001e820 bytes at the location pointed to by dirFileBuf(0x00279168), type 1e04
psiFileLoad in single-file mode: 0400017c.bin is 0x00060c40 bytes at the location pointed to by dirFileBuf(0x00279168), type 1e04
psiFileLoad in single-file mode: 0400017e.bin is 0x0005a0a0 bytes at the location pointed to by dirFileBuf(0x00279168), type 1e04
psiFileLoad in single-file mode: 04000180.bin is 0x00004960 bytes at the location pointed to by dirFileBuf(0x00279168), type 1e04
psiFileLoad in single-file mode: 0400018b.bin is 0x000cfd20 bytes at the location pointed to by dirFileBuf(0x00279168), type 1e04
psiFileLoad in single-file mode: 0400018e.bin is 0x00005da0 bytes at the location pointed to by dirFileBuf(0x00279168), type 1e04
psiFileLoad in single-file mode: 0400018f.bin is 0x00005840 bytes at the location pointed to by dirFileBuf(0x00279168), type 1e04
psiFileLoad in single-file mode: 04000190.bin is 0x00006e40 bytes at the location pointed to by dirFileBuf(0x00279168), type 1e04
psiFileLoad in single-file mode: 04000194.bin is 0x00005440 bytes at the location pointed to by dirFileBuf(0x00279168), type 1e04
psiFileLoad in single-file mode: 04000196.bin is 0x000062c0 bytes at the location pointed to by dirFileBuf(0x00279168), type 1e04
psiFileLoad in single-file mode: 04000199.bin is 0x000059c0 bytes at the location pointed to by dirFileBuf(0x00279168), type 1e04
psiFileLoad in single-file mode: 0400019a.bin is 0x00004dc0 bytes at the locatiError opening file: No such file or directory
Error opening file: No such file or directory
Error opening file: No such file or directory
Error opening file: No such file or directory
Error opening file: No such file or directory
Error opening file: No such file or directory
Error opening file: No such file or directory
Error opening file: No such file or directory
Error opening file: No such file or directory
Error opening file: No such file or directory
Error opening file: No such file or directory
Error opening file: No such file or directory
Error opening file: No such file or directory
Error opening file: No such file or directory
Error opening file: No such file or directory
Error opening file: No such file or directory
Error opening file: No such file or directory
Error opening file: No such file or directory
Error opening file: No such file or directory
Error opening file: No such file or directory
Error opening file: No such file or directory
Error opening file: No such file or directory
Error opening file: No such file or directory
Error opening file: No such file or directory
Error opening file: No such file or directory
Error opening file: No such file or directory
Error opening file: No such file or directory
Error opening file: No such file or directory
Error opening file: No such file or directory
Error opening file: No such file or directory
Error opening file: No such file or directory
Error opening file: No such file or directory
on pointed to by dirFileBuf(0x00279168), type 1e04
psiFileLoad in single-file mode: 0400019b.bin is 0x00004dc0 bytes at the location pointed to by dirFileBuf(0x00279168), type 1e04
psiFileLoad in single-file mode: 0400019c.bin is 0x00004780 bytes at the location pointed to by dirFileBuf(0x00279168), type 1e04
psiFileLoad in single-file mode: 0400019d.bin is 0x00004260 bytes at the location pointed to by dirFileBuf(0x00279168), type 1e04
psiFileLoad in single-file mode: 040001b7.bin is 0x000162a0 bytes at the location pointed to by dirFileBuf(0x00279168), type 1e04
psiFileLoad in single-file mode: 040001b8.bin is 0x00000f40 bytes at the location pointed to by dirFileBuf(0x00279168), type 1e04
psiFileLoad in single-file mode: 040001b9.bin is 0x0000e980 bytes at the location pointed to by dirFileBuf(0x00279168), type 1e04
psiFileLoad in single-file mode: 040001ba.bin is 0x00000d60 bytes at the location pointed to by dirFileBuf(0x00279168), type 1e04
psiFileLoad in single-file mode: 040001bb.bin is 0x000076a0 bytes at the location pointed to by dirFileBuf(0x00279168), type 1e04
psiFileLoad in single-file mode: 040001bc.bin is 0x00009fa0 bytes at the location pointed to by dirFileBuf(0x00279168), type 1e04
psiFileLoad in single-file mode: 040001bd.bin is 0x00008580 bytes at the location pointed to by dirFileBuf(0x00279168), type 1e04
psiFileLoad in single-file mode: 040001be.bin is 0x00008e00 bytes at the location pointed to by dirFileBuf(0x00279168), type 1e04
psiFileLoad in single-file mode: 040001bf.bin is 0x000031a0 bytes at the location pointed to by dirFileBuf(0x00279168), type 1e04
psiFileLoad in single-file mode: 040001c3.bin is 0x00006260 bytes at the location pointed to by dirFileBuf(0x00279168), type 1e04
psiFileLoad in single-file mode: 040001c4.bin is 0x00007d40 bytes at the location pointed to by dirFileBuf(0x00279168), type 1e04
psiFileLoad in single-file mode: 040001c5.bin is 0x0000a0a0 bytes at the location pointed to by dirFileBuf(0x00279168), type 1e04
psiFileLoad in single-file mode: 040001c6.bin is 0x00005fe0 bytes at the location pointed to by dirFileBuf(0x00279168), type 1e04
psiFileLoad in single-file mode: 040001c8.bin is 0x00013140 bytes at the location pointed to by dirFileBuf(0x00279168), type 1e04
psiFileLoad in single-file mode: 040001c9.bin is 0x00004520 bytes at the location pointed to by dirFileBuf(0x00279168), type 1e04
psiFileLoad in single-file mode: 040001ca.bin is 0x00007fc0 bytes at the location pointed to by dirFileBuf(0x00279168), type 1e04
psiFileLoad in single-file mode: 040001cb.bin is 0x00004980 bytes at the location pointed to by dirFileBuf(0x00279168), type 1e04
psiFileLoad in single-file mode: 040001cc.bin is 0x00004cc0 bytes at the location pointed to by dirFileBuf(0x00279168), type 1e04
psiFileLoad in single-file mode: 0400028a.bin is 0x00000b40 bytes at the location pointed to by dirFileBuf(0x00279168), type 1e04
psiFileLoad in single-file mode: 040002a4.bin is 0x00000be0 bytes at the location pointed to by dirFileBuf(0x00279168), type 1e04
psiFileLoad in single-file mode: 040002cf.bin is 0x000013c0 bytes at the location pointed to by dirFileBuf(0x00279168), type 1e04
psiFileLoad in single-file mode: 040002d0.bin is 0x000011c0 bytes at the location pointed to by dirFileBuf(0x00279168), type 1e04
psiFileLoad in single-file mode: 040002d1.bin is 0x00000100 bytes at the location pointed to by dirFileBuf(0x00279168), type 1e04
psiFileLoad in single-file mode: 040002d2.bin is 0x00000100 bytes at the location pointed to by dirFileBuf(0x00279168), type 1e04
psiFileLoad in single-file mode: 040002d3.bin is 0x00000100 bytes at the location pointed to by dirFileBuf(0x00279168), type 1e04
psiFileLoad in single-file mode: 040002d4.bin is 0x00000100 bytes at the location pointed to by dirFileBuf(0x00279168), type 1e04
psiFileLoad in single-file mode: 040002d5.bin is 0x00000100 bytes at the location pointed to by dirFileBuf(0x00279168), type 1e04
psiFileLoad in single-file mode: 040002d6.bin is 0x00000100 bytes at the location pointed to by dirFileBuf(0x00279168), type 1e04
psiFileLoad in Error opening file: No such file or directory
Error opening file: No such file or directory
Error opening file: No such file or directory
Error opening file: No such file or directory
Error opening file: No such file or directory
Error opening file: No such file or directory
Error opening file: No such file or directory
Error opening file: No such file or directory
Error opening file: No such file or directory
Error opening file: No such file or directory
Error opening file: No such file or directory
Error opening file: No such file or directory
Error opening file: No such file or directory
Error opening file: No such file or directory
Error opening file: No such file or directory
Error opening file: No such file or directory
Error opening file: No such file or directory
Error opening file: No such file or directory
Error opening file: No such file or directory
Error opening file: No such file or directory
Error opening file: No such file or directory
Error opening file: No such file or directory
Error opening file: No such file or directory
Error opening file: No such file or directory
Error opening file: No such file or directory
Error opening file: No such file or directory
Error opening file: No such file or directory
Error opening file: No such file or directory
Error opening file: No such file or directory
Error opening file: No such file or directory
Error opening file: No such file or directory
single-file mode: 040002d7.bin is 0x00000120 bytes at the location pointed to by dirFileBuf(0x00279168), type 1e04
psiFileLoad in single-file mode: 040002d8.bin is 0x00000100 bytes at the location pointed to by dirFileBuf(0x00279168), type 1e04
psiFileLoad in single-file mode: 040002d9.bin is 0x00000a20 bytes at the location pointed to by dirFileBuf(0x00279168), type 1e04
psiFileLoad in single-file mode: 040002da.bin is 0x00000dc0 bytes at the location pointed to by dirFileBuf(0x00279168), type 1e04
psiFileLoad in single-file mode: 040002db.bin is 0x00000c60 bytes at the location pointed to by dirFileBuf(0x00279168), type 1e04
psiFileLoad in single-file mode: 040002dc.bin is 0x00000bc0 bytes at the location pointed to by dirFileBuf(0x00279168), type 1e04
psiFileLoad in single-file mode: 040002de.bin is 0x00000c40 bytes at the location pointed to by dirFileBuf(0x00279168), type 1e04
psiFileLoad in single-file mode: 040002df.bin is 0x00001080 bytes at the location pointed to by dirFileBuf(0x00279168), type 1e04
psiFileLoad in single-file mode: 040002e0.bin is 0x000014a0 bytes at the location pointed to by dirFileBuf(0x00279168), type 1e04
psiFileLoad in single-file mode: 040002e1.bin is 0x00001f60 bytes at the location pointed to by dirFileBuf(0x00279168), type 1e04
psiFileLoad in single-file mode: 040002e2.bin is 0x000003c0 bytes at the location pointed to by dirFileBuf(0x00279168), type 1e04
psiFileLoad in single-file mode: 040002e3.bin is 0x00002880 bytes at the location pointed to by dirFileBuf(0x00279168), type 1e04
psiFileLoad in single-file mode: 040002e4.bin is 0x00000420 bytes at the location pointed to by dirFileBuf(0x00279168), type 1e04
psiFileLoad in single-file mode: 040002e5.bin is 0x00000580 bytes at the location pointed to by dirFileBuf(0x00279168), type 1e04
psiFileLoad in single-file mode: 040002e6.bin is 0x00000460 bytes at the location pointed to by dirFileBuf(0x00279168), type 1e04
psiFileLoad in single-file mode: 040002e7.bin is 0x00000320 bytes at the location pointed to by dirFileBuf(0x00279168), type 1e04
psiFileLoad in single-file mode: 040002e8.bin is 0x000002a0 bytes at the location pointed to by dirFileBuf(0x00279168), type 1e04
psiFileLoad in single-file mode: 040002e9.bin is 0x000002a0 bytes at the location pointed to by dirFileBuf(0x00279168), type 1e04
psiFileLoad in single-file mode: 040002ea.bin is 0x000003a0 bytes at the location pointed to by dirFileBuf(0x00279168), type 1e04
psiFileLoad in single-file mode: 040002eb.bin is 0x000002a0 bytes at the location pointed to by dirFileBuf(0x00279168), type 1e04
psiFileLoad in single-file mode: 040002ec.bin is 0x00000360 bytes at the location pointed to by dirFileBuf(0x00279168), type 1e04
psiFileLoad in single-file mode: 040002ed.bin is 0x000002c0 bytes at the location pointed to by dirFileBuf(0x00279168), type 1e04
psiFileLoad in single-file mode: 040002ee.bin is 0x00000340 bytes at the location pointed to by dirFileBuf(0x00279168), type 1e04
psiFileLoad in single-file mode: 040002ef.bin is 0x00000360 bytes at the location pointed to by dirFileBuf(0x00279168), type 1e04
psiFileLoad in single-file mode: 040002f0.bin is 0x000002e0 bytes at the location pointed to by dirFileBuf(0x00279168), type 1e04
psiFileLoad in single-file mode: 040002f1.bin is 0x000002c0 bytes at the location pointed to by dirFileBuf(0x00279168), type 1e04
psiFileLoad in single-file mode: 040002f2.bin is 0x000002a0 bytes at the location pointed to by dirFileBuf(0x00279168), type 1e04
psiFileLoad in single-file mode: 040002f3.bin is 0x000002c0 bytes at the location pointed to by dirFileBuf(0x00279168), type 1e04
psiFileLoad in single-file mode: 040002f4.bin is 0x00000260 bytes at the location pointed to by dirFileBuf(0x00279168), type 1e04
psiFileLoad in single-file mode: 040002f5.bin is 0x00000260 bytes at the location pointed to by dirFileBuf(0x00279168), type 1e04
psiFileLoad in single-file mode: 040002f6.bin is 0x00000300 bytes at the location pointed to by dirFileBuf(0x00279168), type 1e04
psiFileLoad in single-file mode: 040002f7.bin is 0x00000340 bytes at the locationError opening file: No such file or directory
Error opening file: No such file or directory
Error opening file: No such file or directory
Error opening file: No such file or directory
Error opening file: No such file or directory
Error opening file: No such file or directory
Error opening file: No such file or directory
Error opening file: No such file or directory
Error opening file: No such file or directory
Error opening file: No such file or directory
Error opening file: No such file or directory
Error opening file: No such file or directory
Error opening file: No such file or directory
Error opening file: No such file or directory
Error opening file: No such file or directory
Error opening file: No such file or directory
Error opening file: No such file or directory
Error opening file: No such file or directory
Error opening file: No such file or directory
Error opening file: No such file or directory
Error opening file: No such file or directory
Error opening file: No such file or directory
Error opening file: No such file or directory
Error opening file: No such file or directory
Error opening file: No such file or directory
Error opening file: No such file or directory
Error opening file: No such file or directory
Error opening file: No such file or directory
Error opening file: No such file or directory
Error opening file: No such file or directory
Error opening file: No such file or directory
Error opening file: No such file or directory
 pointed to by dirFileBuf(0x00279168), type 1e04
psiFileLoad in single-file mode: 040002f8.bin is 0x00000280 bytes at the location pointed to by dirFileBuf(0x00279168), type 1e04
psiFileLoad in single-file mode: 040002f9.bin is 0x000002c0 bytes at the location pointed to by dirFileBuf(0x00279168), type 1e04
psiFileLoad in single-file mode: 040002fa.bin is 0x00000500 bytes at the location pointed to by dirFileBuf(0x00279168), type 1e04
psiFileLoad in single-file mode: 040002fb.bin is 0x00000400 bytes at the location pointed to by dirFileBuf(0x00279168), type 1e04
psiFileLoad in single-file mode: 040002fc.bin is 0x000004e0 bytes at the location pointed to by dirFileBuf(0x00279168), type 1e04
psiFileLoad in single-file mode: 04000301.bin is 0x000009c0 bytes at the location pointed to by dirFileBuf(0x00279168), type 1e04
psiFileLoad in single-file mode: 04000304.bin is 0x000004a0 bytes at the location pointed to by dirFileBuf(0x00279168), type 1e04
psiFileLoad in single-file mode: 04000305.bin is 0x000002e0 bytes at the location pointed to by dirFileBuf(0x00279168), type 1e04
psiFileLoad in single-file mode: 0400031d.bin is 0x00004980 bytes at the location pointed to by dirFileBuf(0x00279168), type 1e04
psiFileLoad in single-file mode: 0400031e.bin is 0x00004b60 bytes at the location pointed to by dirFileBuf(0x00279168), type 1e04
psiFileLoad in single-file mode: 0400031f.bin is 0x000049e0 bytes at the location pointed to by dirFileBuf(0x00279168), type 1e04
psiFileLoad in single-file mode: 04000320.bin is 0x00004000 bytes at the location pointed to by dirFileBuf(0x00279168), type 1e04
psiFileLoad in single-file mode: 04000324.bin is 0x00045e20 bytes at the location pointed to by dirFileBuf(0x00279168), type 1e04
psiFileLoad in single-file mode: 04000326.bin is 0x000270c0 bytes at the location pointed to by dirFileBuf(0x00279168), type 1e04
psiFileLoad in single-file mode: 04000327.bin is 0x00017700 bytes at the location pointed to by dirFileBuf(0x00279168), type 1e04
psiFileLoad in single-file mode: 04000328.bin is 0x0006e4a0 bytes at the location pointed to by dirFileBuf(0x00279168), type 1e04
psiFileLoad in single-file mode: 0400032c.bin is 0x00061f20 bytes at the location pointed to by dirFileBuf(0x00279168), type 1e04
psiFileLoad in single-file mode: 0400032d.bin is 0x00061660 bytes at the location pointed to by dirFileBuf(0x00279168), type 1e04
psiFileLoad in single-file mode: 0400032e.bin is 0x0007a840 bytes at the location pointed to by dirFileBuf(0x00279168), type 1e04
psiFileLoad in single-file mode: 0400032f.bin is 0x00001700 bytes at the location pointed to by dirFileBuf(0x00279168), type 1e04
psiFileLoad in single-file mode: 04000332.bin is 0x000d44e0 bytes at the location pointed to by dirFileBuf(0x00279168), type 1e04
psiFileLoad in single-file mode: 04000352.bin is 0x00002a00 bytes at the location pointed to by dirFileBuf(0x00279168), type 1e04
psiFileLoad in single-file mode: 04000353.bin is 0x00001520 bytes at the location pointed to by dirFileBuf(0x00279168), type 1e04
psiFileLoad in single-file mode: 0400035f.bin is 0x000009c0 bytes at the location pointed to by dirFileBuf(0x00279168), type 1e04
psiFileLoad in single-file mode: 04000360.bin is 0x00000f60 bytes at the location pointed to by dirFileBuf(0x00279168), type 1e04
psiFileLoad in single-file mode: 0400037b.bin is 0x000027c0 bytes at the location pointed to by dirFileBuf(0x00279168), type 1e04
psiFileLoad in single-file mode: 0400037c.bin is 0x00004700 bytes at the location pointed to by dirFileBuf(0x00279168), type 1e04
psiFileLoad in single-file mode: 0400037d.bin is 0x00000e00 bytes at the location pointed to by dirFileBuf(0x00279168), type 1e04
psiFileLoad in single-file mode: 0400037e.bin is 0x000039c0 bytes at the location pointed to by dirFileBuf(0x00279168), type 1e04
psiFileLoad in single-file mode: 0400037f.bin is 0x000046c0 bytes at the location pointed to by dirFileBuf(0x00279168), type 1e04
psiFileLoad in single-file mode: 04000380.bin is 0x00004340 bytes at the location pointed to by dirFileBuf(0x00279168), type 1e04
psiFileLoad in siError opening file: No such file or directory
Error opening file: No such file or directory
Error opening file: No such file or directory
Error opening file: No such file or directory
Error opening file: No such file or directory
Error opening file: No such file or directory
Error opening file: No such file or directory
Error opening file: No such file or directory
Error opening file: No such file or directory
Error opening file: No such file or directory
Error opening file: No such file or directory
Error opening file: No such file or directory
Error opening file: No such file or directory
Error opening file: No such file or directory
Error opening file: No such file or directory
Error opening file: No such file or directory
Error opening file: No such file or directory
Error opening file: No such file or directory
Error opening file: No such file or directory
Error opening file: No such file or directory
Error opening file: No such file or directory
Error opening file: No such file or directory
Error opening file: No such file or directory
Error opening file: No such file or directory
Error opening file: No such file or directory
Error opening file: No such file or directory
Error opening file: No such file or directory
Error opening file: No such file or directory
Error opening file: No such file or directory
Error opening file: No such file or directory
Error opening file: No such file or directory
ngle-file mode: 04000384.bin is 0x00004f40 bytes at the location pointed to by dirFileBuf(0x00279168), type 1e04
psiFileLoad in single-file mode: 04000388.bin is 0x000045e0 bytes at the location pointed to by dirFileBuf(0x00279168), type 1e04
psiFileLoad in single-file mode: 04000389.bin is 0x00006360 bytes at the location pointed to by dirFileBuf(0x00279168), type 1e04
psiFileLoad in single-file mode: 0400038f.bin is 0x00007620 bytes at the location pointed to by dirFileBuf(0x00279168), type 1e04
psiFileLoad in single-file mode: 04000390.bin is 0x00004520 bytes at the location pointed to by dirFileBuf(0x00279168), type 1e04
psiFileLoad in single-file mode: 040003a5.bin is 0x000028a0 bytes at the location pointed to by dirFileBuf(0x00279168), type 1e04
psiFileLoad in single-file mode: 0400083f.bin is 0x00001300 bytes at the location pointed to by dirFileBuf(0x00279168), type 1e04
psiFileLoad in single-file mode: 040003a8.bin is 0x00002d40 bytes at the location pointed to by dirFileBuf(0x00279168), type 1e04
psiFileLoad in single-file mode: 040003a9.bin is 0x000036a0 bytes at the location pointed to by dirFileBuf(0x00279168), type 1e04
psiFileLoad in single-file mode: 040003aa.bin is 0x00005960 bytes at the location pointed to by dirFileBuf(0x00279168), type 1e04
psiFileLoad in single-file mode: 040003ab.bin is 0x00008160 bytes at the location pointed to by dirFileBuf(0x00279168), type 1e04
psiFileLoad in single-file mode: 040003bb.bin is 0x000099c0 bytes at the location pointed to by dirFileBuf(0x00279168), type 1e04
psiFileLoad in single-file mode: 040003bc.bin is 0x00001660 bytes at the location pointed to by dirFileBuf(0x00279168), type 1e04
psiFileLoad in single-file mode: 040003bd.bin is 0x00004740 bytes at the location pointed to by dirFileBuf(0x00279168), type 1e04
psiFileLoad in single-file mode: 040003c0.bin is 0x00004d60 bytes at the location pointed to by dirFileBuf(0x00279168), type 1e04
psiFileLoad in single-file mode: 040003c1.bin is 0x00004ea0 bytes at the location pointed to by dirFileBuf(0x00279168), type 1e04
psiFileLoad in single-file mode: 040003f5.bin is 0x00000740 bytes at the location pointed to by dirFileBuf(0x00279168), type 1e04
psiFileLoad in single-file mode: 040003f6.bin is 0x00005d80 bytes at the location pointed to by dirFileBuf(0x00279168), type 1e04
psiFileLoad in single-file mode: 040003f9.bin is 0x000a6f20 bytes at the location pointed to by dirFileBuf(0x00279168), type 1e04
psiFileLoad in single-file mode: 040003fb.bin is 0x00000420 bytes at the location pointed to by dirFileBuf(0x00279168), type 1e04
psiFileLoad in single-file mode: 040003fe.bin is 0x00000600 bytes at the location pointed to by dirFileBuf(0x00279168), type 1e04
psiFileLoad in single-file mode: 040003ff.bin is 0x000006e0 bytes at the location pointed to by dirFileBuf(0x00279168), type 1e04
psiFileLoad in single-file mode: 04000400.bin is 0x00000960 bytes at the location pointed to by dirFileBuf(0x00279168), type 1e04
psiFileLoad in single-file mode: 04000401.bin is 0x000006c0 bytes at the location pointed to by dirFileBuf(0x00279168), type 1e04
psiFileLoad in single-file mode: 04000402.bin is 0x00000540 bytes at the location pointed to by dirFileBuf(0x00279168), type 1e04
psiFileLoad in single-file mode: 04000403.bin is 0x000004c0 bytes at the location pointed to by dirFileBuf(0x00279168), type 1e04
psiFileLoad in single-file mode: 04000404.bin is 0x000008e0 bytes at the location pointed to by dirFileBuf(0x00279168), type 1e04
psiFileLoad in single-file mode: 0400041a.bin is 0x00000ba0 bytes at the location pointed to by dirFileBuf(0x00279168), type 1e04
psiFileLoad in single-file mode: 04000428.bin is 0x00000700 bytes at the location pointed to by dirFileBuf(0x00279168), type 1e04
psiFileLoad in single-file mode: 04000429.bin is 0x000005e0 bytes at the location pointed to by dirFileBuf(0x00279168), type 1e04
psiFileLoad in single-file mode: 04000430.bin is 0x00000700 bytes at the location pointed to by dirFileBuf(0x00279168), type 1e04
psiFileLoad in single-file mode: 04000431.bin is 0x000006e0 bytes at the location pError opening file: No such file or directory
Error opening file: No such file or directory
Error opening file: No such file or directory
Error opening file: No such file or directory
Error opening file: No such file or directory
Error opening file: No such file or directory
Error opening file: No such file or directory
Error opening file: No such file or directory
Error opening file: No such file or directory
Error opening file: No such file or directory
Error opening file: No such file or directory
Error opening file: No such file or directory
Error opening file: No such file or directory
Error opening file: No such file or directory
Error opening file: No such file or directory
Error opening file: No such file or directory
Error opening file: No such file or directory
Error opening file: No such file or directory
Error opening file: No such file or directory
Error opening file: No such file or directory
Error opening file: No such file or directory
Error opening file: No such file or directory
Error opening file: No such file or directory
Error opening file: No such file or directory
Error opening file: No such file or directory
Error opening file: No such file or directory
Error opening file: No such file or directory
Error opening file: No such file or directory
Error opening file: No such file or directory
Error opening file: No such file or directory
Error opening file: No such file or directory
Error opening file: No such file or directory
ointed to by dirFileBuf(0x00279168), type 1e04
psiFileLoad in single-file mode: 04000432.bin is 0x00000520 bytes at the location pointed to by dirFileBuf(0x00279168), type 1e04
psiFileLoad in single-file mode: 04000433.bin is 0x000009c0 bytes at the location pointed to by dirFileBuf(0x00279168), type 1e04
psiFileLoad in single-file mode: 04000435.bin is 0x00000a20 bytes at the location pointed to by dirFileBuf(0x00279168), type 1e04
psiFileLoad in single-file mode: 04000436.bin is 0x00001de0 bytes at the location pointed to by dirFileBuf(0x00279168), type 1e04
psiFileLoad in single-file mode: 04000437.bin is 0x00003ae0 bytes at the location pointed to by dirFileBuf(0x00279168), type 1e04
psiFileLoad in single-file mode: 04000438.bin is 0x00003ec0 bytes at the location pointed to by dirFileBuf(0x00279168), type 1e04
psiFileLoad in single-file mode: 04000439.bin is 0x00000760 bytes at the location pointed to by dirFileBuf(0x00279168), type 1e04
psiFileLoad in single-file mode: 0400043b.bin is 0x00000720 bytes at the location pointed to by dirFileBuf(0x00279168), type 1e04
psiFileLoad in single-file mode: 0400043c.bin is 0x00003fa0 bytes at the location pointed to by dirFileBuf(0x00279168), type 1e04
psiFileLoad in single-file mode: 0400045d.bin is 0x00000920 bytes at the location pointed to by dirFileBuf(0x00279168), type 1e04
psiFileLoad in single-file mode: 0400045e.bin is 0x00000a40 bytes at the location pointed to by dirFileBuf(0x00279168), type 1e04
psiFileLoad in single-file mode: 0400045f.bin is 0x00000980 bytes at the location pointed to by dirFileBuf(0x00279168), type 1e04
psiFileLoad in single-file mode: 04000460.bin is 0x00000420 bytes at the location pointed to by dirFileBuf(0x00279168), type 1e04
psiFileLoad in single-file mode: 04000464.bin is 0x000037c0 bytes at the location pointed to by dirFileBuf(0x00279168), type 1e04
psiFileLoad in single-file mode: 04000467.bin is 0x000054e0 bytes at the location pointed to by dirFileBuf(0x00279168), type 1e04
psiFileLoad in single-file mode: 04000468.bin is 0x00004860 bytes at the location pointed to by dirFileBuf(0x00279168), type 1e04
psiFileLoad in single-file mode: 040004ac.bin is 0x00003f00 bytes at the location pointed to by dirFileBuf(0x00279168), type 1e04
psiFileLoad in single-file mode: 040004ad.bin is 0x00003100 bytes at the location pointed to by dirFileBuf(0x00279168), type 1e04
psiFileLoad in single-file mode: 040004e0.bin is 0x00004e00 bytes at the location pointed to by dirFileBuf(0x00279168), type 1e04
psiFileLoad in single-file mode: 040004fd.bin is 0x00002140 bytes at the location pointed to by dirFileBuf(0x00279168), type 1e04
psiFileLoad in single-file mode: 040004ff.bin is 0x00000500 bytes at the location pointed to by dirFileBuf(0x00279168), type 1e04
psiFileLoad in single-file mode: 04000500.bin is 0x00001260 bytes at the location pointed to by dirFileBuf(0x00279168), type 1e04
psiFileLoad in single-file mode: 04000501.bin is 0x00002620 bytes at the location pointed to by dirFileBuf(0x00279168), type 1e04
psiFileLoad in single-file mode: 04000502.bin is 0x000023c0 bytes at the location pointed to by dirFileBuf(0x00279168), type 1e04
psiFileLoad in single-file mode: 04000503.bin is 0x00000500 bytes at the location pointed to by dirFileBuf(0x00279168), type 1e04
psiFileLoad in single-file mode: 04000505.bin is 0x000008a0 bytes at the location pointed to by dirFileBuf(0x00279168), type 1e04
psiFileLoad in single-file mode: 04000543.bin is 0x000031e0 bytes at the location pointed to by dirFileBuf(0x00279168), type 1e04
psiFileLoad in single-file mode: 04000544.bin is 0x000092e0 bytes at the location pointed to by dirFileBuf(0x00279168), type 1e04
psiFileLoad in single-file mode: 04000549.bin is 0x00009420 bytes at the location pointed to by dirFileBuf(0x00279168), type 1e04
psiFileLoad in single-file mode: 0400054a.bin is 0x000065c0 bytes at the location pointed to by dirFileBuf(0x00279168), type 1e04
psiFileLoad in single-file mode: 0400054b.bin is 0x00009360 bytes at the location pointed to by dirFileBuf(0x00279168), type 1e04
psiFileLoad in singError opening file: No such file or directory
Error opening file: No such file or directory
Error opening file: No such file or directory
Error opening file: No such file or directory
Error opening file: No such file or directory
Error opening file: No such file or directory
Error opening file: No such file or directory
Error opening file: No such file or directory
Error opening file: No such file or directory
Error opening file: No such file or directory
Error opening file: No such file or directory
Error opening file: No such file or directory
Error opening file: No such file or directory
Error opening file: No such file or directory
Error opening file: No such file or directory
Error opening file: No such file or directory
Error opening file: No such file or directory
Error opening file: No such file or directory
Error opening file: No such file or directory
Error opening file: No such file or directory
Error opening file: No such file or directory
Error opening file: No such file or directory
Error opening file: No such file or directory
Error opening file: No such file or directory
Error opening file: No such file or directory
Error opening file: No such file or directory
Error opening file: No such file or directory
Error opening file: No such file or directory
Error opening file: No such file or directory
Error opening file: No such file or directory
Error opening file: No such file or directory
le-file mode: 0400054e.bin is 0x00004960 bytes at the location pointed to by dirFileBuf(0x00279168), type 1e04
psiFileLoad in single-file mode: 0400054f.bin is 0x00003e80 bytes at the location pointed to by dirFileBuf(0x00279168), type 1e04
psiFileLoad in single-file mode: 04000558.bin is 0x000033e0 bytes at the location pointed to by dirFileBuf(0x00279168), type 1e04
psiFileLoad in single-file mode: 04000559.bin is 0x00003860 bytes at the location pointed to by dirFileBuf(0x00279168), type 1e04
psiFileLoad in single-file mode: 0400056a.bin is 0x00000ca0 bytes at the location pointed to by dirFileBuf(0x00279168), type 1e04
psiFileLoad in single-file mode: 04000608.bin is 0x00000ae0 bytes at the location pointed to by dirFileBuf(0x00279168), type 1e04
psiFileLoad in single-file mode: 04000609.bin is 0x00000880 bytes at the location pointed to by dirFileBuf(0x00279168), type 1e04
psiFileLoad in single-file mode: 04000612.bin is 0x00001260 bytes at the location pointed to by dirFileBuf(0x00279168), type 1e04
psiFileLoad in single-file mode: 0400062d.bin is 0x000004c0 bytes at the location pointed to by dirFileBuf(0x00279168), type 1e04
psiFileLoad in single-file mode: 0400062e.bin is 0x00002360 bytes at the location pointed to by dirFileBuf(0x00279168), type 1e04
psiFileLoad in single-file mode: 0400062f.bin is 0x00001200 bytes at the location pointed to by dirFileBuf(0x00279168), type 1e04
psiFileLoad in single-file mode: 04000630.bin is 0x000004c0 bytes at the location pointed to by dirFileBuf(0x00279168), type 1e04
psiFileLoad in single-file mode: 04000631.bin is 0x00000640 bytes at the location pointed to by dirFileBuf(0x00279168), type 1e04
psiFileLoad in single-file mode: 04000632.bin is 0x000007c0 bytes at the location pointed to by dirFileBuf(0x00279168), type 1e04
psiFileLoad in single-file mode: 04000634.bin is 0x00002fe0 bytes at the location pointed to by dirFileBuf(0x00279168), type 1e04
psiFileLoad in single-file mode: 04000636.bin is 0x000034e0 bytes at the location pointed to by dirFileBuf(0x00279168), type 1e04
psiFileLoad in single-file mode: 0400067d.bin is 0x00000760 bytes at the location pointed to by dirFileBuf(0x00279168), type 1e04
psiFileLoad in single-file mode: 0400067e.bin is 0x00000560 bytes at the location pointed to by dirFileBuf(0x00279168), type 1e04
psiFileLoad in single-file mode: 0400067f.bin is 0x000006e0 bytes at the location pointed to by dirFileBuf(0x00279168), type 1e04
psiFileLoad in single-file mode: 04000680.bin is 0x00004cc0 bytes at the location pointed to by dirFileBuf(0x00279168), type 1e04
psiFileLoad in single-file mode: 04000686.bin is 0x00000840 bytes at the location pointed to by dirFileBuf(0x00279168), type 1e04
psiFileLoad in single-file mode: 04000687.bin is 0x000007a0 bytes at the location pointed to by dirFileBuf(0x00279168), type 1e04
psiFileLoad in single-file mode: 04000688.bin is 0x000006a0 bytes at the location pointed to by dirFileBuf(0x00279168), type 1e04
psiFileLoad in single-file mode: 04000698.bin is 0x00000640 bytes at the location pointed to by dirFileBuf(0x00279168), type 1e04
psiFileLoad in single-file mode: 04000699.bin is 0x00000560 bytes at the location pointed to by dirFileBuf(0x00279168), type 1e04
psiFileLoad in single-file mode: 0400069a.bin is 0x00002880 bytes at the location pointed to by dirFileBuf(0x00279168), type 1e04
psiFileLoad in single-file mode: 0400069b.bin is 0x000006e0 bytes at the location pointed to by dirFileBuf(0x00279168), type 1e04
psiFileLoad in single-file mode: 040006a4.bin is 0x00003f20 bytes at the location pointed to by dirFileBuf(0x00279168), type 1e04
psiFileLoad in single-file mode: 040006e3.bin is 0x00007660 bytes at the location pointed to by dirFileBuf(0x00279168), type 1e04
psiFileLoad in single-file mode: 040006e4.bin is 0x00001000 bytes at the location pointed to by dirFileBuf(0x00279168), type 1e04
psiFileLoad in single-file mode: 040006e5.bin is 0x00004b20 bytes at the location pointed to by dirFileBuf(0x00279168), type 1e04
psiFileLoad in single-file mode: 040006eb.bin is 0x00002700 bytes at the location poiError opening file: No such file or directory
Error opening file: No such file or directory
Error opening file: No such file or directory
Error opening file: No such file or directory
Error opening file: No such file or directory
Error opening file: No such file or directory
Error opening file: No such file or directory
Error opening file: No such file or directory
Error opening file: No such file or directory
Error opening file: No such file or directory
Error opening file: No such file or directory
Error opening file: No such file or directory
Error opening file: No such file or directory
Error opening file: No such file or directory
Error opening file: No such file or directory
Error opening file: No such file or directory
Error opening file: No such file or directory
Error opening file: No such file or directory
Error opening file: No such file or directory
Error opening file: No such file or directory
Error opening file: No such file or directory
Error opening file: No such file or directory
Error opening file: No such file or directory
Error opening file: No such file or directory
nted to by dirFileBuf(0x00279168), type 1e04
psiFileLoad in single-file mode: 040006f9.bin is 0x000007c0 bytes at the location pointed to by dirFileBuf(0x00279168), type 1e04
psiFileLoad in single-file mode: 040006fc.bin is 0x00000700 bytes at the location pointed to by dirFileBuf(0x00279168), type 1e04
psiFileLoad in single-file mode: 040006fd.bin is 0x000006e0 bytes at the location pointed to by dirFileBuf(0x00279168), type 1e04
psiFileLoad in single-file mode: 040006fe.bin is 0x00000500 bytes at the location pointed to by dirFileBuf(0x00279168), type 1e04
psiFileLoad in single-file mode: 040006ff.bin is 0x00001f40 bytes at the location pointed to by dirFileBuf(0x00279168), type 1e04
psiFileLoad in single-file mode: 04000700.bin is 0x00001da0 bytes at the location pointed to by dirFileBuf(0x00279168), type 1e04
psiFileLoad in single-file mode: 04000701.bin is 0x00003de0 bytes at the location pointed to by dirFileBuf(0x00279168), type 1e04
psiFileLoad in single-file mode: 04000702.bin is 0x00003ea0 bytes at the location pointed to by dirFileBuf(0x00279168), type 1e04
psiFileLoad in single-file mode: 04000703.bin is 0x00000740 bytes at the location pointed to by dirFileBuf(0x00279168), type 1e04
psiFileLoad in single-file mode: 04000704.bin is 0x000006e0 bytes at the location pointed to by dirFileBuf(0x00279168), type 1e04
psiFileLoad in single-file mode: 04000705.bin is 0x000009c0 bytes at the location pointed to by dirFileBuf(0x00279168), type 1e04
psiFileLoad in single-file mode: 04000708.bin is 0x000007c0 bytes at the location pointed to by dirFileBuf(0x00279168), type 1e04
psiFileLoad in single-file mode: 04000709.bin is 0x00000a80 bytes at the location pointed to by dirFileBuf(0x00279168), type 1e04
psiFileLoad in single-file mode: 0400072f.bin is 0x00004800 bytes at the location pointed to by dirFileBuf(0x00279168), type 1e04
psiFileLoad in single-file mode: 0400077a.bin is 0x000030a0 bytes at the location pointed to by dirFileBuf(0x00279168), type 1e04
psiFileLoad in single-file mode: 04000794.bin is 0x00000d20 bytes at the location pointed to by dirFileBuf(0x00279168), type 1e04
psiFileLoad in single-file mode: 040007ad.bin is 0x00002fe0 bytes at the location pointed to by dirFileBuf(0x00279168), type 1e04
psiFileLoad in single-file mode: 040007d8.bin is 0x000042a0 bytes at the location pointed to by dirFileBuf(0x00279168), type 1e04
psiFileLoad in single-file mode: 0400083e.bin is 0x00000a40 bytes at the location pointed to by dirFileBuf(0x00279168), type 1e04
psiFileLoad in single-file mode: 0400084e.bin is 0x00000740 bytes at the location pointed to by dirFileBuf(0x00279168), type 1e04
psiFileLoad in single-file mode: 0400084f.bin is 0x00000740 bytes at the location pointed to by dirFileBuf(0x00279168), type 1e04
psiFileLoad in single-file mode: 04000871.bin is 0x00000e60 bytes at the location pointed to by dirFileBuf(0x00279168), type 1e04
psiFileLoad in single-file mode: 04000017.bin is 0x00002880 bytes at the location pointed to by dirFileBuf(0x00279168), type 1e04
Processing a skeleton, idx: 2, num bones: 45, unknown data 0x06
Processing a skeleton, idx: 3, num bones: 42, unknown data 0x05
Processing a skeleton, idx: 1, num bones: 73, unknown data 0x01
Processing a skeleton, idx: 4, num bones: 42, unknown data 0x05
Processing a skeleton, idx: 5, num bones: 38, unknown data 0x03
Processing a skeleton, idx: 6, num bones: 6, unknown data 0x01
Processing a skeleton, idx: 7, num bones: 6, unknown data 0x01
Processing a skeleton, idx: 11, num bones: 9, unknown data 0x04
Processing a skeleton, idx: 12, num bones: 73, unknown data 0x01
Processing a skeleton, idx: 13, num bones: 44, unknown data 0x05
Processing a skeleton, idx: 24, num bones: 41, unknown data 0x06
Processing a skeleton, idx: 30, num bones: 44, unknown data 0x05
Processing a skeleton, idx: 31, num bones: 5, unknown data 0x01
Processing a skeleton, idx: 14, num bones: 42, unknown data 0x05
Processing a skeleton, idx: 15, num bones: 41, unknown data 0x04
Processing a skeleton, idx: 32, num bones: 5, unknown data 0x05
Processing a skeleton, idx: 33, nError opening file: No such file or directory
Error opening file: No such file or directory
Error opening file: No such file or directory
Error opening file: No such file or directory
Error opening file: No such file or directory
Error opening file: No such file or directory
Error opening file: No such file or directory
Error opening file: No such file or directory
Error opening file: No such file or directory
Error opening file: No such file or directory
Error opening file: No such file or directory
Error opening file: No such file or directory
Error opening file: No such file or directory
Error opening file: No such file or directory
Error opening file: No such file or directory
Error opening file: No such file or directory
Error opening file: No such file or directory
um bones: 39, unknown data 0x04
Processing a skeleton, idx: 40, num bones: 46, unknown data 0x04
Processing a skeleton, idx: 41, num bones: 46, unknown data 0x05
Processing a skeleton, idx: 16, num bones: 43, unknown data 0x07
Processing a skeleton, idx: 17, num bones: 41, unknown data 0x04
Processing a skeleton, idx: 34, num bones: 40, unknown data 0x04
Processing a skeleton, idx: 39, num bones: 44, unknown data 0x06
Processing a skeleton, idx: 18, num bones: 43, unknown data 0x04
Processing a skeleton, idx: 9, num bones: 38, unknown data 0x03
Processing a skeleton, idx: 42, num bones: 71, unknown data 0x01
Processing a skeleton, idx: 19, num bones: 11, unknown data 0x0b
Processing a skeleton, idx: 20, num bones: 43, unknown data 0x05
Processing a skeleton, idx: 21, num bones: 43, unknown data 0x05
Processing a skeleton, idx: 22, num bones: 45, unknown data 0x06
Processing a skeleton, idx: 23, num bones: 46, unknown data 0x08
Processing a skeleton, idx: 38, num bones: 47, unknown data 0x08
Processing a skeleton, idx: 25, num bones: 43, unknown data 0x07
Processing a skeleton, idx: 26, num bones: 43, unknown data 0x04
Processing a skeleton, idx: 27, num bones: 33, unknown data 0x21
Processing a skeleton, idx: 28, num bones: 42, unknown data 0x05
Processing a skeleton, idx: 29, num bones: 41, unknown data 0x05
Processing a skeleton, idx: 36, num bones: 62, unknown data 0x18
Processing a skeleton, idx: 10, num bones: 42, unknown data 0x05
Processing a skeleton, idx: 37, num bones: 42, unknown data 0x06
Processing a skeleton, idx: 8, num bones: 73, unknown data 0x01
Processing a skeleton, idx: 43, num bones: 41, unknown data 0x04
Processing a skeleton, idx: 0, num bones: 73, unknown data 0x01
Processing a skeleton, idx: 35, num bones: 45, unknown data 0x07
Processing a skeleton, idx: 44, num bones: 39, unknown data 0x04
psiFileLoad in single-file mode: 010001D4.bin is 0x0000d160 bytes at the location pointed to by dirFileBuf(0x00279168), type 1704
psiFileLoad in single-file mode: 01000122.bin is 0x0000f280 bytes at the location pointed to by dirFileBuf(0x00279168), type 1704
psiFileLoad in single-file mode: 010001F3.bin is 0x0000ee00 bytes at the location pointed to by dirFileBuf(0x00279168), type 1704
psiFileLoad in single-file mode: 010001F4.bin is 0x00005e80 bytes at the location pointed to by dirFileBuf(0x00279168), type 1704
psiFileLoad in single-file mode: 01000081.bin is 0x000c7ca0 bytes at the location pointed to by dirFileBuf(0x00279168), type 1704
psiFileLoad in single-file mode: 010000A2.bin is 0x000e4780 bytes at the location pointed to by dirFileBuf(0x00279168), type 1704
psiFileLoad in single-file mode: 01000073.bin is 0x00010900 bytes at the location pointed to by dirFileBuf(0x00279168), type 1704
psiFileLoad in single-file mode: 010000F3.bin is 0x00000860 bytes at the location pointed to by dirFileBuf(0x00279168), type 1704
psiFileLoad in single-file mode: 01000070.bin is 0x00056c60 bytes at the location pointed to by dirFileBuf(0x00279168), type 1704
psiFileLoad in single-file mode: 0100020F.bin is 0x0000a440 bytes at the location pointed to by dirFileBuf(0x00279168), type 1704
psiFileLoad in single-file mode: 0100002E.bin is 0x00089c20 bytes at the location pointed to by dirFileBuf(0x00279168), type 1704
psiFileLoad in single-file mode: 0100002D.bin is 0x000068c0 bytes at the location pointed to by dirFileBuf(0x00279168), type 1704
psiFileLoad in single-file mode: 01000004.bin is 0x00003f40 bytes at the location pointed to by dirFileBuf(0x00279168), type 1704
psiFileLoad in single-file mode: 0100008A.bin is 0x00007220 bytes at the location pointed to by dirFileBuf(0x00279168), type 1704
psiFileLoad in single-file mode: 0100013E.bin is 0x00015040 bytes at the location pointed to by dirFileBuf(0x00279168), type 1704
psiFileLoad in single-file mode: 010000CF.bin is 0x0003c460 bytes at the location pointed to by dirFileBuf(0x00279168), type 1704
psiFileLoad in single-file mode: 0100015D.bin is 0x0000f1e0 bytes at the location pointed to by dirFileBuf(0x00279168), type 1704
psiFileLoad in single-file mode: 0100Error opening file: No such file or directory
Error opening file: No such file or directory
Error opening file: No such file or directory
Error opening file: No such file or directory
Error opening file: No such file or directory
Error opening file: No such file or directory
Error opening file: No such file or directory
Error opening file: No such file or directory
Error opening file: No such file or directory
Error opening file: No such file or directory
Error opening file: No such file or directory
Error opening file: No such file or directory
Error opening file: No such file or directory
Error opening file: No such file or directory
Error opening file: No such file or directory
Error opening file: No such file or directory
Error opening file: No such file or directory
Error opening file: No such file or directory
Error opening file: No such file or directory
Error opening file: No such file or directory
Error opening file: No such file or directory
Error opening file: No such file or directory
Error opening file: No such file or directory
Error opening file: No such file or directory
Error opening file: No such file or directory
Error opening file: No such file or directory
Error opening file: No such file or directory
Error opening file: No such file or directory
Error opening file: No such file or directory
Error opening file: No such file or directory
Error opening file: No such file or directory
0166.bin is 0x00006940 bytes at the location pointed to by dirFileBuf(0x00279168), type 1704
psiFileLoad in single-file mode: 010001DF.bin is 0x00023460 bytes at the location pointed to by dirFileBuf(0x00279168), type 1704
psiFileLoad in single-file mode: 010001D8.bin is 0x000a04a0 bytes at the location pointed to by dirFileBuf(0x00279168), type 1704
psiFileLoad in single-file mode: 010001D9.bin is 0x000002e0 bytes at the location pointed to by dirFileBuf(0x00279168), type 1704
psiFileLoad in single-file mode: 010000A6.bin is 0x000015e0 bytes at the location pointed to by dirFileBuf(0x00279168), type 1704
psiFileLoad in single-file mode: 01000104.bin is 0x00044b20 bytes at the location pointed to by dirFileBuf(0x00279168), type 1704
psiFileLoad in single-file mode: 010000F8.bin is 0x0004e640 bytes at the location pointed to by dirFileBuf(0x00279168), type 1704
psiFileLoad in single-file mode: 01000092.bin is 0x00039260 bytes at the location pointed to by dirFileBuf(0x00279168), type 1704
psiFileLoad in single-file mode: 010000B3.bin is 0x0007f680 bytes at the location pointed to by dirFileBuf(0x00279168), type 1704
psiFileLoad in single-file mode: 010000D4.bin is 0x000409e0 bytes at the location pointed to by dirFileBuf(0x00279168), type 1704
psiFileLoad in single-file mode: 01000107.bin is 0x000425a0 bytes at the location pointed to by dirFileBuf(0x00279168), type 1704
psiFileLoad in single-file mode: 01000108.bin is 0x00021b20 bytes at the location pointed to by dirFileBuf(0x00279168), type 1704
psiFileLoad in single-file mode: 010000EC.bin is 0x00021f00 bytes at the location pointed to by dirFileBuf(0x00279168), type 1704
psiFileLoad in single-file mode: 010000F1.bin is 0x00035340 bytes at the location pointed to by dirFileBuf(0x00279168), type 1704
psiFileLoad in single-file mode: 010000F4.bin is 0x00039d20 bytes at the location pointed to by dirFileBuf(0x00279168), type 1704
psiFileLoad in single-file mode: 010000F5.bin is 0x0003cfa0 bytes at the location pointed to by dirFileBuf(0x00279168), type 1704
psiFileLoad in single-file mode: 010000F6.bin is 0x00044500 bytes at the location pointed to by dirFileBuf(0x00279168), type 1704
psiFileLoad in single-file mode: 010000F7.bin is 0x0003bf80 bytes at the location pointed to by dirFileBuf(0x00279168), type 1704
psiFileLoad in single-file mode: 01000212.bin is 0x00038540 bytes at the location pointed to by dirFileBuf(0x00279168), type 1704
psiFileLoad in single-file mode: 01000219.bin is 0x00044340 bytes at the location pointed to by dirFileBuf(0x00279168), type 1704
psiFileLoad in single-file mode: 01000114.bin is 0x00028340 bytes at the location pointed to by dirFileBuf(0x00279168), type 1704
psiFileLoad in single-file mode: 0100010E.bin is 0x00027f40 bytes at the location pointed to by dirFileBuf(0x00279168), type 1704
psiFileLoad in single-file mode: 01000210.bin is 0x00038040 bytes at the location pointed to by dirFileBuf(0x00279168), type 1704
psiFileLoad in single-file mode: 0100011E.bin is 0x000098e0 bytes at the location pointed to by dirFileBuf(0x00279168), type 1704
psiFileLoad in single-file mode: 010000E3.bin is 0x000143e0 bytes at the location pointed to by dirFileBuf(0x00279168), type 1704
psiFileLoad in single-file mode: 010000E2.bin is 0x000095e0 bytes at the location pointed to by dirFileBuf(0x00279168), type 1704
psiFileLoad in single-file mode: 01000186.bin is 0x0000c760 bytes at the location pointed to by dirFileBuf(0x00279168), type 1704
psiFileLoad in single-file mode: 010001B3.bin is 0x0000e860 bytes at the location pointed to by dirFileBuf(0x00279168), type 1704
psiFileLoad in single-file mode: 010001F0.bin is 0x00025880 bytes at the location pointed to by dirFileBuf(0x00279168), type 1704
psiFileLoad in single-file mode: 010001F1.bin is 0x00026120 bytes at the location pointed to by dirFileBuf(0x00279168), type 1704
psiFileLoad in single-file mode: 01000156.bin is 0x000163e0 bytes at the location pointed to by dirFileBuf(0x00279168), type 1704
psiFileLoad in single-file mode: 01000071.bin is 0x00004000 bytes at the location pointed to by dirFileError opening file: No such file or directory
Error opening file: No such file or directory
Error opening file: No such file or directory
Error opening file: No such file or directory
Error opening file: No such file or directory
Error opening file: No such file or directory
Error opening file: No such file or directory
Error opening file: No such file or directory
Error opening file: No such file or directory
Error opening file: No such file or directory
Error opening file: No such file or directory
Error opening file: No such file or directory
Error opening file: No such file or directory
Error opening file: No such file or directory
Error opening file: No such file or directory
Error opening file: No such file or directory
Error opening file: No such file or directory
Error opening file: No such file or directory
Error opening file: No such file or directory
Error opening file: No such file or directory
Error opening file: No such file or directory
Error opening file: No such file or directory
Error opening file: No such file or directory
Error opening file: No such file or directory
Error opening file: No such file or directory
Error opening file: No such file or directory
Error opening file: No such file or directory
Error opening file: No such file or directory
Error opening file: No such file or directory
Error opening file: No such file or directory
Error opening file: No such file or directory
Error opening file: No such file or directory
Buf(0x00279168), type 1704
psiFileLoad in single-file mode: 0100006B.bin is 0x000118a0 bytes at the location pointed to by dirFileBuf(0x00279168), type 1704
psiFileLoad in single-file mode: 01000074.bin is 0x0002b360 bytes at the location pointed to by dirFileBuf(0x00279168), type 1704
psiFileLoad in single-file mode: 050000a8.bin is 0x00000660 bytes at the location pointed to by dirFileBuf(0x00279168), type 1c04
psiFileLoad in single-file mode: 05000042.bin is 0x000004e0 bytes at the location pointed to by dirFileBuf(0x00279168), type 1c04
psiFileLoad in single-file mode: 05000070.bin is 0x00000520 bytes at the location pointed to by dirFileBuf(0x00279168), type 1c04
psiFileLoad in single-file mode: 05000088.bin is 0x00000600 bytes at the location pointed to by dirFileBuf(0x00279168), type 1c04
psiFileLoad in single-file mode: 05000047.bin is 0x00000660 bytes at the location pointed to by dirFileBuf(0x00279168), type 1c04
psiFileLoad in single-file mode: 050000a9.bin is 0x00000600 bytes at the location pointed to by dirFileBuf(0x00279168), type 1c04
psiFileLoad in single-file mode: 050000bd.bin is 0x00000860 bytes at the location pointed to by dirFileBuf(0x00279168), type 1c04
psiFileLoad in single-file mode: 050000bf.bin is 0x00000860 bytes at the location pointed to by dirFileBuf(0x00279168), type 1c04
psiFileLoad in single-file mode: 050000c5.bin is 0x00000860 bytes at the location pointed to by dirFileBuf(0x00279168), type 1c04
psiFileLoad in single-file mode: 05000045.bin is 0x00000540 bytes at the location pointed to by dirFileBuf(0x00279168), type 1c04
psiFileLoad in single-file mode: 0500003e.bin is 0x00000560 bytes at the location pointed to by dirFileBuf(0x00279168), type 1c04
psiFileLoad in single-file mode: 0500003d.bin is 0x00000480 bytes at the location pointed to by dirFileBuf(0x00279168), type 1c04
psiFileLoad in single-file mode: 0500003b.bin is 0x00000860 bytes at the location pointed to by dirFileBuf(0x00279168), type 1c04
psiFileLoad in single-file mode: 05000026.bin is 0x00000860 bytes at the location pointed to by dirFileBuf(0x00279168), type 1c04
psiFileLoad in single-file mode: 05000024.bin is 0x00000860 bytes at the location pointed to by dirFileBuf(0x00279168), type 1c04
psiFileLoad in single-file mode: 05000023.bin is 0x00000860 bytes at the location pointed to by dirFileBuf(0x00279168), type 1c04
psiFileLoad in single-file mode: 05000022.bin is 0x00000860 bytes at the location pointed to by dirFileBuf(0x00279168), type 1c04
psiFileLoad in single-file mode: 05000021.bin is 0x00000860 bytes at the location pointed to by dirFileBuf(0x00279168), type 1c04
psiFileLoad in single-file mode: 05000020.bin is 0x00000860 bytes at the location pointed to by dirFileBuf(0x00279168), type 1c04
psiFileLoad in single-file mode: 05000019.bin is 0x00000860 bytes at the location pointed to by dirFileBuf(0x00279168), type 1c04
psiFileLoad in single-file mode: 05000018.bin is 0x00000860 bytes at the location pointed to by dirFileBuf(0x00279168), type 1c04
psiFileLoad in single-file mode: 05000016.bin is 0x00000860 bytes at the location pointed to by dirFileBuf(0x00279168), type 1c04
psiFileLoad in single-file mode: 05000015.bin is 0x00000860 bytes at the location pointed to by dirFileBuf(0x00279168), type 1c04
psiFileLoad in single-file mode: 05000014.bin is 0x00000860 bytes at the location pointed to by dirFileBuf(0x00279168), type 1c04
psiFileLoad in single-file mode: 05000013.bin is 0x00000860 bytes at the location pointed to by dirFileBuf(0x00279168), type 1c04
psiFileLoad in single-file mode: 0500000d.bin is 0x00000860 bytes at the location pointed to by dirFileBuf(0x00279168), type 1c04
psiFileLoad in single-file mode: 05000051.bin is 0x00000660 bytes at the location pointed to by dirFileBuf(0x00279168), type 1c04
psiFileLoad in single-file mode: 05000007.bin is 0x000010e0 bytes at the location pointed to by dirFileBuf(0x00279168), type 1c04
psiFileLoad in single-file mode: 0500004b.bin is 0x000004e0 bytes at the location pointed to by dirFileBuf(0x00279168), type 1c04
psiFileLoad in single-file mode: 060002Error opening file: No such file or directory
Error opening file: No such file or directory
Error opening file: No such file or directory
Error opening file: No such file or directory
Error opening file: No such file or directory
Error opening file: No such file or directory
Error opening file: No such file or directory
Error opening file: No such file or directory
Error opening file: No such file or directory
Error opening file: No such file or directory
Error opening file: No such file or directory
Error opening file: No such file or directory
Error opening file: No such file or directory
Error opening file: No such file or directory
Error opening file: No such file or directory
Error opening file: No such file or directory
Error opening file: No such file or directory
Error opening file: No such file or directory
Error opening file: No such file or directory
Error opening file: No such file or directory
Error opening file: No such file or directory
Error opening file: No such file or directory
Error opening file: No such file or directory
Error opening file: No such file or directory
Error opening file: No such file or directory
Error opening file: No such file or directory
Error opening file: No such file or directory
Error opening file: No such file or directory
Error opening file: No such file or directory
Error opening file: No such file or directory
Error opening file: No such file or directory
25.bin is 0x00000060 bytes at the location pointed to by dirFileBuf(0x00279168), type 1f04
psiFileLoad in single-file mode: 06000224.bin is 0x00000020 bytes at the location pointed to by dirFileBuf(0x00279168), type 1f04
psiFileLoad in single-file mode: 06000223.bin is 0x00000020 bytes at the location pointed to by dirFileBuf(0x00279168), type 1f04
psiFileLoad in single-file mode: 06000226.bin is 0x00000020 bytes at the location pointed to by dirFileBuf(0x00279168), type 1f04
psiFileLoad in single-file mode: 06000242.bin is 0x00000040 bytes at the location pointed to by dirFileBuf(0x00279168), type 1f04
psiFileLoad in single-file mode: 06000243.bin is 0x00000020 bytes at the location pointed to by dirFileBuf(0x00279168), type 1f04
psiFileLoad in single-file mode: 06000240.bin is 0x00000040 bytes at the location pointed to by dirFileBuf(0x00279168), type 1f04
psiFileLoad in single-file mode: 06000245.bin is 0x00000040 bytes at the location pointed to by dirFileBuf(0x00279168), type 1f04
psiFileLoad in single-file mode: 06000241.bin is 0x00000020 bytes at the location pointed to by dirFileBuf(0x00279168), type 1f04
psiFileLoad in single-file mode: 06000247.bin is 0x00000040 bytes at the location pointed to by dirFileBuf(0x00279168), type 1f04
psiFileLoad in single-file mode: 06000244.bin is 0x00000040 bytes at the location pointed to by dirFileBuf(0x00279168), type 1f04
psiFileLoad in single-file mode: 0600024d.bin is 0x00000040 bytes at the location pointed to by dirFileBuf(0x00279168), type 1f04
psiFileLoad in single-file mode: 0600024e.bin is 0x00000020 bytes at the location pointed to by dirFileBuf(0x00279168), type 1f04
psiFileLoad in single-file mode: 0600024f.bin is 0x00000040 bytes at the location pointed to by dirFileBuf(0x00279168), type 1f04
psiFileLoad in single-file mode: 06000250.bin is 0x00000040 bytes at the location pointed to by dirFileBuf(0x00279168), type 1f04
psiFileLoad in single-file mode: 06000251.bin is 0x00000060 bytes at the location pointed to by dirFileBuf(0x00279168), type 1f04
psiFileLoad in single-file mode: 06000246.bin is 0x00000060 bytes at the location pointed to by dirFileBuf(0x00279168), type 1f04
psiFileLoad in single-file mode: 06000253.bin is 0x00000020 bytes at the location pointed to by dirFileBuf(0x00279168), type 1f04
psiFileLoad in single-file mode: 06000254.bin is 0x00000020 bytes at the location pointed to by dirFileBuf(0x00279168), type 1f04
psiFileLoad in single-file mode: 0600031e.bin is 0x00000020 bytes at the location pointed to by dirFileBuf(0x00279168), type 1f04
psiFileLoad in single-file mode: 06000248.bin is 0x00000020 bytes at the location pointed to by dirFileBuf(0x00279168), type 1f04
psiFileLoad in single-file mode: 06000358.bin is 0x00000020 bytes at the location pointed to by dirFileBuf(0x00279168), type 1f04
psiFileLoad in single-file mode: 06000359.bin is 0x00000020 bytes at the location pointed to by dirFileBuf(0x00279168), type 1f04
psiFileLoad in single-file mode: 06000252.bin is 0x00000020 bytes at the location pointed to by dirFileBuf(0x00279168), type 1f04
psiFileLoad in single-file mode: 0600035b.bin is 0x00000020 bytes at the location pointed to by dirFileBuf(0x00279168), type 1f04
psiFileLoad in single-file mode: 0600035c.bin is 0x00000020 bytes at the location pointed to by dirFileBuf(0x00279168), type 1f04
psiFileLoad in single-file mode: 0600035d.bin is 0x00000020 bytes at the location pointed to by dirFileBuf(0x00279168), type 1f04
psiFileLoad in single-file mode: 0600035f.bin is 0x00000020 bytes at the location pointed to by dirFileBuf(0x00279168), type 1f04
psiFileLoad in single-file mode: 06000360.bin is 0x00000020 bytes at the location pointed to by dirFileBuf(0x00279168), type 1f04
psiFileLoad in single-file mode: 06000361.bin is 0x00000020 bytes at the location pointed to by dirFileBuf(0x00279168), type 1f04
psiFileLoad in single-file mode: 06000362.bin is 0x00000020 bytes at the location pointed to by dirFileBuf(0x00279168), type 1f04
psiFileLoad in single-file mode: 06000363.bin is 0x00000020 bytes at the location pointed to by dirFileBuError opening file: No such file or directory
Error opening file: No such file or directory
Error opening file: No such file or directory
Error opening file: No such file or directory
Error opening file: No such file or directory
Error opening file: No such file or directory
Error opening file: No such file or directory
Error opening file: No such file or directory
Error opening file: No such file or directory
Error opening file: No such file or directory
Error opening file: No such file or directory
Error opening file: No such file or directory
Error opening file: No such file or directory
Error opening file: No such file or directory
Error opening file: No such file or directory
Error opening file: No such file or directory
Error opening file: No such file or directory
Error opening file: No such file or directory
Error opening file: No such file or directory
Error opening file: No such file or directory
Error opening file: No such file or directory
Error opening file: No such file or directory
Error opening file: No such file or directory
Error opening file: No such file or directory
Error opening file: No such file or directory
Error opening file: No such file or directory
Error opening file: No such file or directory
Error opening file: No such file or directory
Error opening file: No such file or directory
Error opening file: No such file or directory
Error opening file: No such file or directory
Error opening file: No such file or directory
f(0x00279168), type 1f04
psiFileLoad in single-file mode: 0600036a.bin is 0x00000020 bytes at the location pointed to by dirFileBuf(0x00279168), type 1f04
psiFileLoad in single-file mode: 0600036b.bin is 0x00000020 bytes at the location pointed to by dirFileBuf(0x00279168), type 1f04
psiFileLoad in single-file mode: 0600036c.bin is 0x00000020 bytes at the location pointed to by dirFileBuf(0x00279168), type 1f04
psiFileLoad in single-file mode: 0600032e.bin is 0x00000020 bytes at the location pointed to by dirFileBuf(0x00279168), type 1f04
psiFileLoad in single-file mode: 0600036e.bin is 0x00000020 bytes at the location pointed to by dirFileBuf(0x00279168), type 1f04
psiFileLoad in single-file mode: 0600036f.bin is 0x00000020 bytes at the location pointed to by dirFileBuf(0x00279168), type 1f04
psiFileLoad in single-file mode: 06000370.bin is 0x00000020 bytes at the location pointed to by dirFileBuf(0x00279168), type 1f04
psiFileLoad in single-file mode: 06000371.bin is 0x00000020 bytes at the location pointed to by dirFileBuf(0x00279168), type 1f04
psiFileLoad in single-file mode: 06000372.bin is 0x00000020 bytes at the location pointed to by dirFileBuf(0x00279168), type 1f04
psiFileLoad in single-file mode: 06000373.bin is 0x00000020 bytes at the location pointed to by dirFileBuf(0x00279168), type 1f04
psiFileLoad in single-file mode: 06000374.bin is 0x00000020 bytes at the location pointed to by dirFileBuf(0x00279168), type 1f04
psiFileLoad in single-file mode: 0600035a.bin is 0x00000020 bytes at the location pointed to by dirFileBuf(0x00279168), type 1f04
psiFileLoad in single-file mode: 06000376.bin is 0x00000020 bytes at the location pointed to by dirFileBuf(0x00279168), type 1f04
psiFileLoad in single-file mode: 06000377.bin is 0x00000020 bytes at the location pointed to by dirFileBuf(0x00279168), type 1f04
psiFileLoad in single-file mode: 06000378.bin is 0x00000020 bytes at the location pointed to by dirFileBuf(0x00279168), type 1f04
psiFileLoad in single-file mode: 06000379.bin is 0x00000020 bytes at the location pointed to by dirFileBuf(0x00279168), type 1f04
psiFileLoad in single-file mode: 0600037a.bin is 0x00000020 bytes at the location pointed to by dirFileBuf(0x00279168), type 1f04
psiFileLoad in single-file mode: 0600037b.bin is 0x00000020 bytes at the location pointed to by dirFileBuf(0x00279168), type 1f04
psiFileLoad in single-file mode: 0600036d.bin is 0x00000020 bytes at the location pointed to by dirFileBuf(0x00279168), type 1f04
psiFileLoad in single-file mode: 0600037d.bin is 0x00000020 bytes at the location pointed to by dirFileBuf(0x00279168), type 1f04
psiFileLoad in single-file mode: 0600037e.bin is 0x00000020 bytes at the location pointed to by dirFileBuf(0x00279168), type 1f04
psiFileLoad in single-file mode: 0600037f.bin is 0x00000020 bytes at the location pointed to by dirFileBuf(0x00279168), type 1f04
psiFileLoad in single-file mode: 06000380.bin is 0x00000020 bytes at the location pointed to by dirFileBuf(0x00279168), type 1f04
psiFileLoad in single-file mode: 06000381.bin is 0x00000020 bytes at the location pointed to by dirFileBuf(0x00279168), type 1f04
psiFileLoad in single-file mode: 06000382.bin is 0x00000020 bytes at the location pointed to by dirFileBuf(0x00279168), type 1f04
psiFileLoad in single-file mode: 06000383.bin is 0x00000020 bytes at the location pointed to by dirFileBuf(0x00279168), type 1f04
psiFileLoad in single-file mode: 06000384.bin is 0x00000020 bytes at the location pointed to by dirFileBuf(0x00279168), type 1f04
psiFileLoad in single-file mode: 06000385.bin is 0x00000020 bytes at the location pointed to by dirFileBuf(0x00279168), type 1f04
psiFileLoad in single-file mode: 06000386.bin is 0x00000020 bytes at the location pointed to by dirFileBuf(0x00279168), type 1f04
psiFileLoad in single-file mode: 06000387.bin is 0x00000020 bytes at the location pointed to by dirFileBuf(0x00279168), type 1f04
psiFileLoad in single-file mode: 06000388.bin is 0x00000020 bytes at the location pointed to by dirFileBuf(0x00279168), type 1f04
psiFileLoad in single-file mode: 06000389Error opening file: No such file or directory
Error opening file: No such file or directory
Error opening file: No such file or directory
Error opening file: No such file or directory
Error opening file: No such file or directory
Error opening file: No such file or directory
Error opening file: No such file or directory
Error opening file: No such file or directory
Error opening file: No such file or directory
Error opening file: No such file or directory
Error opening file: No such file or directory
Error opening file: No such file or directory
Error opening file: No such file or directory
Error opening file: No such file or directory
Error opening file: No such file or directory
Error opening file: No such file or directory
Error opening file: No such file or directory
Error opening file: No such file or directory
Error opening file: No such file or directory
Error opening file: No such file or directory
Error opening file: No such file or directory
Error opening file: No such file or directory
Error opening file: No such file or directory
Error opening file: No such file or directory
Error opening file: No such file or directory
Error opening file: No such file or directory
Error opening file: No such file or directory
Error opening file: No such file or directory
Error opening file: No such file or directory
Error opening file: No such file or directory
Error opening file: No such file or directory
.bin is 0x00000020 bytes at the location pointed to by dirFileBuf(0x00279168), type 1f04
psiFileLoad in single-file mode: 0600038a.bin is 0x00000020 bytes at the location pointed to by dirFileBuf(0x00279168), type 1f04
psiFileLoad in single-file mode: 0600038b.bin is 0x00000020 bytes at the location pointed to by dirFileBuf(0x00279168), type 1f04
psiFileLoad in single-file mode: 0600038c.bin is 0x00000020 bytes at the location pointed to by dirFileBuf(0x00279168), type 1f04
psiFileLoad in single-file mode: 0600038d.bin is 0x00000020 bytes at the location pointed to by dirFileBuf(0x00279168), type 1f04
psiFileLoad in single-file mode: 0600038e.bin is 0x00000020 bytes at the location pointed to by dirFileBuf(0x00279168), type 1f04
psiFileLoad in single-file mode: 060003a6.bin is 0x00000040 bytes at the location pointed to by dirFileBuf(0x00279168), type 1f04
psiFileLoad in single-file mode: 060003a7.bin is 0x00000040 bytes at the location pointed to by dirFileBuf(0x00279168), type 1f04
psiFileLoad in single-file mode: 060003a8.bin is 0x00000040 bytes at the location pointed to by dirFileBuf(0x00279168), type 1f04
psiFileLoad in single-file mode: 060003a9.bin is 0x00000040 bytes at the location pointed to by dirFileBuf(0x00279168), type 1f04
psiFileLoad in single-file mode: 060003b2.bin is 0x00000060 bytes at the location pointed to by dirFileBuf(0x00279168), type 1f04
psiFileLoad in single-file mode: 06000375.bin is 0x00000020 bytes at the location pointed to by dirFileBuf(0x00279168), type 1f04
psiFileLoad in single-file mode: 060003b4.bin is 0x00000020 bytes at the location pointed to by dirFileBuf(0x00279168), type 1f04
psiFileLoad in single-file mode: 060003b5.bin is 0x00000020 bytes at the location pointed to by dirFileBuf(0x00279168), type 1f04
psiFileLoad in single-file mode: 060003b6.bin is 0x00000020 bytes at the location pointed to by dirFileBuf(0x00279168), type 1f04
psiFileLoad in single-file mode: 060003b7.bin is 0x00000020 bytes at the location pointed to by dirFileBuf(0x00279168), type 1f04
psiFileLoad in single-file mode: 060003b8.bin is 0x00000020 bytes at the location pointed to by dirFileBuf(0x00279168), type 1f04
psiFileLoad in single-file mode: 060003b9.bin is 0x00000020 bytes at the location pointed to by dirFileBuf(0x00279168), type 1f04
psiFileLoad in single-file mode: 060003da.bin is 0x00000020 bytes at the location pointed to by dirFileBuf(0x00279168), type 1f04
psiFileLoad in single-file mode: 060003dc.bin is 0x00000020 bytes at the location pointed to by dirFileBuf(0x00279168), type 1f04
psiFileLoad in single-file mode: 060003e8.bin is 0x00000020 bytes at the location pointed to by dirFileBuf(0x00279168), type 1f04
psiFileLoad in single-file mode: 060003e9.bin is 0x00000020 bytes at the location pointed to by dirFileBuf(0x00279168), type 1f04
psiFileLoad in single-file mode: 06000404.bin is 0x00000020 bytes at the location pointed to by dirFileBuf(0x00279168), type 1f04
psiFileLoad in single-file mode: 06000406.bin is 0x00000020 bytes at the location pointed to by dirFileBuf(0x00279168), type 1f04
psiFileLoad in single-file mode: 06000407.bin is 0x00000020 bytes at the location pointed to by dirFileBuf(0x00279168), type 1f04
psiFileLoad in single-file mode: 06000408.bin is 0x00000020 bytes at the location pointed to by dirFileBuf(0x00279168), type 1f04
psiFileLoad in single-file mode: 06000409.bin is 0x00000020 bytes at the location pointed to by dirFileBuf(0x00279168), type 1f04
psiFileLoad in single-file mode: 0600037c.bin is 0x00000020 bytes at the location pointed to by dirFileBuf(0x00279168), type 1f04
psiFileLoad in single-file mode: 0600040e.bin is 0x00000020 bytes at the location pointed to by dirFileBuf(0x00279168), type 1f04
psiFileLoad in single-file mode: 06000411.bin is 0x00000020 bytes at the location pointed to by dirFileBuf(0x00279168), type 1f04
psiFileLoad in single-file mode: 06000412.bin is 0x00000020 bytes at the location pointed to by dirFileBuf(0x00279168), type 1f04
psiFileLoad in single-file mode: 06000418.bin is 0x00000020 bytes at the location pointed to by dirFileBuf(Error opening file: No such file or directory
Error opening file: No such file or directory
Error opening file: No such file or directory
Error opening file: No such file or directory
Error opening file: No such file or directory
Error opening file: No such file or directory
Error opening file: No such file or directory
Error opening file: No such file or directory
Error opening file: No such file or directory
Error opening file: No such file or directory
Error opening file: No such file or directory
Error opening file: No such file or directory
Error opening file: No such file or directory
Error opening file: No such file or directory
Error opening file: No such file or directory
Error opening file: No such file or directory
Error opening file: No such file or directory
Error opening file: No such file or directory
Error opening file: No such file or directory
Error opening file: No such file or directory
Error opening file: No such file or directory
Error opening file: No such file or directory
Error opening file: No such file or directory
Error opening file: No such file or directory
Error opening file: No such file or directory
Error opening file: No such file or directory
Error opening file: No such file or directory
Error opening file: No such file or directory
Error opening file: No such file or directory
Error opening file: No such file or directory
Error opening file: No such file or directory
Error opening file: No such file or directory
0x00279168), type 1f04
psiFileLoad in single-file mode: 06000419.bin is 0x00000080 bytes at the location pointed to by dirFileBuf(0x00279168), type 1f04
psiFileLoad in single-file mode: 06000434.bin is 0x00000020 bytes at the location pointed to by dirFileBuf(0x00279168), type 1f04
psiFileLoad in single-file mode: 06000435.bin is 0x00000020 bytes at the location pointed to by dirFileBuf(0x00279168), type 1f04
psiFileLoad in single-file mode: 06000439.bin is 0x00000020 bytes at the location pointed to by dirFileBuf(0x00279168), type 1f04
psiFileLoad in single-file mode: 0600043a.bin is 0x00000020 bytes at the location pointed to by dirFileBuf(0x00279168), type 1f04
psiFileLoad in single-file mode: 0600043b.bin is 0x00000020 bytes at the location pointed to by dirFileBuf(0x00279168), type 1f04
psiFileLoad in single-file mode: 0600043c.bin is 0x00000020 bytes at the location pointed to by dirFileBuf(0x00279168), type 1f04
psiFileLoad in single-file mode: 06000449.bin is 0x00000020 bytes at the location pointed to by dirFileBuf(0x00279168), type 1f04
psiFileLoad in single-file mode: 0600044a.bin is 0x00000020 bytes at the location pointed to by dirFileBuf(0x00279168), type 1f04
psiFileLoad in single-file mode: 060003b3.bin is 0x00000020 bytes at the location pointed to by dirFileBuf(0x00279168), type 1f04
psiFileLoad in single-file mode: 0600044c.bin is 0x00000020 bytes at the location pointed to by dirFileBuf(0x00279168), type 1f04
psiFileLoad in single-file mode: 0600044d.bin is 0x00000020 bytes at the location pointed to by dirFileBuf(0x00279168), type 1f04
psiFileLoad in single-file mode: 0600047f.bin is 0x00000020 bytes at the location pointed to by dirFileBuf(0x00279168), type 1f04
psiFileLoad in single-file mode: 06000480.bin is 0x00000020 bytes at the location pointed to by dirFileBuf(0x00279168), type 1f04
psiFileLoad in single-file mode: 06000485.bin is 0x00000020 bytes at the location pointed to by dirFileBuf(0x00279168), type 1f04
psiFileLoad in single-file mode: 06000487.bin is 0x00000020 bytes at the location pointed to by dirFileBuf(0x00279168), type 1f04
psiFileLoad in single-file mode: 06000488.bin is 0x00000020 bytes at the location pointed to by dirFileBuf(0x00279168), type 1f04
psiFileLoad in single-file mode: 06000489.bin is 0x00000020 bytes at the location pointed to by dirFileBuf(0x00279168), type 1f04
psiFileLoad in single-file mode: 0600048a.bin is 0x00000020 bytes at the location pointed to by dirFileBuf(0x00279168), type 1f04
psiFileLoad in single-file mode: 0600048b.bin is 0x00000020 bytes at the location pointed to by dirFileBuf(0x00279168), type 1f04
psiFileLoad in single-file mode: 0600048c.bin is 0x00000020 bytes at the location pointed to by dirFileBuf(0x00279168), type 1f04
psiFileLoad in single-file mode: 0600048d.bin is 0x00000020 bytes at the location pointed to by dirFileBuf(0x00279168), type 1f04
psiFileLoad in single-file mode: 060004a3.bin is 0x00000020 bytes at the location pointed to by dirFileBuf(0x00279168), type 1f04
psiFileLoad in single-file mode: 060004b1.bin is 0x00000020 bytes at the location pointed to by dirFileBuf(0x00279168), type 1f04
psiFileLoad in single-file mode: 060004b2.bin is 0x00000020 bytes at the location pointed to by dirFileBuf(0x00279168), type 1f04
psiFileLoad in single-file mode: 060004b9.bin is 0x00000020 bytes at the location pointed to by dirFileBuf(0x00279168), type 1f04
psiFileLoad in single-file mode: 060004ba.bin is 0x00000020 bytes at the location pointed to by dirFileBuf(0x00279168), type 1f04
psiFileLoad in single-file mode: 060004bb.bin is 0x00000020 bytes at the location pointed to by dirFileBuf(0x00279168), type 1f04
psiFileLoad in single-file mode: 060004bc.bin is 0x00000020 bytes at the location pointed to by dirFileBuf(0x00279168), type 1f04
psiFileLoad in single-file mode: 060004bd.bin is 0x00000020 bytes at the location pointed to by dirFileBuf(0x00279168), type 1f04
psiFileLoad in single-file mode: 060004bf.bin is 0x00000020 bytes at the location pointed to by dirFileBuf(0x00279168), type 1f04
psiFileLoad in single-file mode: 060004c0.bError opening file: No such file or directory
Error opening file: No such file or directory
Error opening file: No such file or directory
Error opening file: No such file or directory
Error opening file: No such file or directory
Error opening file: No such file or directory
Error opening file: No such file or directory
Error opening file: No such file or directory
Error opening file: No such file or directory
Error opening file: No such file or directory
Error opening file: No such file or directory
Error opening file: No such file or directory
Error opening file: No such file or directory
Error opening file: No such file or directory
Error opening file: No such file or directory
Error opening file: No such file or directory
Error opening file: No such file or directory
Error opening file: No such file or directory
Error opening file: No such file or directory
Error opening file: No such file or directory
Error opening file: No such file or directory
Error opening file: No such file or directory
Error opening file: No such file or directory
Error opening file: No such file or directory
Error opening file: No such file or directory
Error opening file: No such file or directory
Error opening file: No such file or directory
Error opening file: No such file or directory
Error opening file: No such file or directory
Error opening file: No such file or directory
Error opening file: No such file or directory
in is 0x00000040 bytes at the location pointed to by dirFileBuf(0x00279168), type 1f04
psiFileLoad in single-file mode: 060004c1.bin is 0x00000040 bytes at the location pointed to by dirFileBuf(0x00279168), type 1f04
psiFileLoad in single-file mode: 060004c2.bin is 0x00000040 bytes at the location pointed to by dirFileBuf(0x00279168), type 1f04
psiFileLoad in single-file mode: 060004c3.bin is 0x00000020 bytes at the location pointed to by dirFileBuf(0x00279168), type 1f04
psiFileLoad in single-file mode: 060004c5.bin is 0x00000020 bytes at the location pointed to by dirFileBuf(0x00279168), type 1f04
psiFileLoad in single-file mode: 060004e7.bin is 0x00000020 bytes at the location pointed to by dirFileBuf(0x00279168), type 1f04
psiFileLoad in single-file mode: 060004e8.bin is 0x00000020 bytes at the location pointed to by dirFileBuf(0x00279168), type 1f04
psiFileLoad in single-file mode: 060004e9.bin is 0x00000020 bytes at the location pointed to by dirFileBuf(0x00279168), type 1f04
psiFileLoad in single-file mode: 060004ea.bin is 0x00000020 bytes at the location pointed to by dirFileBuf(0x00279168), type 1f04
psiFileLoad in single-file mode: 060004ee.bin is 0x00000020 bytes at the location pointed to by dirFileBuf(0x00279168), type 1f04
psiFileLoad in single-file mode: 060004f1.bin is 0x000000c0 bytes at the location pointed to by dirFileBuf(0x00279168), type 1f04
psiFileLoad in single-file mode: 060004f2.bin is 0x00000080 bytes at the location pointed to by dirFileBuf(0x00279168), type 1f04
psiFileLoad in single-file mode: 060004f3.bin is 0x00000020 bytes at the location pointed to by dirFileBuf(0x00279168), type 1f04
psiFileLoad in single-file mode: 060004f4.bin is 0x00000020 bytes at the location pointed to by dirFileBuf(0x00279168), type 1f04
psiFileLoad in single-file mode: 0600053c.bin is 0x00000040 bytes at the location pointed to by dirFileBuf(0x00279168), type 1f04
psiFileLoad in single-file mode: 0600053f.bin is 0x00000040 bytes at the location pointed to by dirFileBuf(0x00279168), type 1f04
psiFileLoad in single-file mode: 06000578.bin is 0x00000040 bytes at the location pointed to by dirFileBuf(0x00279168), type 1f04
psiFileLoad in single-file mode: 060005a4.bin is 0x00000020 bytes at the location pointed to by dirFileBuf(0x00279168), type 1f04
psiFileLoad in single-file mode: 060005a6.bin is 0x00000020 bytes at the location pointed to by dirFileBuf(0x00279168), type 1f04
psiFileLoad in single-file mode: 060005a7.bin is 0x00000020 bytes at the location pointed to by dirFileBuf(0x00279168), type 1f04
psiFileLoad in single-file mode: 060005a8.bin is 0x00000020 bytes at the location pointed to by dirFileBuf(0x00279168), type 1f04
psiFileLoad in single-file mode: 060005a9.bin is 0x00000020 bytes at the location pointed to by dirFileBuf(0x00279168), type 1f04
psiFileLoad in single-file mode: 060005aa.bin is 0x00000020 bytes at the location pointed to by dirFileBuf(0x00279168), type 1f04
psiFileLoad in single-file mode: 060005ac.bin is 0x00000020 bytes at the location pointed to by dirFileBuf(0x00279168), type 1f04
psiFileLoad in single-file mode: 060005f2.bin is 0x00000020 bytes at the location pointed to by dirFileBuf(0x00279168), type 1f04
psiFileLoad in single-file mode: 060005f3.bin is 0x00000020 bytes at the location pointed to by dirFileBuf(0x00279168), type 1f04
psiFileLoad in single-file mode: 0600040a.bin is 0x00000020 bytes at the location pointed to by dirFileBuf(0x00279168), type 1f04
psiFileLoad in single-file mode: 06000222.bin is 0x00000020 bytes at the location pointed to by dirFileBuf(0x00279168), type 1f04
psiFileLoad in single-file mode: 060005fa.bin is 0x00000020 bytes at the location pointed to by dirFileBuf(0x00279168), type 1f04
psiFileLoad in single-file mode: 060005fd.bin is 0x00000020 bytes at the location pointed to by dirFileBuf(0x00279168), type 1f04
psiFileLoad in single-file mode: 060005fe.bin is 0x00000020 bytes at the location pointed to by dirFileBuf(0x00279168), type 1f04
psiFileLoad in single-file mode: 06000607.bin is 0x00000020 bytes at the location pointed to by dirFileBuf(0xError opening file: No such file or directory
Error opening file: No such file or directory
Error opening file: No such file or directory
Error opening file: No such file or directory
Error opening file: No such file or directory
Error opening file: No such file or directory
Error opening file: No such file or directory
Error opening file: No such file or directory
Error opening file: No such file or directory
Error opening file: No such file or directory
Error opening file: No such file or directory
Error opening file: No such file or directory
Error opening file: No such file or directory
Error opening file: No such file or directory
Error opening file: No such file or directory
Error opening file: No such file or directory
Error opening file: No such file or directory
Error opening file: No such file or directory
Error opening file: No such file or directory
Error opening file: No such file or directory
Error opening file: No such file or directory
Error opening file: No such file or directory
Error opening file: No such file or directory
Error opening file: No such file or directory
Error opening file: No such file or directory
Error opening file: No such file or directory
Error opening file: No such file or directory
Error opening file: No such file or directory
Error opening file: No such file or directory
Error opening file: No such file or directory
Error opening file: No such file or directory
Error opening file: No such file or directory
00279168), type 1f04
psiFileLoad in single-file mode: 06000608.bin is 0x00000020 bytes at the location pointed to by dirFileBuf(0x00279168), type 1f04
psiFileLoad in single-file mode: 0600061c.bin is 0x00000020 bytes at the location pointed to by dirFileBuf(0x00279168), type 1f04
psiFileLoad in single-file mode: 060006dd.bin is 0x00000020 bytes at the location pointed to by dirFileBuf(0x00279168), type 1f04
psiFileLoad in single-file mode: 060006de.bin is 0x00000020 bytes at the location pointed to by dirFileBuf(0x00279168), type 1f04
psiFileLoad in single-file mode: 060006e7.bin is 0x00000020 bytes at the location pointed to by dirFileBuf(0x00279168), type 1f04
psiFileLoad in single-file mode: 06000702.bin is 0x00000020 bytes at the location pointed to by dirFileBuf(0x00279168), type 1f04
psiFileLoad in single-file mode: 06000703.bin is 0x00000020 bytes at the location pointed to by dirFileBuf(0x00279168), type 1f04
psiFileLoad in single-file mode: 06000704.bin is 0x00000020 bytes at the location pointed to by dirFileBuf(0x00279168), type 1f04
psiFileLoad in single-file mode: 06000705.bin is 0x00000020 bytes at the location pointed to by dirFileBuf(0x00279168), type 1f04
psiFileLoad in single-file mode: 06000706.bin is 0x00000020 bytes at the location pointed to by dirFileBuf(0x00279168), type 1f04
psiFileLoad in single-file mode: 06000707.bin is 0x00000020 bytes at the location pointed to by dirFileBuf(0x00279168), type 1f04
psiFileLoad in single-file mode: 0600070a.bin is 0x00000020 bytes at the location pointed to by dirFileBuf(0x00279168), type 1f04
psiFileLoad in single-file mode: 0600070c.bin is 0x00000020 bytes at the location pointed to by dirFileBuf(0x00279168), type 1f04
psiFileLoad in single-file mode: 06000763.bin is 0x00000020 bytes at the location pointed to by dirFileBuf(0x00279168), type 1f04
psiFileLoad in single-file mode: 06000764.bin is 0x00000020 bytes at the location pointed to by dirFileBuf(0x00279168), type 1f04
psiFileLoad in single-file mode: 06000765.bin is 0x00000020 bytes at the location pointed to by dirFileBuf(0x00279168), type 1f04
psiFileLoad in single-file mode: 06000766.bin is 0x00000040 bytes at the location pointed to by dirFileBuf(0x00279168), type 1f04
psiFileLoad in single-file mode: 0600076d.bin is 0x00000020 bytes at the location pointed to by dirFileBuf(0x00279168), type 1f04
psiFileLoad in single-file mode: 0600076e.bin is 0x00000020 bytes at the location pointed to by dirFileBuf(0x00279168), type 1f04
psiFileLoad in single-file mode: 0600076f.bin is 0x00000020 bytes at the location pointed to by dirFileBuf(0x00279168), type 1f04
psiFileLoad in single-file mode: 0600077f.bin is 0x00000020 bytes at the location pointed to by dirFileBuf(0x00279168), type 1f04
psiFileLoad in single-file mode: 06000780.bin is 0x00000020 bytes at the location pointed to by dirFileBuf(0x00279168), type 1f04
psiFileLoad in single-file mode: 06000781.bin is 0x00000040 bytes at the location pointed to by dirFileBuf(0x00279168), type 1f04
psiFileLoad in single-file mode: 06000782.bin is 0x00000020 bytes at the location pointed to by dirFileBuf(0x00279168), type 1f04
psiFileLoad in single-file mode: 060007af.bin is 0x00000020 bytes at the location pointed to by dirFileBuf(0x00279168), type 1f04
psiFileLoad in single-file mode: 0600044b.bin is 0x00000020 bytes at the location pointed to by dirFileBuf(0x00279168), type 1f04
psiFileLoad in single-file mode: 06000807.bin is 0x00000040 bytes at the location pointed to by dirFileBuf(0x00279168), type 1f04
psiFileLoad in single-file mode: 06000808.bin is 0x00000020 bytes at the location pointed to by dirFileBuf(0x00279168), type 1f04
psiFileLoad in single-file mode: 06000809.bin is 0x00000020 bytes at the location pointed to by dirFileBuf(0x00279168), type 1f04
psiFileLoad in single-file mode: 06000812.bin is 0x00000020 bytes at the location pointed to by dirFileBuf(0x00279168), type 1f04
psiFileLoad in single-file mode: 06000820.bin is 0x00000020 bytes at the location pointed to by dirFileBuf(0x00279168), type 1f04
psiFileLoad in single-file mode: 06000823.binError opening file: No such file or directory
Error opening file: No such file or directory
Error opening file: No such file or directory
Error opening file: No such file or directory
Error opening file: No such file or directory
Error opening file: No such file or directory
Error opening file: No such file or directory
Error opening file: No such file or directory
Error opening file: No such file or directory
Error opening file: No such file or directory
Error opening file: No such file or directory
Error opening file: No such file or directory
Error opening file: No such file or directory
Error opening file: No such file or directory
Error opening file: No such file or directory
Error opening file: No such file or directory
Error opening file: No such file or directory
Error opening file: No such file or directory
Error opening file: No such file or directory
Error opening file: No such file or directory
Error opening file: No such file or directory
Error opening file: No such file or directory
Error opening file: No such file or directory
Error opening file: No such file or directory
Error opening file: No such file or directory
Error opening file: No such file or directory
Error opening file: No such file or directory
Error opening file: No such file or directory
Error opening file: No such file or directory
Error opening file: No such file or directory
Error opening file: No such file or directory
 is 0x00000020 bytes at the location pointed to by dirFileBuf(0x00279168), type 1f04
psiFileLoad in single-file mode: 06000824.bin is 0x00000020 bytes at the location pointed to by dirFileBuf(0x00279168), type 1f04
psiFileLoad in single-file mode: 06000825.bin is 0x00000020 bytes at the location pointed to by dirFileBuf(0x00279168), type 1f04
psiFileLoad in single-file mode: 06000826.bin is 0x00000020 bytes at the location pointed to by dirFileBuf(0x00279168), type 1f04
psiFileLoad in single-file mode: 06000827.bin is 0x00000040 bytes at the location pointed to by dirFileBuf(0x00279168), type 1f04
psiFileLoad in single-file mode: 06000828.bin is 0x00000040 bytes at the location pointed to by dirFileBuf(0x00279168), type 1f04
psiFileLoad in single-file mode: 06000829.bin is 0x00000040 bytes at the location pointed to by dirFileBuf(0x00279168), type 1f04
psiFileLoad in single-file mode: 0600082a.bin is 0x00000020 bytes at the location pointed to by dirFileBuf(0x00279168), type 1f04
psiFileLoad in single-file mode: 0600082b.bin is 0x00000020 bytes at the location pointed to by dirFileBuf(0x00279168), type 1f04
psiFileLoad in single-file mode: 0600082c.bin is 0x00000020 bytes at the location pointed to by dirFileBuf(0x00279168), type 1f04
psiFileLoad in single-file mode: 0600082f.bin is 0x00000020 bytes at the location pointed to by dirFileBuf(0x00279168), type 1f04
psiFileLoad in single-file mode: 06000830.bin is 0x00000020 bytes at the location pointed to by dirFileBuf(0x00279168), type 1f04
psiFileLoad in single-file mode: 06000860.bin is 0x00000020 bytes at the location pointed to by dirFileBuf(0x00279168), type 1f04
psiFileLoad in single-file mode: 060008b7.bin is 0x00000020 bytes at the location pointed to by dirFileBuf(0x00279168), type 1f04
psiFileLoad in single-file mode: 060008ee.bin is 0x00000020 bytes at the location pointed to by dirFileBuf(0x00279168), type 1f04
psiFileLoad in single-file mode: 06000916.bin is 0x00000020 bytes at the location pointed to by dirFileBuf(0x00279168), type 1f04
psiFileLoad in single-file mode: 0600095f.bin is 0x00000020 bytes at the location pointed to by dirFileBuf(0x00279168), type 1f04
psiFileLoad in single-file mode: 060009e6.bin is 0x00000020 bytes at the location pointed to by dirFileBuf(0x00279168), type 1f04
psiFileLoad in single-file mode: 060009e7.bin is 0x00000020 bytes at the location pointed to by dirFileBuf(0x00279168), type 1f04
psiFileLoad in single-file mode: 060009ff.bin is 0x00000020 bytes at the location pointed to by dirFileBuf(0x00279168), type 1f04
psiFileLoad in single-file mode: 06000a00.bin is 0x00000020 bytes at the location pointed to by dirFileBuf(0x00279168), type 1f04
psiFileLoad in single-file mode: 06000a3a.bin is 0x00000020 bytes at the location pointed to by dirFileBuf(0x00279168), type 1f04
psiFileLoad in single-file mode: 06000221.bin is 0x00000020 bytes at the location pointed to by dirFileBuf(0x00279168), type 1f04
psiFileLoad in single-file mode: 060001c2.bin is 0x00000020 bytes at the location pointed to by dirFileBuf(0x00279168), type 1f04
psiFileLoad in single-file mode: 060001c0.bin is 0x00000020 bytes at the location pointed to by dirFileBuf(0x00279168), type 1f04
psiFileLoad in single-file mode: 060001bf.bin is 0x00000020 bytes at the location pointed to by dirFileBuf(0x00279168), type 1f04
psiFileLoad in single-file mode: 060001be.bin is 0x00000020 bytes at the location pointed to by dirFileBuf(0x00279168), type 1f04
psiFileLoad in single-file mode: 060001bd.bin is 0x00000020 bytes at the location pointed to by dirFileBuf(0x00279168), type 1f04
psiFileLoad in single-file mode: 060001bc.bin is 0x00000020 bytes at the location pointed to by dirFileBuf(0x00279168), type 1f04
psiFileLoad in single-file mode: 060001bb.bin is 0x00000020 bytes at the location pointed to by dirFileBuf(0x00279168), type 1f04
psiFileLoad in single-file mode: 060001ba.bin is 0x00000020 bytes at the location pointed to by dirFileBuf(0x00279168), type 1f04
psiFileLoad in single-file mode: 060001b9.bin is 0x00000020 bytes at the location pointed to by dirFileBuf(0x00Error opening file: No such file or directory
Error opening file: No such file or directory
Error opening file: No such file or directory
Error opening file: No such file or directory
Error opening file: No such file or directory
Error opening file: No such file or directory
Error opening file: No such file or directory
Error opening file: No such file or directory
Error opening file: No such file or directory
Error opening file: No such file or directory
Error opening file: No such file or directory
Error opening file: No such file or directory
Error opening file: No such file or directory
Error opening file: No such file or directory
Error opening file: No such file or directory
Error opening file: No such file or directory
Error opening file: No such file or directory
Error opening file: No such file or directory
Error opening file: No such file or directory
Error opening file: No such file or directory
Error opening file: No such file or directory
Error opening file: No such file or directory
Error opening file: No such file or directory
Error opening file: No such file or directory
Error opening file: No such file or directory
Error opening file: No such file or directory
Error opening file: No such file or directory
Error opening file: No such file or directory
Error opening file: No such file or directory
Error opening file: No such file or directory
Error opening file: No such file or directory
Error opening file: No such file or directory
279168), type 1f04
psiFileLoad in single-file mode: 060001b8.bin is 0x00000020 bytes at the location pointed to by dirFileBuf(0x00279168), type 1f04
psiFileLoad in single-file mode: 060001b7.bin is 0x00000020 bytes at the location pointed to by dirFileBuf(0x00279168), type 1f04
psiFileLoad in single-file mode: 060001b6.bin is 0x00000020 bytes at the location pointed to by dirFileBuf(0x00279168), type 1f04
psiFileLoad in single-file mode: 060001b5.bin is 0x00000020 bytes at the location pointed to by dirFileBuf(0x00279168), type 1f04
psiFileLoad in single-file mode: 060001b3.bin is 0x00000040 bytes at the location pointed to by dirFileBuf(0x00279168), type 1f04
psiFileLoad in single-file mode: 060001b2.bin is 0x00000020 bytes at the location pointed to by dirFileBuf(0x00279168), type 1f04
psiFileLoad in single-file mode: 060001b1.bin is 0x00000040 bytes at the location pointed to by dirFileBuf(0x00279168), type 1f04
psiFileLoad in single-file mode: 060001b0.bin is 0x00000040 bytes at the location pointed to by dirFileBuf(0x00279168), type 1f04
psiFileLoad in single-file mode: 060001ae.bin is 0x00000040 bytes at the location pointed to by dirFileBuf(0x00279168), type 1f04
psiFileLoad in single-file mode: 060001ad.bin is 0x00000020 bytes at the location pointed to by dirFileBuf(0x00279168), type 1f04
psiFileLoad in single-file mode: 060001ac.bin is 0x00000040 bytes at the location pointed to by dirFileBuf(0x00279168), type 1f04
psiFileLoad in single-file mode: 060001ab.bin is 0x00000040 bytes at the location pointed to by dirFileBuf(0x00279168), type 1f04
psiFileLoad in single-file mode: 060001aa.bin is 0x00000040 bytes at the location pointed to by dirFileBuf(0x00279168), type 1f04
psiFileLoad in single-file mode: 060001a9.bin is 0x00000040 bytes at the location pointed to by dirFileBuf(0x00279168), type 1f04
psiFileLoad in single-file mode: 060001a8.bin is 0x00000040 bytes at the location pointed to by dirFileBuf(0x00279168), type 1f04
psiFileLoad in single-file mode: 060001a7.bin is 0x00000040 bytes at the location pointed to by dirFileBuf(0x00279168), type 1f04
psiFileLoad in single-file mode: 060001a6.bin is 0x00000020 bytes at the location pointed to by dirFileBuf(0x00279168), type 1f04
psiFileLoad in single-file mode: 060001a5.bin is 0x00000020 bytes at the location pointed to by dirFileBuf(0x00279168), type 1f04
psiFileLoad in single-file mode: 060001a4.bin is 0x00000020 bytes at the location pointed to by dirFileBuf(0x00279168), type 1f04
psiFileLoad in single-file mode: 060001a3.bin is 0x00000020 bytes at the location pointed to by dirFileBuf(0x00279168), type 1f04
psiFileLoad in single-file mode: 060001a2.bin is 0x00000040 bytes at the location pointed to by dirFileBuf(0x00279168), type 1f04
psiFileLoad in single-file mode: 0600018f.bin is 0x00000040 bytes at the location pointed to by dirFileBuf(0x00279168), type 1f04
psiFileLoad in single-file mode: 06000188.bin is 0x00000020 bytes at the location pointed to by dirFileBuf(0x00279168), type 1f04
psiFileLoad in single-file mode: 06000187.bin is 0x00000020 bytes at the location pointed to by dirFileBuf(0x00279168), type 1f04
psiFileLoad in single-file mode: 06000186.bin is 0x00000040 bytes at the location pointed to by dirFileBuf(0x00279168), type 1f04
psiFileLoad in single-file mode: 06000184.bin is 0x00000020 bytes at the location pointed to by dirFileBuf(0x00279168), type 1f04
psiFileLoad in single-file mode: 06000182.bin is 0x00000020 bytes at the location pointed to by dirFileBuf(0x00279168), type 1f04
psiFileLoad in single-file mode: 0600017c.bin is 0x00000040 bytes at the location pointed to by dirFileBuf(0x00279168), type 1f04
psiFileLoad in single-file mode: 0600017b.bin is 0x00000040 bytes at the location pointed to by dirFileBuf(0x00279168), type 1f04
psiFileLoad in single-file mode: 06000176.bin is 0x00000040 bytes at the location pointed to by dirFileBuf(0x00279168), type 1f04
psiFileLoad in single-file mode: 06000167.bin is 0x00000040 bytes at the location pointed to by dirFileBuf(0x00279168), type 1f04
psiFileLoad in single-file mode: 06000161.bin iError opening file: No such file or directory
Error opening file: No such file or directory
Error opening file: No such file or directory
Error opening file: No such file or directory
Error opening file: No such file or directory
Error opening file: No such file or directory
Error opening file: No such file or directory
Error opening file: No such file or directory
Error opening file: No such file or directory
Error opening file: No such file or directory
Error opening file: No such file or directory
Error opening file: No such file or directory
Error opening file: No such file or directory
Error opening file: No such file or directory
Error opening file: No such file or directory
Error opening file: No such file or directory
Error opening file: No such file or directory
Error opening file: No such file or directory
Error opening file: No such file or directory
Error opening file: No such file or directory
Error opening file: No such file or directory
Error opening file: No such file or directory
Error opening file: No such file or directory
Error opening file: No such file or directory
Error opening file: No such file or directory
Error opening file: No such file or directory
Error opening file: No such file or directory
Error opening file: No such file or directory
Error opening file: No such file or directory
Error opening file: No such file or directory
Error opening file: No such file or directory
s 0x00000040 bytes at the location pointed to by dirFileBuf(0x00279168), type 1f04
psiFileLoad in single-file mode: 0600015c.bin is 0x00000040 bytes at the location pointed to by dirFileBuf(0x00279168), type 1f04
psiFileLoad in single-file mode: 06000159.bin is 0x00000040 bytes at the location pointed to by dirFileBuf(0x00279168), type 1f04
psiFileLoad in single-file mode: 06000158.bin is 0x00000040 bytes at the location pointed to by dirFileBuf(0x00279168), type 1f04
psiFileLoad in single-file mode: 06000157.bin is 0x00000040 bytes at the location pointed to by dirFileBuf(0x00279168), type 1f04
psiFileLoad in single-file mode: 06000156.bin is 0x00000040 bytes at the location pointed to by dirFileBuf(0x00279168), type 1f04
psiFileLoad in single-file mode: 06000155.bin is 0x00000040 bytes at the location pointed to by dirFileBuf(0x00279168), type 1f04
psiFileLoad in single-file mode: 06000151.bin is 0x00000040 bytes at the location pointed to by dirFileBuf(0x00279168), type 1f04
psiFileLoad in single-file mode: 0600014f.bin is 0x00000040 bytes at the location pointed to by dirFileBuf(0x00279168), type 1f04
psiFileLoad in single-file mode: 0600012a.bin is 0x00000020 bytes at the location pointed to by dirFileBuf(0x00279168), type 1f04
psiFileLoad in single-file mode: 06000129.bin is 0x00000020 bytes at the location pointed to by dirFileBuf(0x00279168), type 1f04
psiFileLoad in single-file mode: 06000128.bin is 0x00000020 bytes at the location pointed to by dirFileBuf(0x00279168), type 1f04
psiFileLoad in single-file mode: 06000127.bin is 0x00000020 bytes at the location pointed to by dirFileBuf(0x00279168), type 1f04
psiFileLoad in single-file mode: 0600011a.bin is 0x00000020 bytes at the location pointed to by dirFileBuf(0x00279168), type 1f04
psiFileLoad in single-file mode: 06000119.bin is 0x00000020 bytes at the location pointed to by dirFileBuf(0x00279168), type 1f04
psiFileLoad in single-file mode: 06000117.bin is 0x00000020 bytes at the location pointed to by dirFileBuf(0x00279168), type 1f04
psiFileLoad in single-file mode: 06000116.bin is 0x00000020 bytes at the location pointed to by dirFileBuf(0x00279168), type 1f04
psiFileLoad in single-file mode: 06000115.bin is 0x00000020 bytes at the location pointed to by dirFileBuf(0x00279168), type 1f04
psiFileLoad in single-file mode: 06000114.bin is 0x00000020 bytes at the location pointed to by dirFileBuf(0x00279168), type 1f04
psiFileLoad in single-file mode: 06000113.bin is 0x00000020 bytes at the location pointed to by dirFileBuf(0x00279168), type 1f04
psiFileLoad in single-file mode: 06000112.bin is 0x00000020 bytes at the location pointed to by dirFileBuf(0x00279168), type 1f04
psiFileLoad in single-file mode: 0600010f.bin is 0x00000020 bytes at the location pointed to by dirFileBuf(0x00279168), type 1f04
psiFileLoad in single-file mode: 0600010e.bin is 0x00000020 bytes at the location pointed to by dirFileBuf(0x00279168), type 1f04
psiFileLoad in single-file mode: 0600010c.bin is 0x00000020 bytes at the location pointed to by dirFileBuf(0x00279168), type 1f04
psiFileLoad in single-file mode: 0600010b.bin is 0x00000020 bytes at the location pointed to by dirFileBuf(0x00279168), type 1f04
psiFileLoad in single-file mode: 0600010a.bin is 0x00000020 bytes at the location pointed to by dirFileBuf(0x00279168), type 1f04
psiFileLoad in single-file mode: 06000108.bin is 0x00000020 bytes at the location pointed to by dirFileBuf(0x00279168), type 1f04
psiFileLoad in single-file mode: 06000107.bin is 0x00000020 bytes at the location pointed to by dirFileBuf(0x00279168), type 1f04
psiFileLoad in single-file mode: 06000106.bin is 0x00000020 bytes at the location pointed to by dirFileBuf(0x00279168), type 1f04
psiFileLoad in single-file mode: 06000105.bin is 0x00000020 bytes at the location pointed to by dirFileBuf(0x00279168), type 1f04
psiFileLoad in single-file mode: 06000104.bin is 0x00000020 bytes at the location pointed to by dirFileBuf(0x00279168), type 1f04
psiFileLoad in single-file mode: 06000103.bin is 0x00000020 bytes at the location pointed to by dirFileBuf(0x0027Error opening file: No such file or directory
Error opening file: No such file or directory
Error opening file: No such file or directory
Error opening file: No such file or directory
Error opening file: No such file or directory
Error opening file: No such file or directory
Error opening file: No such file or directory
Error opening file: No such file or directory
Error opening file: No such file or directory
Error opening file: No such file or directory
Error opening file: No such file or directory
Error opening file: No such file or directory
Error opening file: No such file or directory
Error opening file: No such file or directory
Error opening file: No such file or directory
Error opening file: No such file or directory
Error opening file: No such file or directory
Error opening file: No such file or directory
Error opening file: No such file or directory
Error opening file: No such file or directory
Error opening file: No such file or directory
Error opening file: No such file or directory
Error opening file: No such file or directory
Error opening file: No such file or directory
Error opening file: No such file or directory
Error opening file: No such file or directory
Error opening file: No such file or directory
Error opening file: No such file or directory
Error opening file: No such file or directory
Error opening file: No such file or directory
Error opening file: No such file or directory
Error opening file: No such file or directory
9168), type 1f04
psiFileLoad in single-file mode: 06000100.bin is 0x00000020 bytes at the location pointed to by dirFileBuf(0x00279168), type 1f04
psiFileLoad in single-file mode: 060000ff.bin is 0x00000020 bytes at the location pointed to by dirFileBuf(0x00279168), type 1f04
psiFileLoad in single-file mode: 060000fe.bin is 0x00000020 bytes at the location pointed to by dirFileBuf(0x00279168), type 1f04
psiFileLoad in single-file mode: 060000fd.bin is 0x00000020 bytes at the location pointed to by dirFileBuf(0x00279168), type 1f04
psiFileLoad in single-file mode: 060000fb.bin is 0x00000020 bytes at the location pointed to by dirFileBuf(0x00279168), type 1f04
psiFileLoad in single-file mode: 060000fa.bin is 0x00000020 bytes at the location pointed to by dirFileBuf(0x00279168), type 1f04
psiFileLoad in single-file mode: 060000f9.bin is 0x00000020 bytes at the location pointed to by dirFileBuf(0x00279168), type 1f04
psiFileLoad in single-file mode: 060000f8.bin is 0x00000020 bytes at the location pointed to by dirFileBuf(0x00279168), type 1f04
psiFileLoad in single-file mode: 060000f7.bin is 0x00000020 bytes at the location pointed to by dirFileBuf(0x00279168), type 1f04
psiFileLoad in single-file mode: 060000f6.bin is 0x00000020 bytes at the location pointed to by dirFileBuf(0x00279168), type 1f04
psiFileLoad in single-file mode: 060000f5.bin is 0x00000020 bytes at the location pointed to by dirFileBuf(0x00279168), type 1f04
psiFileLoad in single-file mode: 060000f4.bin is 0x00000020 bytes at the location pointed to by dirFileBuf(0x00279168), type 1f04
psiFileLoad in single-file mode: 060000f3.bin is 0x00000020 bytes at the location pointed to by dirFileBuf(0x00279168), type 1f04
psiFileLoad in single-file mode: 060000f2.bin is 0x00000020 bytes at the location pointed to by dirFileBuf(0x00279168), type 1f04
psiFileLoad in single-file mode: 060000f1.bin is 0x00000020 bytes at the location pointed to by dirFileBuf(0x00279168), type 1f04
psiFileLoad in single-file mode: 060000f0.bin is 0x00000020 bytes at the location pointed to by dirFileBuf(0x00279168), type 1f04
psiFileLoad in single-file mode: 060000ef.bin is 0x00000020 bytes at the location pointed to by dirFileBuf(0x00279168), type 1f04
psiFileLoad in single-file mode: 060000ce.bin is 0x00000040 bytes at the location pointed to by dirFileBuf(0x00279168), type 1f04
psiFileLoad in single-file mode: 060000cd.bin is 0x00000020 bytes at the location pointed to by dirFileBuf(0x00279168), type 1f04
psiFileLoad in single-file mode: 060000cc.bin is 0x00000020 bytes at the location pointed to by dirFileBuf(0x00279168), type 1f04
psiFileLoad in single-file mode: 060000cb.bin is 0x00000040 bytes at the location pointed to by dirFileBuf(0x00279168), type 1f04
psiFileLoad in single-file mode: 060000ca.bin is 0x00000020 bytes at the location pointed to by dirFileBuf(0x00279168), type 1f04
psiFileLoad in single-file mode: 060000a5.bin is 0x00000020 bytes at the location pointed to by dirFileBuf(0x00279168), type 1f04
psiFileLoad in single-file mode: 060000a4.bin is 0x00000020 bytes at the location pointed to by dirFileBuf(0x00279168), type 1f04
psiFileLoad in single-file mode: 0600021e.bin is 0x00000020 bytes at the location pointed to by dirFileBuf(0x00279168), type 1f04
psiFileLoad in single-file mode: 0600021c.bin is 0x00000040 bytes at the location pointed to by dirFileBuf(0x00279168), type 1f04
psiFileLoad in single-file mode: 0600021b.bin is 0x00000040 bytes at the location pointed to by dirFileBuf(0x00279168), type 1f04
psiFileLoad in single-file mode: 06000217.bin is 0x00000020 bytes at the location pointed to by dirFileBuf(0x00279168), type 1f04
psiFileLoad in single-file mode: 06000216.bin is 0x00000020 bytes at the location pointed to by dirFileBuf(0x00279168), type 1f04
psiFileLoad in single-file mode: 06000215.bin is 0x00000020 bytes at the location pointed to by dirFileBuf(0x00279168), type 1f04
psiFileLoad in single-file mode: 06000203.bin is 0x00000020 bytes at the location pointed to by dirFileBuf(0x00279168), type 1f04
psiFileLoad in single-file mode: 06000202.bin is Error opening file: No such file or directory
Error opening file: No such file or directory
Error opening file: No such file or directory
Error opening file: No such file or directory
Error opening file: No such file or directory
Error opening file: No such file or directory
Error opening file: No such file or directory
Error opening file: No such file or directory
Error opening file: No such file or directory
Error opening file: No such file or directory
Error opening file: No such file or directory
Error opening file: No such file or directory
Error opening file: No such file or directory
Error opening file: No such file or directory
0x00000020 bytes at the location pointed to by dirFileBuf(0x00279168), type 1f04
psiFileLoad in single-file mode: 06000201.bin is 0x00000020 bytes at the location pointed to by dirFileBuf(0x00279168), type 1f04
psiFileLoad in single-file mode: 06000200.bin is 0x00000020 bytes at the location pointed to by dirFileBuf(0x00279168), type 1f04
psiFileLoad in single-file mode: 060001ff.bin is 0x00000020 bytes at the location pointed to by dirFileBuf(0x00279168), type 1f04
psiFileLoad in single-file mode: 060001fe.bin is 0x00000060 bytes at the location pointed to by dirFileBuf(0x00279168), type 1f04
psiFileLoad in single-file mode: 060001fd.bin is 0x00000060 bytes at the location pointed to by dirFileBuf(0x00279168), type 1f04
psiFileLoad in single-file mode: 060001dd.bin is 0x00000020 bytes at the location pointed to by dirFileBuf(0x00279168), type 1f04
psiFileLoad in single-file mode: 060001dc.bin is 0x00000020 bytes at the location pointed to by dirFileBuf(0x00279168), type 1f04
psiFileLoad in single-file mode: 060005f8.bin is 0x00000020 bytes at the location pointed to by dirFileBuf(0x00279168), type 1f04
psiFileLoad in single-file mode: 060005f9.bin is 0x00000020 bytes at the location pointed to by dirFileBuf(0x00279168), type 1f04
psiFileLoad in single-file mode: 0600015a.bin is 0x00000040 bytes at the location pointed to by dirFileBuf(0x00279168), type 1f04
psiFileLoad in single-file mode: 0600015b.bin is 0x00000040 bytes at the location pointed to by dirFileBuf(0x00279168), type 1f04
psiFileLoad in single-file mode: 06000177.bin is 0x00000040 bytes at the location pointed to by dirFileBuf(0x00279168), type 1f04
psiFileLoad in single-file mode: 01000097.bin is 0x008309e0 bytes at the location pointed to by dirFileBuf(0x00279168), type 1704
[xa2] decoded 18432 bytes of 2-channel ADPCM at 0x0491f5c4 -> 16384 samples (cache now 118 entries, 18.0 MB)
[perf] 28.9 fps (asked for 50), 19.4 ms working + 15.2 ms waiting per frame
[perf]   128.8 us per draw call
[perf]   constants: 24 uploads of 964 registers per frame (39 per upload)
[perf]   draw mix: 147 indexed, 0 direct, 2 immediate, 142 vertices each on average
[perf]   per frame: 150 draws, 0 texture uploads, 166 texture lookups costing 32952 comparisons (324 registered)
[perf]   per frame: 0 backbuffer captures, 0 render targets created, 0 buffers created
[perf] disc reads: 403 deferred, 0 completed synchronously (0%), 0 failed, 85664 KB
[xa2] decoded 7344 bytes of 1-channel ADPCM at 0x06baf9b0 -> 13056 samples (cache now 119 entries, 18.0 MB)
[xa2] decoded 83880 bytes of 1-channel ADPCM at 0x06936758 -> 149120 samples (cache now 120 entries, 18.3 MB)
[xa2] decoded 3276 bytes of 1-channel ADPCM at 0x0664d498 -> 5824 samples (cache now 121 entries, 18.3 MB)
[xa2] decoded 3924 bytes of 1-channel ADPCM at 0x065d8d50 -> 6976 samples (cache now 122 entries, 18.3 MB)
[xa2] decoded 2124 bytes of 1-channel ADPCM at 0x065bee54 -> 3776 samples (cache now 123 entries, 18.3 MB)
[xa2] decoded 3996 bytes of 1-channel ADPCM at 0x06bb4240 -> 7104 samples (cache now 124 entries, 18.3 MB)
[perf] 50.0 fps (asked for 50), 6.8 ms working + 13.2 ms waiting per frame
[perf]   61.3 us per draw call
[perf]   constants: 30 uploads of 1427 registers per frame (47 per upload)
[perf]   draw mix: 102 indexed, 0 direct, 8 immediate, 247 vertices each on average
[perf]   per frame: 110 draws, 0 texture uploads, 112 texture lookups costing 27228 comparisons (327 registered)
[perf]   per frame: 0 backbuffer captures, 0 render targets created, 0 buffers created
[loader] the render window was closed
