002c:err:winediag:getaddrinfo Failed to resolve your host name IP
[mvk-info] MoltenVK version 1.4.1, supporting Vulkan version 1.4.334.
	The following 153 Vulkan extensions are supported:
	VK_KHR_16bit_storage v1
	VK_KHR_8bit_storage v1
	VK_KHR_bind_memory2 v1
	VK_KHR_buffer_device_address v1
	VK_KHR_calibrated_timestamps v1
	VK_KHR_copy_commands2 v1
	VK_KHR_create_renderpass2 v1
	VK_KHR_dedicated_allocation v3
	VK_KHR_deferred_host_operations v4
	VK_KHR_depth_stencil_resolve v1
	VK_KHR_descriptor_update_template v1
	VK_KHR_device_group v4
	VK_KHR_device_group_creation v1
	VK_KHR_driver_properties v1
	VK_KHR_dynamic_rendering v1
	VK_KHR_dynamic_rendering_local_read v1
	VK_KHR_external_fence v1
	VK_KHR_external_fence_capabilities v1
	VK_KHR_external_memory v1
	VK_KHR_external_memory_capabilities v1
	VK_KHR_external_semaphore v1
	VK_KHR_external_semaphore_capabilities v1
	VK_KHR_format_feature_flags2 v2
	VK_KHR_fragment_shader_barycentric v1
	VK_KHR_get_memory_requirements2 v1
	VK_KHR_get_physical_device_properties2 v2
	VK_KHR_get_surface_capabilities2 v1
	VK_KHR_global_priority v1
	VK_KHR_image_format_list v1
	VK_KHR_imageless_framebuffer v1
	VK_KHR_incremental_present v2
	VK_KHR_index_type_uint8 v1
	VK_KHR_line_rasterization v1
	VK_KHR_load_store_op_none v1
	VK_KHR_maintenance1 v2
	VK_KHR_maintenance2 v1
	VK_KHR_maintenance3 v1
	VK_KHR_maintenance4 v2
	VK_KHR_maintenance5 v1
	VK_KHR_maintenance6 v1
	VK_KHR_maintenance7 v1
	VK_KHR_maintenance8 v1
	VK_KHR_maintenance9 v1
	VK_KHR_map_memory2 v1
	VK_KHR_multiview v1
	VK_KHR_portability_subset v1
	VK_KHR_present_id v1
	VK_KHR_present_id2 v1
	VK_KHR_present_wait v1
	VK_KHR_present_wait2 v1
	VK_KHR_push_descriptor v2
	VK_KHR_relaxed_block_layout v1
	VK_KHR_robustness2 v1
	VK_KHR_sampler_mirror_clamp_to_edge v3
	VK_KHR_sampler_ycbcr_conversion v14
	VK_KHR_separate_depth_stencil_layouts v1
	VK_KHR_shader_draw_parameters v1
	VK_KHR_shader_expect_assume v1
	VK_KHR_shader_float_controls v4
	VK_KHR_shader_float_controls2 v1
	VK_KHR_shader_float16_int8 v1
	VK_KHR_shader_fma v1
	VK_KHR_shader_integer_dot_product v1
	VK_KHR_shader_maximal_reconvergence v1
	VK_KHR_shader_non_semantic_info v1
	VK_KHR_shader_quad_control v1
	VK_KHR_shader_relaxed_extended_instruction v1
	VK_KHR_shader_subgroup_extended_types v1
	VK_KHR_shader_subgroup_rotate v2
	VK_KHR_shader_subgroup_uniform_control_flow v1
	VK_KHR_shader_terminate_invocation v1
	VK_KHR_spirv_1_4 v1
	VK_KHR_storage_buffer_storage_class v1
	VK_KHR_surface v25
	VK_KHR_surface_maintenance1 v1
	VK_KHR_surface_protected_capabilities v1
	VK_KHR_swapchain v70
	VK_KHR_swapchain_maintenance1 v1
	VK_KHR_swapchain_mutable_format v1
	VK_KHR_synchronization2 v1
	VK_KHR_timeline_semaphore v2
	VK_KHR_uniform_buffer_standard_layout v1
	VK_KHR_variable_pointers v1
	VK_KHR_vertex_attribute_divisor v1
	VK_KHR_vulkan_memory_model v3
	VK_KHR_zero_initialize_workgroup_memory v1
	VK_EXT_4444_formats v1
	VK_EXT_buffer_device_address v2
	VK_EXT_calibrated_timestamps v2
	VK_EXT_debug_marker v4
	VK_EXT_debug_report v10
	VK_EXT_debug_utils v2
	VK_EXT_depth_clip_control v1
	VK_EXT_descriptor_indexing v2
	VK_EXT_extended_dynamic_state v1
	VK_EXT_extended_dynamic_state2 v1
	VK_EXT_extended_dynamic_state3 v2
	VK_EXT_external_memory_host v1
	VK_EXT_external_memory_metal v1
	VK_EXT_fragment_shader_interlock v1
	VK_EXT_global_priority v2
	VK_EXT_global_priority_query v1
	VK_EXT_hdr_metadata v3
	VK_EXT_headless_surface v1
	VK_EXT_host_image_copy v1
	VK_EXT_host_query_reset v1
	VK_EXT_image_2d_view_of_3d v1
	VK_EXT_image_robustness v1
	VK_EXT_index_type_uint8 v1
	VK_EXT_inline_uniform_block v1
	VK_EXT_layer_settings v2
	VK_EXT_legacy_dithering v2
	VK_EXT_line_rasterization v1
	VK_EXT_load_store_op_none v1
	VK_EXT_memory_budget v1
	VK_EXT_metal_objects v2
	VK_EXT_metal_surface v1
	VK_EXT_non_seamless_cube_map v1
	VK_EXT_pipeline_creation_cache_control v3
	VK_EXT_pipeline_creation_feedback v1
	VK_EXT_pipeline_robustness v1
	VK_EXT_post_depth_coverage v1
	VK_EXT_primitive_topology_list_restart v1
	VK_EXT_private_data v1
	VK_EXT_provoking_vertex v1
	VK_EXT_robustness2 v1
	VK_EXT_sample_locations v1
	VK_EXT_scalar_block_layout v1
	VK_EXT_separate_stencil_usage v1
	VK_EXT_shader_atomic_float v1
	VK_EXT_shader_demote_to_helper_invocation v1
	VK_EXT_shader_stencil_export v1
	VK_EXT_shader_subgroup_ballot v1
	VK_EXT_shader_subgroup_vote v1
	VK_EXT_shader_viewport_index_layer v1
	VK_EXT_subgroup_size_control v2
	VK_EXT_surface_maintenance1 v1
	VK_EXT_swapchain_colorspace v5
	VK_EXT_swapchain_maintenance1 v1
	VK_EXT_texel_buffer_alignment v1
	VK_EXT_texture_compression_astc_hdr v1
	VK_EXT_tooling_info v1
	VK_EXT_vertex_attribute_divisor v3
	VK_AMD_gpu_shader_half_float v2
	VK_AMD_negative_viewport_height v1
	VK_AMD_shader_image_load_store_lod v1
	VK_AMD_shader_trinary_minmax v1
	VK_GOOGLE_display_timing v1
	VK_IMG_format_pvrtc v1
	VK_INTEL_shader_integer_functions2 v1
	VK_MVK_macos_surface v3
	VK_MVK_moltenvk v37
	VK_NV_fragment_shader_barycentric v1
[mvk-info] GPU device:
	model: Apple M2 Max
	type: Integrated
	vendorID: 0x106b
	deviceID: 0x1a060208
	pipelineCacheUUID: DB445FF2-1A06-0208-0000-000100000000
	GPU memory available: 79626 MB
	GPU memory used: 0 MB
	Metal Shading Language 3.2
	supports the following GPU Features:
		GPU Family Metal 3
		GPU Family Apple 8
		GPU Family Mac 2
		Read-Write Texture Tier 2
[mvk-info] Created VkInstance for Vulkan version 1.0.334, as requested by app, with the following 3 Vulkan extensions enabled:
	VK_KHR_external_memory_capabilities v1
	VK_KHR_external_semaphore_capabilities v1
	VK_KHR_get_physical_device_properties2 v2
00d4:err:winediag:wined3d_dll_init Using the Vulkan renderer.
[loader] Nightfire standalone loader
[loader] ../disc/default.xbe: base 0x00010000 size 0x002fb660, 12 sections, retail build
[loader]   entry 0x000eb2ac, kernel thunks 0x0015d160, TLS directory 0x00162400
[loader] 0x00010000..0x0030b660 is this image's own address space (loader code is at 0x00351700)
[loader] mapped 0x1000 bytes of XBE headers, PE headers moved to 0x000109e0 (0x198 bytes)
[loader] mapped 12 sections at 0x00010000
[loader] resolved 96 kernel imports
[dsndStream] DirectSound stream entry points hooked (no CXBX in this process)
[loader] actioninject.dll loaded and patches applied
[loader] calling entry point at 0x000eb2ac
[loader] PsCreateSystemThreadEx: thread 280 started at 0x000eb238
[loader] entry point returned; the game is running on its own thread
[startup] thread running, initialising the process
[startup] process heap at 01B30000
[startup] running the C runtime and C++ constructors
[startup] calling main
info:  Game: action.exe
info:  DXVK: v1.10.3-20250511-async (macOS)
info:  Built-in extension providers:
info:    Win32 WSI
info:    OpenVR
info:    OpenXR
info:  OpenVR: could not open registry key, status 2
info:  OpenVR: Failed to locate module
info:  Enabled instance extensions:
info:    VK_KHR_get_surface_capabilities2
info:    VK_KHR_surface
info:    VK_KHR_win32_surface
[mvk-info] MoltenVK version 1.4.1, supporting Vulkan version 1.4.334.
	The following 153 Vulkan extensions are supported:
	VK_KHR_16bit_storage v1
	VK_KHR_8bit_storage v1
	VK_KHR_bind_memory2 v1
	VK_KHR_buffer_device_address v1
	VK_KHR_calibrated_timestamps v1
	VK_KHR_copy_commands2 v1
	VK_KHR_create_renderpass2 v1
	VK_KHR_dedicated_allocation v3
	VK_KHR_deferred_host_operations v4
	VK_KHR_depth_stencil_resolve v1
	VK_KHR_descriptor_update_template v1
	VK_KHR_device_group v4
	VK_KHR_device_group_creation v1
	VK_KHR_driver_properties v1
	VK_KHR_dynamic_rendering v1
	VK_KHR_dynamic_rendering_local_read v1
	VK_KHR_external_fence v1
	VK_KHR_external_fence_capabilities v1
	VK_KHR_external_memory v1
	VK_KHR_external_memory_capabilities v1
	VK_KHR_external_semaphore v1
	VK_KHR_external_semaphore_capabilities v1
	VK_KHR_format_feature_flags2 v2
	VK_KHR_fragment_shader_barycentric v1
	VK_KHR_get_memory_requirements2 v1
	VK_KHR_get_physical_device_properties2 v2
	VK_KHR_get_surface_capabilities2 v1
	VK_KHR_global_priority v1
	VK_KHR_image_format_list v1
	VK_KHR_imageless_framebuffer v1
	VK_KHR_incremental_present v2
	VK_KHR_index_type_uint8 v1
	VK_KHR_line_rasterization v1
	VK_KHR_load_store_op_none v1
	VK_KHR_maintenance1 v2
	VK_KHR_maintenance2 v1
	VK_KHR_maintenance3 v1
	VK_KHR_maintenance4 v2
	VK_KHR_maintenance5 v1
	VK_KHR_maintenance6 v1
	VK_KHR_maintenance7 v1
	VK_KHR_maintenance8 v1
	VK_KHR_maintenance9 v1
	VK_KHR_map_memory2 v1
	VK_KHR_multiview v1
	VK_KHR_portability_subset v1
	VK_KHR_present_id v1
	VK_KHR_present_id2 v1
	VK_KHR_present_wait v1
	VK_KHR_present_wait2 v1
	VK_KHR_push_descriptor v2
	VK_KHR_relaxed_block_layout v1
	VK_KHR_robustness2 v1
	VK_KHR_sampler_mirror_clamp_to_edge v3
	VK_KHR_sampler_ycbcr_conversion v14
	VK_KHR_separate_depth_stencil_layouts v1
	VK_KHR_shader_draw_parameters v1
	VK_KHR_shader_expect_assume v1
	VK_KHR_shader_float_controls v4
	VK_KHR_shader_float_controls2 v1
	VK_KHR_shader_float16_int8 v1
	VK_KHR_shader_fma v1
	VK_KHR_shader_integer_dot_product v1
	VK_KHR_shader_maximal_reconvergence v1
	VK_KHR_shader_non_semantic_info v1
	VK_KHR_shader_quad_control v1
	VK_KHR_shader_relaxed_extended_instruction v1
	VK_KHR_shader_subgroup_extended_types v1
	VK_KHR_shader_subgroup_rotate v2
	VK_KHR_shader_subgroup_uniform_control_flow v1
	VK_KHR_shader_terminate_invocation v1
	VK_KHR_spirv_1_4 v1
	VK_KHR_storage_buffer_storage_class v1
	VK_KHR_surface v25
	VK_KHR_surface_maintenance1 v1
	VK_KHR_surface_protected_capabilities v1
	VK_KHR_swapchain v70
	VK_KHR_swapchain_maintenance1 v1
	VK_KHR_swapchain_mutable_format v1
	VK_KHR_synchronization2 v1
	VK_KHR_timeline_semaphore v2
	VK_KHR_uniform_buffer_standard_layout v1
	VK_KHR_variable_pointers v1
	VK_KHR_vertex_attribute_divisor v1
	VK_KHR_vulkan_memory_model v3
	VK_KHR_zero_initialize_workgroup_memory v1
	VK_EXT_4444_formats v1
	VK_EXT_buffer_device_address v2
	VK_EXT_calibrated_timestamps v2
	VK_EXT_debug_marker v4
	VK_EXT_debug_report v10
	VK_EXT_debug_utils v2
	VK_EXT_depth_clip_control v1
	VK_EXT_descriptor_indexing v2
	VK_EXT_extended_dynamic_state v1
	VK_EXT_extended_dynamic_state2 v1
	VK_EXT_extended_dynamic_state3 v2
	VK_EXT_external_memory_host v1
	VK_EXT_external_memory_metal v1
	VK_EXT_fragment_shader_interlock v1
	VK_EXT_global_priority v2
	VK_EXT_global_priority_query v1
	VK_EXT_hdr_metadata v3
	VK_EXT_headless_surface v1
	VK_EXT_host_image_copy v1
	VK_EXT_host_query_reset v1
	VK_EXT_image_2d_view_of_3d v1
	VK_EXT_image_robustness v1
	VK_EXT_index_type_uint8 v1
	VK_EXT_inline_uniform_block v1
	VK_EXT_layer_settings v2
	VK_EXT_legacy_dithering v2
	VK_EXT_line_rasterization v1
	VK_EXT_load_store_op_none v1
	VK_EXT_memory_budget v1
	VK_EXT_metal_objects v2
	VK_EXT_metal_surface v1
	VK_EXT_non_seamless_cube_map v1
	VK_EXT_pipeline_creation_cache_control v3
	VK_EXT_pipeline_creation_feedback v1
	VK_EXT_pipeline_robustness v1
	VK_EXT_post_depth_coverage v1
	VK_EXT_primitive_topology_list_restart v1
	VK_EXT_private_data v1
	VK_EXT_provoking_vertex v1
	VK_EXT_robustness2 v1
	VK_EXT_sample_locations v1
	VK_EXT_scalar_block_layout v1
	VK_EXT_separate_stencil_usage v1
	VK_EXT_shader_atomic_float v1
	VK_EXT_shader_demote_to_helper_invocation v1
	VK_EXT_shader_stencil_export v1
	VK_EXT_shader_subgroup_ballot v1
	VK_EXT_shader_subgroup_vote v1
	VK_EXT_shader_viewport_index_layer v1
	VK_EXT_subgroup_size_control v2
	VK_EXT_surface_maintenance1 v1
	VK_EXT_swapchain_colorspace v5
	VK_EXT_swapchain_maintenance1 v1
	VK_EXT_texel_buffer_alignment v1
	VK_EXT_texture_compression_astc_hdr v1
	VK_EXT_tooling_info v1
	VK_EXT_vertex_attribute_divisor v3
	VK_AMD_gpu_shader_half_float v2
	VK_AMD_negative_viewport_height v1
	VK_AMD_shader_image_load_store_lod v1
	VK_AMD_shader_trinary_minmax v1
	VK_GOOGLE_display_timing v1
	VK_IMG_format_pvrtc v1
	VK_INTEL_shader_integer_functions2 v1
	VK_MVK_macos_surface v3
	VK_MVK_moltenvk v37
	VK_NV_fragment_shader_barycentric v1
[mvk-info] GPU device:
	model: Apple M2 Max
	type: Integrated
	vendorID: 0x106b
	deviceID: 0x1a060208
	pipelineCacheUUID: DB445FF2-1A06-0208-0000-000100000000
	GPU memory available: 79626 MB
	GPU memory used: 0 MB
	Metal Shading Language 3.2
	supports the following GPU Features:
		GPU Family Metal 3
		GPU Family Apple 8
		GPU Family Mac 2
		Read-Write Texture Tier 2
[mvk-info] Created VkInstance for Vulkan version 1.1.334, as requested by app, with the following 6 Vulkan extensions enabled:
	VK_KHR_external_memory_capabilities v1
	VK_KHR_external_semaphore_capabilities v1
	VK_KHR_get_physical_device_properties2 v2
	VK_KHR_get_surface_capabilities2 v1
	VK_KHR_surface v25
	VK_EXT_metal_surface v1
info:  D3D9: VK_FORMAT_D24_UNORM_S8_UINT -> VK_FORMAT_D32_SFLOAT_S8_UINT
info:  D3D9: VK_FORMAT_D16_UNORM_S8_UINT -> VK_FORMAT_D32_SFLOAT_S8_UINT
info:  Apple M2 Max:
info:    Driver: 0.2.2209
info:    Vulkan: 1.1.334
info:    Memory Heap[0]: 
info:      Size: 98304 MiB
info:      Flags: 0x1
info:      Memory Type[0]: Property Flags = 0x1
info:      Memory Type[1]: Property Flags = 0xf
info:      Memory Type[2]: Property Flags = 0x11
info:  Process set as DPI aware
info:  Device properties:
info:    Device name:     : Apple M2 Max
info:    Driver version   : 0.2.2209
info:  Enabled device extensions:
info:    VK_EXT_4444_formats
info:    VK_EXT_extended_dynamic_state
info:    VK_EXT_host_query_reset
info:    VK_EXT_robustness2
info:    VK_EXT_shader_demote_to_helper_invocation
info:    VK_EXT_shader_stencil_export
info:    VK_EXT_shader_viewport_index_layer
info:    VK_EXT_vertex_attribute_divisor
info:    VK_KHR_create_renderpass2
info:    VK_KHR_depth_stencil_resolve
info:    VK_KHR_driver_properties
info:    VK_KHR_image_format_list
info:    VK_KHR_sampler_mirror_clamp_to_edge
info:    VK_KHR_shader_float_controls
info:    VK_KHR_swapchain
info:    VK_KHR_timeline_semaphore
info:  Device features:
info:    robustBufferAccess                     : 1
info:    fullDrawIndexUint32                    : 1
info:    imageCubeArray                         : 1
info:    independentBlend                       : 1
info:    geometryShader                         : 0
info:    tessellationShader                     : 0
info:    sampleRateShading                      : 1
info:    dualSrcBlend                           : 0
info:    logicOp                                : 0
info:    multiDrawIndirect                      : 0
info:    drawIndirectFirstInstance              : 0
info:    depthClamp                             : 1
info:    depthBiasClamp                         : 1
info:    fillModeNonSolid                       : 1
info:    depthBounds                            : 0
info:    multiViewport                          : 1
info:    samplerAnisotropy                      : 1
info:    textureCompressionBC                   : 1
info:    occlusionQueryPrecise                  : 1
info:    pipelineStatisticsQuery                : 0
info:    vertexPipelineStoresAndAtomics         : 1
info:    fragmentStoresAndAtomics               : 0
info:    shaderImageGatherExtended              : 0
info:    shaderStorageImageExtendedFormats      : 0
info:    shaderStorageImageReadWithoutFormat    : 0
info:    shaderStorageImageWriteWithoutFormat   : 1
info:    shaderClipDistance                     : 1
info:    shaderCullDistance                     : 0
info:    shaderFloat64                          : 0
info:    shaderInt64                            : 0
info:    variableMultisampleRate                : 0
info:  VK_EXT_4444_formats
info:    formatA4R4G4B4                         : 1
info:    formatA4B4G4R4                         : 1
info:  VK_EXT_custom_border_color
info:    customBorderColors                     : 0
info:    customBorderColorWithoutFormat         : 0
info:  VK_EXT_depth_clip_enable
info:    depthClipEnable                        : 0
info:  VK_EXT_extended_dynamic_state
info:    extendedDynamicState                   : 1
info:  VK_EXT_host_query_reset
info:    hostQueryReset                         : 1
info:  VK_EXT_memory_priority
info:    memoryPriority                         : 0
info:  VK_EXT_non_seamless_cube_map
info:    nonSeamlessCubeMap                     : 0
info:  VK_EXT_robustness2
info:    robustBufferAccess2                    : 0
info:    robustImageAccess2                     : 0
info:    nullDescriptor                         : 0
info:  VK_EXT_shader_demote_to_helper_invocation
info:    shaderDemoteToHelperInvocation         : 1
info:  VK_EXT_transform_feedback
info:    transformFeedback                      : 0
info:    geometryStreams                        : 0
info:  VK_EXT_vertex_attribute_divisor
info:    vertexAttributeInstanceRateDivisor     : 1
info:    vertexAttributeInstanceRateZeroDivisor : 1
info:  VK_KHR_buffer_device_address
info:    bufferDeviceAddress                    : 0
info:  VK_KHR_timeline_semaphore
info:    timelineSemaphore                      : 0
info:  Queue families:
info:    Graphics : 0
info:    Transfer : 0
[mvk-info] Vulkan semaphores using Metal implicit guarantees within a single queue.
[mvk-info] Descriptor sets binding resources using Metal3 argument buffers.
[mvk-info] Created VkDevice to run on GPU Apple M2 Max with the following 18 Vulkan extensions enabled:
	VK_KHR_create_renderpass2 v1
	VK_KHR_depth_stencil_resolve v1
	VK_KHR_driver_properties v1
	VK_KHR_external_memory v1
	VK_KHR_image_format_list v1
	VK_KHR_sampler_mirror_clamp_to_edge v3
	VK_KHR_shader_float_controls v4
	VK_KHR_swapchain v70
	VK_KHR_timeline_semaphore v2
	VK_EXT_4444_formats v1
	VK_EXT_extended_dynamic_state v1
	VK_EXT_external_memory_host v1
	VK_EXT_host_query_reset v1
	VK_EXT_robustness2 v1
	VK_EXT_shader_demote_to_helper_invocation v1
	VK_EXT_shader_stencil_export v1
	VK_EXT_shader_viewport_index_layer v1
	VK_EXT_vertex_attribute_divisor v3
warn:  DXVK: No state cache file found
info:  DXVK: Read 73 valid state cache entries
info:  D3D9DeviceEx::ResetSwapChain:
info:    Requested Presentation Parameters
info:      - Width:              640
info:      - Height:             480
info:      - Format:             D3D9Format::X8R8G8B8
info:      - Auto Depth Stencil: true
info:                  ^ Format: D3D9Format::D32F_LOCKABLE
info:      - Windowed:           true
info:      - Swap effect:        1
info:  Presenter: Actual swap chain properties:
info:    Format:       VK_FORMAT_B8G8R8A8_UNORM
info:    Present mode: VK_PRESENT_MODE_IMMEDIATE_KHR
info:    Buffer size:  640x480
info:    Image count:  2
info:    Exclusive FS: 0
[mvk-info] Created 2 swapchain images with size (640, 480) and contents scale 1.0 in layer CAMetalLayer: WineMetalView (0x600002ec00c0) on screen Main Screen.
0118:fixme:vulkan:allocate_external_host_memory Using VK_EXT_external_memory_host
warn:  D3D9DeviceEx::SetRenderState: Unhandled render state 26
err:   validateGammaRamp: ramp inverted or flat
err:   validateGammaRamp: ramp inverted or flat
err:   validateGammaRamp: ramp inverted or flat
info:  Presenter: Actual swap chain properties:
info:    Format:       VK_FORMAT_B8G8R8A8_UNORM
info:    Present mode: VK_PRESENT_MODE_IMMEDIATE_KHR
info:    Buffer size:  640x480
info:    Image count:  2
info:    Exclusive FS: 0
[mvk-info] Created 2 swapchain images with size (640, 480) and contents scale 1.0 in layer CAMetalLayer: WineMetalView (0x600002ec00c0) on screen Main Screen.
[mvk-warn] VK_ERROR_FEATURE_NOT_PRESENT: Metal does not support disabling primitive restart.
err:   validateGammaRamp: ramp inverted or flat
err:   validateGammaRamp: ramp inverted or flat
err:   validateGammaRamp: ramp inverted or flat
Error opening file: No such file or directory
Error opening file: No such file or directory
Error opening file: No such file or directory
Error opening file: No such file or directory
Error opening file: No such file or directory
Error opening file: No such file or directory
Error opening file: No such file or directory
[d3dSeam] graphics backend: d3d9 (native)
[d3d9] adapter: Apple M2 Max
[d3d9] device created on window 0003004E (640x480 backbuffer, 32-bit float reversed depth, paced to 50 Hz).
[d3d9] max point size 256
Opening d:\eurocom\filesys.d00
Opening d:\eurocom\filesys.d01
Opening d:\eurocom\filesys.d02
Opening d:\eurocom\filesys.d03
Opening d:\eurocom\filesys.d04
Opening d:\eurocom\filesys.d05
Opening d:\eurocom\filesys.d06
Opening d:\eurocom\filesys.d07
Opening d:\eurocom\filesys.d08
Opening d:\eurocom\filesys.d09
Opening d:\eurocom\filesys.d10
[dsndSeam] audio backend: xaudio2 (native)
[xa2] mastering voice: 2 channels at 44100 Hz
[xa2] reverb submix created (I3DL2 generic preset)
[dsnd] not implemented yet: DirectSoundUseFullHRTF (no HRTF yet)
[dsnd] not implemented yet: IDirectSound_DownloadEffectsImage (no I3DL2 reverb yet)
XGetLaunchInfo: 0x002ff778, 0x01b2ff38
Mem_Init
No heap yet, getting config...
Mem_Init: Heap: 0x044b0000, size: 0x02800000
[d3dSeam] level reset: released 0 texture, 0 vertex buffer and 0 index buffer slots.
[dsnd] entry points still unimplemented (calls so far): DirectSoundUseFullHRTF (no HRTF yet)=1 IDirectSound_DownloadEffectsImage (no I3DL2 reverb yet)=1
Mem_Init
Mem_Init: Heap: 0x044b0000, size: 0x02800000
[d3dSeam] level reset: released 0 texture, 0 vertex buffer and 0 index buffer slots.
[dsnd] entry points still unimplemented (calls so far): DirectSoundUseFullHRTF (no HRTF yet)=1 IDirectSound_DownloadEffectsImage (no I3DL2 reverb yet)=1
Mem_Init
Mem_Init: Heap: 0x044b0000, size: 0x02800000
Loading language 0 from file UKTxt.dat
psiFileLoad in multi-file mode: UKTxt.dat is 0x00021800 bytes starting at 0x06c89edc, type 3604
hooked psiFileOpen: 07000048.bin
psiFileLoad in single-file mode: 0100002D.bin is 0x000068c0 bytes at the location pointed to by dirFileBuf(0x00279168), type 1704
psiFileLoad in single-file mode: 0100002E.bin is 0x00089c20 bytes at the location pointed to by dirFileBuf(0x00279168), type 1704
psiFileLoad in single-file mode: 01000070.bin is 0x00056c60 bytes at the location pointed to by dirFileBuf(0x00279168), type 1704
psiFileLoad in single-file mode: 010001D8.bin is 0x000a04a0 bytes at the location pointed to by dirFileBuf(0x00279168), type 1704
psiFileLoad in single-file mode: 010001D9.bin is 0x000002e0 bytes at the location pointed to by dirFileBuf(0x00279168), type 1704
psiFileLoad in single-file mode: 0100009A.bin is 0x00ff0380 bytes at the location pointed to by dirFileBuf(0x00279168), type 1704
UNHANDLED MESSAGE HANDLER FOR TYPE: 0x1000006f, args: 0x00000000,  0x057918dc,  0x00000051,  0x057918dc,  0x00000000
UNHANDLED MESSAGE HANDLER FOR TYPE: 0x10000001, args: 0x00000000,  0x057917bc,  0x00000051,  0x057917bc,  0x00000000
UNHANDLED MESSAGE HANDLER FOR TYPE: 0x4000004d, args: 0x00000000,  0x05791638,  0x00000051,  0x05791638,  0x00000000
UNHANDLED MESSAGE HANDLER FOR TYPE: 0x10000221, args: 0x00000000,  0x057910c0,  0x00000051,  0x057910c0,  0x00000000
UNHANDLED MESSAGE HANDLER FOR TYPE: 0x10000001, args: 0x00000000,  0x05790b7c,  0x00000051,  0x05790b7c,  0x00000000
UNHANDLED MESSAGE HANDLER FOR TYPE: 0x10000001, args: 0x00000000,  0x05790a5c,  0x00000051,  0x05790a5c,  0x00000000
UNHANDLED MESSAGE HANDLER FOR TYPE: 0x10000196, args: 0x00000000,  0x05790734,  0x00000051,  0x05790734,  0x00000000
UNHANDLED MESSAGE HANDLER FOR TYPE: 0x100000fa, args: 0x00000000,  0x05790590,  0x00000051,  0x05790590,  0x00000000
UNHANDLED MESSAGE HANDLER FOR TYPE: 0x10000197, args: 0x00000000,  0x05790300,  0x00000051,  0x05790300,  0x00000000
UNHANDLED MESSAGE HANDLER FOR TYPE: 0x10000001, args: 0x00000000,  0x0579005c,  0x00000051,  0x0579005c,  0x00000000
UNHANDLED MESSAGE HANDLER FOR TYPE: 0x1000022c, args: 0x00000000,  0x0578ff3c,  0x00000051,  0x0578ff3c,  0x00000000
UNHANDLED MESSAGE HANDLER FOR TYPE: 0x1000022c, args: 0x00000000,  0x0578fe1c,  0x00000051,  0x0578fe1c,  0x00000000
UNHANDLED MESSAGE HANDLER FOR TYPE: 0x40000015, args: 0x00000000,  0x0578fc98,  0x00000051,  0x0578fc98,  0x00000000
UNHANDLED MESSAGE HANDLER FOR TYPE: 0x10000001, args: 0x00000000,  0x0578fb78,  0x00000051,  0x0578fb78,  0x00000000
UNHANDLED MESSAGE HANDLER FOR TYPE: 0x10000001, args: 0x00000000,  0x0578f9c0,  0x00000051,  0x0578f9c0,  0x00000000
UNHANDLED MESSAGE HANDLER FOR TYPE: 0x1000004d, args: 0x00000000,  0x0578f7dc,  0x00000051,  0x0578f7dc,  0x00000000
UNHANDLED MESSAGE HANDLER FOR TYPE: 0x1000004e, args: 0x00000000,  0x0578f628,  0x00000051,  0x0578f628,  0x00000000
UNHANDLED MESSAGE HANDLER FOR TYPE: 0x1000004b, args: 0x00000000,  0x0578f3dc,  0x00000051,  0x0578f3dc,  0x00000000
UNHANDLED MESSAGE HANDLER FOR TYPE: 0x1000004c, args: 0x00000000,  0x0578f224,  0x00000051,  0x0578f224,  0x00000000
UNHANDLED MESSAGE HANDLER FOR TYPE: 0x10000001, args: 0x00000000,  0x0578eefc,  0x00000051,  0x0578eefc,  0x00000000
UNHANDLED MESSAGE HANDLER FOR TYPE: 0x10000001, args: 0x00000000,  0x0578eddc,  0x00000051,  0x0578eddc,  0x00000000
UNHANDLED MESSAGE HANDLER FOR TYPE: 0x10000001, args: 0x00000000,  0x0578ecbc,  0x00000051,  0x0578ecbc,  0x00000000
UNHANDLED MESSAGE HANDLER FOR TYPE: 0x1000002b, args: 0x00000000,  0x0578eb9c,  0x00000051,  0x0578eb9c,  0x00000000
UNHANDLED MESSAGE HANDLER FOR TYPE: 0x10000165, args: 0x00000000,  0x0578e9e4,  0x00000051,  0x0578e9e4,  0x00000000
UNHANDLED MESSAGE HANDLER FOR TYPE: 0x10000166, args: 0x00000000,  0x0578e8c4,  0x00000051,  0x0578e8c4,  0x00000000
UNHANDLED MESSAGE HANDLER FOR TYPE: 0x10000167, args: 0x00000000,  0x0578e7a4,  0x00000051,  0x0578e7a4,  0x00000000
UNHANDLED MESSAGE HANDLER FOR TYPE: 0x10000168, args: 0x00000000,  0x0578e684,  0x00000051,  0x0578e684,  0x00000000
UNHANDLED MESSAGE HANDLER FOR TYPE: 0x100001d1, args: 0x00000000,  0x0578e3f4,  0x00000051,  0x0578e3f4,  0x00000000
UNHANDLED MESSAGE HANDLER FOR TYPE: 0x10000224, args: 0x00000000,  0x0578e2d4,  0x00000051,  0x0578e2d4,  0x00000000
UNHANDLED MESSAGE HANDLER FOR TYPE: 0x10000001, args: 0x00000000,  0x0578e1b4,  0x00000051,  0x0578e1b4,  0x00000000
UNHANDLED MESSAGE HANDLER FOR TYPE: 0x10000001, args: 0x00000000,  0x0578de8c,  0x00000051,  0x0578de8c,  0x00000000
UNHANDLED MESSAGE HANDLER FOR TYPE: 0x10000001, args: 0x00000000,  0x0578dd6c,  0x00000051,  0x0578dd6c,  0x00000000
UNHANDLED MESSAGE HANDLER FOR TYPE: 0x100001cf, args: 0x00000000,  0x0578dc4c,  0x00000051,  0x0578dc4c,  0x00000000
UNHANDLED MESSAGE HANDLER FOR TYPE: 0x10000165, args: 0x00000000,  0x0578da94,  0x00000051,  0x0578da94,  0x00000000
UNHANDLED MESSAGE HANDLER FOR TYPE: 0x100001d0, args: 0x00000000,  0x0578d804,  0x00000051,  0x0578d804,  0x00000000
UNHANDLED MESSAGE HANDLER FOR TYPE: 0x10000224, args: 0x00000000,  0x0578d6e4,  0x00000051,  0x0578d6e4,  0x00000000
UNHANDLED MESSAGE HANDLER FOR TYPE: 0x10000001, args: 0x00000000,  0x0578d5c4,  0x00000051,  0x0578d5c4,  0x00000000
UNHANDLED MESSAGE HANDLER FOR TYPE: 0x40000008, args: 0x00000000,  0x0578d440,  0x00000051,  0x0578d440,  0x00000000
UNHANDLED MESSAGE HANDLER FOR TYPE: 0x10000022, args: 0x00000000,  0x0578cec8,  0x00000051,  0x0578cec8,  0x00000000
UNHANDLED MESSAGE HANDLER FOR TYPE: 0x10000001, args: 0x00000000,  0x0578cda8,  0x00000051,  0x0578cda8,  0x00000000
UNHANDLED MESSAGE HANDLER FOR TYPE: 0x10000001, args: 0x00000000,  0x0578cc88,  0x00000051,  0x0578cc88,  0x00000000
UNHANDLED MESSAGE HANDLER FOR TYPE: 0x10000224, args: 0x00000000,  0x0578cb68,  0x00000051,  0x0578cb68,  0x00000000
UNHANDLED MESSAGE HANDLER FOR TYPE: 0x10000001, args: 0x00000000,  0x0578ca48,  0x00000051,  0x0578ca48,  0x00000000
UNHANDLED MESSAGE HANDLER FOR TYPE: 0x100000ed, args: 0x00000000,  0x0578c1c4,  0x00000051,  0x0578c1c4,  0x00000000
UNHANDLED MESSAGE HANDLER FOR TYPE: 0x10000225, args: 0x00000000,  0x0578bf34,  0x00000051,  0x0578bf34,  0x00000000
UNHANDLED MESSAGE HANDLER FOR TYPE: 0x10000001, args: 0x00000000,  0x0578be14,  0x00000051,  0x0578be14,  0x00000000
UNHANDLED MESSAGE HANDLER FOR TYPE: 0x10000229, args: 0x00000000,  0x0578b694,  0x00000051,  0x0578b694,  0x00000000
UNHANDLED MESSAGE HANDLER FOR TYPE: 0x10000165, args: 0x00000000,  0x0578b2d4,  0x00000051,  0x0578b2d4,  0x00000000
UNHANDLED MESSAGE HANDLER FOR TYPE: 0x10000001, args: 0x00000000,  0x0578af78,  0x00000051,  0x0578af78,  0x00000000
UNHANDLED MESSAGE HANDLER FOR TYPE: 0x10000001, args: 0x00000000,  0x0578ae58,  0x00000051,  0x0578ae58,  0x00000000
UNHANDLED MESSAGE HANDLER FOR TYPE: 0x100000e4, args: 0x00000000,  0x0578ad38,  0x00000051,  0x0578ad38,  0x00000000
UNHANDLED MESSAGE HANDLER FOR TYPE: 0x100000e4, args: 0x00000000,  0x0578ac18,  0x00000051,  0x0578ac18,  0x00000000
UNHANDLED MESSAGE HANDLER FOR TYPE: 0x100000e4, args: 0x00000000,  0x0578aaf8,  0x00000051,  0x0578aaf8,  0x00000000
UNHANDLED MESSAGE HANDLER FOR TYPE: 0x100000e4, args: 0x00000000,  0x0578a9d8,  0x00000051,  0x0578a9d8,  0x00000000
UNHANDLED MESSAGE HANDLER FOR TYPE: 0x100000e4, args: 0x00000000,  0x0578a8b8,  0x00000051,  0x0578a8b8,  0x00000000
UNHANDLED MESSAGE HANDLER FOR TYPE: 0x10000001, args: 0x00000000,  0x0578a644,  0x00000051,  0x0578a644,  0x00000000
UNHANDLED MESSAGE HANDLER FOR TYPE: 0x100000ee, args: 0x00000000,  0x0578a524,  0x00000051,  0x0578a524,  0x00000000
UNHANDLED MESSAGE HANDLER FOR TYPE: 0x10000103, args: 0x00000000,  0x0578a404,  0x00000051,  0x0578a404,  0x00000000
UNHANDLED MESSAGE HANDLER FOR TYPE: 0x100001cc, args: 0x00000000,  0x0578a2e4,  0x00000051,  0x0578a2e4,  0x00000000
UNHANDLED MESSAGE HANDLER FOR TYPE: 0x100001f2, args: 0x00000000,  0x0578a054,  0x00000051,  0x0578a054,  0x00000000
UNHANDLED MESSAGE HANDLER FOR TYPE: 0x10000001, args: 0x00000000,  0x05789f34,  0x00000051,  0x05789f34,  0x00000000
UNHANDLED MESSAGE HANDLER FOR TYPE: 0x10000224, args: 0x00000000,  0x05789e14,  0x00000051,  0x05789e14,  0x00000000
UNHANDLED MESSAGE HANDLER FOR TYPE: 0x40000005, args: 0x00000000,  0x05789c90,  0x00000051,  0x05789c90,  0x00000000
UNHANDLED MESSAGE HANDLER FOR TYPE: 0x10000029, args: 0x00000000,  0x05789aec,  0x00000051,  0x05789aec,  0x00000000
UNHANDLED MESSAGE HANDLER FOR TYPE: 0x100000e3, args: 0x00000000,  0x057899cc,  0x00000051,  0x057899cc,  0x00000000
UNHANDLED MESSAGE HANDLER FOR TYPE: 0x100000e3, args: 0x00000000,  0x057898ac,  0x00000051,  0x057898ac,  0x00000000
UNHANDLED MESSAGE HANDLER FOR TYPE: 0x100000e3, args: 0x00000000,  0x0578978c,  0x00000051,  0x0578978c,  0x00000000
UNHANDLED MESSAGE HANDLER FOR TYPE: 0x100000e3, args: 0x00000000,  0x0578966c,  0x00000051,  0x0578966c,  0x00000000
UNHANDLED MESSAGE HANDLER FOR TYPE: 0x100000e3, args: 0x00000000,  0x0578954c,  0x00000051,  0x0578954c,  0x00000000
UNHANDLED MESSAGE HANDLER FOR TYPE: 0x10000020, args: 0x00000000,  0x0578942c,  0x00000051,  0x0578942c,  0x00000000
UNHANDLED MESSAGE HANDLER FOR TYPE: 0x10000001, args: 0x00000000,  0x057891b8,  0x00000051,  0x057891b8,  0x00000000
UNHANDLED MESSAGE HANDLER FOR TYPE: 0x1000010e, args: 0x00000000,  0x05789098,  0x00000051,  0x05789098,  0x00000000
UNHANDLED MESSAGE HANDLER FOR TYPE: 0x1000001f, args: 0x00000000,  0x05788e08,  0x00000051,  0x05788e08,  0x00000000
UNHANDLED MESSAGE HANDLER FOR TYPE: 0x10000102, args: 0x00000000,  0x05788ce8,  0x00000051,  0x05788ce8,  0x00000000
UNHANDLED MESSAGE HANDLER FOR TYPE: 0x1000022c, args: 0x00000000,  0x05788bc8,  0x00000051,  0x05788bc8,  0x00000000
UNHANDLED MESSAGE HANDLER FOR TYPE: 0x10000224, args: 0x00000000,  0x05788aa8,  0x00000051,  0x05788aa8,  0x00000000
UNHANDLED MESSAGE HANDLER FOR TYPE: 0x1000022c, args: 0x00000000,  0x05788988,  0x00000051,  0x05788988,  0x00000000
UNHANDLED MESSAGE HANDLER FOR TYPE: 0x1000022c, args: 0x00000000,  0x05788868,  0x00000051,  0x05788868,  0x00000000
UNHANDLED MESSAGE HANDLER FOR TYPE: 0x10000001, args: 0x00000000,  0x05788540,  0x00000051,  0x05788540,  0x00000000
UNHANDLED MESSAGE HANDLER FOR TYPE: 0x10000001, args: 0x00000000,  0x05788420,  0x00000051,  0x05788420,  0x00000000
UNHANDLED MESSAGE HANDLER FOR TYPE: 0x10000001, args: 0x00000000,  0x05788300,  0x00000051,  0x05788300,  0x00000000
UNHANDLED MESSAGE HANDLER FOR TYPE: 0x1000010a, args: 0x00000000,  0x057881e0,  0x00000051,  0x057881e0,  0x00000000
UNHANDLED MESSAGE HANDLER FOR TYPE: 0x1000010b, args: 0x00000000,  0x057880c0,  0x00000051,  0x057880c0,  0x00000000
In C_SBDOSSIER_Handler, params 0x00000000, 0x1000010c, 0x00000054, 0x05787f6c, 0x00000000
In C_SBDOSSIER_Handler, params 0x00000000, 0x1000010c, 0x00000051, 0x05787f6c, 0x00000000
UNHANDLED MESSAGE HANDLER FOR TYPE: 0x1000010d, args: 0x00000000,  0x05787e4c,  0x00000051,  0x05787e4c,  0x00000000
UNHANDLED MESSAGE HANDLER FOR TYPE: 0x1000010d, args: 0x00000000,  0x05787d2c,  0x00000051,  0x05787d2c,  0x00000000
UNHANDLED MESSAGE HANDLER FOR TYPE: 0x1000010d, args: 0x00000000,  0x05787c0c,  0x00000051,  0x05787c0c,  0x00000000
UNHANDLED MESSAGE HANDLER FOR TYPE: 0x1000010d, args: 0x00000000,  0x05787aec,  0x00000051,  0x05787aec,  0x00000000
UNHANDLED MESSAGE HANDLER FOR TYPE: 0x1000010d, args: 0x00000000,  0x057879cc,  0x00000051,  0x057879cc,  0x00000000
UNHANDLED MESSAGE HANDLER FOR TYPE: 0x100001ed, args: 0x00000000,  0x0578773c,  0x00000051,  0x0578773c,  0x00000000
UNHANDLED MESSAGE HANDLER FOR TYPE: 0x10000001, args: 0x00000000,  0x0578761c,  0x00000051,  0x0578761c,  0x00000000
UNHANDLED MESSAGE HANDLER FOR TYPE: 0x10000001, args: 0x00000000,  0x057872f4,  0x00000051,  0x057872f4,  0x00000000
UNHANDLED MESSAGE HANDLER FOR TYPE: 0x10000001, args: 0x00000000,  0x057871d4,  0x00000051,  0x057871d4,  0x00000000
UNHANDLED MESSAGE HANDLER FOR TYPE: 0x10000001, args: 0x00000000,  0x05786d08,  0x00000051,  0x05786d08,  0x00000000
UNHANDLED MESSAGE HANDLER FOR TYPE: 0x10000001, args: 0x00000000,  0x05786b50,  0x00000051,  0x05786b50,  0x00000000
UNHANDLED MESSAGE HANDLER FOR TYPE: 0x10000001, args: 0x00000000,  0x05786a30,  0x00000051,  0x05786a30,  0x00000000
UNHANDLED MESSAGE HANDLER FOR TYPE: 0x10000175, args: 0x00000000,  0x05786910,  0x00000051,  0x05786910,  0x00000000
UNHANDLED MESSAGE HANDLER FOR TYPE: 0x10000176, args: 0x00000000,  0x057867f0,  0x00000051,  0x057867f0,  0x00000000
UNHANDLED MESSAGE HANDLER FOR TYPE: 0x10000001, args: 0x00000000,  0x057866d0,  0x00000051,  0x057866d0,  0x00000000
UNHANDLED MESSAGE HANDLER FOR TYPE: 0x10000001, args: 0x00000000,  0x057865b0,  0x00000051,  0x057865b0,  0x00000000
UNHANDLED MESSAGE HANDLER FOR TYPE: 0x10000177, args: 0x00000000,  0x05786490,  0x00000051,  0x05786490,  0x00000000
UNHANDLED MESSAGE HANDLER FOR TYPE: 0x10000178, args: 0x00000000,  0x05786370,  0x00000051,  0x05786370,  0x00000000
UNHANDLED MESSAGE HANDLER FOR TYPE: 0x100001f8, args: 0x00000000,  0x05786250,  0x00000051,  0x05786250,  0x00000000
UNHANDLED MESSAGE HANDLER FOR TYPE: 0x10000001, args: 0x00000000,  0x05786130,  0x00000051,  0x05786130,  0x00000000
UNHANDLED MESSAGE HANDLER FOR TYPE: 0x10000001, args: 0x00000000,  0x05785f78,  0x00000051,  0x05785f78,  0x00000000
UNHANDLED MESSAGE HANDLER FOR TYPE: 0x10000001, args: 0x00000000,  0x05785c50,  0x00000051,  0x05785c50,  0x00000000
UNHANDLED MESSAGE HANDLER FOR TYPE: 0x10000001, args: 0x00000000,  0x05785b30,  0x00000051,  0x05785b30,  0x00000000
UNHANDLED MESSAGE HANDLER FOR TYPE: 0x10000001, args: 0x00000000,  0x05785978,  0x00000051,  0x05785978,  0x00000000
UNHANDLED MESSAGE HANDLER FOR TYPE: 0x100001da, args: 0x00000000,  0x057854ac,  0x00000051,  0x057854ac,  0x00000000
UNHANDLED MESSAGE HANDLER FOR TYPE: 0x100001db, args: 0x00000000,  0x057852f4,  0x00000051,  0x057852f4,  0x00000000
UNHANDLED MESSAGE HANDLER FOR TYPE: 0x100001dc, args: 0x00000000,  0x0578513c,  0x00000051,  0x0578513c,  0x00000000
UNHANDLED MESSAGE HANDLER FOR TYPE: 0x100001d6, args: 0x00000000,  0x0578501c,  0x00000051,  0x0578501c,  0x00000000
UNHANDLED MESSAGE HANDLER FOR TYPE: 0x100001d7, args: 0x00000000,  0x05784efc,  0x00000051,  0x05784efc,  0x00000000
UNHANDLED MESSAGE HANDLER FOR TYPE: 0x100001d8, args: 0x00000000,  0x05784ddc,  0x00000051,  0x05784ddc,  0x00000000
UNHANDLED MESSAGE HANDLER FOR TYPE: 0x100001d2, args: 0x00000000,  0x05784cbc,  0x00000051,  0x05784cbc,  0x00000000
UNHANDLED MESSAGE HANDLER FOR TYPE: 0x100001d3, args: 0x00000000,  0x05784b9c,  0x00000051,  0x05784b9c,  0x00000000
UNHANDLED MESSAGE HANDLER FOR TYPE: 0x100001d4, args: 0x00000000,  0x05784a7c,  0x00000051,  0x05784a7c,  0x00000000
UNHANDLED MESSAGE HANDLER FOR TYPE: 0x100001dd, args: 0x00000000,  0x057848c4,  0x00000051,  0x057848c4,  0x00000000
UNHANDLED MESSAGE HANDLER FOR TYPE: 0x100001d5, args: 0x00000000,  0x057847a4,  0x00000051,  0x057847a4,  0x00000000
UNHANDLED MESSAGE HANDLER FOR TYPE: 0x100001d9, args: 0x00000000,  0x05784684,  0x00000051,  0x05784684,  0x00000000
UNHANDLED MESSAGE HANDLER FOR TYPE: 0x10000001, args: 0x00000000,  0x05784564,  0x00000051,  0x05784564,  0x00000000
UNHANDLED MESSAGE HANDLER FOR TYPE: 0x10000001, args: 0x00000000,  0x0578423c,  0x00000051,  0x0578423c,  0x00000000
UNHANDLED MESSAGE HANDLER FOR TYPE: 0x10000001, args: 0x00000000,  0x0578411c,  0x00000051,  0x0578411c,  0x00000000
UNHANDLED MESSAGE HANDLER FOR TYPE: 0x10000001, args: 0x00000000,  0x05783ffc,  0x00000051,  0x05783ffc,  0x00000000
UNHANDLED MESSAGE HANDLER FOR TYPE: 0x1000016a, args: 0x00000000,  0x05783edc,  0x00000051,  0x05783edc,  0x00000000
UNHANDLED MESSAGE HANDLER FOR TYPE: 0x1000016a, args: 0x00000000,  0x05783dbc,  0x00000051,  0x05783dbc,  0x00000000
UNHANDLED MESSAGE HANDLER FOR TYPE: 0x1000016a, args: 0x00000000,  0x05783c9c,  0x00000051,  0x05783c9c,  0x00000000
UNHANDLED MESSAGE HANDLER FOR TYPE: 0x1000016a, args: 0x00000000,  0x05783b7c,  0x00000051,  0x05783b7c,  0x00000000
UNHANDLED MESSAGE HANDLER FOR TYPE: 0x1000016a, args: 0x00000000,  0x05783a5c,  0x00000051,  0x05783a5c,  0x00000000
UNHANDLED MESSAGE HANDLER FOR TYPE: 0x1000016b, args: 0x00000000,  0x057837cc,  0x00000051,  0x057837cc,  0x00000000
UNHANDLED MESSAGE HANDLER FOR TYPE: 0x1000016c, args: 0x00000000,  0x057836ac,  0x00000051,  0x057836ac,  0x00000000
UNHANDLED MESSAGE HANDLER FOR TYPE: 0x1000016d, args: 0x00000000,  0x0578358c,  0x00000051,  0x0578358c,  0x00000000
UNHANDLED MESSAGE HANDLER FOR TYPE: 0x10000001, args: 0x00000000,  0x05783318,  0x00000051,  0x05783318,  0x00000000
UNHANDLED MESSAGE HANDLER FOR TYPE: 0x10000001, args: 0x00000000,  0x05782ff0,  0x00000051,  0x05782ff0,  0x00000000
UNHANDLED MESSAGE HANDLER FOR TYPE: 0x10000001, args: 0x00000000,  0x05782ed0,  0x00000051,  0x05782ed0,  0x00000000
UNHANDLED MESSAGE HANDLER FOR TYPE: 0x1000016e, args: 0x00000000,  0x05782db0,  0x00000051,  0x05782db0,  0x00000000
UNHANDLED MESSAGE HANDLER FOR TYPE: 0x10000170, args: 0x00000000,  0x05782c90,  0x00000051,  0x05782c90,  0x00000000
UNHANDLED MESSAGE HANDLER FOR TYPE: 0x10000171, args: 0x00000000,  0x05782b70,  0x00000051,  0x05782b70,  0x00000000
UNHANDLED MESSAGE HANDLER FOR TYPE: 0x10000171, args: 0x00000000,  0x05782a50,  0x00000051,  0x05782a50,  0x00000000
UNHANDLED MESSAGE HANDLER FOR TYPE: 0x10000171, args: 0x00000000,  0x05782930,  0x00000051,  0x05782930,  0x00000000
UNHANDLED MESSAGE HANDLER FOR TYPE: 0x10000171, args: 0x00000000,  0x05782810,  0x00000051,  0x05782810,  0x00000000
UNHANDLED MESSAGE HANDLER FOR TYPE: 0x10000171, args: 0x00000000,  0x057826f0,  0x00000051,  0x057826f0,  0x00000000
UNHANDLED MESSAGE HANDLER FOR TYPE: 0x10000001, args: 0x00000000,  0x057825d0,  0x00000051,  0x057825d0,  0x00000000
UNHANDLED MESSAGE HANDLER FOR TYPE: 0x10000172, args: 0x00000000,  0x05782340,  0x00000051,  0x05782340,  0x00000000
UNHANDLED MESSAGE HANDLER FOR TYPE: 0x10000001, args: 0x00000000,  0x057820cc,  0x00000051,  0x057820cc,  0x00000000
UNHANDLED MESSAGE HANDLER FOR TYPE: 0x10000001, args: 0x00000000,  0x05781da4,  0x00000051,  0x05781da4,  0x00000000
UNHANDLED MESSAGE HANDLER FOR TYPE: 0x10000001, args: 0x00000000,  0x05781b30,  0x00000051,  0x05781b30,  0x00000000
UNHANDLED MESSAGE HANDLER FOR TYPE: 0x100000be, args: 0x00000000,  0x05781a10,  0x00000051,  0x05781a10,  0x00000000
UNHANDLED MESSAGE HANDLER FOR TYPE: 0x100000e6, args: 0x00000000,  0x057818f0,  0x00000051,  0x057818f0,  0x00000000
UNHANDLED MESSAGE HANDLER FOR TYPE: 0x100000e6, args: 0x00000000,  0x057817d0,  0x00000051,  0x057817d0,  0x00000000
UNHANDLED MESSAGE HANDLER FOR TYPE: 0x100000e6, args: 0x00000000,  0x057816b0,  0x00000051,  0x057816b0,  0x00000000
UNHANDLED MESSAGE HANDLER FOR TYPE: 0x100000e6, args: 0x00000000,  0x05781590,  0x00000051,  0x05781590,  0x00000000
UNHANDLED MESSAGE HANDLER FOR TYPE: 0x100000e6, args: 0x00000000,  0x05781470,  0x00000051,  0x05781470,  0x00000000
UNHANDLED MESSAGE HANDLER FOR TYPE: 0x10000001, args: 0x00000000,  0x05781350,  0x00000051,  0x05781350,  0x00000000
UNHANDLED MESSAGE HANDLER FOR TYPE: 0x10000104, args: 0x00000000,  0x05781230,  0x00000051,  0x05781230,  0x00000000
UNHANDLED MESSAGE HANDLER FOR TYPE: 0x100001ee, args: 0x00000000,  0x05780fa0,  0x00000051,  0x05780fa0,  0x00000000
UNHANDLED MESSAGE HANDLER FOR TYPE: 0x10000001, args: 0x00000000,  0x05780e80,  0x00000051,  0x05780e80,  0x00000000
UNHANDLED MESSAGE HANDLER FOR TYPE: 0x10000224, args: 0x00000000,  0x05780d60,  0x00000051,  0x05780d60,  0x00000000
UNHANDLED MESSAGE HANDLER FOR TYPE: 0x10000001, args: 0x00000000,  0x05780abc,  0x00000051,  0x05780abc,  0x00000000
UNHANDLED MESSAGE HANDLER FOR TYPE: 0x10000001, args: 0x00000000,  0x0578099c,  0x00000051,  0x0578099c,  0x00000000
UNHANDLED MESSAGE HANDLER FOR TYPE: 0x100001a2, args: 0x00000000,  0x05780568,  0x00000051,  0x05780568,  0x00000000
UNHANDLED MESSAGE HANDLER FOR TYPE: 0x100001a0, args: 0x00000000,  0x05780448,  0x00000051,  0x05780448,  0x00000000
UNHANDLED MESSAGE HANDLER FOR TYPE: 0x100001a2, args: 0x00000000,  0x05780328,  0x00000051,  0x05780328,  0x00000000
UNHANDLED MESSAGE HANDLER FOR TYPE: 0x100001a0, args: 0x00000000,  0x0577fef4,  0x00000051,  0x0577fef4,  0x00000000
UNHANDLED MESSAGE HANDLER FOR TYPE: 0x100001a2, args: 0x00000000,  0x0577fdd4,  0x00000051,  0x0577fdd4,  0x00000000
UNHANDLED MESSAGE HANDLER FOR TYPE: 0x100001a2, args: 0x00000000,  0x0577fcb4,  0x00000051,  0x0577fcb4,  0x00000000
UNHANDLED MESSAGE HANDLER FOR TYPE: 0x100001a0, args: 0x00000000,  0x0577f534,  0x00000051,  0x0577f534,  0x00000000
UNHANDLED MESSAGE HANDLER FOR TYPE: 0x100001a0, args: 0x00000000,  0x0577f414,  0x00000051,  0x0577f414,  0x00000000
UNHANDLED MESSAGE HANDLER FOR TYPE: 0x10000001, args: 0x00000000,  0x0577f2f4,  0x00000051,  0x0577f2f4,  0x00000000
UNHANDLED MESSAGE HANDLER FOR TYPE: 0x10000121, args: 0x00000000,  0x0577e794,  0x00000051,  0x0577e794,  0x00000000
UNHANDLED MESSAGE HANDLER FOR TYPE: 0x10000001, args: 0x00000000,  0x0577e674,  0x00000051,  0x0577e674,  0x00000000
UNHANDLED MESSAGE HANDLER FOR TYPE: 0x10000001, args: 0x00000000,  0x0577e554,  0x00000051,  0x0577e554,  0x00000000
UNHANDLED MESSAGE HANDLER FOR TYPE: 0x10000001, args: 0x00000000,  0x0577e434,  0x00000051,  0x0577e434,  0x00000000
UNHANDLED MESSAGE HANDLER FOR TYPE: 0x10000001, args: 0x00000000,  0x0577e314,  0x00000051,  0x0577e314,  0x00000000
UNHANDLED MESSAGE HANDLER FOR TYPE: 0x10000001, args: 0x00000000,  0x0577e1f4,  0x00000051,  0x0577e1f4,  0x00000000
UNHANDLED MESSAGE HANDLER FOR TYPE: 0x10000001, args: 0x00000000,  0x0577e0d4,  0x00000051,  0x0577e0d4,  0x00000000
UNHANDLED MESSAGE HANDLER FOR TYPE: 0x10000001, args: 0x00000000,  0x0577dfb4,  0x00000051,  0x0577dfb4,  0x00000000
UNHANDLED MESSAGE HANDLER FOR TYPE: 0x10000001, args: 0x00000000,  0x0577de94,  0x00000051,  0x0577de94,  0x00000000
UNHANDLED MESSAGE HANDLER FOR TYPE: 0x40000003, args: 0x00000000,  0x0577dd10,  0x00000051,  0x0577dd10,  0x00000000
UNHANDLED MESSAGE HANDLER FOR TYPE: 0x10000001, args: 0x00000000,  0x0577dadc,  0x00000051,  0x0577dadc,  0x00000000
UNHANDLED MESSAGE HANDLER FOR TYPE: 0x1000000b, args: 0x00000000,  0x0577d6f8,  0x00000051,  0x0577d6f8,  0x00000000
UNHANDLED MESSAGE HANDLER FOR TYPE: 0x10000001, args: 0x00000000,  0x0577d5d8,  0x00000051,  0x0577d5d8,  0x00000000
UNHANDLED MESSAGE HANDLER FOR TYPE: 0x10000001, args: 0x00000000,  0x0577d4b8,  0x00000051,  0x0577d4b8,  0x00000000
UNHANDLED MESSAGE HANDLER FOR TYPE: 0x1000000a, args: 0x00000000,  0x0577d398,  0x00000051,  0x0577d398,  0x00000000
UNHANDLED MESSAGE HANDLER FOR TYPE: 0x100000e9, args: 0x00000000,  0x0577d278,  0x00000051,  0x0577d278,  0x00000000
UNHANDLED MESSAGE HANDLER FOR TYPE: 0x100000e9, args: 0x00000000,  0x0577d158,  0x00000051,  0x0577d158,  0x00000000
UNHANDLED MESSAGE HANDLER FOR TYPE: 0x100000e9, args: 0x00000000,  0x0577d038,  0x00000051,  0x0577d038,  0x00000000
UNHANDLED MESSAGE HANDLER FOR TYPE: 0x100000e9, args: 0x00000000,  0x0577cf18,  0x00000051,  0x0577cf18,  0x00000000
UNHANDLED MESSAGE HANDLER FOR TYPE: 0x100000e9, args: 0x00000000,  0x0577cdf8,  0x00000051,  0x0577cdf8,  0x00000000
UNHANDLED MESSAGE HANDLER FOR TYPE: 0x10000105, args: 0x00000000,  0x0577ccd8,  0x00000051,  0x0577ccd8,  0x00000000
UNHANDLED MESSAGE HANDLER FOR TYPE: 0x10000001, args: 0x00000000,  0x0577cbb8,  0x00000051,  0x0577cbb8,  0x00000000
UNHANDLED MESSAGE HANDLER FOR TYPE: 0x10000224, args: 0x00000000,  0x0577ca98,  0x00000051,  0x0577ca98,  0x00000000
UNHANDLED MESSAGE HANDLER FOR TYPE: 0x10000001, args: 0x00000000,  0x0577c770,  0x00000051,  0x0577c770,  0x00000000
UNHANDLED MESSAGE HANDLER FOR TYPE: 0x1000009d, args: 0x00000000,  0x0577c650,  0x00000051,  0x0577c650,  0x00000000
UNHANDLED MESSAGE HANDLER FOR TYPE: 0x1000009b, args: 0x00000000,  0x0577c26c,  0x00000051,  0x0577c26c,  0x00000000
UNHANDLED MESSAGE HANDLER FOR TYPE: 0x10000001, args: 0x00000000,  0x0577c14c,  0x00000051,  0x0577c14c,  0x00000000
UNHANDLED MESSAGE HANDLER FOR TYPE: 0x10000001, args: 0x00000000,  0x0577c02c,  0x00000051,  0x0577c02c,  0x00000000
UNHANDLED MESSAGE HANDLER FOR TYPE: 0x100000ea, args: 0x00000000,  0x0577bf0c,  0x00000051,  0x0577bf0c,  0x00000000
UNHANDLED MESSAGE HANDLER FOR TYPE: 0x100000ea, args: 0x00000000,  0x0577bdec,  0x00000051,  0x0577bdec,  0x00000000
UNHANDLED MESSAGE HANDLER FOR TYPE: 0x100000ea, args: 0x00000000,  0x0577bccc,  0x00000051,  0x0577bccc,  0x00000000
UNHANDLED MESSAGE HANDLER FOR TYPE: 0x100000ea, args: 0x00000000,  0x0577bbac,  0x00000051,  0x0577bbac,  0x00000000
UNHANDLED MESSAGE HANDLER FOR TYPE: 0x100000ea, args: 0x00000000,  0x0577ba8c,  0x00000051,  0x0577ba8c,  0x00000000
UNHANDLED MESSAGE HANDLER FOR TYPE: 0x10000106, args: 0x00000000,  0x0577b96c,  0x00000051,  0x0577b96c,  0x00000000
UNHANDLED MESSAGE HANDLER FOR TYPE: 0x10000001, args: 0x00000000,  0x0577b84c,  0x00000051,  0x0577b84c,  0x00000000
UNHANDLED MESSAGE HANDLER FOR TYPE: 0x10000224, args: 0x00000000,  0x0577b72c,  0x00000051,  0x0577b72c,  0x00000000
UNHANDLED MESSAGE HANDLER FOR TYPE: 0x10000001, args: 0x00000000,  0x0577b488,  0x00000051,  0x0577b488,  0x00000000
UNHANDLED MESSAGE HANDLER FOR TYPE: 0x10000001, args: 0x00000000,  0x0577b368,  0x00000051,  0x0577b368,  0x00000000
UNHANDLED MESSAGE HANDLER FOR TYPE: 0x10000001, args: 0x00000000,  0x0577b248,  0x00000051,  0x0577b248,  0x00000000
UNHANDLED MESSAGE HANDLER FOR TYPE: 0x100001a0, args: 0x00000000,  0x0577b128,  0x00000051,  0x0577b128,  0x00000000
UNHANDLED MESSAGE HANDLER FOR TYPE: 0x100001a0, args: 0x00000000,  0x0577b008,  0x00000051,  0x0577b008,  0x00000000
UNHANDLED MESSAGE HANDLER FOR TYPE: 0x100001a0, args: 0x00000000,  0x0577aee8,  0x00000051,  0x0577aee8,  0x00000000
UNHANDLED MESSAGE HANDLER FOR TYPE: 0x100001a0, args: 0x00000000,  0x0577adc8,  0x00000051,  0x0577adc8,  0x00000000
UNHANDLED MESSAGE HANDLER FOR TYPE: 0x100001a2, args: 0x00000000,  0x0577a268,  0x00000051,  0x0577a268,  0x00000000
UNHANDLED MESSAGE HANDLER FOR TYPE: 0x100001a2, args: 0x00000000,  0x0577a148,  0x00000051,  0x0577a148,  0x00000000
UNHANDLED MESSAGE HANDLER FOR TYPE: 0x100001a2, args: 0x00000000,  0x0577a028,  0x00000051,  0x0577a028,  0x00000000
UNHANDLED MESSAGE HANDLER FOR TYPE: 0x100001a2, args: 0x00000000,  0x05779f08,  0x00000051,  0x05779f08,  0x00000000
UNHANDLED MESSAGE HANDLER FOR TYPE: 0x10000001, args: 0x00000000,  0x05779128,  0x00000051,  0x05779128,  0x00000000
UNHANDLED MESSAGE HANDLER FOR TYPE: 0x10000001, args: 0x00000000,  0x05779008,  0x00000051,  0x05779008,  0x00000000
UNHANDLED MESSAGE HANDLER FOR TYPE: 0x10000001, args: 0x00000000,  0x05778ee8,  0x00000051,  0x05778ee8,  0x00000000
UNHANDLED MESSAGE HANDLER FOR TYPE: 0x10000001, args: 0x00000000,  0x05778dc8,  0x00000051,  0x05778dc8,  0x00000000
UNHANDLED MESSAGE HANDLER FOR TYPE: 0x10000001, args: 0x00000000,  0x05778ca8,  0x00000051,  0x05778ca8,  0x00000000
UNHANDLED MESSAGE HANDLER FOR TYPE: 0x10000001, args: 0x00000000,  0x05778b88,  0x00000051,  0x05778b88,  0x00000000
UNHANDLED MESSAGE HANDLER FOR TYPE: 0x10000001, args: 0x00000000,  0x05778a68,  0x00000051,  0x05778a68,  0x00000000
UNHANDLED MESSAGE HANDLER FOR TYPE: 0x10000001, args: 0x00000000,  0x05778948,  0x00000051,  0x05778948,  0x00000000
UNHANDLED MESSAGE HANDLER FOR TYPE: 0x10000001, args: 0x00000000,  0x05778620,  0x00000051,  0x05778620,  0x00000000
UNHANDLED MESSAGE HANDLER FOR TYPE: 0x10000001, args: 0x00000000,  0x05778500,  0x00000051,  0x05778500,  0x00000000
UNHANDLED MESSAGE HANDLER FOR TYPE: 0x10000001, args: 0x00000000,  0x057783e0,  0x00000051,  0x057783e0,  0x00000000
UNHANDLED MESSAGE HANDLER FOR TYPE: 0x100000f3, args: 0x00000000,  0x057782c0,  0x00000051,  0x057782c0,  0x00000000
UNHANDLED MESSAGE HANDLER FOR TYPE: 0x100000f3, args: 0x00000000,  0x057781a0,  0x00000051,  0x057781a0,  0x00000000
UNHANDLED MESSAGE HANDLER FOR TYPE: 0x100000f3, args: 0x00000000,  0x05778080,  0x00000051,  0x05778080,  0x00000000
UNHANDLED MESSAGE HANDLER FOR TYPE: 0x100000f3, args: 0x00000000,  0x05777f60,  0x00000051,  0x05777f60,  0x00000000
UNHANDLED MESSAGE HANDLER FOR TYPE: 0x100000f3, args: 0x00000000,  0x05777e40,  0x00000051,  0x05777e40,  0x00000000
UNHANDLED MESSAGE HANDLER FOR TYPE: 0x100000f5, args: 0x00000000,  0x05777bcc,  0x00000051,  0x05777bcc,  0x00000000
UNHANDLED MESSAGE HANDLER FOR TYPE: 0x10000107, args: 0x00000000,  0x05777aac,  0x00000051,  0x05777aac,  0x00000000
UNHANDLED MESSAGE HANDLER FOR TYPE: 0x100001ef, args: 0x00000000,  0x0577781c,  0x00000051,  0x0577781c,  0x00000000
UNHANDLED MESSAGE HANDLER FOR TYPE: 0x100001ef, args: 0x00000000,  0x0577758c,  0x00000051,  0x0577758c,  0x00000000
UNHANDLED MESSAGE HANDLER FOR TYPE: 0x10000001, args: 0x00000000,  0x0577746c,  0x00000051,  0x0577746c,  0x00000000
UNHANDLED MESSAGE HANDLER FOR TYPE: 0x10000224, args: 0x00000000,  0x0577734c,  0x00000051,  0x0577734c,  0x00000000
UNHANDLED MESSAGE HANDLER FOR TYPE: 0x10000233, args: 0x00000000,  0x05777024,  0x00000051,  0x05777024,  0x00000000
UNHANDLED MESSAGE HANDLER FOR TYPE: 0x10000233, args: 0x00000000,  0x05776f04,  0x00000051,  0x05776f04,  0x00000000
UNHANDLED MESSAGE HANDLER FOR TYPE: 0x10000233, args: 0x00000000,  0x05776de4,  0x00000051,  0x05776de4,  0x00000000
UNHANDLED MESSAGE HANDLER FOR TYPE: 0x10000233, args: 0x00000000,  0x05776cc4,  0x00000051,  0x05776cc4,  0x00000000
UNHANDLED MESSAGE HANDLER FOR TYPE: 0x10000233, args: 0x00000000,  0x05776ba4,  0x00000051,  0x05776ba4,  0x00000000
UNHANDLED MESSAGE HANDLER FOR TYPE: 0x10000233, args: 0x00000000,  0x05776a84,  0x00000051,  0x05776a84,  0x00000000
UNHANDLED MESSAGE HANDLER FOR TYPE: 0x10000233, args: 0x00000000,  0x05776964,  0x00000051,  0x05776964,  0x00000000
UNHANDLED MESSAGE HANDLER FOR TYPE: 0x10000233, args: 0x00000000,  0x05776844,  0x00000051,  0x05776844,  0x00000000
UNHANDLED MESSAGE HANDLER FOR TYPE: 0x10000233, args: 0x00000000,  0x05776724,  0x00000051,  0x05776724,  0x00000000
UNHANDLED MESSAGE HANDLER FOR TYPE: 0x10000233, args: 0x00000000,  0x05776604,  0x00000051,  0x05776604,  0x00000000
UNHANDLED MESSAGE HANDLER FOR TYPE: 0x10000001, args: 0x00000000,  0x057764e4,  0x00000051,  0x057764e4,  0x00000000
UNHANDLED MESSAGE HANDLER FOR TYPE: 0x10000001, args: 0x00000000,  0x057763c4,  0x00000051,  0x057763c4,  0x00000000
UNHANDLED MESSAGE HANDLER FOR TYPE: 0x10000165, args: 0x00000000,  0x0577620c,  0x00000051,  0x0577620c,  0x00000000
UNHANDLED MESSAGE HANDLER FOR TYPE: 0x10000001, args: 0x00000000,  0x057760ec,  0x00000051,  0x057760ec,  0x00000000
UNHANDLED MESSAGE HANDLER FOR TYPE: 0x10000237, args: 0x00000000,  0x05775fcc,  0x00000051,  0x05775fcc,  0x00000000
UNHANDLED MESSAGE HANDLER FOR TYPE: 0x10000235, args: 0x00000000,  0x05775eac,  0x00000051,  0x05775eac,  0x00000000
UNHANDLED MESSAGE HANDLER FOR TYPE: 0x10000237, args: 0x00000000,  0x05775d8c,  0x00000051,  0x05775d8c,  0x00000000
UNHANDLED MESSAGE HANDLER FOR TYPE: 0x10000238, args: 0x00000000,  0x05775c6c,  0x00000051,  0x05775c6c,  0x00000000
UNHANDLED MESSAGE HANDLER FOR TYPE: 0x10000235, args: 0x00000000,  0x05775b4c,  0x00000051,  0x05775b4c,  0x00000000
UNHANDLED MESSAGE HANDLER FOR TYPE: 0x10000237, args: 0x00000000,  0x05775a2c,  0x00000051,  0x05775a2c,  0x00000000
UNHANDLED MESSAGE HANDLER FOR TYPE: 0x10000238, args: 0x00000000,  0x0577590c,  0x00000051,  0x0577590c,  0x00000000
UNHANDLED MESSAGE HANDLER FOR TYPE: 0x10000235, args: 0x00000000,  0x057757ec,  0x00000051,  0x057757ec,  0x00000000
UNHANDLED MESSAGE HANDLER FOR TYPE: 0x10000237, args: 0x00000000,  0x057756cc,  0x00000051,  0x057756cc,  0x00000000
UNHANDLED MESSAGE HANDLER FOR TYPE: 0x10000238, args: 0x00000000,  0x057755ac,  0x00000051,  0x057755ac,  0x00000000
UNHANDLED MESSAGE HANDLER FOR TYPE: 0x10000235, args: 0x00000000,  0x0577548c,  0x00000051,  0x0577548c,  0x00000000
UNHANDLED MESSAGE HANDLER FOR TYPE: 0x10000001, args: 0x00000000,  0x057752d4,  0x00000051,  0x057752d4,  0x00000000
UNHANDLED MESSAGE HANDLER FOR TYPE: 0x1000022d, args: 0x00000000,  0x057751b4,  0x00000051,  0x057751b4,  0x00000000
UNHANDLED MESSAGE HANDLER FOR TYPE: 0x1000022e, args: 0x00000000,  0x05775094,  0x00000051,  0x05775094,  0x00000000
UNHANDLED MESSAGE HANDLER FOR TYPE: 0x1000022f, args: 0x00000000,  0x05774f74,  0x00000051,  0x05774f74,  0x00000000
UNHANDLED MESSAGE HANDLER FOR TYPE: 0x10000230, args: 0x00000000,  0x05774e54,  0x00000051,  0x05774e54,  0x00000000
UNHANDLED MESSAGE HANDLER FOR TYPE: 0x10000231, args: 0x00000000,  0x05774d34,  0x00000051,  0x05774d34,  0x00000000
UNHANDLED MESSAGE HANDLER FOR TYPE: 0x10000232, args: 0x00000000,  0x05774c14,  0x00000051,  0x05774c14,  0x00000000
UNHANDLED MESSAGE HANDLER FOR TYPE: 0x10000001, args: 0x00000000,  0x05774a5c,  0x00000051,  0x05774a5c,  0x00000000
UNHANDLED MESSAGE HANDLER FOR TYPE: 0x1000023e, args: 0x00000000,  0x057748a4,  0x00000051,  0x057748a4,  0x00000000
UNHANDLED MESSAGE HANDLER FOR TYPE: 0x1000023f, args: 0x00000000,  0x05774784,  0x00000051,  0x05774784,  0x00000000
UNHANDLED MESSAGE HANDLER FOR TYPE: 0x10000001, args: 0x00000000,  0x05774664,  0x00000051,  0x05774664,  0x00000000
UNHANDLED MESSAGE HANDLER FOR TYPE: 0x1000023e, args: 0x00000000,  0x05774544,  0x00000051,  0x05774544,  0x00000000
UNHANDLED MESSAGE HANDLER FOR TYPE: 0x1000023e, args: 0x00000000,  0x05774424,  0x00000051,  0x05774424,  0x00000000
UNHANDLED MESSAGE HANDLER FOR TYPE: 0x10000001, args: 0x00000000,  0x05774304,  0x00000051,  0x05774304,  0x00000000
UNHANDLED MESSAGE HANDLER FOR TYPE: 0x1000023e, args: 0x00000000,  0x057741e4,  0x00000051,  0x057741e4,  0x00000000
UNHANDLED MESSAGE HANDLER FOR TYPE: 0x10000234, args: 0x00000000,  0x057740c4,  0x00000051,  0x057740c4,  0x00000000
UNHANDLED MESSAGE HANDLER FOR TYPE: 0x10000234, args: 0x00000000,  0x05773fa4,  0x00000051,  0x05773fa4,  0x00000000
UNHANDLED MESSAGE HANDLER FOR TYPE: 0x10000234, args: 0x00000000,  0x05773e84,  0x00000051,  0x05773e84,  0x00000000
UNHANDLED MESSAGE HANDLER FOR TYPE: 0x10000234, args: 0x00000000,  0x05773d64,  0x00000051,  0x05773d64,  0x00000000
UNHANDLED MESSAGE HANDLER FOR TYPE: 0x10000234, args: 0x00000000,  0x05773c44,  0x00000051,  0x05773c44,  0x00000000
UNHANDLED MESSAGE HANDLER FOR TYPE: 0x10000234, args: 0x00000000,  0x05773b24,  0x00000051,  0x05773b24,  0x00000000
UNHANDLED MESSAGE HANDLER FOR TYPE: 0x10000234, args: 0x00000000,  0x05773a04,  0x00000051,  0x05773a04,  0x00000000
UNHANDLED MESSAGE HANDLER FOR TYPE: 0x10000234, args: 0x00000000,  0x057738e4,  0x00000051,  0x057738e4,  0x00000000
UNHANDLED MESSAGE HANDLER FOR TYPE: 0x10000234, args: 0x00000000,  0x057737c4,  0x00000051,  0x057737c4,  0x00000000
UNHANDLED MESSAGE HANDLER FOR TYPE: 0x10000234, args: 0x00000000,  0x057736a4,  0x00000051,  0x057736a4,  0x00000000
UNHANDLED MESSAGE HANDLER FOR TYPE: 0x10000001, args: 0x00000000,  0x05773584,  0x00000051,  0x05773584,  0x00000000
UNHANDLED MESSAGE HANDLER FOR TYPE: 0x10000001, args: 0x00000000,  0x05773464,  0x00000051,  0x05773464,  0x00000000
UNHANDLED MESSAGE HANDLER FOR TYPE: 0x1000023e, args: 0x00000000,  0x05773344,  0x00000051,  0x05773344,  0x00000000
UNHANDLED MESSAGE HANDLER FOR TYPE: 0x1000023e, args: 0x00000000,  0x05773224,  0x00000051,  0x05773224,  0x00000000
UNHANDLED MESSAGE HANDLER FOR TYPE: 0x10000236, args: 0x00000000,  0x05773104,  0x00000051,  0x05773104,  0x00000000
UNHANDLED MESSAGE HANDLER FOR TYPE: 0x10000236, args: 0x00000000,  0x05772fe4,  0x00000051,  0x05772fe4,  0x00000000
UNHANDLED MESSAGE HANDLER FOR TYPE: 0x10000236, args: 0x00000000,  0x05772ec4,  0x00000051,  0x05772ec4,  0x00000000
UNHANDLED MESSAGE HANDLER FOR TYPE: 0x10000236, args: 0x00000000,  0x05772da4,  0x00000051,  0x05772da4,  0x00000000
UNHANDLED MESSAGE HANDLER FOR TYPE: 0x10000238, args: 0x00000000,  0x05772c84,  0x00000051,  0x05772c84,  0x00000000
UNHANDLED MESSAGE HANDLER FOR TYPE: 0x10000239, args: 0x00000000,  0x05772b64,  0x00000051,  0x05772b64,  0x00000000
UNHANDLED MESSAGE HANDLER FOR TYPE: 0x10000239, args: 0x00000000,  0x05772a44,  0x00000051,  0x05772a44,  0x00000000
UNHANDLED MESSAGE HANDLER FOR TYPE: 0x10000239, args: 0x00000000,  0x05772924,  0x00000051,  0x05772924,  0x00000000
UNHANDLED MESSAGE HANDLER FOR TYPE: 0x10000239, args: 0x00000000,  0x05772804,  0x00000051,  0x05772804,  0x00000000
UNHANDLED MESSAGE HANDLER FOR TYPE: 0x1000023a, args: 0x00000000,  0x057726e4,  0x00000051,  0x057726e4,  0x00000000
UNHANDLED MESSAGE HANDLER FOR TYPE: 0x1000023a, args: 0x00000000,  0x057725c4,  0x00000051,  0x057725c4,  0x00000000
UNHANDLED MESSAGE HANDLER FOR TYPE: 0x1000023a, args: 0x00000000,  0x057724a4,  0x00000051,  0x057724a4,  0x00000000
UNHANDLED MESSAGE HANDLER FOR TYPE: 0x1000023a, args: 0x00000000,  0x05772384,  0x00000051,  0x05772384,  0x00000000
UNHANDLED MESSAGE HANDLER FOR TYPE: 0x10000001, args: 0x00000000,  0x0577205c,  0x00000051,  0x0577205c,  0x00000000
UNHANDLED MESSAGE HANDLER FOR TYPE: 0x10000001, args: 0x00000000,  0x05771f3c,  0x00000051,  0x05771f3c,  0x00000000
UNHANDLED MESSAGE HANDLER FOR TYPE: 0x10000008, args: 0x00000000,  0x05771e1c,  0x00000051,  0x05771e1c,  0x00000000
UNHANDLED MESSAGE HANDLER FOR TYPE: 0x10000008, args: 0x00000000,  0x05771b08,  0x00000051,  0x05771b08,  0x00000000
UNHANDLED MESSAGE HANDLER FOR TYPE: 0x100000f6, args: 0x00000000,  0x057719e8,  0x00000051,  0x057719e8,  0x00000000
UNHANDLED MESSAGE HANDLER FOR TYPE: 0x100000f6, args: 0x00000000,  0x057716d4,  0x00000051,  0x057716d4,  0x00000000
UNHANDLED MESSAGE HANDLER FOR TYPE: 0x10000225, args: 0x00000000,  0x05771444,  0x00000051,  0x05771444,  0x00000000
UNHANDLED MESSAGE HANDLER FOR TYPE: 0x10000001, args: 0x00000000,  0x05771324,  0x00000051,  0x05771324,  0x00000000
UNHANDLED MESSAGE HANDLER FOR TYPE: 0x10000224, args: 0x00000000,  0x05771204,  0x00000051,  0x05771204,  0x00000000
UNHANDLED MESSAGE HANDLER FOR TYPE: 0x10000001, args: 0x00000000,  0x05770edc,  0x00000051,  0x05770edc,  0x00000000
UNHANDLED MESSAGE HANDLER FOR TYPE: 0x10000001, args: 0x00000000,  0x05770dbc,  0x00000051,  0x05770dbc,  0x00000000
UNHANDLED MESSAGE HANDLER FOR TYPE: 0x100000a2, args: 0x00000000,  0x05770c9c,  0x00000051,  0x05770c9c,  0x00000000
UNHANDLED MESSAGE HANDLER FOR TYPE: 0x1000009f, args: 0x00000000,  0x05770b7c,  0x00000051,  0x05770b7c,  0x00000000
UNHANDLED MESSAGE HANDLER FOR TYPE: 0x100000a2, args: 0x00000000,  0x05770868,  0x00000051,  0x05770868,  0x00000000
UNHANDLED MESSAGE HANDLER FOR TYPE: 0x1000009f, args: 0x00000000,  0x05770554,  0x00000051,  0x05770554,  0x00000000
UNHANDLED MESSAGE HANDLER FOR TYPE: 0x1000019b, args: 0x00000000,  0x05770434,  0x00000051,  0x05770434,  0x00000000
UNHANDLED MESSAGE HANDLER FOR TYPE: 0x1000019b, args: 0x00000000,  0x05770120,  0x00000051,  0x05770120,  0x00000000
UNHANDLED MESSAGE HANDLER FOR TYPE: 0x10000225, args: 0x00000000,  0x0576fe90,  0x00000051,  0x0576fe90,  0x00000000
UNHANDLED MESSAGE HANDLER FOR TYPE: 0x10000001, args: 0x00000000,  0x0576fd70,  0x00000051,  0x0576fd70,  0x00000000
UNHANDLED MESSAGE HANDLER FOR TYPE: 0x10000224, args: 0x00000000,  0x0576fc50,  0x00000051,  0x0576fc50,  0x00000000
UNHANDLED MESSAGE HANDLER FOR TYPE: 0x10000227, args: 0x00000000,  0x0576fb30,  0x00000051,  0x0576fb30,  0x00000000
UNHANDLED MESSAGE HANDLER FOR TYPE: 0x10000228, args: 0x00000000,  0x0576fa10,  0x00000051,  0x0576fa10,  0x00000000
UNHANDLED MESSAGE HANDLER FOR TYPE: 0x10000227, args: 0x00000000,  0x0576f6fc,  0x00000051,  0x0576f6fc,  0x00000000
UNHANDLED MESSAGE HANDLER FOR TYPE: 0x10000228, args: 0x00000000,  0x0576f3e8,  0x00000051,  0x0576f3e8,  0x00000000
UNHANDLED MESSAGE HANDLER FOR TYPE: 0x10000001, args: 0x00000000,  0x0576f0c0,  0x00000051,  0x0576f0c0,  0x00000000
UNHANDLED MESSAGE HANDLER FOR TYPE: 0x10000001, args: 0x00000000,  0x0576efa0,  0x00000051,  0x0576efa0,  0x00000000
UNHANDLED MESSAGE HANDLER FOR TYPE: 0x10000081, args: 0x00000000,  0x0576ee80,  0x00000051,  0x0576ee80,  0x00000000
UNHANDLED MESSAGE HANDLER FOR TYPE: 0x10000084, args: 0x00000000,  0x0576ed60,  0x00000051,  0x0576ed60,  0x00000000
UNHANDLED MESSAGE HANDLER FOR TYPE: 0x1000008c, args: 0x00000000,  0x0576ec40,  0x00000051,  0x0576ec40,  0x00000000
UNHANDLED MESSAGE HANDLER FOR TYPE: 0x1000008d, args: 0x00000000,  0x0576eb20,  0x00000051,  0x0576eb20,  0x00000000
UNHANDLED MESSAGE HANDLER FOR TYPE: 0x10000081, args: 0x00000000,  0x0576e80c,  0x00000051,  0x0576e80c,  0x00000000
UNHANDLED MESSAGE HANDLER FOR TYPE: 0x1000008c, args: 0x00000000,  0x0576e4f8,  0x00000051,  0x0576e4f8,  0x00000000
UNHANDLED MESSAGE HANDLER FOR TYPE: 0x10000080, args: 0x00000000,  0x0576e3d8,  0x00000051,  0x0576e3d8,  0x00000000
UNHANDLED MESSAGE HANDLER FOR TYPE: 0x10000084, args: 0x00000000,  0x0576e0c4,  0x00000051,  0x0576e0c4,  0x00000000
UNHANDLED MESSAGE HANDLER FOR TYPE: 0x10000080, args: 0x00000000,  0x0576ddb0,  0x00000051,  0x0576ddb0,  0x00000000
UNHANDLED MESSAGE HANDLER FOR TYPE: 0x1000008d, args: 0x00000000,  0x0576da9c,  0x00000051,  0x0576da9c,  0x00000000
UNHANDLED MESSAGE HANDLER FOR TYPE: 0x10000225, args: 0x00000000,  0x0576d80c,  0x00000051,  0x0576d80c,  0x00000000
UNHANDLED MESSAGE HANDLER FOR TYPE: 0x10000001, args: 0x00000000,  0x0576d6ec,  0x00000051,  0x0576d6ec,  0x00000000
UNHANDLED MESSAGE HANDLER FOR TYPE: 0x10000224, args: 0x00000000,  0x0576d5cc,  0x00000051,  0x0576d5cc,  0x00000000
UNHANDLED MESSAGE HANDLER FOR TYPE: 0x10000001, args: 0x00000000,  0x0576d2a4,  0x00000051,  0x0576d2a4,  0x00000000
UNHANDLED MESSAGE HANDLER FOR TYPE: 0x10000001, args: 0x00000000,  0x0576d184,  0x00000051,  0x0576d184,  0x00000000
UNHANDLED MESSAGE HANDLER FOR TYPE: 0x10000001, args: 0x00000000,  0x0576d064,  0x00000051,  0x0576d064,  0x00000000
UNHANDLED MESSAGE HANDLER FOR TYPE: 0x10000110, args: 0x00000000,  0x0576cf44,  0x00000051,  0x0576cf44,  0x00000000
UNHANDLED MESSAGE HANDLER FOR TYPE: 0x10000110, args: 0x00000000,  0x0576ce24,  0x00000051,  0x0576ce24,  0x00000000
UNHANDLED MESSAGE HANDLER FOR TYPE: 0x10000110, args: 0x00000000,  0x0576cd04,  0x00000051,  0x0576cd04,  0x00000000
UNHANDLED MESSAGE HANDLER FOR TYPE: 0x10000110, args: 0x00000000,  0x0576cbe4,  0x00000051,  0x0576cbe4,  0x00000000
UNHANDLED MESSAGE HANDLER FOR TYPE: 0x10000110, args: 0x00000000,  0x0576cac4,  0x00000051,  0x0576cac4,  0x00000000
UNHANDLED MESSAGE HANDLER FOR TYPE: 0x10000112, args: 0x00000000,  0x0576c9a4,  0x00000051,  0x0576c9a4,  0x00000000
UNHANDLED MESSAGE HANDLER FOR TYPE: 0x10000113, args: 0x00000000,  0x0576c884,  0x00000051,  0x0576c884,  0x00000000
UNHANDLED MESSAGE HANDLER FOR TYPE: 0x10000001, args: 0x00000000,  0x0576c610,  0x00000051,  0x0576c610,  0x00000000
UNHANDLED MESSAGE HANDLER FOR TYPE: 0x10000224, args: 0x00000000,  0x0576c4f0,  0x00000051,  0x0576c4f0,  0x00000000
UNHANDLED MESSAGE HANDLER FOR TYPE: 0x10000243, args: 0x00000000,  0x0576c3d0,  0x00000051,  0x0576c3d0,  0x00000000
UNHANDLED MESSAGE HANDLER FOR TYPE: 0x10000001, args: 0x00000000,  0x0576c0a8,  0x00000051,  0x0576c0a8,  0x00000000
UNHANDLED MESSAGE HANDLER FOR TYPE: 0x10000001, args: 0x00000000,  0x0576bf88,  0x00000051,  0x0576bf88,  0x00000000
UNHANDLED MESSAGE HANDLER FOR TYPE: 0x10000001, args: 0x00000000,  0x0576be68,  0x00000051,  0x0576be68,  0x00000000
UNHANDLED MESSAGE HANDLER FOR TYPE: 0x1000018d, args: 0x00000000,  0x0576bd48,  0x00000051,  0x0576bd48,  0x00000000
UNHANDLED MESSAGE HANDLER FOR TYPE: 0x10000194, args: 0x00000000,  0x0576bc28,  0x00000051,  0x0576bc28,  0x00000000
UNHANDLED MESSAGE HANDLER FOR TYPE: 0x1000018f, args: 0x00000000,  0x0576bb08,  0x00000051,  0x0576bb08,  0x00000000
UNHANDLED MESSAGE HANDLER FOR TYPE: 0x1000018f, args: 0x00000000,  0x0576b9e8,  0x00000051,  0x0576b9e8,  0x00000000
UNHANDLED MESSAGE HANDLER FOR TYPE: 0x1000018f, args: 0x00000000,  0x0576b8c8,  0x00000051,  0x0576b8c8,  0x00000000
UNHANDLED MESSAGE HANDLER FOR TYPE: 0x1000018f, args: 0x00000000,  0x0576b7a8,  0x00000051,  0x0576b7a8,  0x00000000
UNHANDLED MESSAGE HANDLER FOR TYPE: 0x1000018f, args: 0x00000000,  0x0576b688,  0x00000051,  0x0576b688,  0x00000000
UNHANDLED MESSAGE HANDLER FOR TYPE: 0x100001f6, args: 0x00000000,  0x0576b2a4,  0x00000051,  0x0576b2a4,  0x00000000
UNHANDLED MESSAGE HANDLER FOR TYPE: 0x10000001, args: 0x00000000,  0x0576b184,  0x00000051,  0x0576b184,  0x00000000
UNHANDLED MESSAGE HANDLER FOR TYPE: 0x10000224, args: 0x00000000,  0x0576b064,  0x00000051,  0x0576b064,  0x00000000
UNHANDLED MESSAGE HANDLER FOR TYPE: 0x10000001, args: 0x00000000,  0x0576ad3c,  0x00000051,  0x0576ad3c,  0x00000000
UNHANDLED MESSAGE HANDLER FOR TYPE: 0x10000001, args: 0x00000000,  0x0576ac1c,  0x00000051,  0x0576ac1c,  0x00000000
UNHANDLED MESSAGE HANDLER FOR TYPE: 0x10000116, args: 0x00000000,  0x0576aafc,  0x00000051,  0x0576aafc,  0x00000000
UNHANDLED MESSAGE HANDLER FOR TYPE: 0x10000116, args: 0x00000000,  0x0576a7e8,  0x00000051,  0x0576a7e8,  0x00000000
UNHANDLED MESSAGE HANDLER FOR TYPE: 0x10000185, args: 0x00000000,  0x0576a6c8,  0x00000051,  0x0576a6c8,  0x00000000
UNHANDLED MESSAGE HANDLER FOR TYPE: 0x10000186, args: 0x00000000,  0x0576a5a8,  0x00000051,  0x0576a5a8,  0x00000000
UNHANDLED MESSAGE HANDLER FOR TYPE: 0x10000187, args: 0x00000000,  0x0576a488,  0x00000051,  0x0576a488,  0x00000000
UNHANDLED MESSAGE HANDLER FOR TYPE: 0x10000188, args: 0x00000000,  0x0576a368,  0x00000051,  0x0576a368,  0x00000000
UNHANDLED MESSAGE HANDLER FOR TYPE: 0x10000195, args: 0x00000000,  0x0576a248,  0x00000051,  0x0576a248,  0x00000000
UNHANDLED MESSAGE HANDLER FOR TYPE: 0x1000018a, args: 0x00000000,  0x0576a128,  0x00000051,  0x0576a128,  0x00000000
UNHANDLED MESSAGE HANDLER FOR TYPE: 0x1000018c, args: 0x00000000,  0x0576a008,  0x00000051,  0x0576a008,  0x00000000
UNHANDLED MESSAGE HANDLER FOR TYPE: 0x1000018c, args: 0x00000000,  0x05769cf4,  0x00000051,  0x05769cf4,  0x00000000
UNHANDLED MESSAGE HANDLER FOR TYPE: 0x10000195, args: 0x00000000,  0x057699e0,  0x00000051,  0x057699e0,  0x00000000
UNHANDLED MESSAGE HANDLER FOR TYPE: 0x10000185, args: 0x00000000,  0x057696cc,  0x00000051,  0x057696cc,  0x00000000
UNHANDLED MESSAGE HANDLER FOR TYPE: 0x10000186, args: 0x00000000,  0x057693b8,  0x00000051,  0x057693b8,  0x00000000
UNHANDLED MESSAGE HANDLER FOR TYPE: 0x10000187, args: 0x00000000,  0x057690a4,  0x00000051,  0x057690a4,  0x00000000
UNHANDLED MESSAGE HANDLER FOR TYPE: 0x10000188, args: 0x00000000,  0x05768d90,  0x00000051,  0x05768d90,  0x00000000
UNHANDLED MESSAGE HANDLER FOR TYPE: 0x1000018a, args: 0x00000000,  0x05768a7c,  0x00000051,  0x05768a7c,  0x00000000
UNHANDLED MESSAGE HANDLER FOR TYPE: 0x10000225, args: 0x00000000,  0x057687ec,  0x00000051,  0x057687ec,  0x00000000
UNHANDLED MESSAGE HANDLER FOR TYPE: 0x10000001, args: 0x00000000,  0x057686cc,  0x00000051,  0x057686cc,  0x00000000
UNHANDLED MESSAGE HANDLER FOR TYPE: 0x10000224, args: 0x00000000,  0x057685ac,  0x00000051,  0x057685ac,  0x00000000
UNHANDLED MESSAGE HANDLER FOR TYPE: 0x10000001, args: 0x00000000,  0x05768308,  0x00000051,  0x05768308,  0x00000000
UNHANDLED MESSAGE HANDLER FOR TYPE: 0x10000001, args: 0x00000000,  0x057681e8,  0x00000051,  0x057681e8,  0x00000000
UNHANDLED MESSAGE HANDLER FOR TYPE: 0x10000001, args: 0x00000000,  0x057679e8,  0x00000051,  0x057679e8,  0x00000000
UNHANDLED MESSAGE HANDLER FOR TYPE: 0x10000001, args: 0x00000000,  0x057678c8,  0x00000051,  0x057678c8,  0x00000000
UNHANDLED MESSAGE HANDLER FOR TYPE: 0x10000001, args: 0x00000000,  0x057677a8,  0x00000051,  0x057677a8,  0x00000000
UNHANDLED MESSAGE HANDLER FOR TYPE: 0x10000157, args: 0x00000000,  0x05767688,  0x00000051,  0x05767688,  0x00000000
UNHANDLED MESSAGE HANDLER FOR TYPE: 0x10000158, args: 0x00000000,  0x05767568,  0x00000051,  0x05767568,  0x00000000
UNHANDLED MESSAGE HANDLER FOR TYPE: 0x10000159, args: 0x00000000,  0x05767448,  0x00000051,  0x05767448,  0x00000000
UNHANDLED MESSAGE HANDLER FOR TYPE: 0x1000015a, args: 0x00000000,  0x05767328,  0x00000051,  0x05767328,  0x00000000
UNHANDLED MESSAGE HANDLER FOR TYPE: 0x1000015c, args: 0x00000000,  0x05767208,  0x00000051,  0x05767208,  0x00000000
UNHANDLED MESSAGE HANDLER FOR TYPE: 0x10000157, args: 0x00000000,  0x057670e8,  0x00000051,  0x057670e8,  0x00000000
UNHANDLED MESSAGE HANDLER FOR TYPE: 0x10000157, args: 0x00000000,  0x05766fc8,  0x00000051,  0x05766fc8,  0x00000000
UNHANDLED MESSAGE HANDLER FOR TYPE: 0x10000157, args: 0x00000000,  0x05766ea8,  0x00000051,  0x05766ea8,  0x00000000
UNHANDLED MESSAGE HANDLER FOR TYPE: 0x10000158, args: 0x00000000,  0x05766d88,  0x00000051,  0x05766d88,  0x00000000
UNHANDLED MESSAGE HANDLER FOR TYPE: 0x10000156, args: 0x00000000,  0x05766c68,  0x00000051,  0x05766c68,  0x00000000
UNHANDLED MESSAGE HANDLER FOR TYPE: 0x10000158, args: 0x00000000,  0x05766b48,  0x00000051,  0x05766b48,  0x00000000
UNHANDLED MESSAGE HANDLER FOR TYPE: 0x10000158, args: 0x00000000,  0x05766a28,  0x00000051,  0x05766a28,  0x00000000
UNHANDLED MESSAGE HANDLER FOR TYPE: 0x10000159, args: 0x00000000,  0x05766908,  0x00000051,  0x05766908,  0x00000000
UNHANDLED MESSAGE HANDLER FOR TYPE: 0x10000159, args: 0x00000000,  0x057667e8,  0x00000051,  0x057667e8,  0x00000000
UNHANDLED MESSAGE HANDLER FOR TYPE: 0x10000159, args: 0x00000000,  0x057666c8,  0x00000051,  0x057666c8,  0x00000000
UNHANDLED MESSAGE HANDLER FOR TYPE: 0x1000015a, args: 0x00000000,  0x057665a8,  0x00000051,  0x057665a8,  0x00000000
UNHANDLED MESSAGE HANDLER FOR TYPE: 0x1000015a, args: 0x00000000,  0x05766488,  0x00000051,  0x05766488,  0x00000000
UNHANDLED MESSAGE HANDLER FOR TYPE: 0x1000015a, args: 0x00000000,  0x05766368,  0x00000051,  0x05766368,  0x00000000
UNHANDLED MESSAGE HANDLER FOR TYPE: 0x1000015c, args: 0x00000000,  0x05766248,  0x00000051,  0x05766248,  0x00000000
UNHANDLED MESSAGE HANDLER FOR TYPE: 0x1000015c, args: 0x00000000,  0x05766128,  0x00000051,  0x05766128,  0x00000000
UNHANDLED MESSAGE HANDLER FOR TYPE: 0x1000015c, args: 0x00000000,  0x05766008,  0x00000051,  0x05766008,  0x00000000
UNHANDLED MESSAGE HANDLER FOR TYPE: 0x10000156, args: 0x00000000,  0x05765ee8,  0x00000051,  0x05765ee8,  0x00000000
UNHANDLED MESSAGE HANDLER FOR TYPE: 0x10000156, args: 0x00000000,  0x05765dc8,  0x00000051,  0x05765dc8,  0x00000000
UNHANDLED MESSAGE HANDLER FOR TYPE: 0x10000156, args: 0x00000000,  0x05765ca8,  0x00000051,  0x05765ca8,  0x00000000
UNHANDLED MESSAGE HANDLER FOR TYPE: 0x10000001, args: 0x00000000,  0x05765b88,  0x00000051,  0x05765b88,  0x00000000
UNHANDLED MESSAGE HANDLER FOR TYPE: 0x10000001, args: 0x00000000,  0x05765a68,  0x00000051,  0x05765a68,  0x00000000
UNHANDLED MESSAGE HANDLER FOR TYPE: 0x10000001, args: 0x00000000,  0x057658b0,  0x00000051,  0x057658b0,  0x00000000
UNHANDLED MESSAGE HANDLER FOR TYPE: 0x10000001, args: 0x00000000,  0x05765790,  0x00000051,  0x05765790,  0x00000000
UNHANDLED MESSAGE HANDLER FOR TYPE: 0x10000240, args: 0x00000000,  0x05765670,  0x00000051,  0x05765670,  0x00000000
UNHANDLED MESSAGE HANDLER FOR TYPE: 0x10000240, args: 0x00000000,  0x05765550,  0x00000051,  0x05765550,  0x00000000
UNHANDLED MESSAGE HANDLER FOR TYPE: 0x10000240, args: 0x00000000,  0x05765430,  0x00000051,  0x05765430,  0x00000000
UNHANDLED MESSAGE HANDLER FOR TYPE: 0x10000240, args: 0x00000000,  0x05765310,  0x00000051,  0x05765310,  0x00000000
UNHANDLED MESSAGE HANDLER FOR TYPE: 0x1000023d, args: 0x00000000,  0x057651f0,  0x00000051,  0x057651f0,  0x00000000
UNHANDLED MESSAGE HANDLER FOR TYPE: 0x40000010, args: 0x00000000,  0x0576506c,  0x00000051,  0x0576506c,  0x00000000
UNHANDLED MESSAGE HANDLER FOR TYPE: 0x10000029, args: 0x00000000,  0x05764ec8,  0x00000051,  0x05764ec8,  0x00000000
UNHANDLED MESSAGE HANDLER FOR TYPE: 0x10000220, args: 0x00000000,  0x05764da8,  0x00000051,  0x05764da8,  0x00000000
UNHANDLED MESSAGE HANDLER FOR TYPE: 0x10000001, args: 0x00000000,  0x05764b34,  0x00000051,  0x05764b34,  0x00000000
UNHANDLED MESSAGE HANDLER FOR TYPE: 0x100000ec, args: 0x00000000,  0x05764a14,  0x00000051,  0x05764a14,  0x00000000
UNHANDLED MESSAGE HANDLER FOR TYPE: 0x100000ec, args: 0x00000000,  0x057648f4,  0x00000051,  0x057648f4,  0x00000000
UNHANDLED MESSAGE HANDLER FOR TYPE: 0x100000ec, args: 0x00000000,  0x057647d4,  0x00000051,  0x057647d4,  0x00000000
UNHANDLED MESSAGE HANDLER FOR TYPE: 0x100000ec, args: 0x00000000,  0x057646b4,  0x00000051,  0x057646b4,  0x00000000
UNHANDLED MESSAGE HANDLER FOR TYPE: 0x100000ec, args: 0x00000000,  0x05764594,  0x00000051,  0x05764594,  0x00000000
UNHANDLED MESSAGE HANDLER FOR TYPE: 0x10000108, args: 0x00000000,  0x05764474,  0x00000051,  0x05764474,  0x00000000
UNHANDLED MESSAGE HANDLER FOR TYPE: 0x10000122, args: 0x00000000,  0x05764354,  0x00000051,  0x05764354,  0x00000000
UNHANDLED MESSAGE HANDLER FOR TYPE: 0x100001cd, args: 0x00000000,  0x05764234,  0x00000051,  0x05764234,  0x00000000
UNHANDLED MESSAGE HANDLER FOR TYPE: 0x100001f1, args: 0x00000000,  0x05763fa4,  0x00000051,  0x05763fa4,  0x00000000
UNHANDLED MESSAGE HANDLER FOR TYPE: 0x10000001, args: 0x00000000,  0x05763e84,  0x00000051,  0x05763e84,  0x00000000
UNHANDLED MESSAGE HANDLER FOR TYPE: 0x10000224, args: 0x00000000,  0x05763d64,  0x00000051,  0x05763d64,  0x00000000
UNHANDLED MESSAGE HANDLER FOR TYPE: 0x100001f9, args: 0x00000000,  0x05763a3c,  0x00000051,  0x05763a3c,  0x00000000
UNHANDLED MESSAGE HANDLER FOR TYPE: 0x10000001, args: 0x00000000,  0x0576391c,  0x00000051,  0x0576391c,  0x00000000
UNHANDLED MESSAGE HANDLER FOR TYPE: 0x10000001, args: 0x00000000,  0x057637fc,  0x00000051,  0x057637fc,  0x00000000
UNHANDLED MESSAGE HANDLER FOR TYPE: 0x100000ff, args: 0x00000000,  0x057636dc,  0x00000051,  0x057636dc,  0x00000000
UNHANDLED MESSAGE HANDLER FOR TYPE: 0x100000ff, args: 0x00000000,  0x057635bc,  0x00000051,  0x057635bc,  0x00000000
UNHANDLED MESSAGE HANDLER FOR TYPE: 0x100000ff, args: 0x00000000,  0x0576349c,  0x00000051,  0x0576349c,  0x00000000
UNHANDLED MESSAGE HANDLER FOR TYPE: 0x100000ff, args: 0x00000000,  0x0576337c,  0x00000051,  0x0576337c,  0x00000000
UNHANDLED MESSAGE HANDLER FOR TYPE: 0x100000ff, args: 0x00000000,  0x0576325c,  0x00000051,  0x0576325c,  0x00000000
UNHANDLED MESSAGE HANDLER FOR TYPE: 0x10000109, args: 0x00000000,  0x05762fe8,  0x00000051,  0x05762fe8,  0x00000000
UNHANDLED MESSAGE HANDLER FOR TYPE: 0x100001a5, args: 0x00000000,  0x05762ec8,  0x00000051,  0x05762ec8,  0x00000000
UNHANDLED MESSAGE HANDLER FOR TYPE: 0x100001ec, args: 0x00000000,  0x05762c38,  0x00000051,  0x05762c38,  0x00000000
UNHANDLED MESSAGE HANDLER FOR TYPE: 0x10000001, args: 0x00000000,  0x05762b18,  0x00000051,  0x05762b18,  0x00000000
UNHANDLED MESSAGE HANDLER FOR TYPE: 0x10000224, args: 0x00000000,  0x057629f8,  0x00000051,  0x057629f8,  0x00000000
UNHANDLED MESSAGE HANDLER FOR TYPE: 0x40000011, args: 0x00000000,  0x05762874,  0x00000051,  0x05762874,  0x00000000
UNHANDLED MESSAGE HANDLER FOR TYPE: 0x10000242, args: 0x00000000,  0x0575e44c,  0x00000051,  0x0575e44c,  0x00000000
UNHANDLED MESSAGE HANDLER FOR TYPE: 0x10000001, args: 0x00000000,  0x0575e32c,  0x00000051,  0x0575e32c,  0x00000000
UNHANDLED MESSAGE HANDLER FOR TYPE: 0x10000001, args: 0x00000000,  0x0575e174,  0x00000051,  0x0575e174,  0x00000000
UNHANDLED MESSAGE HANDLER FOR TYPE: 0x10000001, args: 0x00000000,  0x0575dfbc,  0x00000051,  0x0575dfbc,  0x00000000
UNHANDLED MESSAGE HANDLER FOR TYPE: 0x10000075, args: 0x00000000,  0x0575de9c,  0x00000051,  0x0575de9c,  0x00000000
UNHANDLED MESSAGE HANDLER FOR TYPE: 0x10000001, args: 0x00000000,  0x0575dd7c,  0x00000051,  0x0575dd7c,  0x00000000
UNHANDLED MESSAGE HANDLER FOR TYPE: 0x40000003, args: 0x00000000,  0x0575dbf8,  0x00000051,  0x0575dbf8,  0x00000000
UNHANDLED MESSAGE HANDLER FOR TYPE: 0x10000001, args: 0x00000000,  0x0575da54,  0x00000051,  0x0575da54,  0x00000000
UNHANDLED MESSAGE HANDLER FOR TYPE: 0x1000003f, args: 0x00000000,  0x0575d934,  0x00000051,  0x0575d934,  0x00000000
UNHANDLED MESSAGE HANDLER FOR TYPE: 0x10000047, args: 0x00000000,  0x0575d814,  0x00000051,  0x0575d814,  0x00000000
UNHANDLED MESSAGE HANDLER FOR TYPE: 0x10000048, args: 0x00000000,  0x0575d6f4,  0x00000051,  0x0575d6f4,  0x00000000
UNHANDLED MESSAGE HANDLER FOR TYPE: 0x10000049, args: 0x00000000,  0x0575d5d4,  0x00000051,  0x0575d5d4,  0x00000000
UNHANDLED MESSAGE HANDLER FOR TYPE: 0x1000004a, args: 0x00000000,  0x0575d4b4,  0x00000051,  0x0575d4b4,  0x00000000
UNHANDLED MESSAGE HANDLER FOR TYPE: 0x10000040, args: 0x00000000,  0x0575d394,  0x00000051,  0x0575d394,  0x00000000
UNHANDLED MESSAGE HANDLER FOR TYPE: 0x10000041, args: 0x00000000,  0x0575d274,  0x00000051,  0x0575d274,  0x00000000
UNHANDLED MESSAGE HANDLER FOR TYPE: 0x10000042, args: 0x00000000,  0x0575d154,  0x00000051,  0x0575d154,  0x00000000
UNHANDLED MESSAGE HANDLER FOR TYPE: 0x10000043, args: 0x00000000,  0x0575d034,  0x00000051,  0x0575d034,  0x00000000
UNHANDLED MESSAGE HANDLER FOR TYPE: 0x10000045, args: 0x00000000,  0x0575cf14,  0x00000051,  0x0575cf14,  0x00000000
UNHANDLED MESSAGE HANDLER FOR TYPE: 0x10000044, args: 0x00000000,  0x0575cdf4,  0x00000051,  0x0575cdf4,  0x00000000
UNHANDLED MESSAGE HANDLER FOR TYPE: 0x10000046, args: 0x00000000,  0x0575ccd4,  0x00000051,  0x0575ccd4,  0x00000000
UNHANDLED MESSAGE HANDLER FOR TYPE: 0x1000004f, args: 0x00000000,  0x0575cbb4,  0x00000051,  0x0575cbb4,  0x00000000
UNHANDLED MESSAGE HANDLER FOR TYPE: 0x1000004f, args: 0x00000000,  0x0575ca94,  0x00000051,  0x0575ca94,  0x00000000
UNHANDLED MESSAGE HANDLER FOR TYPE: 0x1000004f, args: 0x00000000,  0x0575c974,  0x00000051,  0x0575c974,  0x00000000
UNHANDLED MESSAGE HANDLER FOR TYPE: 0x1000004f, args: 0x00000000,  0x0575c854,  0x00000051,  0x0575c854,  0x00000000
UNHANDLED MESSAGE HANDLER FOR TYPE: 0x1000004f, args: 0x00000000,  0x0575c734,  0x00000051,  0x0575c734,  0x00000000
UNHANDLED MESSAGE HANDLER FOR TYPE: 0x1000004f, args: 0x00000000,  0x0575c614,  0x00000051,  0x0575c614,  0x00000000
UNHANDLED MESSAGE HANDLER FOR TYPE: 0x1000004f, args: 0x00000000,  0x0575c4f4,  0x00000051,  0x0575c4f4,  0x00000000
UNHANDLED MESSAGE HANDLER FOR TYPE: 0x1000004f, args: 0x00000000,  0x0575c3d4,  0x00000051,  0x0575c3d4,  0x00000000
UNHANDLED MESSAGE HANDLER FOR TYPE: 0x1000004f, args: 0x00000000,  0x0575c2b4,  0x00000051,  0x0575c2b4,  0x00000000
UNHANDLED MESSAGE HANDLER FOR TYPE: 0x1000004f, args: 0x00000000,  0x0575c194,  0x00000051,  0x0575c194,  0x00000000
UNHANDLED MESSAGE HANDLER FOR TYPE: 0x1000004f, args: 0x00000000,  0x0575c074,  0x00000051,  0x0575c074,  0x00000000
UNHANDLED MESSAGE HANDLER FOR TYPE: 0x1000004f, args: 0x00000000,  0x0575bf54,  0x00000051,  0x0575bf54,  0x00000000
UNHANDLED MESSAGE HANDLER FOR TYPE: 0x1000004f, args: 0x00000000,  0x0575be34,  0x00000051,  0x0575be34,  0x00000000
UNHANDLED MESSAGE HANDLER FOR TYPE: 0x1000004f, args: 0x00000000,  0x0575bd14,  0x00000051,  0x0575bd14,  0x00000000
UNHANDLED MESSAGE HANDLER FOR TYPE: 0x1000004f, args: 0x00000000,  0x0575bbf4,  0x00000051,  0x0575bbf4,  0x00000000
UNHANDLED MESSAGE HANDLER FOR TYPE: 0x1000004f, args: 0x00000000,  0x0575bad4,  0x00000051,  0x0575bad4,  0x00000000
UNHANDLED MESSAGE HANDLER FOR TYPE: 0x1000004f, args: 0x00000000,  0x0575b9b4,  0x00000051,  0x0575b9b4,  0x00000000
UNHANDLED MESSAGE HANDLER FOR TYPE: 0x1000004f, args: 0x00000000,  0x0575b894,  0x00000051,  0x0575b894,  0x00000000
UNHANDLED MESSAGE HANDLER FOR TYPE: 0x1000004f, args: 0x00000000,  0x0575b774,  0x00000051,  0x0575b774,  0x00000000
UNHANDLED MESSAGE HANDLER FOR TYPE: 0x1000004f, args: 0x00000000,  0x0575b654,  0x00000051,  0x0575b654,  0x00000000
UNHANDLED MESSAGE HANDLER FOR TYPE: 0x1000004f, args: 0x00000000,  0x0575b534,  0x00000051,  0x0575b534,  0x00000000
UNHANDLED MESSAGE HANDLER FOR TYPE: 0x1000004f, args: 0x00000000,  0x0575b414,  0x00000051,  0x0575b414,  0x00000000
UNHANDLED MESSAGE HANDLER FOR TYPE: 0x1000004f, args: 0x00000000,  0x0575b2f4,  0x00000051,  0x0575b2f4,  0x00000000
UNHANDLED MESSAGE HANDLER FOR TYPE: 0x1000004f, args: 0x00000000,  0x0575b1d4,  0x00000051,  0x0575b1d4,  0x00000000
UNHANDLED MESSAGE HANDLER FOR TYPE: 0x10000051, args: 0x00000000,  0x0575ada0,  0x00000051,  0x0575ada0,  0x00000000
UNHANDLED MESSAGE HANDLER FOR TYPE: 0x10000094, args: 0x00000000,  0x0575ac80,  0x00000051,  0x0575ac80,  0x00000000
UNHANDLED MESSAGE HANDLER FOR TYPE: 0x10000095, args: 0x00000000,  0x0575ab60,  0x00000051,  0x0575ab60,  0x00000000
UNHANDLED MESSAGE HANDLER FOR TYPE: 0x1000004f, args: 0x00000000,  0x0575aa40,  0x00000051,  0x0575aa40,  0x00000000
UNHANDLED MESSAGE HANDLER FOR TYPE: 0x1000004f, args: 0x00000000,  0x0575a920,  0x00000051,  0x0575a920,  0x00000000
UNHANDLED MESSAGE HANDLER FOR TYPE: 0x1000004f, args: 0x00000000,  0x0575a800,  0x00000051,  0x0575a800,  0x00000000
UNHANDLED MESSAGE HANDLER FOR TYPE: 0x1000004f, args: 0x00000000,  0x0575a6e0,  0x00000051,  0x0575a6e0,  0x00000000
UNHANDLED MESSAGE HANDLER FOR TYPE: 0x10000001, args: 0x00000000,  0x0575a5c0,  0x00000051,  0x0575a5c0,  0x00000000
UNHANDLED MESSAGE HANDLER FOR TYPE: 0x10000001, args: 0x00000000,  0x0575a4a0,  0x00000051,  0x0575a4a0,  0x00000000
UNHANDLED MESSAGE HANDLER FOR TYPE: 0x10000001, args: 0x00000000,  0x0575a2e8,  0x00000051,  0x0575a2e8,  0x00000000
UNHANDLED MESSAGE HANDLER FOR TYPE: 0x100000c9, args: 0x00000000,  0x0575a130,  0x00000051,  0x0575a130,  0x00000000
UNHANDLED MESSAGE HANDLER FOR TYPE: 0x10000001, args: 0x00000000,  0x0575a010,  0x00000051,  0x0575a010,  0x00000000
UNHANDLED MESSAGE HANDLER FOR TYPE: 0x10000001, args: 0x00000000,  0x05759ef0,  0x00000051,  0x05759ef0,  0x00000000
UNHANDLED MESSAGE HANDLER FOR TYPE: 0x10000224, args: 0x00000000,  0x05759dd0,  0x00000051,  0x05759dd0,  0x00000000
UNHANDLED MESSAGE HANDLER FOR TYPE: 0x10000050, args: 0x00000000,  0x05759cb0,  0x00000051,  0x05759cb0,  0x00000000
UNHANDLED MESSAGE HANDLER FOR TYPE: 0x4000003e, args: 0x00000000,  0x05759b2c,  0x00000051,  0x05759b2c,  0x00000000
UNHANDLED MESSAGE HANDLER FOR TYPE: 0x10000001, args: 0x00000000,  0x05759a0c,  0x00000051,  0x05759a0c,  0x00000000
UNHANDLED MESSAGE HANDLER FOR TYPE: 0x10000001, args: 0x00000000,  0x057598ec,  0x00000051,  0x057598ec,  0x00000000
UNHANDLED MESSAGE HANDLER FOR TYPE: 0x10000001, args: 0x00000000,  0x057597cc,  0x00000051,  0x057597cc,  0x00000000
UNHANDLED MESSAGE HANDLER FOR TYPE: 0x10000001, args: 0x00000000,  0x057596ac,  0x00000051,  0x057596ac,  0x00000000
UNHANDLED MESSAGE HANDLER FOR TYPE: 0x10000001, args: 0x00000000,  0x0575958c,  0x00000051,  0x0575958c,  0x00000000
UNHANDLED MESSAGE HANDLER FOR TYPE: 0x10000001, args: 0x00000000,  0x0575946c,  0x00000051,  0x0575946c,  0x00000000
UNHANDLED MESSAGE HANDLER FOR TYPE: 0x10000001, args: 0x00000000,  0x0575934c,  0x00000051,  0x0575934c,  0x00000000
UNHANDLED MESSAGE HANDLER FOR TYPE: 0x10000001, args: 0x00000000,  0x0575922c,  0x00000051,  0x0575922c,  0x00000000
UNHANDLED MESSAGE HANDLER FOR TYPE: 0x10000001, args: 0x00000000,  0x0575910c,  0x00000051,  0x0575910c,  0x00000000
UNHANDLED MESSAGE HANDLER FOR TYPE: 0x10000001, args: 0x00000000,  0x05758fec,  0x00000051,  0x05758fec,  0x00000000
UNHANDLED MESSAGE HANDLER FOR TYPE: 0x10000001, args: 0x00000000,  0x05758ecc,  0x00000051,  0x05758ecc,  0x00000000
UNHANDLED MESSAGE HANDLER FOR TYPE: 0x10000001, args: 0x00000000,  0x05758dac,  0x00000051,  0x05758dac,  0x00000000
UNHANDLED MESSAGE HANDLER FOR TYPE: 0x10000001, args: 0x00000000,  0x05758c8c,  0x00000051,  0x05758c8c,  0x00000000
UNHANDLED MESSAGE HANDLER FOR TYPE: 0x10000001, args: 0x00000000,  0x05758b6c,  0x00000051,  0x05758b6c,  0x00000000
UNHANDLED MESSAGE HANDLER FOR TYPE: 0x10000001, args: 0x00000000,  0x05758a4c,  0x00000051,  0x05758a4c,  0x00000000
UNHANDLED MESSAGE HANDLER FOR TYPE: 0x10000001, args: 0x00000000,  0x0575892c,  0x00000051,  0x0575892c,  0x00000000
UNHANDLED MESSAGE HANDLER FOR TYPE: 0x10000001, args: 0x00000000,  0x0575880c,  0x00000051,  0x0575880c,  0x00000000
UNHANDLED MESSAGE HANDLER FOR TYPE: 0x10000001, args: 0x00000000,  0x057586ec,  0x00000051,  0x057586ec,  0x00000000
UNHANDLED MESSAGE HANDLER FOR TYPE: 0x10000001, args: 0x00000000,  0x057585cc,  0x00000051,  0x057585cc,  0x00000000
UNHANDLED MESSAGE HANDLER FOR TYPE: 0x10000001, args: 0x00000000,  0x057584ac,  0x00000051,  0x057584ac,  0x00000000
UNHANDLED MESSAGE HANDLER FOR TYPE: 0x10000001, args: 0x00000000,  0x0575838c,  0x00000051,  0x0575838c,  0x00000000
UNHANDLED MESSAGE HANDLER FOR TYPE: 0x10000001, args: 0x00000000,  0x0575826c,  0x00000051,  0x0575826c,  0x00000000
UNHANDLED MESSAGE HANDLER FOR TYPE: 0x10000001, args: 0x00000000,  0x0575814c,  0x00000051,  0x0575814c,  0x00000000
UNHANDLED MESSAGE HANDLER FOR TYPE: 0x10000001, args: 0x00000000,  0x0575802c,  0x00000051,  0x0575802c,  0x00000000
UNHANDLED MESSAGE HANDLER FOR TYPE: 0x10000001, args: 0x00000000,  0x05757f0c,  0x00000051,  0x05757f0c,  0x00000000
UNHANDLED MESSAGE HANDLER FOR TYPE: 0x10000001, args: 0x00000000,  0x05757dec,  0x00000051,  0x05757dec,  0x00000000
UNHANDLED MESSAGE HANDLER FOR TYPE: 0x10000001, args: 0x00000000,  0x05757ccc,  0x00000051,  0x05757ccc,  0x00000000
UNHANDLED MESSAGE HANDLER FOR TYPE: 0x10000001, args: 0x00000000,  0x05757bac,  0x00000051,  0x05757bac,  0x00000000
UNHANDLED MESSAGE HANDLER FOR TYPE: 0x10000001, args: 0x00000000,  0x05757a8c,  0x00000051,  0x05757a8c,  0x00000000
UNHANDLED MESSAGE HANDLER FOR TYPE: 0x10000001, args: 0x00000000,  0x0575796c,  0x00000051,  0x0575796c,  0x00000000
UNHANDLED MESSAGE HANDLER FOR TYPE: 0x10000001, args: 0x00000000,  0x0575784c,  0x00000051,  0x0575784c,  0x00000000
UNHANDLED MESSAGE HANDLER FOR TYPE: 0x10000001, args: 0x00000000,  0x0575772c,  0x00000051,  0x0575772c,  0x00000000
UNHANDLED MESSAGE HANDLER FOR TYPE: 0x10000001, args: 0x00000000,  0x0575760c,  0x00000051,  0x0575760c,  0x00000000
UNHANDLED MESSAGE HANDLER FOR TYPE: 0x10000001, args: 0x00000000,  0x057574ec,  0x00000051,  0x057574ec,  0x00000000
UNHANDLED MESSAGE HANDLER FOR TYPE: 0x10000001, args: 0x00000000,  0x057573cc,  0x00000051,  0x057573cc,  0x00000000
UNHANDLED MESSAGE HANDLER FOR TYPE: 0x10000001, args: 0x00000000,  0x057572ac,  0x00000051,  0x057572ac,  0x00000000
UNHANDLED MESSAGE HANDLER FOR TYPE: 0x10000001, args: 0x00000000,  0x0575718c,  0x00000051,  0x0575718c,  0x00000000
UNHANDLED MESSAGE HANDLER FOR TYPE: 0x10000224, args: 0x00000000,  0x0575706c,  0x00000051,  0x0575706c,  0x00000000
UNHANDLED MESSAGE HANDLER FOR TYPE: 0x10000001, args: 0x00000000,  0x05756f4c,  0x00000051,  0x05756f4c,  0x00000000
UNHANDLED MESSAGE HANDLER FOR TYPE: 0x10000001, args: 0x00000000,  0x05756e2c,  0x00000051,  0x05756e2c,  0x00000000
UNHANDLED MESSAGE HANDLER FOR TYPE: 0x10000001, args: 0x00000000,  0x05756b04,  0x00000051,  0x05756b04,  0x00000000
UNHANDLED MESSAGE HANDLER FOR TYPE: 0x10000001, args: 0x00000000,  0x057569e4,  0x00000051,  0x057569e4,  0x00000000
UNHANDLED MESSAGE HANDLER FOR TYPE: 0x1000011a, args: 0x00000000,  0x057568c4,  0x00000051,  0x057568c4,  0x00000000
UNHANDLED MESSAGE HANDLER FOR TYPE: 0x1000011b, args: 0x00000000,  0x057567a4,  0x00000051,  0x057567a4,  0x00000000
UNHANDLED MESSAGE HANDLER FOR TYPE: 0x1000011b, args: 0x00000000,  0x05756490,  0x00000051,  0x05756490,  0x00000000
UNHANDLED MESSAGE HANDLER FOR TYPE: 0x1000011a, args: 0x00000000,  0x0575617c,  0x00000051,  0x0575617c,  0x00000000
UNHANDLED MESSAGE HANDLER FOR TYPE: 0x10000124, args: 0x00000000,  0x0575605c,  0x00000051,  0x0575605c,  0x00000000
UNHANDLED MESSAGE HANDLER FOR TYPE: 0x10000125, args: 0x00000000,  0x05755f3c,  0x00000051,  0x05755f3c,  0x00000000
UNHANDLED MESSAGE HANDLER FOR TYPE: 0x10000126, args: 0x00000000,  0x05755e1c,  0x00000051,  0x05755e1c,  0x00000000
UNHANDLED MESSAGE HANDLER FOR TYPE: 0x10000124, args: 0x00000000,  0x05755b08,  0x00000051,  0x05755b08,  0x00000000
UNHANDLED MESSAGE HANDLER FOR TYPE: 0x10000125, args: 0x00000000,  0x057557f4,  0x00000051,  0x057557f4,  0x00000000
UNHANDLED MESSAGE HANDLER FOR TYPE: 0x10000126, args: 0x00000000,  0x057554e0,  0x00000051,  0x057554e0,  0x00000000
UNHANDLED MESSAGE HANDLER FOR TYPE: 0x100001cb, args: 0x00000000,  0x057553c0,  0x00000051,  0x057553c0,  0x00000000
UNHANDLED MESSAGE HANDLER FOR TYPE: 0x100001cb, args: 0x00000000,  0x057550ac,  0x00000051,  0x057550ac,  0x00000000
UNHANDLED MESSAGE HANDLER FOR TYPE: 0x10000225, args: 0x00000000,  0x05754e1c,  0x00000051,  0x05754e1c,  0x00000000
UNHANDLED MESSAGE HANDLER FOR TYPE: 0x10000225, args: 0x00000000,  0x05754e1c,  0x00000051,  0x05754e1c,  0x00000000
UNHANDLED MESSAGE HANDLER FOR TYPE: 0x10000225, args: 0x00000000,  0x05754e1c,  0x00000051,  0x05754e1c,  0x00000000
UNHANDLED MESSAGE HANDLER FOR TYPE: 0x10000001, args: 0x00000000,  0x05754cfc,  0x00000051,  0x05754cfc,  0x00000000
UNHANDLED MESSAGE HANDLER FOR TYPE: 0x10000224, args: 0x00000000,  0x05754bdc,  0x00000051,  0x05754bdc,  0x00000000
UNHANDLED MESSAGE HANDLER FOR TYPE: 0x10000226, args: 0x00000000,  0x05754abc,  0x00000051,  0x05754abc,  0x00000000
UNHANDLED MESSAGE HANDLER FOR TYPE: 0x10000226, args: 0x00000000,  0x057547a8,  0x00000051,  0x057547a8,  0x00000000
UNHANDLED MESSAGE HANDLER FOR TYPE: 0x1000023b, args: 0x00000000,  0x05754688,  0x00000051,  0x05754688,  0x00000000
UNHANDLED MESSAGE HANDLER FOR TYPE: 0x1000023b, args: 0x00000000,  0x05754374,  0x00000051,  0x05754374,  0x00000000
UNHANDLED MESSAGE HANDLER FOR TYPE: 0x10000001, args: 0x00000000,  0x0575404c,  0x00000051,  0x0575404c,  0x00000000
UNHANDLED MESSAGE HANDLER FOR TYPE: 0x10000001, args: 0x00000000,  0x05753f2c,  0x00000051,  0x05753f2c,  0x00000000
UNHANDLED MESSAGE HANDLER FOR TYPE: 0x1000011c, args: 0x00000000,  0x05753e0c,  0x00000051,  0x05753e0c,  0x00000000
UNHANDLED MESSAGE HANDLER FOR TYPE: 0x1000011c, args: 0x00000000,  0x05753af8,  0x00000051,  0x05753af8,  0x00000000
UNHANDLED MESSAGE HANDLER FOR TYPE: 0x10000128, args: 0x00000000,  0x057539d8,  0x00000051,  0x057539d8,  0x00000000
UNHANDLED MESSAGE HANDLER FOR TYPE: 0x10000129, args: 0x00000000,  0x057538b8,  0x00000051,  0x057538b8,  0x00000000
UNHANDLED MESSAGE HANDLER FOR TYPE: 0x10000128, args: 0x00000000,  0x057535a4,  0x00000051,  0x057535a4,  0x00000000
UNHANDLED MESSAGE HANDLER FOR TYPE: 0x10000129, args: 0x00000000,  0x05753290,  0x00000051,  0x05753290,  0x00000000
UNHANDLED MESSAGE HANDLER FOR TYPE: 0x10000225, args: 0x00000000,  0x05753000,  0x00000051,  0x05753000,  0x00000000
UNHANDLED MESSAGE HANDLER FOR TYPE: 0x10000001, args: 0x00000000,  0x05752ee0,  0x00000051,  0x05752ee0,  0x00000000
UNHANDLED MESSAGE HANDLER FOR TYPE: 0x10000224, args: 0x00000000,  0x05752dc0,  0x00000051,  0x05752dc0,  0x00000000
UNHANDLED MESSAGE HANDLER FOR TYPE: 0x10000135, args: 0x00000000,  0x05752a98,  0x00000051,  0x05752a98,  0x00000000
UNHANDLED MESSAGE HANDLER FOR TYPE: 0x10000134, args: 0x00000000,  0x05752978,  0x00000051,  0x05752978,  0x00000000
UNHANDLED MESSAGE HANDLER FOR TYPE: 0x10000136, args: 0x00000000,  0x05752858,  0x00000051,  0x05752858,  0x00000000
UNHANDLED MESSAGE HANDLER FOR TYPE: 0x10000136, args: 0x00000000,  0x05752858,  0x00000051,  0x05752858,  0x00000000
UNHANDLED MESSAGE HANDLER FOR TYPE: 0x10000138, args: 0x00000000,  0x05752738,  0x00000051,  0x05752738,  0x00000000
UNHANDLED MESSAGE HANDLER FOR TYPE: 0x10000135, args: 0x00000000,  0x05752560,  0x00000054,  0x05752560,  0x00000000
UNHANDLED MESSAGE HANDLER FOR TYPE: 0x10000135, args: 0x00000000,  0x05752560,  0x00000051,  0x05752560,  0x00000000
UNHANDLED MESSAGE HANDLER FOR TYPE: 0x10000134, args: 0x00000000,  0x0575240c,  0x00000054,  0x0575240c,  0x00000000
UNHANDLED MESSAGE HANDLER FOR TYPE: 0x10000134, args: 0x00000000,  0x0575240c,  0x00000051,  0x0575240c,  0x00000000
UNHANDLED MESSAGE HANDLER FOR TYPE: 0x10000136, args: 0x00000000,  0x057520f8,  0x00000051,  0x057520f8,  0x00000000
UNHANDLED MESSAGE HANDLER FOR TYPE: 0x10000001, args: 0x00000000,  0x05751fd8,  0x00000051,  0x05751fd8,  0x00000000
UNHANDLED MESSAGE HANDLER FOR TYPE: 0x10000001, args: 0x00000000,  0x05751eb8,  0x00000051,  0x05751eb8,  0x00000000
UNHANDLED MESSAGE HANDLER FOR TYPE: 0x1000019a, args: 0x00000000,  0x05751d98,  0x00000051,  0x05751d98,  0x00000000
UNHANDLED MESSAGE HANDLER FOR TYPE: 0x1000019a, args: 0x00000000,  0x05751a84,  0x00000051,  0x05751a84,  0x00000000
UNHANDLED MESSAGE HANDLER FOR TYPE: 0x100001a3, args: 0x00000000,  0x057518cc,  0x00000051,  0x057518cc,  0x00000000
UNHANDLED MESSAGE HANDLER FOR TYPE: 0x10000225, args: 0x00000000,  0x0575163c,  0x00000051,  0x0575163c,  0x00000000
UNHANDLED MESSAGE HANDLER FOR TYPE: 0x10000001, args: 0x00000000,  0x0575151c,  0x00000051,  0x0575151c,  0x00000000
UNHANDLED MESSAGE HANDLER FOR TYPE: 0x10000222, args: 0x00000000,  0x05751364,  0x00000051,  0x05751364,  0x00000000
UNHANDLED MESSAGE HANDLER FOR TYPE: 0x10000223, args: 0x00000000,  0x057511c0,  0x00000051,  0x057511c0,  0x00000000
UNHANDLED MESSAGE HANDLER FOR TYPE: 0x10000198, args: 0x00000000,  0x057510a0,  0x00000051,  0x057510a0,  0x00000000
UNHANDLED MESSAGE HANDLER FOR TYPE: 0x10000198, args: 0x00000000,  0x05750d8c,  0x00000051,  0x05750d8c,  0x00000000
UNHANDLED MESSAGE HANDLER FOR TYPE: 0x10000223, args: 0x00000000,  0x05750a78,  0x00000051,  0x05750a78,  0x00000000
UNHANDLED MESSAGE HANDLER FOR TYPE: 0x10000224, args: 0x00000000,  0x05750958,  0x00000051,  0x05750958,  0x00000000
UNHANDLED MESSAGE HANDLER FOR TYPE: 0x10000001, args: 0x00000000,  0x05750838,  0x00000051,  0x05750838,  0x00000000
UNHANDLED MESSAGE HANDLER FOR TYPE: 0x10000001, args: 0x00000000,  0x05750718,  0x00000051,  0x05750718,  0x00000000
UNHANDLED MESSAGE HANDLER FOR TYPE: 0x10000001, args: 0x00000000,  0x05750358,  0x00000051,  0x05750358,  0x00000000
UNHANDLED MESSAGE HANDLER FOR TYPE: 0x40000047, args: 0x00000000,  0x057501d4,  0x00000051,  0x057501d4,  0x00000000
UNHANDLED MESSAGE HANDLER FOR TYPE: 0x10000001, args: 0x00000000,  0x05750030,  0x00000051,  0x05750030,  0x00000000
UNHANDLED MESSAGE HANDLER FOR TYPE: 0x10000001, args: 0x00000000,  0x0574ff10,  0x00000051,  0x0574ff10,  0x00000000
UNHANDLED MESSAGE HANDLER FOR TYPE: 0x10000001, args: 0x00000000,  0x0574fdf0,  0x00000051,  0x0574fdf0,  0x00000000
UNHANDLED MESSAGE HANDLER FOR TYPE: 0x10000001, args: 0x00000000,  0x0574fcd0,  0x00000051,  0x0574fcd0,  0x00000000
UNHANDLED MESSAGE HANDLER FOR TYPE: 0x100001eb, args: 0x00000000,  0x0574fb7c,  0x00000054,  0x0574fb7c,  0x00000000
UNHANDLED MESSAGE HANDLER FOR TYPE: 0x100001eb, args: 0x00000000,  0x0574fb7c,  0x00000051,  0x0574fb7c,  0x00000000
UNHANDLED MESSAGE HANDLER FOR TYPE: 0x100001eb, args: 0x00000000,  0x0574fa28,  0x00000054,  0x0574fa28,  0x00000000
UNHANDLED MESSAGE HANDLER FOR TYPE: 0x100001eb, args: 0x00000000,  0x0574fa28,  0x00000051,  0x0574fa28,  0x00000000
UNHANDLED MESSAGE HANDLER FOR TYPE: 0x10000001, args: 0x00000000,  0x0574f908,  0x00000051,  0x0574f908,  0x00000000
UNHANDLED MESSAGE HANDLER FOR TYPE: 0x10000001, args: 0x00000000,  0x0574f7e8,  0x00000051,  0x0574f7e8,  0x00000000
UNHANDLED MESSAGE HANDLER FOR TYPE: 0x10000001, args: 0x00000000,  0x0574f6c8,  0x00000051,  0x0574f6c8,  0x00000000
UNHANDLED MESSAGE HANDLER FOR TYPE: 0x10000001, args: 0x00000000,  0x0574f5a8,  0x00000051,  0x0574f5a8,  0x00000000
UNHANDLED MESSAGE HANDLER FOR TYPE: 0x10000001, args: 0x00000000,  0x0574f488,  0x00000051,  0x0574f488,  0x00000000
UNHANDLED MESSAGE HANDLER FOR TYPE: 0x10000001, args: 0x00000000,  0x0574f368,  0x00000051,  0x0574f368,  0x00000000
UNHANDLED MESSAGE HANDLER FOR TYPE: 0x10000001, args: 0x00000000,  0x0574f248,  0x00000051,  0x0574f248,  0x00000000
UNHANDLED MESSAGE HANDLER FOR TYPE: 0x10000001, args: 0x00000000,  0x0574f128,  0x00000051,  0x0574f128,  0x00000000
UNHANDLED MESSAGE HANDLER FOR TYPE: 0x10000001, args: 0x00000000,  0x0574f008,  0x00000051,  0x0574f008,  0x00000000
UNHANDLED MESSAGE HANDLER FOR TYPE: 0x10000001, args: 0x00000000,  0x0574eee8,  0x00000051,  0x0574eee8,  0x00000000
UNHANDLED MESSAGE HANDLER FOR TYPE: 0x10000001, args: 0x00000000,  0x0574edc8,  0x00000051,  0x0574edc8,  0x00000000
UNHANDLED MESSAGE HANDLER FOR TYPE: 0x10000001, args: 0x00000000,  0x0574eca8,  0x00000051,  0x0574eca8,  0x00000000
UNHANDLED MESSAGE HANDLER FOR TYPE: 0x10000001, args: 0x00000000,  0x0574eb88,  0x00000051,  0x0574eb88,  0x00000000
UNHANDLED MESSAGE HANDLER FOR TYPE: 0x10000001, args: 0x00000000,  0x0574ea68,  0x00000051,  0x0574ea68,  0x00000000
UNHANDLED MESSAGE HANDLER FOR TYPE: 0x10000001, args: 0x00000000,  0x0574e948,  0x00000051,  0x0574e948,  0x00000000
UNHANDLED MESSAGE HANDLER FOR TYPE: 0x10000001, args: 0x00000000,  0x0574e828,  0x00000051,  0x0574e828,  0x00000000
UNHANDLED MESSAGE HANDLER FOR TYPE: 0x10000001, args: 0x00000000,  0x0574e708,  0x00000051,  0x0574e708,  0x00000000
UNHANDLED MESSAGE HANDLER FOR TYPE: 0x10000001, args: 0x00000000,  0x0574e5e8,  0x00000051,  0x0574e5e8,  0x00000000
UNHANDLED MESSAGE HANDLER FOR TYPE: 0x10000001, args: 0x00000000,  0x0574e4c8,  0x00000051,  0x0574e4c8,  0x00000000
UNHANDLED MESSAGE HANDLER FOR TYPE: 0x10000001, args: 0x00000000,  0x0574e3a8,  0x00000051,  0x0574e3a8,  0x00000000
UNHANDLED MESSAGE HANDLER FOR TYPE: 0x10000001, args: 0x00000000,  0x0574e288,  0x00000051,  0x0574e288,  0x00000000
UNHANDLED MESSAGE HANDLER FOR TYPE: 0x10000001, args: 0x00000000,  0x0574e168,  0x00000051,  0x0574e168,  0x00000000
UNHANDLED MESSAGE HANDLER FOR TYPE: 0x40000029, args: 0x00000000,  0x0574dfe4,  0x00000051,  0x0574dfe4,  0x00000000
UNHANDLED MESSAGE HANDLER FOR TYPE: 0x100000fd, args: 0x00000000,  0x0574d7fc,  0x00000051,  0x0574d7fc,  0x00000000
UNHANDLED MESSAGE HANDLER FOR TYPE: 0x100000fb, args: 0x00000000,  0x0574d56c,  0x00000051,  0x0574d56c,  0x00000000
UNHANDLED MESSAGE HANDLER FOR TYPE: 0x100001f0, args: 0x00000000,  0x0574d44c,  0x00000051,  0x0574d44c,  0x00000000
UNHANDLED MESSAGE HANDLER FOR TYPE: 0x100001f0, args: 0x00000000,  0x0574d44c,  0x00000051,  0x0574d44c,  0x00000000
UNHANDLED MESSAGE HANDLER FOR TYPE: 0x4000002f, args: 0x00000000,  0x0574d2c8,  0x00000051,  0x0574d2c8,  0x00000000
UNHANDLED MESSAGE HANDLER FOR TYPE: 0x1000011e, args: 0x00000000,  0x0574d08c,  0x00000051,  0x0574d08c,  0x00000000
UNHANDLED MESSAGE HANDLER FOR TYPE: 0x1000011f, args: 0x00000000,  0x0574cdfc,  0x00000051,  0x0574cdfc,  0x00000000
UNHANDLED MESSAGE HANDLER FOR TYPE: 0x100001f0, args: 0x00000000,  0x0574c764,  0x00000051,  0x0574c764,  0x00000000
UNHANDLED MESSAGE HANDLER FOR TYPE: 0x100001f0, args: 0x00000000,  0x0574c764,  0x00000051,  0x0574c764,  0x00000000
UNHANDLED MESSAGE HANDLER FOR TYPE: 0x40000041, args: 0x00000000,  0x0574c5e0,  0x00000051,  0x0574c5e0,  0x00000000
UNHANDLED MESSAGE HANDLER FOR TYPE: 0x40000048, args: 0x00000000,  0x0574c45c,  0x00000051,  0x0574c45c,  0x00000000
UNHANDLED MESSAGE HANDLER FOR TYPE: 0x10000001, args: 0x00000000,  0x0574c33c,  0x00000051,  0x0574c33c,  0x00000000
UNHANDLED MESSAGE HANDLER FOR TYPE: 0x40000052, args: 0x00000000,  0x0574c1b8,  0x00000051,  0x0574c1b8,  0x00000000
UNHANDLED MESSAGE HANDLER FOR TYPE: 0x10000001, args: 0x00000000,  0x0574c098,  0x00000051,  0x0574c098,  0x00000000
UNHANDLED MESSAGE HANDLER FOR TYPE: 0x10000213, args: 0x00000000,  0x0574bc70,  0x00000051,  0x0574bc70,  0x00000000
UNHANDLED MESSAGE HANDLER FOR TYPE: 0x10000213, args: 0x00000000,  0x0574bb50,  0x00000051,  0x0574bb50,  0x00000000
UNHANDLED MESSAGE HANDLER FOR TYPE: 0x10000213, args: 0x00000000,  0x0574ba30,  0x00000051,  0x0574ba30,  0x00000000
UNHANDLED MESSAGE HANDLER FOR TYPE: 0x10000213, args: 0x00000000,  0x0574b910,  0x00000051,  0x0574b910,  0x00000000
UNHANDLED MESSAGE HANDLER FOR TYPE: 0x10000213, args: 0x00000000,  0x0574b7f0,  0x00000051,  0x0574b7f0,  0x00000000
UNHANDLED MESSAGE HANDLER FOR TYPE: 0x10000213, args: 0x00000000,  0x0574b6d0,  0x00000051,  0x0574b6d0,  0x00000000
UNHANDLED MESSAGE HANDLER FOR TYPE: 0x10000213, args: 0x00000000,  0x0574b5b0,  0x00000051,  0x0574b5b0,  0x00000000
UNHANDLED MESSAGE HANDLER FOR TYPE: 0x10000213, args: 0x00000000,  0x0574b490,  0x00000051,  0x0574b490,  0x00000000
UNHANDLED MESSAGE HANDLER FOR TYPE: 0x10000213, args: 0x00000000,  0x0574b370,  0x00000051,  0x0574b370,  0x00000000
UNHANDLED MESSAGE HANDLER FOR TYPE: 0x10000213, args: 0x00000000,  0x0574b250,  0x00000051,  0x0574b250,  0x00000000
UNHANDLED MESSAGE HANDLER FOR TYPE: 0x10000213, args: 0x00000000,  0x0574b130,  0x00000051,  0x0574b130,  0x00000000
UNHANDLED MESSAGE HANDLER FOR TYPE: 0x10000213, args: 0x00000000,  0x0574b010,  0x00000051,  0x0574b010,  0x00000000
UNHANDLED MESSAGE HANDLER FOR TYPE: 0x10000214, args: 0x00000000,  0x0574aef0,  0x00000051,  0x0574aef0,  0x00000000
UNHANDLED MESSAGE HANDLER FOR TYPE: 0x10000214, args: 0x00000000,  0x0574add0,  0x00000051,  0x0574add0,  0x00000000
UNHANDLED MESSAGE HANDLER FOR TYPE: 0x10000214, args: 0x00000000,  0x0574acb0,  0x00000051,  0x0574acb0,  0x00000000
UNHANDLED MESSAGE HANDLER FOR TYPE: 0x10000214, args: 0x00000000,  0x0574ab90,  0x00000051,  0x0574ab90,  0x00000000
UNHANDLED MESSAGE HANDLER FOR TYPE: 0x10000214, args: 0x00000000,  0x0574aa70,  0x00000051,  0x0574aa70,  0x00000000
UNHANDLED MESSAGE HANDLER FOR TYPE: 0x10000214, args: 0x00000000,  0x0574a950,  0x00000051,  0x0574a950,  0x00000000
UNHANDLED MESSAGE HANDLER FOR TYPE: 0x10000214, args: 0x00000000,  0x0574a830,  0x00000051,  0x0574a830,  0x00000000
UNHANDLED MESSAGE HANDLER FOR TYPE: 0x10000214, args: 0x00000000,  0x0574a710,  0x00000051,  0x0574a710,  0x00000000
UNHANDLED MESSAGE HANDLER FOR TYPE: 0x10000214, args: 0x00000000,  0x0574a5f0,  0x00000051,  0x0574a5f0,  0x00000000
UNHANDLED MESSAGE HANDLER FOR TYPE: 0x10000214, args: 0x00000000,  0x0574a4d0,  0x00000051,  0x0574a4d0,  0x00000000
UNHANDLED MESSAGE HANDLER FOR TYPE: 0x10000214, args: 0x00000000,  0x0574a3b0,  0x00000051,  0x0574a3b0,  0x00000000
UNHANDLED MESSAGE HANDLER FOR TYPE: 0x10000214, args: 0x00000000,  0x0574a290,  0x00000051,  0x0574a290,  0x00000000
UNHANDLED MESSAGE HANDLER FOR TYPE: 0x10000213, args: 0x00000000,  0x0574a170,  0x00000051,  0x0574a170,  0x00000000
UNHANDLED MESSAGE HANDLER FOR TYPE: 0x10000213, args: 0x00000000,  0x0574a050,  0x00000051,  0x0574a050,  0x00000000
UNHANDLED MESSAGE HANDLER FOR TYPE: 0x10000213, args: 0x00000000,  0x05749f30,  0x00000051,  0x05749f30,  0x00000000
UNHANDLED MESSAGE HANDLER FOR TYPE: 0x10000213, args: 0x00000000,  0x05749e10,  0x00000051,  0x05749e10,  0x00000000
UNHANDLED MESSAGE HANDLER FOR TYPE: 0x10000213, args: 0x00000000,  0x05749cf0,  0x00000051,  0x05749cf0,  0x00000000
UNHANDLED MESSAGE HANDLER FOR TYPE: 0x10000213, args: 0x00000000,  0x05749bd0,  0x00000051,  0x05749bd0,  0x00000000
UNHANDLED MESSAGE HANDLER FOR TYPE: 0x10000213, args: 0x00000000,  0x05749ab0,  0x00000051,  0x05749ab0,  0x00000000
UNHANDLED MESSAGE HANDLER FOR TYPE: 0x10000213, args: 0x00000000,  0x05749990,  0x00000051,  0x05749990,  0x00000000
UNHANDLED MESSAGE HANDLER FOR TYPE: 0x10000214, args: 0x00000000,  0x05749870,  0x00000051,  0x05749870,  0x00000000
UNHANDLED MESSAGE HANDLER FOR TYPE: 0x10000214, args: 0x00000000,  0x05749750,  0x00000051,  0x05749750,  0x00000000
UNHANDLED MESSAGE HANDLER FOR TYPE: 0x10000214, args: 0x00000000,  0x05749630,  0x00000051,  0x05749630,  0x00000000
UNHANDLED MESSAGE HANDLER FOR TYPE: 0x10000214, args: 0x00000000,  0x05749510,  0x00000051,  0x05749510,  0x00000000
UNHANDLED MESSAGE HANDLER FOR TYPE: 0x10000214, args: 0x00000000,  0x057493f0,  0x00000051,  0x057493f0,  0x00000000
UNHANDLED MESSAGE HANDLER FOR TYPE: 0x10000214, args: 0x00000000,  0x057492d0,  0x00000051,  0x057492d0,  0x00000000
UNHANDLED MESSAGE HANDLER FOR TYPE: 0x10000214, args: 0x00000000,  0x057491b0,  0x00000051,  0x057491b0,  0x00000000
UNHANDLED MESSAGE HANDLER FOR TYPE: 0x10000214, args: 0x00000000,  0x05749090,  0x00000051,  0x05749090,  0x00000000
UNHANDLED MESSAGE HANDLER FOR TYPE: 0x1000023c, args: 0x00000000,  0x05748f70,  0x00000051,  0x05748f70,  0x00000000
UNHANDLED MESSAGE HANDLER FOR TYPE: 0x10000215, args: 0x00000000,  0x05748e50,  0x00000051,  0x05748e50,  0x00000000
UNHANDLED MESSAGE HANDLER FOR TYPE: 0x10000213, args: 0x00000000,  0x05748d30,  0x00000051,  0x05748d30,  0x00000000
UNHANDLED MESSAGE HANDLER FOR TYPE: 0x10000213, args: 0x00000000,  0x05748c10,  0x00000051,  0x05748c10,  0x00000000
UNHANDLED MESSAGE HANDLER FOR TYPE: 0x10000213, args: 0x00000000,  0x05748af0,  0x00000051,  0x05748af0,  0x00000000
UNHANDLED MESSAGE HANDLER FOR TYPE: 0x10000214, args: 0x00000000,  0x057489d0,  0x00000051,  0x057489d0,  0x00000000
UNHANDLED MESSAGE HANDLER FOR TYPE: 0x10000214, args: 0x00000000,  0x057488b0,  0x00000051,  0x057488b0,  0x00000000
UNHANDLED MESSAGE HANDLER FOR TYPE: 0x10000214, args: 0x00000000,  0x05748790,  0x00000051,  0x05748790,  0x00000000
UNHANDLED MESSAGE HANDLER FOR TYPE: 0x10000213, args: 0x00000000,  0x05748670,  0x00000051,  0x05748670,  0x00000000
UNHANDLED MESSAGE HANDLER FOR TYPE: 0x100Error opening file: No such file or directory
00214, args: 0x00000000,  0x05748550,  0x00000051,  0x05748550,  0x00000000
UNHANDLED MESSAGE HANDLER FOR TYPE: 0x10000214, args: 0x00000000,  0x05748430,  0x00000051,  0x05748430,  0x00000000
UNHANDLED MESSAGE HANDLER FOR TYPE: 0x10000213, args: 0x00000000,  0x05748310,  0x00000051,  0x05748310,  0x00000000
UNHANDLED MESSAGE HANDLER FOR TYPE: 0x10000214, args: 0x00000000,  0x057481f0,  0x00000051,  0x057481f0,  0x00000000
UNHANDLED MESSAGE HANDLER FOR TYPE: 0x10000213, args: 0x00000000,  0x057480d0,  0x00000051,  0x057480d0,  0x00000000
Playing background movie 07350048.xmv
[d3dSeam] uncached alias of resource memory: not mapped, using resource addresses directly
Loading language 0 from file UKTxt.dat
psiFileLoad in multi-file mode: UKTxt.dat is 0x00021800 bytes starting at 0x054ce674, type 3604
[xa2] decoded 18432 bytes of 2-channel ADPCM at 0x05743740 -> 16384 samples (cache now 1 entries, 0.1 MB)
Playing background movie 07370048.xmv
[dsndStream] stream 00FB31A0: 2 channel ADPCM at 44100 Hz, 2 packets
info:  DXVK: Using 7 compiler threads
[xa2] SLOW decode: 72.8 ms for 3461256 bytes
[xa2] decoded 3461256 bytes of 2-channel ADPCM at 0x0694843c -> 3076672 samples (cache now 2 entries, 11.8 MB)
Playing background movie 07380048.xmv
[dsndStream] stream 00FB31A0: 2 channel ADPCM at 44100 Hz, 2 packets
[perf] 45.7 fps (asked for 50), 3.6 ms working + 18.2 ms waiting per frame
[perf]   3644.9 us per draw call
[perf]   constants: 0 uploads of 0 registers per frame (0 per upload)
[perf]   draw mix: 0 indexed, 0 direct, 0 immediate, 4 vertices each on average
[perf]   per frame: 0 draws, 0 texture uploads, 4 texture lookups costing 2 comparisons (2 registered)
[perf]   per frame: 0 backbuffer captures, 0 render targets created, 0 buffers created
[perf] 50.0 fps (asked for 50), 1.6 ms working + 18.4 ms waiting per frame
[perf]   1599.2 us per draw call
[perf]   constants: 0 uploads of 0 registers per frame (0 per upload)
[perf]   draw mix: 0 indexed, 0 direct, 1 immediate, 4 vertices each on average
[perf]   per frame: 1 draws, 0 texture uploads, 1 texture lookups costing 2 comparisons (2 registered)
[perf]   per frame: 0 backbuffer captures, 0 render targets created, 0 buffers created
[perf] disc reads: 67 deferred, 0 completed synchronously (0%), 0 failed, 14988 KB
[perf] 50.0 fps (asked for 50), 1.3 ms working + 18.7 ms waiting per frame
[perf]   222.5 us per draw call
[perf]   constants: 0 uploads of 0 registers per frame (0 per upload)
[perf]   draw mix: 0 indexed, 0 direct, 6 immediate, 205 vertices each on average
[perf]   per frame: 6 draws, 0 texture uploads, 6 texture lookups costing 22 comparisons (4 registered)
[perf]   per frame: 0 backbuffer captures, 0 render targets created, 0 buffers created
[perf] disc reads: 81 deferred, 0 completed synchronously (0%), 0 failed, 15972 KB
[perf] 50.0 fps (asked for 50), 1.6 ms working + 18.4 ms waiting per frame
[perf]   73.1 us per draw call
[perf]   constants: 0 uploads of 0 registers per frame (0 per upload)
[perf]   draw mix: 0 indexed, 0 direct, 22 immediate, 231 vertices each on average
[perf]   per frame: 22 draws, 0 texture uploads, 22 texture lookups costing 89 comparisons (5 registered)
[perf]   per frame: 0 backbuffer captures, 0 render targets created, 0 buffers created
[perf] disc reads: 81 deferred, 0 completed synchronously (0%), 0 failed, 15972 KB
[perf] 50.0 fps (asked for 50), 1.8 ms working + 18.2 ms waiting per frame
[perf]   75.2 us per draw call
[perf]   constants: 0 uploads of 0 registers per frame (0 per upload)
[perf]   draw mix: 0 indexed, 0 direct, 24 immediate, 223 vertices each on average
[perf]   per frame: 24 draws, 0 texture uploads, 24 texture lookups costing 96 comparisons (5 registered)
[perf]   per frame: 0 backbuffer captures, 0 render targets created, 0 buffers created
[perf] disc reads: 81 deferred, 0 completed synchronously (0%), 0 failed, 15972 KB
[perf] 50.0 fps (asked for 50), 1.7 ms working + 18.3 ms waiting per frame
[perf]   68.8 us per draw call
[perf]   constants: 0 uploads of 0 registers per frame (0 per upload)
[perf]   draw mix: 0 indexed, 0 direct, 24 immediate, 223 vertices each on average
[perf]   per frame: 24 draws, 0 texture uploads, 24 texture lookups costing 96 comparisons (5 registered)
[perf]   per frame: 0 backbuffer captures, 0 render targets created, 0 buffers created
[perf] disc reads: 81 deferred, 0 completed synchronously (0%), 0 failed, 15972 KB
[perf] 50.0 fps (asked for 50), 1.7 ms working + 18.3 ms waiting per frame
[perf]   72.1 us per draw call
[perf]   constants: 0 uploads of 0 registers per frame (0 per upload)
[perf]   draw mix: 0 indexed, 0 direct, 24 immediate, 223 vertices each on average
[perf]   per frame: 24 draws, 0 texture uploads, 24 texture lookups costing 96 comparisons (5 registered)
[perf]   per frame: 0 backbuffer captures, 0 render targets created, 0 buffers created
[perf] disc reads: 81 deferred, 0 completed synchronously (0%), 0 failed, 15972 KB
[perf] 50.0 fps (asked for 50), 1.7 ms working + 18.3 ms waiting per frame
[perf]   72.8 us per draw call
[perf]   constants: 0 uploads of 0 registers per frame (0 per upload)
[perf]   draw mix: 0 indexed, 0 direct, 24 immediate, 223 vertices each on average
[perf]   per frame: 24 draws, 0 texture uploads, 24 texture lookups costing 96 comparisons (5 registered)
[perf]   per frame: 0 backbuffer captures, 0 render targets created, 0 buffers created
[perf] disc reads: 81 deferred, 0 completed synchronously (0%), 0 failed, 15972 KB
[mvk-info] MoltenVK version 1.4.1, supporting Vulkan version 1.4.334.
	The following 153 Vulkan extensions are supported:
	VK_KHR_16bit_storage v1
	VK_KHR_8bit_storage v1
	VK_KHR_bind_memory2 v1
	VK_KHR_buffer_device_address v1
	VK_KHR_calibrated_timestamps v1
	VK_KHR_copy_commands2 v1
	VK_KHR_create_renderpass2 v1
	VK_KHR_dedicated_allocation v3
	VK_KHR_deferred_host_operations v4
	VK_KHR_depth_stencil_resolve v1
	VK_KHR_descriptor_update_template v1
	VK_KHR_device_group v4
	VK_KHR_device_group_creation v1
	VK_KHR_driver_properties v1
	VK_KHR_dynamic_rendering v1
	VK_KHR_dynamic_rendering_local_read v1
	VK_KHR_external_fence v1
	VK_KHR_external_fence_capabilities v1
	VK_KHR_external_memory v1
	VK_KHR_external_memory_capabilities v1
	VK_KHR_external_semaphore v1
	VK_KHR_external_semaphore_capabilities v1
	VK_KHR_format_feature_flags2 v2
	VK_KHR_fragment_shader_barycentric v1
	VK_KHR_get_memory_requirements2 v1
	VK_KHR_get_physical_device_properties2 v2
	VK_KHR_get_surface_capabilities2 v1
	VK_KHR_global_priority v1
	VK_KHR_image_format_list v1
	VK_KHR_imageless_framebuffer v1
	VK_KHR_incremental_present v2
	VK_KHR_index_type_uint8 v1
	VK_KHR_line_rasterization v1
	VK_KHR_load_store_op_none v1
	VK_KHR_maintenance1 v2
	VK_KHR_maintenance2 v1
	VK_KHR_maintenance3 v1
	VK_KHR_maintenance4 v2
	VK_KHR_maintenance5 v1
	VK_KHR_maintenance6 v1
	VK_KHR_maintenance7 v1
	VK_KHR_maintenance8 v1
	VK_KHR_maintenance9 v1
	VK_KHR_map_memory2 v1
	VK_KHR_multiview v1
	VK_KHR_portability_subset v1
	VK_KHR_present_id v1
	VK_KHR_present_id2 v1
	VK_KHR_present_wait v1
	VK_KHR_present_wait2 v1
	VK_KHR_push_descriptor v2
	VK_KHR_relaxed_block_layout v1
	VK_KHR_robustness2 v1
	VK_KHR_sampler_mirror_clamp_to_edge v3
	VK_KHR_sampler_ycbcr_conversion v14
	VK_KHR_separate_depth_stencil_layouts v1
	VK_KHR_shader_draw_parameters v1
	VK_KHR_shader_expect_assume v1
	VK_KHR_shader_float_controls v4
	VK_KHR_shader_float_controls2 v1
	VK_KHR_shader_float16_int8 v1
	VK_KHR_shader_fma v1
	VK_KHR_shader_integer_dot_product v1
	VK_KHR_shader_maximal_reconvergence v1
	VK_KHR_shader_non_semantic_info v1
	VK_KHR_shader_quad_control v1
	VK_KHR_shader_relaxed_extended_instruction v1
	VK_KHR_shader_subgroup_extended_types v1
	VK_KHR_shader_subgroup_rotate v2
	VK_KHR_shader_subgroup_uniform_control_flow v1
	VK_KHR_shader_terminate_invocation v1
	VK_KHR_spirv_1_4 v1
	VK_KHR_storage_buffer_storage_class v1
	VK_KHR_surface v25
	VK_KHR_surface_maintenance1 v1
	VK_KHR_surface_protected_capabilities v1
	VK_KHR_swapchain v70
	VK_KHR_swapchain_maintenance1 v1
	VK_KHR_swapchain_mutable_format v1
	VK_KHR_synchronization2 v1
	VK_KHR_timeline_semaphore v2
	VK_KHR_uniform_buffer_standard_layout v1
	VK_KHR_variable_pointers v1
	VK_KHR_vertex_attribute_divisor v1
	VK_KHR_vulkan_memory_model v3
	VK_KHR_zero_initialize_workgroup_memory v1
	VK_EXT_4444_formats v1
	VK_EXT_buffer_device_address v2
	VK_EXT_calibrated_timestamps v2
	VK_EXT_debug_marker v4
	VK_EXT_debug_report v10
	VK_EXT_debug_utils v2
	VK_EXT_depth_clip_control v1
	VK_EXT_descriptor_indexing v2
	VK_EXT_extended_dynamic_state v1
	VK_EXT_extended_dynamic_state2 v1
	VK_EXT_extended_dynamic_state3 v2
	VK_EXT_external_memory_host v1
	VK_EXT_external_memory_metal v1
	VK_EXT_fragment_shader_interlock v1
	VK_EXT_global_priority v2
	VK_EXT_global_priority_query v1
	VK_EXT_hdr_metadata v3
	VK_EXT_headless_surface v1
	VK_EXT_host_image_copy v1
	VK_EXT_host_query_reset v1
	VK_EXT_image_2d_view_of_3d v1
	VK_EXT_image_robustness v1
	VK_EXT_index_type_uint8 v1
	VK_EXT_inline_uniform_block v1
	VK_EXT_layer_settings v2
	VK_EXT_legacy_dithering v2
	VK_EXT_line_rasterization v1
	VK_EXT_load_store_op_none v1
	VK_EXT_memory_budget v1
	VK_EXT_metal_objects v2
	VK_EXT_metal_surface v1
	VK_EXT_non_seamless_cube_map v1
	VK_EXT_pipeline_creation_cache_control v3
	VK_EXT_pipeline_creation_feedback v1
	VK_EXT_pipeline_robustness v1
	VK_EXT_post_depth_coverage v1
	VK_EXT_primitive_topology_list_restart v1
	VK_EXT_private_data v1
	VK_EXT_provoking_vertex v1
	VK_EXT_robustness2 v1
	VK_EXT_sample_locations v1
	VK_EXT_scalar_block_layout v1
	VK_EXT_separate_stencil_usage v1
	VK_EXT_shader_atomic_float v1
	VK_EXT_shader_demote_to_helper_invocation v1
	VK_EXT_shader_stencil_export v1
	VK_EXT_shader_subgroup_ballot v1
	VK_EXT_shader_subgroup_vote v1
	VK_EXT_shader_viewport_index_layer v1
	VK_EXT_subgroup_size_control v2
	VK_EXT_surface_maintenance1 v1
	VK_EXT_swapchain_colorspace v5
	VK_EXT_swapchain_maintenance1 v1
	VK_EXT_texel_buffer_alignment v1
	VK_EXT_texture_compression_astc_hdr v1
	VK_EXT_tooling_info v1
	VK_EXT_vertex_attribute_divisor v3
	VK_AMD_gpu_shader_half_float v2
	VK_AMD_negative_viewport_height v1
	VK_AMD_shader_image_load_store_lod v1
	VK_AMD_shader_trinary_minmax v1
	VK_GOOGLE_display_timing v1
	VK_IMG_format_pvrtc v1
	VK_INTEL_shader_integer_functions2 v1
	VK_MVK_macos_surface v3
	VK_MVK_moltenvk v37
	VK_NV_fragment_shader_barycentric v1
[mvk-info] GPU device:
	model: Apple M2 Max
	type: Integrated
	vendorID: 0x106b
	deviceID: 0x1a060208
	pipelineCacheUUID: DB445FF2-1A06-0208-0000-000100000000
	GPU memory available: 79626 MB
	GPU memory used: 199 MB
	Metal Shading Language 3.2
	supports the following GPU Features:
		GPU Family Metal 3
		GPU Family Apple 8
		GPU Family Mac 2
		Read-Write Texture Tier 2
[mvk-info] Created VkInstance for Vulkan version 1.0.334, as requested by app, with the following 3 Vulkan extensions enabled:
	VK_KHR_external_memory_capabilities v1
	VK_KHR_external_semaphore_capabilities v1
	VK_KHR_get_physical_device_properties2 v2
UNHANDLED MESSAGE HANDLER FOR TYPE: 0x10000196, args: 0x00000000,  0x05790734,  0x0000004b,  0x05790734,  0x00000000
[xa2] decoded 3384 bytes of 1-channel ADPCM at 0x06946a5c -> 6016 samples (cache now 3 entries, 11.8 MB)
Playing background movie 073b0048.xmv
[dsndStream] stream 00FB2E80: 2 channel ADPCM at 44100 Hz, 2 packets
[perf] 50.0 fps (asked for 50), 3.1 ms working + 16.9 ms waiting per frame
[perf]   396.5 us per draw call
[perf]   constants: 0 uploads of 0 registers per frame (0 per upload)
[perf]   draw mix: 0 indexed, 0 direct, 7 immediate, 203 vertices each on average
[perf]   per frame: 7 draws, 0 texture uploads, 8 texture lookups costing 29 comparisons (6 registered)
[perf]   per frame: 0 backbuffer captures, 0 render targets created, 0 buffers created
[perf] disc reads: 103 deferred, 0 completed synchronously (0%), 0 failed, 18320 KB
Playing background movie 07330048.xmv
Playing background movie 07350048.xmv
UNHANDLED MESSAGE HANDLER FOR TYPE: 0x4000002f, args: 0x00000000,  0x0574d370,  0x0000004c,  0x0574d370,  0x40000025
UNHANDLED MESSAGE HANDLER FOR TYPE: 0x4000002f, args: 0x00000000,  0x0574d370,  0x00000050,  0x0574d370,  0x00000000
UNHANDLED MESSAGE HANDLER FOR TYPE: 0x4000002f, args: 0x00000000,  0x0574d370,  0x00000050,  0x0574d370,  0x00000000
UNHANDLED MESSAGE HANDLER FOR TYPE: 0x4000002f, args: 0x00000000,  0x0574d370,  0x00000050,  0x0574d370,  0x00000000
UNHANDLED MESSAGE HANDLER FOR TYPE: 0x4000002f, args: 0x00000000,  0x0574d370,  0x00000050,  0x0574d370,  0x00000000
UNHANDLED MESSAGE HANDLER FOR TYPE: 0x4000002f, args: 0x00000000,  0x0574d370,  0x00000050,  0x0574d370,  0x00000000
UNHANDLED MESSAGE HANDLER FOR TYPE: 0x4000002f, args: 0x00000000,  0x0574d370,  0x00000050,  0x0574d370,  0x00000000
UNHANDLED MESSAGE HANDLER FOR TYPE: 0x4000002f, args: 0x00000000,  0x0574d370,  0x00000050,  0x0574d370,  0x00000000
UNHANDLED MESSAGE HANDLER FOR TYPE: 0x4000002f, args: 0x00000000,  0x0574d370,  0x00000050,  0x0574d370,  0x00000000
UNHANDLED MESSAGE HANDLER FOR TYPE: 0x4000002f, args: 0x00000000,  0x0574d370,  0x00000050,  0x0574d370,  0x00000000
UNHANDLED MESSAGE HANDLER FOR TYPE: 0x4000002f, args: 0x00000000,  0x0574d370,  0x00000050,  0x0574d370,  0x00000000
UNHANDLED MESSAGE HANDLER FOR TYPE: 0x4000002f, args: 0x00000000,  0x0574d370,  0x00000050,  0x0574d370,  0x00000000
UNHANDLED MESSAGE HANDLER FOR TYPE: 0x4000002f, args: 0x00000000,  0x0574d370,  0x00000050,  0x0574d370,  0x00000000
UNHANDLED MESSAGE HANDLER FOR TYPE: 0x4000002f, args: 0x00000000,  0x0574d370,  0x00000050,  0x0574d370,  0x00000000
UNHANDLED MESSAGE HANDLER FOR TYPE: 0x4000002f, args: 0x00000000,  0x0574d370,  0x00000050,  0x0574d370,  0x00000000
UNHANDLED MESSAGE HANDLER FOR TYPE: 0x4000002f, args: 0x00000000,  0x0574d370,  0x00000050,  0x0574d370,  0x00000000
UNHANDLED MESSAGE HANDLER FOR TYPE: 0x4000002f, args: 0x00000000,  0x0574d370,  0x00000050,  0x0574d370,  0x00000000
UNHANDLED MESSAGE HANDLER FOR TYPE: 0x4000002f, args: 0x00000000,  0x0574d370,  0x00000050,  0x0574d370,  0x00000000
UNHANDLED MESSAGE HANDLER FOR TYPE: 0x4000002f, args: 0x00000000,  0x0574d370,  0x00000050,  0x0574d370,  0x00000000
UNHANDLED MESSAGE HANDLER FOR TYPE: 0x4000002f, args: 0x00000000,  0x0574d370,  0x00000050,  0x0574d370,  0x00000000
UNHANDLED MESSAGE HANDLER FOR TYPE: 0x4000002f, args: 0x00000000,  0x0574d370,  0x00000050,  0x0574d370,  0x00000000
UNHANDLED MESSAGE HANDLER FOR TYPE: 0x4000002f, args: 0x00000000,  0x0574d370,  0x00000050,  0x0574d370,  0x00000000
UNHANDLED MESSAGE HANDLER FOR TYPE: 0x4000002f, args: 0x00000000,  0x0574d370,  0x00000050,  0x0574d370,  0x00000000
UNHANDLED MESSAGE HANDLER FOR TYPE: 0x4000002f, args: 0x00000000,  0x0574d370,  0x00000050,  0x0574d370,  0x00000000
UNHANDLED MESSAGE HANDLER FOR TYPE: 0x4000002f, args: 0x00000000,  0x0574d370,  0x00000050,  0x0574d370,  0x00000000
UNHANDLED MESSAGE HANDLER FOR TYPE: 0x4000002f, args: 0x00000000,  0x0574d370,  0x00000050,  0x0574d370,  0x00000000
UNHANDLED MESSAGE HANDLER FOR TYPE: 0x4000002f, args: 0x00000000,  0x0574d370,  0x00000050,  0x0574d370,  0x00000000
UNHANDLED MESSAGE HANDLER FOR TYPE: 0x4000002f, args: 0x00000000,  0x0574d370,  0x0000004b,  0x0574d370,  0x0574c884
[perf] 50.0 fps (asked for 50), 2.4 ms working + 17.6 ms waiting per frame
[perf]   54.8 us per draw call
[perf]   constants: 0 uploads of 0 registers per frame (0 per upload)
[perf]   draw mix: 0 indexed, 0 direct, 44 immediate, 57 vertices each on average
[perf]   per frame: 44 draws, 0 texture uploads, 44 texture lookups costing 252 comparisons (20 registered)
[perf]   per frame: 0 backbuffer captures, 0 render targets created, 0 buffers created
[perf] disc reads: 124 deferred, 0 completed synchronously (0%), 0 failed, 18916 KB
Error opening file: No such file or directory
Error opening file: No such file or directory
Error opening file: No such file or directory
Error opening file: No such file or directory
[d3dSeam] level reset: released 290 texture, 65 vertex buffer and 65 index buffer slots.
[dsnd] entry points still unimplemented (calls so far): DirectSoundUseFullHRTF (no HRTF yet)=1 IDirectSound_DownloadEffectsImage (no I3DL2 reverb yet)=1
Mem_Init
Mem_Init: Heap: 0x044b0000, size: 0x02800000
Loading language 0 from file UKTxt.dat
psiFileLoad in multi-file mode: UKTxt.dat is 0x00021800 bytes starting at 0x06c89edc, type 3604
hooked psiFileOpen: 07000500.bin
psiFileLoad in single-file mode: 010001D9.bin is 0x000002e0 bytes at the location pointed to by dirFileBuf(0x00279168), type 1704
psiFileLoad in single-file mode: 010001D8.bin is 0x000a04a0 bytes at the location pointed to by dirFileBuf(0x00279168), type 1704
psiFileLoad in single-file mode: 0100010F.bin is 0x00120d80 bytes at the location pointed to by dirFileBuf(0x00279168), type 1704
Playing background movie 07100005.xmv
[dsndStream] stream 00FB2CF0: 2 channel ADPCM at 44100 Hz, 2 packets
Error opening file: No such file or directory
Error opening file: No such file or directory
Error opening file: No such file or directory
Error opening file: No such file or directory
Error opening file: No such file or directory
Error opening file: No such file or directory
Error opening file: No such file or directory
Error opening file: No such file or directory
Error opening file: No such file or directory
Error opening file: No such file or directory
Error opening file: No such file or directory
Error opening file: No such file or directory
Error opening file: No such file or directory
Error opening file: No such file or directory
Error opening file: No such file or directory
Error opening file: No such file or directory
Error opening file: No such file or directory
Error opening file: No such file or directory
Error opening file: No such file or directory
Error opening file: No such file or directory
Error opening file: No such file or directory
Error opening file: No such file or directory
Error opening file: No such file or directory
Error opening file: No such file or directory
Error opening file: No such file or directory
Error opening file: No such file or directory
Error opening file: No such file or directory
Error opening file: No such file or directory
[xa2] decoded 18432 bytes of 2-channel ADPCM at 0x0685f4f4 -> 16384 samples (cache now 4 entries, 11.9 MB)
[d3dSeam] level reset: released 15 texture, 2 vertex buffer and 2 index buffer slots.
[dsnd] entry points still unimplemented (calls so far): DirectSoundUseFullHRTF (no HRTF yet)=1 IDirectSound_DownloadEffectsImage (no I3DL2 reverb yet)=1
Mem_Init
Mem_Init: Heap: 0x044b0000, size: 0x02800000
Loading language 0 from file UKTxt.dat
psiFileLoad in multi-file mode: UKTxt.dat is 0x00021800 bytes starting at 0x06c89edc, type 3604
hooked psiFileOpen: 07000005.bin
psiFileLoad in single-file mode: 0400037c.bin is 0x00004700 bytes at the location pointed to by dirFileBuf(0x00279168), type 1e04
psiFileLoad in single-file mode: 0400000a.bin is 0x00000180 bytes at the location pointed to by dirFileBuf(0x00279168), type 1e04
psiFileLoad in single-file mode: 04000017.bin is 0x00002880 bytes at the location pointed to by dirFileBuf(0x00279168), type 1e04
psiFileLoad in single-file mode: 04000018.bin is 0x00000a40 bytes at the location pointed to by dirFileBuf(0x00279168), type 1e04
psiFileLoad in single-file mode: 04000022.bin is 0x0000dc00 bytes at the location pointed to by dirFileBuf(0x00279168), type 1e04
psiFileLoad in single-file mode: 04000034.bin is 0x000029c0 bytes at the location pointed to by dirFileBuf(0x00279168), type 1e04
psiFileLoad in single-file mode: 04000035.bin is 0x00002600 bytes at the location pointed to by dirFileBuf(0x00279168), type 1e04
psiFileLoad in single-file mode: 04000045.bin is 0x00001360 bytes at the location pointed to by dirFileBuf(0x00279168), type 1e04
psiFileLoad in single-file mode: 04000046.bin is 0x00002680 bytes at the location pointed to by dirFileBuf(0x00279168), type 1e04
psiFileLoad in single-file mode: 04000047.bin is 0x00000fc0 bytes at the location pointed to by dirFileBuf(0x00279168), type 1e04
psiFileLoad in single-file mode: 04000048.bin is 0x00000b20 bytes at the location pointed to by dirFileBuf(0x00279168), type 1e04
psiFileLoad in single-file mode: 04000049.bin is 0x00002440 bytes at the location pointed to by dirFileBuf(0x00279168), type 1e04
psiFileLoad in single-file mode: 0400004a.bin is 0x000008a0 bytes at the location pointed to by dirFileBuf(0x00279168), type 1e04
psiFileLoad in single-file mode: 04000061.bin is 0x0000e820 bytes at the location pointed to by dirFileBuf(0x00279168), type 1e04
psiFileLoad in single-file mode: 04000066.bin is 0x0000cfe0 bytes at the location pointed to by dirFileBuf(0x00279168), type 1e04
psiFileLoad in single-file mode: 04000067.bin is 0x00002fc0 bytes at the location pointed to by dirFileBuf(0x00279168), type 1e04
psiFileLoad in single-file mode: 04000068.bin is 0x00002e60 bytes at the location pointed to by dirFileBuf(0x00279168), type 1e04
psiFileLoad in single-file mode: 0400006b.bin is 0x00000f20 bytes at the location pointed to by dirFileBuf(0x00279168), type 1e04
psiFileLoad in single-file mode: 0400006c.bin is 0x000012e0 bytes at the location pointed to by dirFileBuf(0x00279168), type 1e04
psiFileLoad in single-file mode: 0400006d.bin is 0x000012a0 bytes at the location pointed to by dirFileBuf(0x00279168), type 1e04
psiFileLoad in single-file mode: 04000073.bin is 0x00000360 bytes at the location pointed to by dirFileBuf(0x00279168), type 1e04
psiFileLoad in single-file mode: 04000074.bin is 0x00000180 bytes at the location pointed to by dirFileBuf(0x00279168), type 1e04
psiFileLoad in single-file mode: 04000075.bin is 0x00000440 bytes at the location pointed to by dirFileBuf(0x00279168), type 1e04
psiFileLoad in single-file mode: 04000076.bin is 0x00000140 bytes at the location pointed to by dirFileBuf(0x00279168), type 1e04
psiFileLoad in single-file mode: 04000077.bin is 0x00000160 bytes at the location pointed to by dirFileBuf(0x00279168), type 1e04
psiFileLoad in single-file mode: 04000078.bin is 0x00000100 bytes at the location pointed to by dirFileBuf(0x00279168), type 1e04
psiFileLoad in single-file mode: 04000079.bin is 0x00000100 bytes at the location pointed to by dirFileBuf(0x00279168), type 1e04
psiFileLoad in sinError opening file: No such file or directory
Error opening file: No such file or directory
Error opening file: No such file or directory
Error opening file: No such file or directory
Error opening file: No such file or directory
Error opening file: No such file or directory
Error opening file: No such file or directory
Error opening file: No such file or directory
Error opening file: No such file or directory
Error opening file: No such file or directory
Error opening file: No such file or directory
Error opening file: No such file or directory
Error opening file: No such file or directory
Error opening file: No such file or directory
Error opening file: No such file or directory
Error opening file: No such file or directory
Error opening file: No such file or directory
Error opening file: No such file or directory
Error opening file: No such file or directory
Error opening file: No such file or directory
Error opening file: No such file or directory
Error opening file: No such file or directory
Error opening file: No such file or directory
Error opening file: No such file or directory
Error opening file: No such file or directory
Error opening file: No such file or directory
Error opening file: No such file or directory
Error opening file: No such file or directory
Error opening file: No such file or directory
Error opening file: No such file or directory
Error opening file: No such file or directory
gle-file mode: 0400007a.bin is 0x00000100 bytes at the location pointed to by dirFileBuf(0x00279168), type 1e04
psiFileLoad in single-file mode: 0400007b.bin is 0x00000100 bytes at the location pointed to by dirFileBuf(0x00279168), type 1e04
psiFileLoad in single-file mode: 0400007c.bin is 0x00000100 bytes at the location pointed to by dirFileBuf(0x00279168), type 1e04
psiFileLoad in single-file mode: 0400007d.bin is 0x00000100 bytes at the location pointed to by dirFileBuf(0x00279168), type 1e04
psiFileLoad in single-file mode: 040000a0.bin is 0x000058c0 bytes at the location pointed to by dirFileBuf(0x00279168), type 1e04
psiFileLoad in single-file mode: 040000a3.bin is 0x0000a620 bytes at the location pointed to by dirFileBuf(0x00279168), type 1e04
psiFileLoad in single-file mode: 040000aa.bin is 0x00000400 bytes at the location pointed to by dirFileBuf(0x00279168), type 1e04
psiFileLoad in single-file mode: 040000af.bin is 0x00000300 bytes at the location pointed to by dirFileBuf(0x00279168), type 1e04
psiFileLoad in single-file mode: 040000b0.bin is 0x00000440 bytes at the location pointed to by dirFileBuf(0x00279168), type 1e04
psiFileLoad in single-file mode: 040000c0.bin is 0x00000260 bytes at the location pointed to by dirFileBuf(0x00279168), type 1e04
psiFileLoad in single-file mode: 040000cd.bin is 0x00004780 bytes at the location pointed to by dirFileBuf(0x00279168), type 1e04
psiFileLoad in single-file mode: 040000ce.bin is 0x00005e60 bytes at the location pointed to by dirFileBuf(0x00279168), type 1e04
psiFileLoad in single-file mode: 040000cf.bin is 0x000047a0 bytes at the location pointed to by dirFileBuf(0x00279168), type 1e04
psiFileLoad in single-file mode: 040000d0.bin is 0x00004e60 bytes at the location pointed to by dirFileBuf(0x00279168), type 1e04
psiFileLoad in single-file mode: 040000d1.bin is 0x00005b00 bytes at the location pointed to by dirFileBuf(0x00279168), type 1e04
psiFileLoad in single-file mode: 040000d2.bin is 0x00003e60 bytes at the location pointed to by dirFileBuf(0x00279168), type 1e04
psiFileLoad in single-file mode: 040000d3.bin is 0x00004720 bytes at the location pointed to by dirFileBuf(0x00279168), type 1e04
psiFileLoad in single-file mode: 040000d4.bin is 0x00004380 bytes at the location pointed to by dirFileBuf(0x00279168), type 1e04
psiFileLoad in single-file mode: 040000d9.bin is 0x0000bdc0 bytes at the location pointed to by dirFileBuf(0x00279168), type 1e04
psiFileLoad in single-file mode: 040000db.bin is 0x00006900 bytes at the location pointed to by dirFileBuf(0x00279168), type 1e04
psiFileLoad in single-file mode: 040000e7.bin is 0x000040c0 bytes at the location pointed to by dirFileBuf(0x00279168), type 1e04
psiFileLoad in single-file mode: 040000f0.bin is 0x00013640 bytes at the location pointed to by dirFileBuf(0x00279168), type 1e04
psiFileLoad in single-file mode: 040000f2.bin is 0x00002ce0 bytes at the location pointed to by dirFileBuf(0x00279168), type 1e04
psiFileLoad in single-file mode: 040000f3.bin is 0x00002080 bytes at the location pointed to by dirFileBuf(0x00279168), type 1e04
psiFileLoad in single-file mode: 040000f5.bin is 0x00003d00 bytes at the location pointed to by dirFileBuf(0x00279168), type 1e04
psiFileLoad in single-file mode: 040000f6.bin is 0x00003f20 bytes at the location pointed to by dirFileBuf(0x00279168), type 1e04
psiFileLoad in single-file mode: 040000fb.bin is 0x00002fc0 bytes at the location pointed to by dirFileBuf(0x00279168), type 1e04
psiFileLoad in single-file mode: 040000fd.bin is 0x000037c0 bytes at the location pointed to by dirFileBuf(0x00279168), type 1e04
psiFileLoad in single-file mode: 04000100.bin is 0x00009540 bytes at the location pointed to by dirFileBuf(0x00279168), type 1e04
psiFileLoad in single-file mode: 04000101.bin is 0x000093c0 bytes at the location pointed to by dirFileBuf(0x00279168), type 1e04
psiFileLoad in single-file mode: 04000102.bin is 0x00001c00 bytes at the location pointed to by dirFileBuf(0x00279168), type 1e04
psiFileLoad in single-file mode: 04000109.bin is 0x00001a40 bytes at the location poError opening file: No such file or directory
Error opening file: No such file or directory
Error opening file: No such file or directory
Error opening file: No such file or directory
Error opening file: No such file or directory
Error opening file: No such file or directory
Error opening file: No such file or directory
Error opening file: No such file or directory
Error opening file: No such file or directory
Error opening file: No such file or directory
Error opening file: No such file or directory
Error opening file: No such file or directory
Error opening file: No such file or directory
Error opening file: No such file or directory
Error opening file: No such file or directory
Error opening file: No such file or directory
Error opening file: No such file or directory
Error opening file: No such file or directory
Error opening file: No such file or directory
Error opening file: No such file or directory
Error opening file: No such file or directory
Error opening file: No such file or directory
Error opening file: No such file or directory
Error opening file: No such file or directory
Error opening file: No such file or directory
Error opening file: No such file or directory
Error opening file: No such file or directory
Error opening file: No such file or directory
Error opening file: No such file or directory
Error opening file: No such file or directory
Error opening file: No such file or directory
Error opening file: No such file or directory
inted to by dirFileBuf(0x00279168), type 1e04
psiFileLoad in single-file mode: 0400011c.bin is 0x00004380 bytes at the location pointed to by dirFileBuf(0x00279168), type 1e04
psiFileLoad in single-file mode: 0400011d.bin is 0x00003560 bytes at the location pointed to by dirFileBuf(0x00279168), type 1e04
psiFileLoad in single-file mode: 0400011e.bin is 0x00006cc0 bytes at the location pointed to by dirFileBuf(0x00279168), type 1e04
psiFileLoad in single-file mode: 04000120.bin is 0x00001720 bytes at the location pointed to by dirFileBuf(0x00279168), type 1e04
psiFileLoad in single-file mode: 04000121.bin is 0x00001f40 bytes at the location pointed to by dirFileBuf(0x00279168), type 1e04
psiFileLoad in single-file mode: 04000122.bin is 0x00004860 bytes at the location pointed to by dirFileBuf(0x00279168), type 1e04
psiFileLoad in single-file mode: 04000123.bin is 0x00002ba0 bytes at the location pointed to by dirFileBuf(0x00279168), type 1e04
psiFileLoad in single-file mode: 04000124.bin is 0x00002fe0 bytes at the location pointed to by dirFileBuf(0x00279168), type 1e04
psiFileLoad in single-file mode: 04000125.bin is 0x000035a0 bytes at the location pointed to by dirFileBuf(0x00279168), type 1e04
psiFileLoad in single-file mode: 04000126.bin is 0x00007200 bytes at the location pointed to by dirFileBuf(0x00279168), type 1e04
psiFileLoad in single-file mode: 04000127.bin is 0x00004e60 bytes at the location pointed to by dirFileBuf(0x00279168), type 1e04
psiFileLoad in single-file mode: 04000128.bin is 0x00002b40 bytes at the location pointed to by dirFileBuf(0x00279168), type 1e04
psiFileLoad in single-file mode: 04000129.bin is 0x00000e80 bytes at the location pointed to by dirFileBuf(0x00279168), type 1e04
psiFileLoad in single-file mode: 0400012b.bin is 0x00002420 bytes at the location pointed to by dirFileBuf(0x00279168), type 1e04
psiFileLoad in single-file mode: 0400012c.bin is 0x000045c0 bytes at the location pointed to by dirFileBuf(0x00279168), type 1e04
psiFileLoad in single-file mode: 0400012d.bin is 0x00004100 bytes at the location pointed to by dirFileBuf(0x00279168), type 1e04
psiFileLoad in single-file mode: 0400012e.bin is 0x00003060 bytes at the location pointed to by dirFileBuf(0x00279168), type 1e04
psiFileLoad in single-file mode: 0400012f.bin is 0x00000aa0 bytes at the location pointed to by dirFileBuf(0x00279168), type 1e04
psiFileLoad in single-file mode: 04000130.bin is 0x000033e0 bytes at the location pointed to by dirFileBuf(0x00279168), type 1e04
psiFileLoad in single-file mode: 04000131.bin is 0x000078c0 bytes at the location pointed to by dirFileBuf(0x00279168), type 1e04
psiFileLoad in single-file mode: 04000132.bin is 0x00003700 bytes at the location pointed to by dirFileBuf(0x00279168), type 1e04
psiFileLoad in single-file mode: 04000133.bin is 0x00000b60 bytes at the location pointed to by dirFileBuf(0x00279168), type 1e04
psiFileLoad in single-file mode: 04000134.bin is 0x00000a20 bytes at the location pointed to by dirFileBuf(0x00279168), type 1e04
psiFileLoad in single-file mode: 04000135.bin is 0x00002560 bytes at the location pointed to by dirFileBuf(0x00279168), type 1e04
psiFileLoad in single-file mode: 04000136.bin is 0x000019e0 bytes at the location pointed to by dirFileBuf(0x00279168), type 1e04
psiFileLoad in single-file mode: 04000137.bin is 0x00000a20 bytes at the location pointed to by dirFileBuf(0x00279168), type 1e04
psiFileLoad in single-file mode: 04000138.bin is 0x00001ee0 bytes at the location pointed to by dirFileBuf(0x00279168), type 1e04
psiFileLoad in single-file mode: 0400013a.bin is 0x00003e00 bytes at the location pointed to by dirFileBuf(0x00279168), type 1e04
psiFileLoad in single-file mode: 04000152.bin is 0x00001aa0 bytes at the location pointed to by dirFileBuf(0x00279168), type 1e04
psiFileLoad in single-file mode: 04000153.bin is 0x00001d60 bytes at the location pointed to by dirFileBuf(0x00279168), type 1e04
psiFileLoad in single-file mode: 04000185.bin is 0x000d2100 bytes at the location pointed to by dirFileBuf(0x00279168), type 1e04
psiFileLoad in singlError opening file: No such file or directory
Error opening file: No such file or directory
Error opening file: No such file or directory
Error opening file: No such file or directory
Error opening file: No such file or directory
Error opening file: No such file or directory
Error opening file: No such file or directory
Error opening file: No such file or directory
Error opening file: No such file or directory
Error opening file: No such file or directory
Error opening file: No such file or directory
Error opening file: No such file or directory
Error opening file: No such file or directory
Error opening file: No such file or directory
Error opening file: No such file or directory
Error opening file: No such file or directory
Error opening file: No such file or directory
Error opening file: No such file or directory
Error opening file: No such file or directory
Error opening file: No such file or directory
Error opening file: No such file or directory
Error opening file: No such file or directory
Error opening file: No such file or directory
Error opening file: No such file or directory
Error opening file: No such file or directory
Error opening file: No such file or directory
Error opening file: No such file or directory
Error opening file: No such file or directory
Error opening file: No such file or directory
Error opening file: No such file or directory
Error opening file: No such file or directory
e-file mode: 0400018e.bin is 0x00005da0 bytes at the location pointed to by dirFileBuf(0x00279168), type 1e04
psiFileLoad in single-file mode: 0400018f.bin is 0x00005840 bytes at the location pointed to by dirFileBuf(0x00279168), type 1e04
psiFileLoad in single-file mode: 04000190.bin is 0x00006e40 bytes at the location pointed to by dirFileBuf(0x00279168), type 1e04
psiFileLoad in single-file mode: 04000194.bin is 0x00005440 bytes at the location pointed to by dirFileBuf(0x00279168), type 1e04
psiFileLoad in single-file mode: 04000196.bin is 0x000062c0 bytes at the location pointed to by dirFileBuf(0x00279168), type 1e04
psiFileLoad in single-file mode: 04000199.bin is 0x000059c0 bytes at the location pointed to by dirFileBuf(0x00279168), type 1e04
psiFileLoad in single-file mode: 0400019a.bin is 0x00004dc0 bytes at the location pointed to by dirFileBuf(0x00279168), type 1e04
psiFileLoad in single-file mode: 0400019b.bin is 0x00004dc0 bytes at the location pointed to by dirFileBuf(0x00279168), type 1e04
psiFileLoad in single-file mode: 0400019c.bin is 0x00004780 bytes at the location pointed to by dirFileBuf(0x00279168), type 1e04
psiFileLoad in single-file mode: 0400019d.bin is 0x00004260 bytes at the location pointed to by dirFileBuf(0x00279168), type 1e04
psiFileLoad in single-file mode: 0400019e.bin is 0x00004e00 bytes at the location pointed to by dirFileBuf(0x00279168), type 1e04
psiFileLoad in single-file mode: 0400019f.bin is 0x000068e0 bytes at the location pointed to by dirFileBuf(0x00279168), type 1e04
psiFileLoad in single-file mode: 040001a0.bin is 0x000080a0 bytes at the location pointed to by dirFileBuf(0x00279168), type 1e04
psiFileLoad in single-file mode: 040001a1.bin is 0x00008960 bytes at the location pointed to by dirFileBuf(0x00279168), type 1e04
psiFileLoad in single-file mode: 040001a2.bin is 0x00005840 bytes at the location pointed to by dirFileBuf(0x00279168), type 1e04
psiFileLoad in single-file mode: 040001a3.bin is 0x00007b60 bytes at the location pointed to by dirFileBuf(0x00279168), type 1e04
psiFileLoad in single-file mode: 040001a4.bin is 0x00006680 bytes at the location pointed to by dirFileBuf(0x00279168), type 1e04
psiFileLoad in single-file mode: 040001a5.bin is 0x00006360 bytes at the location pointed to by dirFileBuf(0x00279168), type 1e04
psiFileLoad in single-file mode: 040001a6.bin is 0x00004dc0 bytes at the location pointed to by dirFileBuf(0x00279168), type 1e04
psiFileLoad in single-file mode: 040001a8.bin is 0x00004040 bytes at the location pointed to by dirFileBuf(0x00279168), type 1e04
psiFileLoad in single-file mode: 040001a9.bin is 0x00005ba0 bytes at the location pointed to by dirFileBuf(0x00279168), type 1e04
psiFileLoad in single-file mode: 040001aa.bin is 0x0000d180 bytes at the location pointed to by dirFileBuf(0x00279168), type 1e04
psiFileLoad in single-file mode: 040001ad.bin is 0x000063c0 bytes at the location pointed to by dirFileBuf(0x00279168), type 1e04
psiFileLoad in single-file mode: 040001ae.bin is 0x00006580 bytes at the location pointed to by dirFileBuf(0x00279168), type 1e04
psiFileLoad in single-file mode: 040001af.bin is 0x00006f00 bytes at the location pointed to by dirFileBuf(0x00279168), type 1e04
psiFileLoad in single-file mode: 040001b0.bin is 0x00006d40 bytes at the location pointed to by dirFileBuf(0x00279168), type 1e04
psiFileLoad in single-file mode: 040001b1.bin is 0x0000ab20 bytes at the location pointed to by dirFileBuf(0x00279168), type 1e04
psiFileLoad in single-file mode: 040001b3.bin is 0x00004fa0 bytes at the location pointed to by dirFileBuf(0x00279168), type 1e04
psiFileLoad in single-file mode: 040001b4.bin is 0x00004ea0 bytes at the location pointed to by dirFileBuf(0x00279168), type 1e04
psiFileLoad in single-file mode: 040001b6.bin is 0x00008820 bytes at the location pointed to by dirFileBuf(0x00279168), type 1e04
psiFileLoad in single-file mode: 040001b7.bin is 0x000162a0 bytes at the location pointed to by dirFileBuf(0x00279168), type 1e04
psiFileLoad in single-file mode: 040001b8.bin is 0x00000f40 bytes at the location poinError opening file: No such file or directory
Error opening file: No such file or directory
Error opening file: No such file or directory
Error opening file: No such file or directory
Error opening file: No such file or directory
Error opening file: No such file or directory
Error opening file: No such file or directory
Error opening file: No such file or directory
Error opening file: No such file or directory
Error opening file: No such file or directory
Error opening file: No such file or directory
Error opening file: No such file or directory
Error opening file: No such file or directory
Error opening file: No such file or directory
Error opening file: No such file or directory
Error opening file: No such file or directory
Error opening file: No such file or directory
Error opening file: No such file or directory
Error opening file: No such file or directory
Error opening file: No such file or directory
Error opening file: No such file or directory
Error opening file: No such file or directory
Error opening file: No such file or directory
Error opening file: No such file or directory
Error opening file: No such file or directory
Error opening file: No such file or directory
Error opening file: No such file or directory
Error opening file: No such file or directory
Error opening file: No such file or directory
Error opening file: No such file or directory
Error opening file: No such file or directory
Error opening file: No such file or directory
ted to by dirFileBuf(0x00279168), type 1e04
psiFileLoad in single-file mode: 040001b9.bin is 0x0000e980 bytes at the location pointed to by dirFileBuf(0x00279168), type 1e04
psiFileLoad in single-file mode: 040001ba.bin is 0x00000d60 bytes at the location pointed to by dirFileBuf(0x00279168), type 1e04
psiFileLoad in single-file mode: 040001bb.bin is 0x000076a0 bytes at the location pointed to by dirFileBuf(0x00279168), type 1e04
psiFileLoad in single-file mode: 040001bc.bin is 0x00009fa0 bytes at the location pointed to by dirFileBuf(0x00279168), type 1e04
psiFileLoad in single-file mode: 040001bd.bin is 0x00008580 bytes at the location pointed to by dirFileBuf(0x00279168), type 1e04
psiFileLoad in single-file mode: 040001be.bin is 0x00008e00 bytes at the location pointed to by dirFileBuf(0x00279168), type 1e04
psiFileLoad in single-file mode: 040001bf.bin is 0x000031a0 bytes at the location pointed to by dirFileBuf(0x00279168), type 1e04
psiFileLoad in single-file mode: 040001c0.bin is 0x00005bc0 bytes at the location pointed to by dirFileBuf(0x00279168), type 1e04
psiFileLoad in single-file mode: 040001c3.bin is 0x00006260 bytes at the location pointed to by dirFileBuf(0x00279168), type 1e04
psiFileLoad in single-file mode: 040001c4.bin is 0x00007d40 bytes at the location pointed to by dirFileBuf(0x00279168), type 1e04
psiFileLoad in single-file mode: 040001c5.bin is 0x0000a0a0 bytes at the location pointed to by dirFileBuf(0x00279168), type 1e04
psiFileLoad in single-file mode: 040001c6.bin is 0x00005fe0 bytes at the location pointed to by dirFileBuf(0x00279168), type 1e04
psiFileLoad in single-file mode: 040001c8.bin is 0x00013140 bytes at the location pointed to by dirFileBuf(0x00279168), type 1e04
psiFileLoad in single-file mode: 040001ca.bin is 0x00007fc0 bytes at the location pointed to by dirFileBuf(0x00279168), type 1e04
psiFileLoad in single-file mode: 040001cb.bin is 0x00004980 bytes at the location pointed to by dirFileBuf(0x00279168), type 1e04
psiFileLoad in single-file mode: 040001cc.bin is 0x00004cc0 bytes at the location pointed to by dirFileBuf(0x00279168), type 1e04
psiFileLoad in single-file mode: 040001ce.bin is 0x00003480 bytes at the location pointed to by dirFileBuf(0x00279168), type 1e04
psiFileLoad in single-file mode: 040001cf.bin is 0x00003020 bytes at the location pointed to by dirFileBuf(0x00279168), type 1e04
psiFileLoad in single-file mode: 040001d0.bin is 0x000022e0 bytes at the location pointed to by dirFileBuf(0x00279168), type 1e04
psiFileLoad in single-file mode: 040001d1.bin is 0x000037e0 bytes at the location pointed to by dirFileBuf(0x00279168), type 1e04
psiFileLoad in single-file mode: 040001d2.bin is 0x00008c20 bytes at the location pointed to by dirFileBuf(0x00279168), type 1e04
psiFileLoad in single-file mode: 040001d3.bin is 0x00001a00 bytes at the location pointed to by dirFileBuf(0x00279168), type 1e04
psiFileLoad in single-file mode: 040001d4.bin is 0x000019e0 bytes at the location pointed to by dirFileBuf(0x00279168), type 1e04
psiFileLoad in single-file mode: 040001d5.bin is 0x00000b20 bytes at the location pointed to by dirFileBuf(0x00279168), type 1e04
psiFileLoad in single-file mode: 040001d6.bin is 0x00001680 bytes at the location pointed to by dirFileBuf(0x00279168), type 1e04
psiFileLoad in single-file mode: 040001d7.bin is 0x00000b00 bytes at the location pointed to by dirFileBuf(0x00279168), type 1e04
psiFileLoad in single-file mode: 040001d8.bin is 0x00000f00 bytes at the location pointed to by dirFileBuf(0x00279168), type 1e04
psiFileLoad in single-file mode: 040001d9.bin is 0x000015a0 bytes at the location pointed to by dirFileBuf(0x00279168), type 1e04
psiFileLoad in single-file mode: 040001da.bin is 0x00001fa0 bytes at the location pointed to by dirFileBuf(0x00279168), type 1e04
psiFileLoad in single-file mode: 040001db.bin is 0x000049a0 bytes at the location pointed to by dirFileBuf(0x00279168), type 1e04
psiFileLoad in single-file mode: 040001dc.bin is 0x000028c0 bytes at the location pointed to by dirFileBuf(0x00279168), type 1e04
psiFileLoad in single-Error opening file: No such file or directory
Error opening file: No such file or directory
Error opening file: No such file or directory
Error opening file: No such file or directory
Error opening file: No such file or directory
Error opening file: No such file or directory
Error opening file: No such file or directory
Error opening file: No such file or directory
Error opening file: No such file or directory
Error opening file: No such file or directory
Error opening file: No such file or directory
Error opening file: No such file or directory
Error opening file: No such file or directory
Error opening file: No such file or directory
Error opening file: No such file or directory
Error opening file: No such file or directory
Error opening file: No such file or directory
Error opening file: No such file or directory
Error opening file: No such file or directory
Error opening file: No such file or directory
Error opening file: No such file or directory
Error opening file: No such file or directory
Error opening file: No such file or directory
Error opening file: No such file or directory
Error opening file: No such file or directory
Error opening file: No such file or directory
Error opening file: No such file or directory
Error opening file: No such file or directory
Error opening file: No such file or directory
Error opening file: No such file or directory
Error opening file: No such file or directory
file mode: 040001dd.bin is 0x000032e0 bytes at the location pointed to by dirFileBuf(0x00279168), type 1e04
psiFileLoad in single-file mode: 040001de.bin is 0x000029c0 bytes at the location pointed to by dirFileBuf(0x00279168), type 1e04
psiFileLoad in single-file mode: 040001df.bin is 0x00003940 bytes at the location pointed to by dirFileBuf(0x00279168), type 1e04
psiFileLoad in single-file mode: 040001e0.bin is 0x000032c0 bytes at the location pointed to by dirFileBuf(0x00279168), type 1e04
psiFileLoad in single-file mode: 040001e1.bin is 0x000076e0 bytes at the location pointed to by dirFileBuf(0x00279168), type 1e04
psiFileLoad in single-file mode: 040001e2.bin is 0x00002900 bytes at the location pointed to by dirFileBuf(0x00279168), type 1e04
psiFileLoad in single-file mode: 040001e3.bin is 0x00002380 bytes at the location pointed to by dirFileBuf(0x00279168), type 1e04
psiFileLoad in single-file mode: 040001e5.bin is 0x00001980 bytes at the location pointed to by dirFileBuf(0x00279168), type 1e04
psiFileLoad in single-file mode: 040001e6.bin is 0x00001f60 bytes at the location pointed to by dirFileBuf(0x00279168), type 1e04
psiFileLoad in single-file mode: 040001ee.bin is 0x00005a20 bytes at the location pointed to by dirFileBuf(0x00279168), type 1e04
psiFileLoad in single-file mode: 040001ef.bin is 0x000061a0 bytes at the location pointed to by dirFileBuf(0x00279168), type 1e04
psiFileLoad in single-file mode: 040001f0.bin is 0x00005b40 bytes at the location pointed to by dirFileBuf(0x00279168), type 1e04
psiFileLoad in single-file mode: 040001f2.bin is 0x00001f00 bytes at the location pointed to by dirFileBuf(0x00279168), type 1e04
psiFileLoad in single-file mode: 040001f3.bin is 0x00002300 bytes at the location pointed to by dirFileBuf(0x00279168), type 1e04
psiFileLoad in single-file mode: 040001f4.bin is 0x00002040 bytes at the location pointed to by dirFileBuf(0x00279168), type 1e04
psiFileLoad in single-file mode: 040001f5.bin is 0x00002160 bytes at the location pointed to by dirFileBuf(0x00279168), type 1e04
psiFileLoad in single-file mode: 040001f6.bin is 0x00002a00 bytes at the location pointed to by dirFileBuf(0x00279168), type 1e04
psiFileLoad in single-file mode: 040001f8.bin is 0x00002880 bytes at the location pointed to by dirFileBuf(0x00279168), type 1e04
psiFileLoad in single-file mode: 040001f9.bin is 0x000026e0 bytes at the location pointed to by dirFileBuf(0x00279168), type 1e04
psiFileLoad in single-file mode: 040001fa.bin is 0x00000e20 bytes at the location pointed to by dirFileBuf(0x00279168), type 1e04
psiFileLoad in single-file mode: 040001fb.bin is 0x00001fa0 bytes at the location pointed to by dirFileBuf(0x00279168), type 1e04
psiFileLoad in single-file mode: 040001fc.bin is 0x00003960 bytes at the location pointed to by dirFileBuf(0x00279168), type 1e04
psiFileLoad in single-file mode: 040001fd.bin is 0x00003b40 bytes at the location pointed to by dirFileBuf(0x00279168), type 1e04
psiFileLoad in single-file mode: 04000202.bin is 0x000044a0 bytes at the location pointed to by dirFileBuf(0x00279168), type 1e04
psiFileLoad in single-file mode: 04000205.bin is 0x00001120 bytes at the location pointed to by dirFileBuf(0x00279168), type 1e04
psiFileLoad in single-file mode: 04000207.bin is 0x000046c0 bytes at the location pointed to by dirFileBuf(0x00279168), type 1e04
psiFileLoad in single-file mode: 04000208.bin is 0x000041a0 bytes at the location pointed to by dirFileBuf(0x00279168), type 1e04
psiFileLoad in single-file mode: 04000209.bin is 0x000041c0 bytes at the location pointed to by dirFileBuf(0x00279168), type 1e04
psiFileLoad in single-file mode: 0400020a.bin is 0x00002180 bytes at the location pointed to by dirFileBuf(0x00279168), type 1e04
psiFileLoad in single-file mode: 0400020b.bin is 0x00000dc0 bytes at the location pointed to by dirFileBuf(0x00279168), type 1e04
psiFileLoad in single-file mode: 0400020c.bin is 0x00002460 bytes at the location pointed to by dirFileBuf(0x00279168), type 1e04
psiFileLoad in single-file mode: 0400020d.bin is 0x00000c40 bytes at the location pointeError opening file: No such file or directory
Error opening file: No such file or directory
Error opening file: No such file or directory
Error opening file: No such file or directory
Error opening file: No such file or directory
Error opening file: No such file or directory
Error opening file: No such file or directory
Error opening file: No such file or directory
Error opening file: No such file or directory
Error opening file: No such file or directory
Error opening file: No such file or directory
Error opening file: No such file or directory
Error opening file: No such file or directory
Error opening file: No such file or directory
Error opening file: No such file or directory
Error opening file: No such file or directory
Error opening file: No such file or directory
Error opening file: No such file or directory
Error opening file: No such file or directory
Error opening file: No such file or directory
Error opening file: No such file or directory
Error opening file: No such file or directory
Error opening file: No such file or directory
Error opening file: No such file or directory
Error opening file: No such file or directory
Error opening file: No such file or directory
Error opening file: No such file or directory
Error opening file: No such file or directory
Error opening file: No such file or directory
Error opening file: No such file or directory
Error opening file: No such file or directory
Error opening file: No such file or directory
d to by dirFileBuf(0x00279168), type 1e04
psiFileLoad in single-file mode: 04000210.bin is 0x00002600 bytes at the location pointed to by dirFileBuf(0x00279168), type 1e04
psiFileLoad in single-file mode: 04000211.bin is 0x00003fc0 bytes at the location pointed to by dirFileBuf(0x00279168), type 1e04
psiFileLoad in single-file mode: 04000212.bin is 0x00003040 bytes at the location pointed to by dirFileBuf(0x00279168), type 1e04
psiFileLoad in single-file mode: 0400021f.bin is 0x00003300 bytes at the location pointed to by dirFileBuf(0x00279168), type 1e04
psiFileLoad in single-file mode: 04000220.bin is 0x000065c0 bytes at the location pointed to by dirFileBuf(0x00279168), type 1e04
psiFileLoad in single-file mode: 04000221.bin is 0x00005a80 bytes at the location pointed to by dirFileBuf(0x00279168), type 1e04
psiFileLoad in single-file mode: 04000225.bin is 0x00004c40 bytes at the location pointed to by dirFileBuf(0x00279168), type 1e04
psiFileLoad in single-file mode: 04000226.bin is 0x00005620 bytes at the location pointed to by dirFileBuf(0x00279168), type 1e04
psiFileLoad in single-file mode: 04000227.bin is 0x00001b00 bytes at the location pointed to by dirFileBuf(0x00279168), type 1e04
psiFileLoad in single-file mode: 04000228.bin is 0x00001d20 bytes at the location pointed to by dirFileBuf(0x00279168), type 1e04
psiFileLoad in single-file mode: 04000229.bin is 0x00002ac0 bytes at the location pointed to by dirFileBuf(0x00279168), type 1e04
psiFileLoad in single-file mode: 0400022a.bin is 0x000032c0 bytes at the location pointed to by dirFileBuf(0x00279168), type 1e04
psiFileLoad in single-file mode: 0400022b.bin is 0x00003180 bytes at the location pointed to by dirFileBuf(0x00279168), type 1e04
psiFileLoad in single-file mode: 0400022c.bin is 0x00003c20 bytes at the location pointed to by dirFileBuf(0x00279168), type 1e04
psiFileLoad in single-file mode: 0400022d.bin is 0x00003cc0 bytes at the location pointed to by dirFileBuf(0x00279168), type 1e04
psiFileLoad in single-file mode: 0400022f.bin is 0x00002840 bytes at the location pointed to by dirFileBuf(0x00279168), type 1e04
psiFileLoad in single-file mode: 04000230.bin is 0x00002720 bytes at the location pointed to by dirFileBuf(0x00279168), type 1e04
psiFileLoad in single-file mode: 04000231.bin is 0x00002ba0 bytes at the location pointed to by dirFileBuf(0x00279168), type 1e04
psiFileLoad in single-file mode: 04000232.bin is 0x00002620 bytes at the location pointed to by dirFileBuf(0x00279168), type 1e04
psiFileLoad in single-file mode: 04000233.bin is 0x00003820 bytes at the location pointed to by dirFileBuf(0x00279168), type 1e04
psiFileLoad in single-file mode: 04000235.bin is 0x00003720 bytes at the location pointed to by dirFileBuf(0x00279168), type 1e04
psiFileLoad in single-file mode: 0400023a.bin is 0x00001400 bytes at the location pointed to by dirFileBuf(0x00279168), type 1e04
psiFileLoad in single-file mode: 0400023b.bin is 0x00001b80 bytes at the location pointed to by dirFileBuf(0x00279168), type 1e04
psiFileLoad in single-file mode: 0400023c.bin is 0x00000740 bytes at the location pointed to by dirFileBuf(0x00279168), type 1e04
psiFileLoad in single-file mode: 0400023d.bin is 0x00000c20 bytes at the location pointed to by dirFileBuf(0x00279168), type 1e04
psiFileLoad in single-file mode: 0400023e.bin is 0x00001f20 bytes at the location pointed to by dirFileBuf(0x00279168), type 1e04
psiFileLoad in single-file mode: 0400023f.bin is 0x00000740 bytes at the location pointed to by dirFileBuf(0x00279168), type 1e04
psiFileLoad in single-file mode: 04000240.bin is 0x00000d60 bytes at the location pointed to by dirFileBuf(0x00279168), type 1e04
psiFileLoad in single-file mode: 04000241.bin is 0x000031c0 bytes at the location pointed to by dirFileBuf(0x00279168), type 1e04
psiFileLoad in single-file mode: 04000243.bin is 0x000034e0 bytes at the location pointed to by dirFileBuf(0x00279168), type 1e04
psiFileLoad in single-file mode: 04000244.bin is 0x00001d40 bytes at the location pointed to by dirFileBuf(0x00279168), type 1e04
psiFileLoad in single-fiError opening file: No such file or directory
Error opening file: No such file or directory
Error opening file: No such file or directory
Error opening file: No such file or directory
Error opening file: No such file or directory
Error opening file: No such file or directory
Error opening file: No such file or directory
Error opening file: No such file or directory
Error opening file: No such file or directory
Error opening file: No such file or directory
Error opening file: No such file or directory
Error opening file: No such file or directory
Error opening file: No such file or directory
Error opening file: No such file or directory
Error opening file: No such file or directory
Error opening file: No such file or directory
Error opening file: No such file or directory
Error opening file: No such file or directory
Error opening file: No such file or directory
Error opening file: No such file or directory
Error opening file: No such file or directory
Error opening file: No such file or directory
Error opening file: No such file or directory
Error opening file: No such file or directory
Error opening file: No such file or directory
Error opening file: No such file or directory
Error opening file: No such file or directory
Error opening file: No such file or directory
Error opening file: No such file or directory
Error opening file: No such file or directory
Error opening file: No such file or directory
le mode: 04000245.bin is 0x00002180 bytes at the location pointed to by dirFileBuf(0x00279168), type 1e04
psiFileLoad in single-file mode: 04000246.bin is 0x00002840 bytes at the location pointed to by dirFileBuf(0x00279168), type 1e04
psiFileLoad in single-file mode: 04000247.bin is 0x00000fa0 bytes at the location pointed to by dirFileBuf(0x00279168), type 1e04
psiFileLoad in single-file mode: 04000248.bin is 0x00001e80 bytes at the location pointed to by dirFileBuf(0x00279168), type 1e04
psiFileLoad in single-file mode: 04000249.bin is 0x00000740 bytes at the location pointed to by dirFileBuf(0x00279168), type 1e04
psiFileLoad in single-file mode: 0400024a.bin is 0x00000ea0 bytes at the location pointed to by dirFileBuf(0x00279168), type 1e04
psiFileLoad in single-file mode: 0400024b.bin is 0x00002460 bytes at the location pointed to by dirFileBuf(0x00279168), type 1e04
psiFileLoad in single-file mode: 0400024c.bin is 0x00000740 bytes at the location pointed to by dirFileBuf(0x00279168), type 1e04
psiFileLoad in single-file mode: 0400024d.bin is 0x00001060 bytes at the location pointed to by dirFileBuf(0x00279168), type 1e04
psiFileLoad in single-file mode: 0400024e.bin is 0x00002fe0 bytes at the location pointed to by dirFileBuf(0x00279168), type 1e04
psiFileLoad in single-file mode: 0400024f.bin is 0x00003720 bytes at the location pointed to by dirFileBuf(0x00279168), type 1e04
psiFileLoad in single-file mode: 04000250.bin is 0x000027c0 bytes at the location pointed to by dirFileBuf(0x00279168), type 1e04
psiFileLoad in single-file mode: 04000251.bin is 0x00001fc0 bytes at the location pointed to by dirFileBuf(0x00279168), type 1e04
psiFileLoad in single-file mode: 04000252.bin is 0x00001f00 bytes at the location pointed to by dirFileBuf(0x00279168), type 1e04
psiFileLoad in single-file mode: 04000253.bin is 0x00003660 bytes at the location pointed to by dirFileBuf(0x00279168), type 1e04
psiFileLoad in single-file mode: 04000254.bin is 0x00004040 bytes at the location pointed to by dirFileBuf(0x00279168), type 1e04
psiFileLoad in single-file mode: 04000255.bin is 0x000034a0 bytes at the location pointed to by dirFileBuf(0x00279168), type 1e04
psiFileLoad in single-file mode: 04000256.bin is 0x000040e0 bytes at the location pointed to by dirFileBuf(0x00279168), type 1e04
psiFileLoad in single-file mode: 04000257.bin is 0x00002f60 bytes at the location pointed to by dirFileBuf(0x00279168), type 1e04
psiFileLoad in single-file mode: 04000258.bin is 0x00003ae0 bytes at the location pointed to by dirFileBuf(0x00279168), type 1e04
psiFileLoad in single-file mode: 04000259.bin is 0x000041c0 bytes at the location pointed to by dirFileBuf(0x00279168), type 1e04
psiFileLoad in single-file mode: 0400025a.bin is 0x00002c20 bytes at the location pointed to by dirFileBuf(0x00279168), type 1e04
psiFileLoad in single-file mode: 0400025b.bin is 0x00002ee0 bytes at the location pointed to by dirFileBuf(0x00279168), type 1e04
psiFileLoad in single-file mode: 0400025c.bin is 0x00003ec0 bytes at the location pointed to by dirFileBuf(0x00279168), type 1e04
psiFileLoad in single-file mode: 0400025d.bin is 0x00003f20 bytes at the location pointed to by dirFileBuf(0x00279168), type 1e04
psiFileLoad in single-file mode: 0400025f.bin is 0x00001940 bytes at the location pointed to by dirFileBuf(0x00279168), type 1e04
psiFileLoad in single-file mode: 04000260.bin is 0x000071a0 bytes at the location pointed to by dirFileBuf(0x00279168), type 1e04
psiFileLoad in single-file mode: 04000264.bin is 0x00002820 bytes at the location pointed to by dirFileBuf(0x00279168), type 1e04
psiFileLoad in single-file mode: 04000265.bin is 0x00002540 bytes at the location pointed to by dirFileBuf(0x00279168), type 1e04
psiFileLoad in single-file mode: 04000266.bin is 0x00002b80 bytes at the location pointed to by dirFileBuf(0x00279168), type 1e04
psiFileLoad in single-file mode: 04000267.bin is 0x000036c0 bytes at the location pointed to by dirFileBuf(0x00279168), type 1e04
psiFileLoad in single-file mode: 04000268.bin is 0x00004660 bytes at the location pointed Error opening file: No such file or directory
Error opening file: No such file or directory
Error opening file: No such file or directory
Error opening file: No such file or directory
Error opening file: No such file or directory
Error opening file: No such file or directory
Error opening file: No such file or directory
Error opening file: No such file or directory
Error opening file: No such file or directory
Error opening file: No such file or directory
Error opening file: No such file or directory
Error opening file: No such file or directory
Error opening file: No such file or directory
Error opening file: No such file or directory
Error opening file: No such file or directory
Error opening file: No such file or directory
Error opening file: No such file or directory
Error opening file: No such file or directory
Error opening file: No such file or directory
Error opening file: No such file or directory
Error opening file: No such file or directory
Error opening file: No such file or directory
Error opening file: No such file or directory
Error opening file: No such file or directory
Error opening file: No such file or directory
Error opening file: No such file or directory
Error opening file: No such file or directory
Error opening file: No such file or directory
Error opening file: No such file or directory
Error opening file: No such file or directory
Error opening file: No such file or directory
Error opening file: No such file or directory
to by dirFileBuf(0x00279168), type 1e04
psiFileLoad in single-file mode: 04000269.bin is 0x00002b60 bytes at the location pointed to by dirFileBuf(0x00279168), type 1e04
psiFileLoad in single-file mode: 0400026a.bin is 0x00000c40 bytes at the location pointed to by dirFileBuf(0x00279168), type 1e04
psiFileLoad in single-file mode: 0400026b.bin is 0x00000c20 bytes at the location pointed to by dirFileBuf(0x00279168), type 1e04
psiFileLoad in single-file mode: 0400026c.bin is 0x00002c60 bytes at the location pointed to by dirFileBuf(0x00279168), type 1e04
psiFileLoad in single-file mode: 0400026d.bin is 0x00001f80 bytes at the location pointed to by dirFileBuf(0x00279168), type 1e04
psiFileLoad in single-file mode: 0400026e.bin is 0x00003b00 bytes at the location pointed to by dirFileBuf(0x00279168), type 1e04
psiFileLoad in single-file mode: 0400026f.bin is 0x00003ca0 bytes at the location pointed to by dirFileBuf(0x00279168), type 1e04
psiFileLoad in single-file mode: 04000272.bin is 0x00006bc0 bytes at the location pointed to by dirFileBuf(0x00279168), type 1e04
psiFileLoad in single-file mode: 04000273.bin is 0x000023e0 bytes at the location pointed to by dirFileBuf(0x00279168), type 1e04
psiFileLoad in single-file mode: 04000274.bin is 0x00002880 bytes at the location pointed to by dirFileBuf(0x00279168), type 1e04
psiFileLoad in single-file mode: 04000277.bin is 0x000021c0 bytes at the location pointed to by dirFileBuf(0x00279168), type 1e04
psiFileLoad in single-file mode: 04000278.bin is 0x000024c0 bytes at the location pointed to by dirFileBuf(0x00279168), type 1e04
psiFileLoad in single-file mode: 04000279.bin is 0x00002500 bytes at the location pointed to by dirFileBuf(0x00279168), type 1e04
psiFileLoad in single-file mode: 0400027a.bin is 0x00003080 bytes at the location pointed to by dirFileBuf(0x00279168), type 1e04
psiFileLoad in single-file mode: 0400027b.bin is 0x00000ca0 bytes at the location pointed to by dirFileBuf(0x00279168), type 1e04
psiFileLoad in single-file mode: 0400027c.bin is 0x000039c0 bytes at the location pointed to by dirFileBuf(0x00279168), type 1e04
psiFileLoad in single-file mode: 0400027e.bin is 0x000027e0 bytes at the location pointed to by dirFileBuf(0x00279168), type 1e04
psiFileLoad in single-file mode: 0400027f.bin is 0x000030a0 bytes at the location pointed to by dirFileBuf(0x00279168), type 1e04
psiFileLoad in single-file mode: 04000280.bin is 0x00003000 bytes at the location pointed to by dirFileBuf(0x00279168), type 1e04
psiFileLoad in single-file mode: 04000281.bin is 0x00007820 bytes at the location pointed to by dirFileBuf(0x00279168), type 1e04
psiFileLoad in single-file mode: 04000282.bin is 0x00002c40 bytes at the location pointed to by dirFileBuf(0x00279168), type 1e04
psiFileLoad in single-file mode: 04000283.bin is 0x00003fe0 bytes at the location pointed to by dirFileBuf(0x00279168), type 1e04
psiFileLoad in single-file mode: 04000284.bin is 0x00003cc0 bytes at the location pointed to by dirFileBuf(0x00279168), type 1e04
psiFileLoad in single-file mode: 04000285.bin is 0x00003c00 bytes at the location pointed to by dirFileBuf(0x00279168), type 1e04
psiFileLoad in single-file mode: 04000286.bin is 0x00002960 bytes at the location pointed to by dirFileBuf(0x00279168), type 1e04
psiFileLoad in single-file mode: 04000287.bin is 0x00002f60 bytes at the location pointed to by dirFileBuf(0x00279168), type 1e04
psiFileLoad in single-file mode: 04000288.bin is 0x000029e0 bytes at the location pointed to by dirFileBuf(0x00279168), type 1e04
psiFileLoad in single-file mode: 04000289.bin is 0x00002b80 bytes at the location pointed to by dirFileBuf(0x00279168), type 1e04
psiFileLoad in single-file mode: 0400028a.bin is 0x00000b40 bytes at the location pointed to by dirFileBuf(0x00279168), type 1e04
psiFileLoad in single-file mode: 0400028b.bin is 0x00004c40 bytes at the location pointed to by dirFileBuf(0x00279168), type 1e04
psiFileLoad in single-file mode: 0400028c.bin is 0x00002aa0 bytes at the location pointed to by dirFileBuf(0x00279168), type 1e04
psiFileLoad in single-fileError opening file: No such file or directory
Error opening file: No such file or directory
Error opening file: No such file or directory
Error opening file: No such file or directory
Error opening file: No such file or directory
Error opening file: No such file or directory
Error opening file: No such file or directory
Error opening file: No such file or directory
Error opening file: No such file or directory
Error opening file: No such file or directory
Error opening file: No such file or directory
Error opening file: No such file or directory
Error opening file: No such file or directory
Error opening file: No such file or directory
Error opening file: No such file or directory
Error opening file: No such file or directory
Error opening file: No such file or directory
Error opening file: No such file or directory
Error opening file: No such file or directory
Error opening file: No such file or directory
Error opening file: No such file or directory
Error opening file: No such file or directory
Error opening file: No such file or directory
Error opening file: No such file or directory
Error opening file: No such file or directory
Error opening file: No such file or directory
Error opening file: No such file or directory
Error opening file: No such file or directory
Error opening file: No such file or directory
Error opening file: No such file or directory
Error opening file: No such file or directory
 mode: 0400028e.bin is 0x00002820 bytes at the location pointed to by dirFileBuf(0x00279168), type 1e04
psiFileLoad in single-file mode: 0400028f.bin is 0x00002c40 bytes at the location pointed to by dirFileBuf(0x00279168), type 1e04
psiFileLoad in single-file mode: 04000290.bin is 0x00003d00 bytes at the location pointed to by dirFileBuf(0x00279168), type 1e04
psiFileLoad in single-file mode: 04000292.bin is 0x00007f80 bytes at the location pointed to by dirFileBuf(0x00279168), type 1e04
psiFileLoad in single-file mode: 04000293.bin is 0x00001560 bytes at the location pointed to by dirFileBuf(0x00279168), type 1e04
psiFileLoad in single-file mode: 04000294.bin is 0x00001cc0 bytes at the location pointed to by dirFileBuf(0x00279168), type 1e04
psiFileLoad in single-file mode: 04000295.bin is 0x00003100 bytes at the location pointed to by dirFileBuf(0x00279168), type 1e04
psiFileLoad in single-file mode: 04000296.bin is 0x00002240 bytes at the location pointed to by dirFileBuf(0x00279168), type 1e04
psiFileLoad in single-file mode: 04000297.bin is 0x00002ca0 bytes at the location pointed to by dirFileBuf(0x00279168), type 1e04
psiFileLoad in single-file mode: 04000298.bin is 0x00005ae0 bytes at the location pointed to by dirFileBuf(0x00279168), type 1e04
psiFileLoad in single-file mode: 04000299.bin is 0x00004b00 bytes at the location pointed to by dirFileBuf(0x00279168), type 1e04
psiFileLoad in single-file mode: 0400029a.bin is 0x00003c80 bytes at the location pointed to by dirFileBuf(0x00279168), type 1e04
psiFileLoad in single-file mode: 0400029b.bin is 0x00001060 bytes at the location pointed to by dirFileBuf(0x00279168), type 1e04
psiFileLoad in single-file mode: 0400029c.bin is 0x000056a0 bytes at the location pointed to by dirFileBuf(0x00279168), type 1e04
psiFileLoad in single-file mode: 0400029e.bin is 0x00003a00 bytes at the location pointed to by dirFileBuf(0x00279168), type 1e04
psiFileLoad in single-file mode: 0400029f.bin is 0x000033c0 bytes at the location pointed to by dirFileBuf(0x00279168), type 1e04
psiFileLoad in single-file mode: 040002a0.bin is 0x00004c00 bytes at the location pointed to by dirFileBuf(0x00279168), type 1e04
psiFileLoad in single-file mode: 040002a1.bin is 0x00001de0 bytes at the location pointed to by dirFileBuf(0x00279168), type 1e04
psiFileLoad in single-file mode: 040002a2.bin is 0x00003920 bytes at the location pointed to by dirFileBuf(0x00279168), type 1e04
psiFileLoad in single-file mode: 040002a3.bin is 0x000032a0 bytes at the location pointed to by dirFileBuf(0x00279168), type 1e04
psiFileLoad in single-file mode: 040002a4.bin is 0x00000be0 bytes at the location pointed to by dirFileBuf(0x00279168), type 1e04
psiFileLoad in single-file mode: 040002a5.bin is 0x00003320 bytes at the location pointed to by dirFileBuf(0x00279168), type 1e04
psiFileLoad in single-file mode: 040002a6.bin is 0x00009f60 bytes at the location pointed to by dirFileBuf(0x00279168), type 1e04
psiFileLoad in single-file mode: 040002a7.bin is 0x00005e40 bytes at the location pointed to by dirFileBuf(0x00279168), type 1e04
psiFileLoad in single-file mode: 040002a8.bin is 0x00002fa0 bytes at the location pointed to by dirFileBuf(0x00279168), type 1e04
psiFileLoad in single-file mode: 040002a9.bin is 0x00008160 bytes at the location pointed to by dirFileBuf(0x00279168), type 1e04
psiFileLoad in single-file mode: 040002aa.bin is 0x00008920 bytes at the location pointed to by dirFileBuf(0x00279168), type 1e04
psiFileLoad in single-file mode: 040002ab.bin is 0x000025e0 bytes at the location pointed to by dirFileBuf(0x00279168), type 1e04
psiFileLoad in single-file mode: 040002ac.bin is 0x00002a80 bytes at the location pointed to by dirFileBuf(0x00279168), type 1e04
psiFileLoad in single-file mode: 040002ae.bin is 0x00001a40 bytes at the location pointed to by dirFileBuf(0x00279168), type 1e04
psiFileLoad in single-file mode: 040002af.bin is 0x00003a20 bytes at the location pointed to by dirFileBuf(0x00279168), type 1e04
psiFileLoad in single-file mode: 040002b0.bin is 0x000038c0 bytes at the location pointed toError opening file: No such file or directory
Error opening file: No such file or directory
Error opening file: No such file or directory
Error opening file: No such file or directory
Error opening file: No such file or directory
Error opening file: No such file or directory
Error opening file: No such file or directory
Error opening file: No such file or directory
Error opening file: No such file or directory
Error opening file: No such file or directory
Error opening file: No such file or directory
Error opening file: No such file or directory
Error opening file: No such file or directory
Error opening file: No such file or directory
Error opening file: No such file or directory
Error opening file: No such file or directory
Error opening file: No such file or directory
Error opening file: No such file or directory
Error opening file: No such file or directory
Error opening file: No such file or directory
Error opening file: No such file or directory
Error opening file: No such file or directory
Error opening file: No such file or directory
Error opening file: No such file or directory
Error opening file: No such file or directory
Error opening file: No such file or directory
Error opening file: No such file or directory
Error opening file: No such file or directory
Error opening file: No such file or directory
Error opening file: No such file or directory
Error opening file: No such file or directory
Error opening file: No such file or directory
 by dirFileBuf(0x00279168), type 1e04
psiFileLoad in single-file mode: 040002b1.bin is 0x000039a0 bytes at the location pointed to by dirFileBuf(0x00279168), type 1e04
psiFileLoad in single-file mode: 040002b2.bin is 0x00003d60 bytes at the location pointed to by dirFileBuf(0x00279168), type 1e04
psiFileLoad in single-file mode: 040002b3.bin is 0x000055c0 bytes at the location pointed to by dirFileBuf(0x00279168), type 1e04
psiFileLoad in single-file mode: 040002b4.bin is 0x00003a20 bytes at the location pointed to by dirFileBuf(0x00279168), type 1e04
psiFileLoad in single-file mode: 040002b5.bin is 0x00003c60 bytes at the location pointed to by dirFileBuf(0x00279168), type 1e04
psiFileLoad in single-file mode: 040002b6.bin is 0x00002e60 bytes at the location pointed to by dirFileBuf(0x00279168), type 1e04
psiFileLoad in single-file mode: 040002b7.bin is 0x000026e0 bytes at the location pointed to by dirFileBuf(0x00279168), type 1e04
psiFileLoad in single-file mode: 040002b8.bin is 0x00003060 bytes at the location pointed to by dirFileBuf(0x00279168), type 1e04
psiFileLoad in single-file mode: 040002b9.bin is 0x00000d20 bytes at the location pointed to by dirFileBuf(0x00279168), type 1e04
psiFileLoad in single-file mode: 040002d1.bin is 0x00000100 bytes at the location pointed to by dirFileBuf(0x00279168), type 1e04
psiFileLoad in single-file mode: 040002d2.bin is 0x00000100 bytes at the location pointed to by dirFileBuf(0x00279168), type 1e04
psiFileLoad in single-file mode: 040002d3.bin is 0x00000100 bytes at the location pointed to by dirFileBuf(0x00279168), type 1e04
psiFileLoad in single-file mode: 040002d4.bin is 0x00000100 bytes at the location pointed to by dirFileBuf(0x00279168), type 1e04
psiFileLoad in single-file mode: 040002d5.bin is 0x00000100 bytes at the location pointed to by dirFileBuf(0x00279168), type 1e04
psiFileLoad in single-file mode: 040002d6.bin is 0x00000100 bytes at the location pointed to by dirFileBuf(0x00279168), type 1e04
psiFileLoad in single-file mode: 040002d7.bin is 0x00000120 bytes at the location pointed to by dirFileBuf(0x00279168), type 1e04
psiFileLoad in single-file mode: 040002d8.bin is 0x00000100 bytes at the location pointed to by dirFileBuf(0x00279168), type 1e04
psiFileLoad in single-file mode: 0400031d.bin is 0x00004980 bytes at the location pointed to by dirFileBuf(0x00279168), type 1e04
psiFileLoad in single-file mode: 0400031e.bin is 0x00004b60 bytes at the location pointed to by dirFileBuf(0x00279168), type 1e04
psiFileLoad in single-file mode: 0400031f.bin is 0x000049e0 bytes at the location pointed to by dirFileBuf(0x00279168), type 1e04
psiFileLoad in single-file mode: 04000320.bin is 0x00004000 bytes at the location pointed to by dirFileBuf(0x00279168), type 1e04
psiFileLoad in single-file mode: 04000356.bin is 0x00001240 bytes at the location pointed to by dirFileBuf(0x00279168), type 1e04
psiFileLoad in single-file mode: 0400035d.bin is 0x00004060 bytes at the location pointed to by dirFileBuf(0x00279168), type 1e04
psiFileLoad in single-file mode: 0400035e.bin is 0x00002f20 bytes at the location pointed to by dirFileBuf(0x00279168), type 1e04
psiFileLoad in single-file mode: 0400035f.bin is 0x000009c0 bytes at the location pointed to by dirFileBuf(0x00279168), type 1e04
psiFileLoad in single-file mode: 04000360.bin is 0x00000f60 bytes at the location pointed to by dirFileBuf(0x00279168), type 1e04
psiFileLoad in single-file mode: 0400037b.bin is 0x000027c0 bytes at the location pointed to by dirFileBuf(0x00279168), type 1e04
psiFileLoad in single-file mode: 0400067e.bin is 0x00000560 bytes at the location pointed to by dirFileBuf(0x00279168), type 1e04
psiFileLoad in single-file mode: 0400037d.bin is 0x00000e00 bytes at the location pointed to by dirFileBuf(0x00279168), type 1e04
psiFileLoad in single-file mode: 0400037e.bin is 0x000039c0 bytes at the location pointed to by dirFileBuf(0x00279168), type 1e04
psiFileLoad in single-file mode: 0400037f.bin is 0x000046c0 bytes at the location pointed to by dirFileBuf(0x00279168), type 1e04
psiFileLoad in single-file mError opening file: No such file or directory
Error opening file: No such file or directory
Error opening file: No such file or directory
Error opening file: No such file or directory
Error opening file: No such file or directory
Error opening file: No such file or directory
Error opening file: No such file or directory
Error opening file: No such file or directory
Error opening file: No such file or directory
Error opening file: No such file or directory
Error opening file: No such file or directory
Error opening file: No such file or directory
Error opening file: No such file or directory
Error opening file: No such file or directory
Error opening file: No such file or directory
Error opening file: No such file or directory
Error opening file: No such file or directory
Error opening file: No such file or directory
Error opening file: No such file or directory
Error opening file: No such file or directory
Error opening file: No such file or directory
Error opening file: No such file or directory
Error opening file: No such file or directory
Error opening file: No such file or directory
Error opening file: No such file or directory
Error opening file: No such file or directory
Error opening file: No such file or directory
Error opening file: No such file or directory
Error opening file: No such file or directory
Error opening file: No such file or directory
Error opening file: No such file or directory
ode: 04000380.bin is 0x00004340 bytes at the location pointed to by dirFileBuf(0x00279168), type 1e04
psiFileLoad in single-file mode: 04000384.bin is 0x00004f40 bytes at the location pointed to by dirFileBuf(0x00279168), type 1e04
psiFileLoad in single-file mode: 04000388.bin is 0x000045e0 bytes at the location pointed to by dirFileBuf(0x00279168), type 1e04
psiFileLoad in single-file mode: 04000389.bin is 0x00006360 bytes at the location pointed to by dirFileBuf(0x00279168), type 1e04
psiFileLoad in single-file mode: 0400038f.bin is 0x00007620 bytes at the location pointed to by dirFileBuf(0x00279168), type 1e04
psiFileLoad in single-file mode: 04000390.bin is 0x00004520 bytes at the location pointed to by dirFileBuf(0x00279168), type 1e04
psiFileLoad in single-file mode: 040003a4.bin is 0x00002c00 bytes at the location pointed to by dirFileBuf(0x00279168), type 1e04
psiFileLoad in single-file mode: 040003a5.bin is 0x000028a0 bytes at the location pointed to by dirFileBuf(0x00279168), type 1e04
psiFileLoad in single-file mode: 040003a6.bin is 0x00003c80 bytes at the location pointed to by dirFileBuf(0x00279168), type 1e04
psiFileLoad in single-file mode: 040003a8.bin is 0x00002d40 bytes at the location pointed to by dirFileBuf(0x00279168), type 1e04
psiFileLoad in single-file mode: 040003a9.bin is 0x000036a0 bytes at the location pointed to by dirFileBuf(0x00279168), type 1e04
psiFileLoad in single-file mode: 040003aa.bin is 0x00005960 bytes at the location pointed to by dirFileBuf(0x00279168), type 1e04
psiFileLoad in single-file mode: 040003ab.bin is 0x00008160 bytes at the location pointed to by dirFileBuf(0x00279168), type 1e04
psiFileLoad in single-file mode: 040003b8.bin is 0x00008ba0 bytes at the location pointed to by dirFileBuf(0x00279168), type 1e04
psiFileLoad in single-file mode: 040003b9.bin is 0x00001b40 bytes at the location pointed to by dirFileBuf(0x00279168), type 1e04
psiFileLoad in single-file mode: 040003ba.bin is 0x00001e20 bytes at the location pointed to by dirFileBuf(0x00279168), type 1e04
psiFileLoad in single-file mode: 040003bb.bin is 0x000099c0 bytes at the location pointed to by dirFileBuf(0x00279168), type 1e04
psiFileLoad in single-file mode: 040003bc.bin is 0x00001660 bytes at the location pointed to by dirFileBuf(0x00279168), type 1e04
psiFileLoad in single-file mode: 040003bd.bin is 0x00004740 bytes at the location pointed to by dirFileBuf(0x00279168), type 1e04
psiFileLoad in single-file mode: 040003c0.bin is 0x00004d60 bytes at the location pointed to by dirFileBuf(0x00279168), type 1e04
psiFileLoad in single-file mode: 040003c1.bin is 0x00004ea0 bytes at the location pointed to by dirFileBuf(0x00279168), type 1e04
psiFileLoad in single-file mode: 040003d2.bin is 0x00003a40 bytes at the location pointed to by dirFileBuf(0x00279168), type 1e04
psiFileLoad in single-file mode: 040003e5.bin is 0x000021e0 bytes at the location pointed to by dirFileBuf(0x00279168), type 1e04
psiFileLoad in single-file mode: 040003e6.bin is 0x00000740 bytes at the location pointed to by dirFileBuf(0x00279168), type 1e04
psiFileLoad in single-file mode: 040003eb.bin is 0x00000f20 bytes at the location pointed to by dirFileBuf(0x00279168), type 1e04
psiFileLoad in single-file mode: 040003ec.bin is 0x00001080 bytes at the location pointed to by dirFileBuf(0x00279168), type 1e04
psiFileLoad in single-file mode: 040003ed.bin is 0x00000ee0 bytes at the location pointed to by dirFileBuf(0x00279168), type 1e04
psiFileLoad in single-file mode: 040003ee.bin is 0x000012a0 bytes at the location pointed to by dirFileBuf(0x00279168), type 1e04
psiFileLoad in single-file mode: 040003ef.bin is 0x00000aa0 bytes at the location pointed to by dirFileBuf(0x00279168), type 1e04
psiFileLoad in single-file mode: 040003f0.bin is 0x000021a0 bytes at the location pointed to by dirFileBuf(0x00279168), type 1e04
psiFileLoad in single-file mode: 040003f5.bin is 0x00000740 bytes at the location pointed to by dirFileBuf(0x00279168), type 1e04
psiFileLoad in single-file mode: 040003f6.bin is 0x00005d80 bytes at the location pointed to bError opening file: No such file or directory
Error opening file: No such file or directory
Error opening file: No such file or directory
Error opening file: No such file or directory
Error opening file: No such file or directory
Error opening file: No such file or directory
Error opening file: No such file or directory
Error opening file: No such file or directory
Error opening file: No such file or directory
Error opening file: No such file or directory
Error opening file: No such file or directory
Error opening file: No such file or directory
Error opening file: No such file or directory
Error opening file: No such file or directory
Error opening file: No such file or directory
Error opening file: No such file or directory
Error opening file: No such file or directory
Error opening file: No such file or directory
Error opening file: No such file or directory
Error opening file: No such file or directory
Error opening file: No such file or directory
Error opening file: No such file or directory
Error opening file: No such file or directory
Error opening file: No such file or directory
Error opening file: No such file or directory
Error opening file: No such file or directory
Error opening file: No such file or directory
Error opening file: No such file or directory
Error opening file: No such file or directory
Error opening file: No such file or directory
Error opening file: No such file or directory
Error opening file: No such file or directory
y dirFileBuf(0x00279168), type 1e04
psiFileLoad in single-file mode: 040003fb.bin is 0x00000420 bytes at the location pointed to by dirFileBuf(0x00279168), type 1e04
psiFileLoad in single-file mode: 040003fe.bin is 0x00000600 bytes at the location pointed to by dirFileBuf(0x00279168), type 1e04
psiFileLoad in single-file mode: 040003ff.bin is 0x000006e0 bytes at the location pointed to by dirFileBuf(0x00279168), type 1e04
psiFileLoad in single-file mode: 04000400.bin is 0x00000960 bytes at the location pointed to by dirFileBuf(0x00279168), type 1e04
psiFileLoad in single-file mode: 04000401.bin is 0x000006c0 bytes at the location pointed to by dirFileBuf(0x00279168), type 1e04
psiFileLoad in single-file mode: 04000402.bin is 0x00000540 bytes at the location pointed to by dirFileBuf(0x00279168), type 1e04
psiFileLoad in single-file mode: 04000403.bin is 0x000004c0 bytes at the location pointed to by dirFileBuf(0x00279168), type 1e04
psiFileLoad in single-file mode: 04000404.bin is 0x000008e0 bytes at the location pointed to by dirFileBuf(0x00279168), type 1e04
psiFileLoad in single-file mode: 0400041a.bin is 0x00000ba0 bytes at the location pointed to by dirFileBuf(0x00279168), type 1e04
psiFileLoad in single-file mode: 0400041c.bin is 0x00001020 bytes at the location pointed to by dirFileBuf(0x00279168), type 1e04
psiFileLoad in single-file mode: 0400041d.bin is 0x00000ca0 bytes at the location pointed to by dirFileBuf(0x00279168), type 1e04
psiFileLoad in single-file mode: 0400041e.bin is 0x000004c0 bytes at the location pointed to by dirFileBuf(0x00279168), type 1e04
psiFileLoad in single-file mode: 0400041f.bin is 0x00000e40 bytes at the location pointed to by dirFileBuf(0x00279168), type 1e04
psiFileLoad in single-file mode: 04000420.bin is 0x00000f80 bytes at the location pointed to by dirFileBuf(0x00279168), type 1e04
psiFileLoad in single-file mode: 04000421.bin is 0x000008e0 bytes at the location pointed to by dirFileBuf(0x00279168), type 1e04
psiFileLoad in single-file mode: 04000422.bin is 0x000004c0 bytes at the location pointed to by dirFileBuf(0x00279168), type 1e04
psiFileLoad in single-file mode: 04000423.bin is 0x00000a60 bytes at the location pointed to by dirFileBuf(0x00279168), type 1e04
psiFileLoad in single-file mode: 04000424.bin is 0x000006a0 bytes at the location pointed to by dirFileBuf(0x00279168), type 1e04
psiFileLoad in single-file mode: 04000425.bin is 0x000053e0 bytes at the location pointed to by dirFileBuf(0x00279168), type 1e04
psiFileLoad in single-file mode: 04000426.bin is 0x00003ac0 bytes at the location pointed to by dirFileBuf(0x00279168), type 1e04
psiFileLoad in single-file mode: 04000428.bin is 0x00000700 bytes at the location pointed to by dirFileBuf(0x00279168), type 1e04
psiFileLoad in single-file mode: 04000429.bin is 0x000005e0 bytes at the location pointed to by dirFileBuf(0x00279168), type 1e04
psiFileLoad in single-file mode: 04000430.bin is 0x00000700 bytes at the location pointed to by dirFileBuf(0x00279168), type 1e04
psiFileLoad in single-file mode: 04000431.bin is 0x000006e0 bytes at the location pointed to by dirFileBuf(0x00279168), type 1e04
psiFileLoad in single-file mode: 04000432.bin is 0x00000520 bytes at the location pointed to by dirFileBuf(0x00279168), type 1e04
psiFileLoad in single-file mode: 04000433.bin is 0x000009c0 bytes at the location pointed to by dirFileBuf(0x00279168), type 1e04
psiFileLoad in single-file mode: 04000435.bin is 0x00000a20 bytes at the location pointed to by dirFileBuf(0x00279168), type 1e04
psiFileLoad in single-file mode: 04000436.bin is 0x00001de0 bytes at the location pointed to by dirFileBuf(0x00279168), type 1e04
psiFileLoad in single-file mode: 04000437.bin is 0x00003ae0 bytes at the location pointed to by dirFileBuf(0x00279168), type 1e04
psiFileLoad in single-file mode: 04000438.bin is 0x00003ec0 bytes at the location pointed to by dirFileBuf(0x00279168), type 1e04
psiFileLoad in single-file mode: 04000439.bin is 0x00000760 bytes at the location pointed to by dirFileBuf(0x00279168), type 1e04
psiFileLoad in single-file modError opening file: No such file or directory
Error opening file: No such file or directory
Error opening file: No such file or directory
Error opening file: No such file or directory
Error opening file: No such file or directory
Error opening file: No such file or directory
Error opening file: No such file or directory
Error opening file: No such file or directory
Error opening file: No such file or directory
Error opening file: No such file or directory
Error opening file: No such file or directory
Error opening file: No such file or directory
Error opening file: No such file or directory
Error opening file: No such file or directory
Error opening file: No such file or directory
Error opening file: No such file or directory
Error opening file: No such file or directory
Error opening file: No such file or directory
Error opening file: No such file or directory
Error opening file: No such file or directory
Error opening file: No such file or directory
Error opening file: No such file or directory
Error opening file: No such file or directory
Error opening file: No such file or directory
Error opening file: No such file or directory
Error opening file: No such file or directory
Error opening file: No such file or directory
Error opening file: No such file or directory
Error opening file: No such file or directory
Error opening file: No such file or directory
Error opening file: No such file or directory
e: 0400043b.bin is 0x00000720 bytes at the location pointed to by dirFileBuf(0x00279168), type 1e04
psiFileLoad in single-file mode: 0400043c.bin is 0x00003fa0 bytes at the location pointed to by dirFileBuf(0x00279168), type 1e04
psiFileLoad in single-file mode: 0400044b.bin is 0x00000900 bytes at the location pointed to by dirFileBuf(0x00279168), type 1e04
psiFileLoad in single-file mode: 0400044c.bin is 0x000004c0 bytes at the location pointed to by dirFileBuf(0x00279168), type 1e04
psiFileLoad in single-file mode: 0400044d.bin is 0x000025e0 bytes at the location pointed to by dirFileBuf(0x00279168), type 1e04
psiFileLoad in single-file mode: 0400044e.bin is 0x00002160 bytes at the location pointed to by dirFileBuf(0x00279168), type 1e04
psiFileLoad in single-file mode: 0400044f.bin is 0x00002140 bytes at the location pointed to by dirFileBuf(0x00279168), type 1e04
psiFileLoad in single-file mode: 04000450.bin is 0x00002be0 bytes at the location pointed to by dirFileBuf(0x00279168), type 1e04
psiFileLoad in single-file mode: 04000451.bin is 0x00000800 bytes at the location pointed to by dirFileBuf(0x00279168), type 1e04
psiFileLoad in single-file mode: 04000452.bin is 0x00000960 bytes at the location pointed to by dirFileBuf(0x00279168), type 1e04
psiFileLoad in single-file mode: 0400045d.bin is 0x00000920 bytes at the location pointed to by dirFileBuf(0x00279168), type 1e04
psiFileLoad in single-file mode: 0400045e.bin is 0x00000a40 bytes at the location pointed to by dirFileBuf(0x00279168), type 1e04
psiFileLoad in single-file mode: 0400045f.bin is 0x00000980 bytes at the location pointed to by dirFileBuf(0x00279168), type 1e04
psiFileLoad in single-file mode: 04000460.bin is 0x00000420 bytes at the location pointed to by dirFileBuf(0x00279168), type 1e04
psiFileLoad in single-file mode: 04000464.bin is 0x000037c0 bytes at the location pointed to by dirFileBuf(0x00279168), type 1e04
psiFileLoad in single-file mode: 04000484.bin is 0x00003260 bytes at the location pointed to by dirFileBuf(0x00279168), type 1e04
psiFileLoad in single-file mode: 040004a4.bin is 0x00005e40 bytes at the location pointed to by dirFileBuf(0x00279168), type 1e04
psiFileLoad in single-file mode: 040004a5.bin is 0x00005680 bytes at the location pointed to by dirFileBuf(0x00279168), type 1e04
psiFileLoad in single-file mode: 040004a6.bin is 0x00006b80 bytes at the location pointed to by dirFileBuf(0x00279168), type 1e04
psiFileLoad in single-file mode: 040004a9.bin is 0x00005260 bytes at the location pointed to by dirFileBuf(0x00279168), type 1e04
psiFileLoad in single-file mode: 040004ac.bin is 0x00003f00 bytes at the location pointed to by dirFileBuf(0x00279168), type 1e04
psiFileLoad in single-file mode: 040004ad.bin is 0x00003100 bytes at the location pointed to by dirFileBuf(0x00279168), type 1e04
psiFileLoad in single-file mode: 040004ae.bin is 0x00005620 bytes at the location pointed to by dirFileBuf(0x00279168), type 1e04
psiFileLoad in single-file mode: 040004af.bin is 0x000074c0 bytes at the location pointed to by dirFileBuf(0x00279168), type 1e04
psiFileLoad in single-file mode: 040004b0.bin is 0x00001ec0 bytes at the location pointed to by dirFileBuf(0x00279168), type 1e04
psiFileLoad in single-file mode: 040004b1.bin is 0x00002fa0 bytes at the location pointed to by dirFileBuf(0x00279168), type 1e04
psiFileLoad in single-file mode: 040004b2.bin is 0x00002f60 bytes at the location pointed to by dirFileBuf(0x00279168), type 1e04
psiFileLoad in single-file mode: 040004b3.bin is 0x00002940 bytes at the location pointed to by dirFileBuf(0x00279168), type 1e04
psiFileLoad in single-file mode: 040004b4.bin is 0x00004980 bytes at the location pointed to by dirFileBuf(0x00279168), type 1e04
psiFileLoad in single-file mode: 040004b5.bin is 0x00003fa0 bytes at the location pointed to by dirFileBuf(0x00279168), type 1e04
psiFileLoad in single-file mode: 040004b6.bin is 0x00000b40 bytes at the location pointed to by dirFileBuf(0x00279168), type 1e04
psiFileLoad in single-file mode: 040004b7.bin is 0x000026e0 bytes at the location pointed to by Error opening file: No such file or directory
Error opening file: No such file or directory
Error opening file: No such file or directory
Error opening file: No such file or directory
Error opening file: No such file or directory
Error opening file: No such file or directory
Error opening file: No such file or directory
Error opening file: No such file or directory
Error opening file: No such file or directory
Error opening file: No such file or directory
Error opening file: No such file or directory
Error opening file: No such file or directory
Error opening file: No such file or directory
Error opening file: No such file or directory
Error opening file: No such file or directory
Error opening file: No such file or directory
Error opening file: No such file or directory
Error opening file: No such file or directory
Error opening file: No such file or directory
Error opening file: No such file or directory
Error opening file: No such file or directory
Error opening file: No such file or directory
Error opening file: No such file or directory
Error opening file: No such file or directory
Error opening file: No such file or directory
Error opening file: No such file or directory
Error opening file: No such file or directory
Error opening file: No such file or directory
Error opening file: No such file or directory
Error opening file: No such file or directory
Error opening file: No such file or directory
Error opening file: No such file or directory
dirFileBuf(0x00279168), type 1e04
psiFileLoad in single-file mode: 040004b8.bin is 0x00004600 bytes at the location pointed to by dirFileBuf(0x00279168), type 1e04
psiFileLoad in single-file mode: 040004b9.bin is 0x00000c00 bytes at the location pointed to by dirFileBuf(0x00279168), type 1e04
psiFileLoad in single-file mode: 040004ba.bin is 0x000042c0 bytes at the location pointed to by dirFileBuf(0x00279168), type 1e04
psiFileLoad in single-file mode: 040004c3.bin is 0x00002860 bytes at the location pointed to by dirFileBuf(0x00279168), type 1e04
psiFileLoad in single-file mode: 040004c4.bin is 0x000029c0 bytes at the location pointed to by dirFileBuf(0x00279168), type 1e04
psiFileLoad in single-file mode: 040004c5.bin is 0x00002b20 bytes at the location pointed to by dirFileBuf(0x00279168), type 1e04
psiFileLoad in single-file mode: 040004c6.bin is 0x00002420 bytes at the location pointed to by dirFileBuf(0x00279168), type 1e04
psiFileLoad in single-file mode: 040004c8.bin is 0x00003cc0 bytes at the location pointed to by dirFileBuf(0x00279168), type 1e04
psiFileLoad in single-file mode: 040004c9.bin is 0x000029c0 bytes at the location pointed to by dirFileBuf(0x00279168), type 1e04
psiFileLoad in single-file mode: 040004d3.bin is 0x000007c0 bytes at the location pointed to by dirFileBuf(0x00279168), type 1e04
psiFileLoad in single-file mode: 040004d5.bin is 0x000018a0 bytes at the location pointed to by dirFileBuf(0x00279168), type 1e04
psiFileLoad in single-file mode: 040004d6.bin is 0x000041e0 bytes at the location pointed to by dirFileBuf(0x00279168), type 1e04
psiFileLoad in single-file mode: 040004d7.bin is 0x00002ea0 bytes at the location pointed to by dirFileBuf(0x00279168), type 1e04
psiFileLoad in single-file mode: 040004d8.bin is 0x00002fe0 bytes at the location pointed to by dirFileBuf(0x00279168), type 1e04
psiFileLoad in single-file mode: 040004d9.bin is 0x00000800 bytes at the location pointed to by dirFileBuf(0x00279168), type 1e04
psiFileLoad in single-file mode: 040004da.bin is 0x00000780 bytes at the location pointed to by dirFileBuf(0x00279168), type 1e04
psiFileLoad in single-file mode: 040004dd.bin is 0x00000520 bytes at the location pointed to by dirFileBuf(0x00279168), type 1e04
psiFileLoad in single-file mode: 040004e0.bin is 0x00004e00 bytes at the location pointed to by dirFileBuf(0x00279168), type 1e04
psiFileLoad in single-file mode: 040004fd.bin is 0x00002140 bytes at the location pointed to by dirFileBuf(0x00279168), type 1e04
psiFileLoad in single-file mode: 040004ff.bin is 0x00000500 bytes at the location pointed to by dirFileBuf(0x00279168), type 1e04
psiFileLoad in single-file mode: 04000500.bin is 0x00001260 bytes at the location pointed to by dirFileBuf(0x00279168), type 1e04
psiFileLoad in single-file mode: 04000501.bin is 0x00002620 bytes at the location pointed to by dirFileBuf(0x00279168), type 1e04
psiFileLoad in single-file mode: 04000502.bin is 0x000023c0 bytes at the location pointed to by dirFileBuf(0x00279168), type 1e04
psiFileLoad in single-file mode: 04000503.bin is 0x00000500 bytes at the location pointed to by dirFileBuf(0x00279168), type 1e04
psiFileLoad in single-file mode: 04000505.bin is 0x000008a0 bytes at the location pointed to by dirFileBuf(0x00279168), type 1e04
psiFileLoad in single-file mode: 04000522.bin is 0x000041c0 bytes at the location pointed to by dirFileBuf(0x00279168), type 1e04
psiFileLoad in single-file mode: 04000536.bin is 0x00003540 bytes at the location pointed to by dirFileBuf(0x00279168), type 1e04
psiFileLoad in single-file mode: 0400053b.bin is 0x00006840 bytes at the location pointed to by dirFileBuf(0x00279168), type 1e04
psiFileLoad in single-file mode: 0400053d.bin is 0x00001400 bytes at the location pointed to by dirFileBuf(0x00279168), type 1e04
psiFileLoad in single-file mode: 0400053e.bin is 0x00001440 bytes at the location pointed to by dirFileBuf(0x00279168), type 1e04
psiFileLoad in single-file mode: 0400053f.bin is 0x00006840 bytes at the location pointed to by dirFileBuf(0x00279168), type 1e04
psiFileLoad in single-file mode:Error opening file: No such file or directory
Error opening file: No such file or directory
Error opening file: No such file or directory
Error opening file: No such file or directory
Error opening file: No such file or directory
Error opening file: No such file or directory
Error opening file: No such file or directory
Error opening file: No such file or directory
Error opening file: No such file or directory
Error opening file: No such file or directory
Error opening file: No such file or directory
Error opening file: No such file or directory
Error opening file: No such file or directory
Error opening file: No such file or directory
Error opening file: No such file or directory
Error opening file: No such file or directory
Error opening file: No such file or directory
Error opening file: No such file or directory
Error opening file: No such file or directory
Error opening file: No such file or directory
Error opening file: No such file or directory
Error opening file: No such file or directory
Error opening file: No such file or directory
Error opening file: No such file or directory
Error opening file: No such file or directory
Error opening file: No such file or directory
Error opening file: No such file or directory
Error opening file: No such file or directory
Error opening file: No such file or directory
Error opening file: No such file or directory
Error opening file: No such file or directory
 04000540.bin is 0x00001760 bytes at the location pointed to by dirFileBuf(0x00279168), type 1e04
psiFileLoad in single-file mode: 04000541.bin is 0x00001440 bytes at the location pointed to by dirFileBuf(0x00279168), type 1e04
psiFileLoad in single-file mode: 04000543.bin is 0x000031e0 bytes at the location pointed to by dirFileBuf(0x00279168), type 1e04
psiFileLoad in single-file mode: 04000544.bin is 0x000092e0 bytes at the location pointed to by dirFileBuf(0x00279168), type 1e04
psiFileLoad in single-file mode: 04000548.bin is 0x000048a0 bytes at the location pointed to by dirFileBuf(0x00279168), type 1e04
psiFileLoad in single-file mode: 04000549.bin is 0x00009420 bytes at the location pointed to by dirFileBuf(0x00279168), type 1e04
psiFileLoad in single-file mode: 0400054a.bin is 0x000065c0 bytes at the location pointed to by dirFileBuf(0x00279168), type 1e04
psiFileLoad in single-file mode: 0400054b.bin is 0x00009360 bytes at the location pointed to by dirFileBuf(0x00279168), type 1e04
psiFileLoad in single-file mode: 0400054e.bin is 0x00004960 bytes at the location pointed to by dirFileBuf(0x00279168), type 1e04
psiFileLoad in single-file mode: 0400054f.bin is 0x00003e80 bytes at the location pointed to by dirFileBuf(0x00279168), type 1e04
psiFileLoad in single-file mode: 04000558.bin is 0x000033e0 bytes at the location pointed to by dirFileBuf(0x00279168), type 1e04
psiFileLoad in single-file mode: 04000559.bin is 0x00003860 bytes at the location pointed to by dirFileBuf(0x00279168), type 1e04
psiFileLoad in single-file mode: 0400056a.bin is 0x00000ca0 bytes at the location pointed to by dirFileBuf(0x00279168), type 1e04
psiFileLoad in single-file mode: 04000570.bin is 0x00000e60 bytes at the location pointed to by dirFileBuf(0x00279168), type 1e04
psiFileLoad in single-file mode: 040005a3.bin is 0x00009680 bytes at the location pointed to by dirFileBuf(0x00279168), type 1e04
psiFileLoad in single-file mode: 040005a4.bin is 0x00006e60 bytes at the location pointed to by dirFileBuf(0x00279168), type 1e04
psiFileLoad in single-file mode: 040005a5.bin is 0x00007d80 bytes at the location pointed to by dirFileBuf(0x00279168), type 1e04
psiFileLoad in single-file mode: 040005a6.bin is 0x00006900 bytes at the location pointed to by dirFileBuf(0x00279168), type 1e04
psiFileLoad in single-file mode: 040005a7.bin is 0x00007dc0 bytes at the location pointed to by dirFileBuf(0x00279168), type 1e04
psiFileLoad in single-file mode: 040005a8.bin is 0x00007d60 bytes at the location pointed to by dirFileBuf(0x00279168), type 1e04
psiFileLoad in single-file mode: 040005a9.bin is 0x000076e0 bytes at the location pointed to by dirFileBuf(0x00279168), type 1e04
psiFileLoad in single-file mode: 040005aa.bin is 0x00006660 bytes at the location pointed to by dirFileBuf(0x00279168), type 1e04
psiFileLoad in single-file mode: 040005ab.bin is 0x00007d40 bytes at the location pointed to by dirFileBuf(0x00279168), type 1e04
psiFileLoad in single-file mode: 040005ad.bin is 0x000061c0 bytes at the location pointed to by dirFileBuf(0x00279168), type 1e04
psiFileLoad in single-file mode: 040005ae.bin is 0x000017c0 bytes at the location pointed to by dirFileBuf(0x00279168), type 1e04
psiFileLoad in single-file mode: 040005af.bin is 0x000017e0 bytes at the location pointed to by dirFileBuf(0x00279168), type 1e04
psiFileLoad in single-file mode: 04000608.bin is 0x00000ae0 bytes at the location pointed to by dirFileBuf(0x00279168), type 1e04
psiFileLoad in single-file mode: 04000609.bin is 0x00000880 bytes at the location pointed to by dirFileBuf(0x00279168), type 1e04
psiFileLoad in single-file mode: 0400060b.bin is 0x00005ec0 bytes at the location pointed to by dirFileBuf(0x00279168), type 1e04
psiFileLoad in single-file mode: 04000612.bin is 0x00001260 bytes at the location pointed to by dirFileBuf(0x00279168), type 1e04
psiFileLoad in single-file mode: 0400062d.bin is 0x000004c0 bytes at the location pointed to by dirFileBuf(0x00279168), type 1e04
psiFileLoad in single-file mode: 0400062e.bin is 0x00002360 bytes at the location pointed to by diError opening file: No such file or directory
Error opening file: No such file or directory
Error opening file: No such file or directory
Error opening file: No such file or directory
Error opening file: No such file or directory
Error opening file: No such file or directory
Error opening file: No such file or directory
Error opening file: No such file or directory
Error opening file: No such file or directory
Error opening file: No such file or directory
Error opening file: No such file or directory
Error opening file: No such file or directory
Error opening file: No such file or directory
Error opening file: No such file or directory
Error opening file: No such file or directory
Error opening file: No such file or directory
Error opening file: No such file or directory
Error opening file: No such file or directory
Error opening file: No such file or directory
Error opening file: No such file or directory
Error opening file: No such file or directory
Error opening file: No such file or directory
Error opening file: No such file or directory
Error opening file: No such file or directory
Error opening file: No such file or directory
Error opening file: No such file or directory
Error opening file: No such file or directory
Error opening file: No such file or directory
Error opening file: No such file or directory
Error opening file: No such file or directory
Error opening file: No such file or directory
Error opening file: No such file or directory
rFileBuf(0x00279168), type 1e04
psiFileLoad in single-file mode: 0400062f.bin is 0x00001200 bytes at the location pointed to by dirFileBuf(0x00279168), type 1e04
psiFileLoad in single-file mode: 04000630.bin is 0x000004c0 bytes at the location pointed to by dirFileBuf(0x00279168), type 1e04
psiFileLoad in single-file mode: 04000631.bin is 0x00000640 bytes at the location pointed to by dirFileBuf(0x00279168), type 1e04
psiFileLoad in single-file mode: 04000632.bin is 0x000007c0 bytes at the location pointed to by dirFileBuf(0x00279168), type 1e04
psiFileLoad in single-file mode: 04000634.bin is 0x00002fe0 bytes at the location pointed to by dirFileBuf(0x00279168), type 1e04
psiFileLoad in single-file mode: 04000636.bin is 0x000034e0 bytes at the location pointed to by dirFileBuf(0x00279168), type 1e04
psiFileLoad in single-file mode: 0400067d.bin is 0x00000760 bytes at the location pointed to by dirFileBuf(0x00279168), type 1e04
psiFileLoad in single-file mode: 0400072f.bin is 0x00004800 bytes at the location pointed to by dirFileBuf(0x00279168), type 1e04
psiFileLoad in single-file mode: 0400067f.bin is 0x000006e0 bytes at the location pointed to by dirFileBuf(0x00279168), type 1e04
psiFileLoad in single-file mode: 04000680.bin is 0x00004cc0 bytes at the location pointed to by dirFileBuf(0x00279168), type 1e04
psiFileLoad in single-file mode: 04000686.bin is 0x00000840 bytes at the location pointed to by dirFileBuf(0x00279168), type 1e04
psiFileLoad in single-file mode: 04000687.bin is 0x000007a0 bytes at the location pointed to by dirFileBuf(0x00279168), type 1e04
psiFileLoad in single-file mode: 04000688.bin is 0x000006a0 bytes at the location pointed to by dirFileBuf(0x00279168), type 1e04
psiFileLoad in single-file mode: 04000697.bin is 0x000033c0 bytes at the location pointed to by dirFileBuf(0x00279168), type 1e04
psiFileLoad in single-file mode: 04000698.bin is 0x00000640 bytes at the location pointed to by dirFileBuf(0x00279168), type 1e04
psiFileLoad in single-file mode: 04000699.bin is 0x00000560 bytes at the location pointed to by dirFileBuf(0x00279168), type 1e04
psiFileLoad in single-file mode: 0400069a.bin is 0x00002880 bytes at the location pointed to by dirFileBuf(0x00279168), type 1e04
psiFileLoad in single-file mode: 0400069b.bin is 0x000006e0 bytes at the location pointed to by dirFileBuf(0x00279168), type 1e04
psiFileLoad in single-file mode: 040006a4.bin is 0x00003f20 bytes at the location pointed to by dirFileBuf(0x00279168), type 1e04
psiFileLoad in single-file mode: 040006ae.bin is 0x00000600 bytes at the location pointed to by dirFileBuf(0x00279168), type 1e04
psiFileLoad in single-file mode: 040006e3.bin is 0x00007660 bytes at the location pointed to by dirFileBuf(0x00279168), type 1e04
psiFileLoad in single-file mode: 040006e4.bin is 0x00001000 bytes at the location pointed to by dirFileBuf(0x00279168), type 1e04
psiFileLoad in single-file mode: 040006e5.bin is 0x00004b20 bytes at the location pointed to by dirFileBuf(0x00279168), type 1e04
psiFileLoad in single-file mode: 040006eb.bin is 0x00002700 bytes at the location pointed to by dirFileBuf(0x00279168), type 1e04
psiFileLoad in single-file mode: 040006f9.bin is 0x000007c0 bytes at the location pointed to by dirFileBuf(0x00279168), type 1e04
psiFileLoad in single-file mode: 040006fc.bin is 0x00000700 bytes at the location pointed to by dirFileBuf(0x00279168), type 1e04
psiFileLoad in single-file mode: 040006fd.bin is 0x000006e0 bytes at the location pointed to by dirFileBuf(0x00279168), type 1e04
psiFileLoad in single-file mode: 040006fe.bin is 0x00000500 bytes at the location pointed to by dirFileBuf(0x00279168), type 1e04
psiFileLoad in single-file mode: 040006ff.bin is 0x00001f40 bytes at the location pointed to by dirFileBuf(0x00279168), type 1e04
psiFileLoad in single-file mode: 04000700.bin is 0x00001da0 bytes at the location pointed to by dirFileBuf(0x00279168), type 1e04
psiFileLoad in single-file mode: 04000701.bin is 0x00003de0 bytes at the location pointed to by dirFileBuf(0x00279168), type 1e04
psiFileLoad in single-file mode: 0Error opening file: No such file or directory
Error opening file: No such file or directory
Error opening file: No such file or directory
Error opening file: No such file or directory
Error opening file: No such file or directory
Error opening file: No such file or directory
Error opening file: No such file or directory
Error opening file: No such file or directory
Error opening file: No such file or directory
Error opening file: No such file or directory
Error opening file: No such file or directory
Error opening file: No such file or directory
Error opening file: No such file or directory
Error opening file: No such file or directory
Error opening file: No such file or directory
Error opening file: No such file or directory
Error opening file: No such file or directory
Error opening file: No such file or directory
Error opening file: No such file or directory
Error opening file: No such file or directory
Error opening file: No such file or directory
Error opening file: No such file or directory
Error opening file: No such file or directory
Error opening file: No such file or directory
Error opening file: No such file or directory
Error opening file: No such file or directory
Error opening file: No such file or directory
Error opening file: No such file or directory
Error opening file: No such file or directory
Error opening file: No such file or directory
Error opening file: No such file or directory
4000702.bin is 0x00003ea0 bytes at the location pointed to by dirFileBuf(0x00279168), type 1e04
psiFileLoad in single-file mode: 04000703.bin is 0x00000740 bytes at the location pointed to by dirFileBuf(0x00279168), type 1e04
psiFileLoad in single-file mode: 04000704.bin is 0x000006e0 bytes at the location pointed to by dirFileBuf(0x00279168), type 1e04
psiFileLoad in single-file mode: 04000705.bin is 0x000009c0 bytes at the location pointed to by dirFileBuf(0x00279168), type 1e04
psiFileLoad in single-file mode: 04000708.bin is 0x000007c0 bytes at the location pointed to by dirFileBuf(0x00279168), type 1e04
psiFileLoad in single-file mode: 04000709.bin is 0x00000a80 bytes at the location pointed to by dirFileBuf(0x00279168), type 1e04
psiFileLoad in single-file mode: 0400071e.bin is 0x00004a80 bytes at the location pointed to by dirFileBuf(0x00279168), type 1e04
psiFileLoad in single-file mode: 0400071f.bin is 0x00004be0 bytes at the location pointed to by dirFileBuf(0x00279168), type 1e04
psiFileLoad in single-file mode: 04000720.bin is 0x00005a80 bytes at the location pointed to by dirFileBuf(0x00279168), type 1e04
psiFileLoad in single-file mode: 04000721.bin is 0x00005e00 bytes at the location pointed to by dirFileBuf(0x00279168), type 1e04
psiFileLoad in single-file mode: 04000722.bin is 0x00005900 bytes at the location pointed to by dirFileBuf(0x00279168), type 1e04
psiFileLoad in single-file mode: 04000009.bin is 0x0001ea00 bytes at the location pointed to by dirFileBuf(0x00279168), type 1e04
psiFileLoad in single-file mode: 04000744.bin is 0x00007780 bytes at the location pointed to by dirFileBuf(0x00279168), type 1e04
psiFileLoad in single-file mode: 04000749.bin is 0x00007820 bytes at the location pointed to by dirFileBuf(0x00279168), type 1e04
psiFileLoad in single-file mode: 04000755.bin is 0x00000980 bytes at the location pointed to by dirFileBuf(0x00279168), type 1e04
psiFileLoad in single-file mode: 04000756.bin is 0x00005fe0 bytes at the location pointed to by dirFileBuf(0x00279168), type 1e04
psiFileLoad in single-file mode: 04000757.bin is 0x000066a0 bytes at the location pointed to by dirFileBuf(0x00279168), type 1e04
psiFileLoad in single-file mode: 04000766.bin is 0x00000ce0 bytes at the location pointed to by dirFileBuf(0x00279168), type 1e04
psiFileLoad in single-file mode: 04000768.bin is 0x000027c0 bytes at the location pointed to by dirFileBuf(0x00279168), type 1e04
psiFileLoad in single-file mode: 04000769.bin is 0x00002140 bytes at the location pointed to by dirFileBuf(0x00279168), type 1e04
psiFileLoad in single-file mode: 0400077a.bin is 0x000030a0 bytes at the location pointed to by dirFileBuf(0x00279168), type 1e04
psiFileLoad in single-file mode: 0400077e.bin is 0x00008620 bytes at the location pointed to by dirFileBuf(0x00279168), type 1e04
psiFileLoad in single-file mode: 04000794.bin is 0x00000d20 bytes at the location pointed to by dirFileBuf(0x00279168), type 1e04
psiFileLoad in single-file mode: 040007ad.bin is 0x00002fe0 bytes at the location pointed to by dirFileBuf(0x00279168), type 1e04
psiFileLoad in single-file mode: 040007d3.bin is 0x00007240 bytes at the location pointed to by dirFileBuf(0x00279168), type 1e04
psiFileLoad in single-file mode: 040007d8.bin is 0x000042a0 bytes at the location pointed to by dirFileBuf(0x00279168), type 1e04
psiFileLoad in single-file mode: 040007f7.bin is 0x000293a0 bytes at the location pointed to by dirFileBuf(0x00279168), type 1e04
psiFileLoad in single-file mode: 040007f8.bin is 0x0004f380 bytes at the location pointed to by dirFileBuf(0x00279168), type 1e04
psiFileLoad in single-file mode: 040007f9.bin is 0x00043ce0 bytes at the location pointed to by dirFileBuf(0x00279168), type 1e04
psiFileLoad in single-file mode: 040007fa.bin is 0x00000880 bytes at the location pointed to by dirFileBuf(0x00279168), type 1e04
psiFileLoad in single-file mode: 040007fb.bin is 0x00000f20 bytes at the location pointed to by dirFileBuf(0x00279168), type 1e04
psiFileLoad in single-file mode: 0400083e.bin is 0x00000a40 bytes at the location pointed to by dirFError opening file: No such file or directory
Error opening file: No such file or directory
Error opening file: No such file or directory
Error opening file: No such file or directory
Error opening file: No such file or directory
Error opening file: No such file or directory
Error opening file: No such file or directory
Error opening file: No such file or directory
Error opening file: No such file or directory
ileBuf(0x00279168), type 1e04
psiFileLoad in single-file mode: 0400083f.bin is 0x00001300 bytes at the location pointed to by dirFileBuf(0x00279168), type 1e04
psiFileLoad in single-file mode: 0400084e.bin is 0x00000740 bytes at the location pointed to by dirFileBuf(0x00279168), type 1e04
psiFileLoad in single-file mode: 0400084f.bin is 0x00000740 bytes at the location pointed to by dirFileBuf(0x00279168), type 1e04
psiFileLoad in single-file mode: 04000865.bin is 0x00004b80 bytes at the location pointed to by dirFileBuf(0x00279168), type 1e04
psiFileLoad in single-file mode: 04000867.bin is 0x000086e0 bytes at the location pointed to by dirFileBuf(0x00279168), type 1e04
psiFileLoad in single-file mode: 04000871.bin is 0x00000e60 bytes at the location pointed to by dirFileBuf(0x00279168), type 1e04
Processing a skeleton, idx: 5, num bones: 38, unknown data 0x03
Processing a skeleton, idx: 2, num bones: 45, unknown data 0x06
Processing a skeleton, idx: 3, num bones: 42, unknown data 0x05
Processing a skeleton, idx: 4, num bones: 42, unknown data 0x05
Processing a skeleton, idx: 1, num bones: 73, unknown data 0x01
Processing a skeleton, idx: 35, num bones: 45, unknown data 0x07
Processing a skeleton, idx: 7, num bones: 6, unknown data 0x01
Processing a skeleton, idx: 8, num bones: 73, unknown data 0x01
Processing a skeleton, idx: 9, num bones: 38, unknown data 0x03
Processing a skeleton, idx: 6, num bones: 6, unknown data 0x01
Processing a skeleton, idx: 10, num bones: 42, unknown data 0x05
Processing a skeleton, idx: 11, num bones: 9, unknown data 0x04
Processing a skeleton, idx: 26, num bones: 43, unknown data 0x04
Processing a skeleton, idx: 25, num bones: 43, unknown data 0x07
Processing a skeleton, idx: 36, num bones: 62, unknown data 0x18
Processing a skeleton, idx: 12, num bones: 73, unknown data 0x01
Processing a skeleton, idx: 13, num bones: 44, unknown data 0x05
Processing a skeleton, idx: 37, num bones: 42, unknown data 0x06
Processing a skeleton, idx: 39, num bones: 44, unknown data 0x06
Processing a skeleton, idx: 40, num bones: 46, unknown data 0x04
Processing a skeleton, idx: 41, num bones: 46, unknown data 0x05
Processing a skeleton, idx: 42, num bones: 71, unknown data 0x01
Processing a skeleton, idx: 0, num bones: 73, unknown data 0x01
Processing a skeleton, idx: 14, num bones: 42, unknown data 0x05
Processing a skeleton, idx: 15, num bones: 41, unknown data 0x04
Processing a skeleton, idx: 38, num bones: 47, unknown data 0x08
Processing a skeleton, idx: 43, num bones: 41, unknown data 0x04
Processing a skeleton, idx: 16, num bones: 43, unknown data 0x07
Processing a skeleton, idx: 17, num bones: 41, unknown data 0x04
Processing a skeleton, idx: 18, num bones: 43, unknown data 0x04
Processing a skeleton, idx: 19, num bones: 11, unknown data 0x0b
Processing a skeleton, idx: 27, num bones: 33, unknown data 0x21
Processing a skeleton, idx: 20, num bones: 43, unknown data 0x05
Processing a skeleton, idx: 21, num bones: 43, unknown data 0x05
Processing a skeleton, idx: 22, num bones: 45, unknown data 0x06
Processing a skeleton, idx: 31, num bones: 5, unknown data 0x01
Processing a skeleton, idx: 23, num bones: 46, unknown data 0x08
Processing a skeleton, idx: 32, num bones: 5, unknown data 0x05
Processing a skeleton, idx: 30, num bones: 44, unknown data 0x05
Processing a skeleton, idx: 24, num bones: 41, unknown data 0x06
Processing a skeleton, idx: 44, num bones: 39, unknown data 0x04
Processing a skeleton, idx: 34, num bones: 40, unknown data 0x04
Processing a skeleton, idx: 28, num bones: 42, unknown data 0x05
Processing a skeleton, idx: 29, num bones: 41, unknown data 0x05
Processing a skeleton, idx: 33, num bones: 39, unknown data 0x04
psiFileLoad in single-file mode: 010000BC.bin is 0x00014660 bytes at the location pointed to by dirFileBuf(0x00279168), type 1704
psiFileLoad in single-file mode: 01000166.bin is 0x00006940 bytes at the location pointed to by dirFileBuf(0x00279168), type 1704
psiFileLoad in single-file mode: 010000DB.bin is 0x0000c480 bytes at the location pointed to by dirFileBuf(0x0027916Error opening file: No such file or directory
Error opening file: No such file or directory
Error opening file: No such file or directory
Error opening file: No such file or directory
Error opening file: No such file or directory
Error opening file: No such file or directory
Error opening file: No such file or directory
Error opening file: No such file or directory
Error opening file: No such file or directory
Error opening file: No such file or directory
Error opening file: No such file or directory
Error opening file: No such file or directory
Error opening file: No such file or directory
Error opening file: No such file or directory
Error opening file: No such file or directory
Error opening file: No such file or directory
Error opening file: No such file or directory
Error opening file: No such file or directory
Error opening file: No such file or directory
Error opening file: No such file or directory
Error opening file: No such file or directory
Error opening file: No such file or directory
Error opening file: No such file or directory
Error opening file: No such file or directory
Error opening file: No such file or directory
Error opening file: No such file or directory
Error opening file: No such file or directory
Error opening file: No such file or directory
Error opening file: No such file or directory
Error opening file: No such file or directory
Error opening file: No such file or directory
Error opening file: No such file or directory
8), type 1704
psiFileLoad in single-file mode: 010000CF.bin is 0x0003c460 bytes at the location pointed to by dirFileBuf(0x00279168), type 1704
psiFileLoad in single-file mode: 01000081.bin is 0x000c7ca0 bytes at the location pointed to by dirFileBuf(0x00279168), type 1704
psiFileLoad in single-file mode: 01000073.bin is 0x00010900 bytes at the location pointed to by dirFileBuf(0x00279168), type 1704
psiFileLoad in single-file mode: 010000D0.bin is 0x00056620 bytes at the location pointed to by dirFileBuf(0x00279168), type 1704
psiFileLoad in single-file mode: 01000070.bin is 0x00056c60 bytes at the location pointed to by dirFileBuf(0x00279168), type 1704
psiFileLoad in single-file mode: 0100015D.bin is 0x0000f1e0 bytes at the location pointed to by dirFileBuf(0x00279168), type 1704
psiFileLoad in single-file mode: 010000F3.bin is 0x00000860 bytes at the location pointed to by dirFileBuf(0x00279168), type 1704
psiFileLoad in single-file mode: 0100008D.bin is 0x0001fd20 bytes at the location pointed to by dirFileBuf(0x00279168), type 1704
psiFileLoad in single-file mode: 01000051.bin is 0x0005e6c0 bytes at the location pointed to by dirFileBuf(0x00279168), type 1704
psiFileLoad in single-file mode: 0100002E.bin is 0x00084660 bytes at the location pointed to by dirFileBuf(0x00279168), type 1704
psiFileLoad in single-file mode: 0100008A.bin is 0x0000d640 bytes at the location pointed to by dirFileBuf(0x00279168), type 1704
psiFileLoad in single-file mode: 010000A2.bin is 0x000e4780 bytes at the location pointed to by dirFileBuf(0x00279168), type 1704
psiFileLoad in single-file mode: 0100002D.bin is 0x000068c0 bytes at the location pointed to by dirFileBuf(0x00279168), type 1704
psiFileLoad in single-file mode: 01000004.bin is 0x00003f40 bytes at the location pointed to by dirFileBuf(0x00279168), type 1704
psiFileLoad in single-file mode: 010001CD.bin is 0x00019960 bytes at the location pointed to by dirFileBuf(0x00279168), type 1704
psiFileLoad in single-file mode: 010001D4.bin is 0x0000d160 bytes at the location pointed to by dirFileBuf(0x00279168), type 1704
psiFileLoad in single-file mode: 010001D8.bin is 0x000a04a0 bytes at the location pointed to by dirFileBuf(0x00279168), type 1704
psiFileLoad in single-file mode: 010001D9.bin is 0x000002e0 bytes at the location pointed to by dirFileBuf(0x00279168), type 1704
psiFileLoad in single-file mode: 010001F3.bin is 0x00007ec0 bytes at the location pointed to by dirFileBuf(0x00279168), type 1704
psiFileLoad in single-file mode: 010001DF.bin is 0x00023460 bytes at the location pointed to by dirFileBuf(0x00279168), type 1704
psiFileLoad in single-file mode: 01000215.bin is 0x0001e560 bytes at the location pointed to by dirFileBuf(0x00279168), type 1704
psiFileLoad in single-file mode: 010000A6.bin is 0x00000ac0 bytes at the location pointed to by dirFileBuf(0x00279168), type 1704
psiFileLoad in single-file mode: 010001F4.bin is 0x00005e80 bytes at the location pointed to by dirFileBuf(0x00279168), type 1704
psiFileLoad in single-file mode: 010001F5.bin is 0x00008940 bytes at the location pointed to by dirFileBuf(0x00279168), type 1704
psiFileLoad in single-file mode: 010001B5.bin is 0x00040240 bytes at the location pointed to by dirFileBuf(0x00279168), type 1704
psiFileLoad in single-file mode: 010000D8.bin is 0x000544e0 bytes at the location pointed to by dirFileBuf(0x00279168), type 1704
psiFileLoad in single-file mode: 0100005F.bin is 0x0001eac0 bytes at the location pointed to by dirFileBuf(0x00279168), type 1704
psiFileLoad in single-file mode: 01000092.bin is 0x00039260 bytes at the location pointed to by dirFileBuf(0x00279168), type 1704
psiFileLoad in single-file mode: 010000B0.bin is 0x000230a0 bytes at the location pointed to by dirFileBuf(0x00279168), type 1704
psiFileLoad in single-file mode: 010000B3.bin is 0x0007f680 bytes at the location pointed to by dirFileBuf(0x00279168), type 1704
psiFileLoad in single-file mode: 01000083.bin is 0x0003a1c0 bytes at the location pointed to by dirFileBuf(0x00279168), type 1704
psiFileLoad in single-file mode: 010000AF.bin is 0x0Error opening file: No such file or directory
Error opening file: No such file or directory
Error opening file: No such file or directory
Error opening file: No such file or directory
Error opening file: No such file or directory
Error opening file: No such file or directory
Error opening file: No such file or directory
Error opening file: No such file or directory
Error opening file: No such file or directory
Error opening file: No such file or directory
Error opening file: No such file or directory
Error opening file: No such file or directory
Error opening file: No such file or directory
Error opening file: No such file or directory
Error opening file: No such file or directory
Error opening file: No such file or directory
Error opening file: No such file or directory
Error opening file: No such file or directory
Error opening file: No such file or directory
Error opening file: No such file or directory
Error opening file: No such file or directory
Error opening file: No such file or directory
Error opening file: No such file or directory
Error opening file: No such file or directory
Error opening file: No such file or directory
Error opening file: No such file or directory
Error opening file: No such file or directory
Error opening file: No such file or directory
Error opening file: No such file or directory
Error opening file: No such file or directory
Error opening file: No such file or directory
002d380 bytes at the location pointed to by dirFileBuf(0x00279168), type 1704
psiFileLoad in single-file mode: 0100006B.bin is 0x000123c0 bytes at the location pointed to by dirFileBuf(0x00279168), type 1704
psiFileLoad in single-file mode: 0100006E.bin is 0x0001b700 bytes at the location pointed to by dirFileBuf(0x00279168), type 1704
psiFileLoad in single-file mode: 01000071.bin is 0x00004000 bytes at the location pointed to by dirFileBuf(0x00279168), type 1704
psiFileLoad in single-file mode: 01000153.bin is 0x000114a0 bytes at the location pointed to by dirFileBuf(0x00279168), type 1704
psiFileLoad in single-file mode: 010001F1.bin is 0x00026120 bytes at the location pointed to by dirFileBuf(0x00279168), type 1704
psiFileLoad in single-file mode: 010000E1.bin is 0x00025880 bytes at the location pointed to by dirFileBuf(0x00279168), type 1704
psiFileLoad in single-file mode: 010000E2.bin is 0x000095e0 bytes at the location pointed to by dirFileBuf(0x00279168), type 1704
psiFileLoad in single-file mode: 010000E3.bin is 0x0001e640 bytes at the location pointed to by dirFileBuf(0x00279168), type 1704
psiFileLoad in single-file mode: 01000101.bin is 0x0000cbe0 bytes at the location pointed to by dirFileBuf(0x00279168), type 1704
psiFileLoad in single-file mode: 0100011E.bin is 0x000098e0 bytes at the location pointed to by dirFileBuf(0x00279168), type 1704
psiFileLoad in single-file mode: 01000156.bin is 0x000163e0 bytes at the location pointed to by dirFileBuf(0x00279168), type 1704
psiFileLoad in single-file mode: 01000186.bin is 0x0000c760 bytes at the location pointed to by dirFileBuf(0x00279168), type 1704
psiFileLoad in single-file mode: 010001B3.bin is 0x0000e860 bytes at the location pointed to by dirFileBuf(0x00279168), type 1704
psiFileLoad in single-file mode: 010001F0.bin is 0x00025880 bytes at the location pointed to by dirFileBuf(0x00279168), type 1704
psiFileLoad in single-file mode: 010001F8.bin is 0x000352c0 bytes at the location pointed to by dirFileBuf(0x00279168), type 1704
psiFileLoad in single-file mode: 01000213.bin is 0x0000d4e0 bytes at the location pointed to by dirFileBuf(0x00279168), type 1704
psiFileLoad in single-file mode: 0500002f.bin is 0x00000900 bytes at the location pointed to by dirFileBuf(0x00279168), type 1c04
psiFileLoad in single-file mode: 0500004b.bin is 0x000004e0 bytes at the location pointed to by dirFileBuf(0x00279168), type 1c04
psiFileLoad in single-file mode: 05000037.bin is 0x00000860 bytes at the location pointed to by dirFileBuf(0x00279168), type 1c04
psiFileLoad in single-file mode: 05000050.bin is 0x00000620 bytes at the location pointed to by dirFileBuf(0x00279168), type 1c04
psiFileLoad in single-file mode: 05000051.bin is 0x00000660 bytes at the location pointed to by dirFileBuf(0x00279168), type 1c04
psiFileLoad in single-file mode: 05000070.bin is 0x00000520 bytes at the location pointed to by dirFileBuf(0x00279168), type 1c04
psiFileLoad in single-file mode: 05000088.bin is 0x00000600 bytes at the location pointed to by dirFileBuf(0x00279168), type 1c04
psiFileLoad in single-file mode: 050000a8.bin is 0x00000660 bytes at the location pointed to by dirFileBuf(0x00279168), type 1c04
psiFileLoad in single-file mode: 050000a9.bin is 0x00000600 bytes at the location pointed to by dirFileBuf(0x00279168), type 1c04
psiFileLoad in single-file mode: 050000ab.bin is 0x00000480 bytes at the location pointed to by dirFileBuf(0x00279168), type 1c04
psiFileLoad in single-file mode: 050000c0.bin is 0x000005c0 bytes at the location pointed to by dirFileBuf(0x00279168), type 1c04
psiFileLoad in single-file mode: 05000030.bin is 0x00000860 bytes at the location pointed to by dirFileBuf(0x00279168), type 1c04
psiFileLoad in single-file mode: 0500000d.bin is 0x00000860 bytes at the location pointed to by dirFileBuf(0x00279168), type 1c04
psiFileLoad in single-file mode: 05000007.bin is 0x000010e0 bytes at the location pointed to by dirFileBuf(0x00279168), type 1c04
psiFileLoad in single-file mode: 0500002e.bin is 0x00000860 bytes at the location pointed to by dirFileBuf(0x00279168)Error opening file: No such file or directory
Error opening file: No such file or directory
Error opening file: No such file or directory
Error opening file: No such file or directory
Error opening file: No such file or directory
Error opening file: No such file or directory
Error opening file: No such file or directory
Error opening file: No such file or directory
Error opening file: No such file or directory
Error opening file: No such file or directory
Error opening file: No such file or directory
Error opening file: No such file or directory
Error opening file: No such file or directory
Error opening file: No such file or directory
Error opening file: No such file or directory
Error opening file: No such file or directory
Error opening file: No such file or directory
Error opening file: No such file or directory
Error opening file: No such file or directory
Error opening file: No such file or directory
Error opening file: No such file or directory
Error opening file: No such file or directory
Error opening file: No such file or directory
Error opening file: No such file or directory
Error opening file: No such file or directory
Error opening file: No such file or directory
Error opening file: No such file or directory
Error opening file: No such file or directory
Error opening file: No such file or directory
Error opening file: No such file or directory
Error opening file: No such file or directory
Error opening file: No such file or directory
, type 1c04
psiFileLoad in single-file mode: 05000042.bin is 0x000004e0 bytes at the location pointed to by dirFileBuf(0x00279168), type 1c04
psiFileLoad in single-file mode: 05000043.bin is 0x00000560 bytes at the location pointed to by dirFileBuf(0x00279168), type 1c04
psiFileLoad in single-file mode: 0500003e.bin is 0x00000560 bytes at the location pointed to by dirFileBuf(0x00279168), type 1c04
psiFileLoad in single-file mode: 05000044.bin is 0x00000560 bytes at the location pointed to by dirFileBuf(0x00279168), type 1c04
psiFileLoad in single-file mode: 05000045.bin is 0x00000540 bytes at the location pointed to by dirFileBuf(0x00279168), type 1c04
psiFileLoad in single-file mode: 05000047.bin is 0x00000660 bytes at the location pointed to by dirFileBuf(0x00279168), type 1c04
psiFileLoad in single-file mode: 05000049.bin is 0x000005c0 bytes at the location pointed to by dirFileBuf(0x00279168), type 1c04
psiFileLoad in single-file mode: 05000005.bin is 0x00000060 bytes at the location pointed to by dirFileBuf(0x00279168), type 1c04
psiFileLoad in single-file mode: 06000233.bin is 0x00000060 bytes at the location pointed to by dirFileBuf(0x00279168), type 1f04
psiFileLoad in single-file mode: 06000236.bin is 0x00000060 bytes at the location pointed to by dirFileBuf(0x00279168), type 1f04
psiFileLoad in single-file mode: 0600022f.bin is 0x00000040 bytes at the location pointed to by dirFileBuf(0x00279168), type 1f04
psiFileLoad in single-file mode: 06000231.bin is 0x00000040 bytes at the location pointed to by dirFileBuf(0x00279168), type 1f04
psiFileLoad in single-file mode: 06000232.bin is 0x00000040 bytes at the location pointed to by dirFileBuf(0x00279168), type 1f04
psiFileLoad in single-file mode: 06000238.bin is 0x00000020 bytes at the location pointed to by dirFileBuf(0x00279168), type 1f04
psiFileLoad in single-file mode: 0600023a.bin is 0x00000020 bytes at the location pointed to by dirFileBuf(0x00279168), type 1f04
psiFileLoad in single-file mode: 0600023c.bin is 0x00000020 bytes at the location pointed to by dirFileBuf(0x00279168), type 1f04
psiFileLoad in single-file mode: 0600023d.bin is 0x00000020 bytes at the location pointed to by dirFileBuf(0x00279168), type 1f04
psiFileLoad in single-file mode: 06000237.bin is 0x00000020 bytes at the location pointed to by dirFileBuf(0x00279168), type 1f04
psiFileLoad in single-file mode: 06000239.bin is 0x00000020 bytes at the location pointed to by dirFileBuf(0x00279168), type 1f04
psiFileLoad in single-file mode: 06000241.bin is 0x00000020 bytes at the location pointed to by dirFileBuf(0x00279168), type 1f04
psiFileLoad in single-file mode: 06000242.bin is 0x00000040 bytes at the location pointed to by dirFileBuf(0x00279168), type 1f04
psiFileLoad in single-file mode: 0600023f.bin is 0x00000020 bytes at the location pointed to by dirFileBuf(0x00279168), type 1f04
psiFileLoad in single-file mode: 06000244.bin is 0x00000040 bytes at the location pointed to by dirFileBuf(0x00279168), type 1f04
psiFileLoad in single-file mode: 06000245.bin is 0x00000040 bytes at the location pointed to by dirFileBuf(0x00279168), type 1f04
psiFileLoad in single-file mode: 06000246.bin is 0x00000060 bytes at the location pointed to by dirFileBuf(0x00279168), type 1f04
psiFileLoad in single-file mode: 06000247.bin is 0x00000040 bytes at the location pointed to by dirFileBuf(0x00279168), type 1f04
psiFileLoad in single-file mode: 06000248.bin is 0x00000020 bytes at the location pointed to by dirFileBuf(0x00279168), type 1f04
psiFileLoad in single-file mode: 06000249.bin is 0x00000020 bytes at the location pointed to by dirFileBuf(0x00279168), type 1f04
psiFileLoad in single-file mode: 0600024d.bin is 0x00000040 bytes at the location pointed to by dirFileBuf(0x00279168), type 1f04
psiFileLoad in single-file mode: 0600024e.bin is 0x00000020 bytes at the location pointed to by dirFileBuf(0x00279168), type 1f04
psiFileLoad in single-file mode: 06000240.bin is 0x00000040 bytes at the location pointed to by dirFileBuf(0x00279168), type 1f04
psiFileLoad in single-file mode: 06000250.bin is 0x000Error opening file: No such file or directory
Error opening file: No such file or directory
Error opening file: No such file or directory
Error opening file: No such file or directory
Error opening file: No such file or directory
Error opening file: No such file or directory
Error opening file: No such file or directory
Error opening file: No such file or directory
Error opening file: No such file or directory
Error opening file: No such file or directory
Error opening file: No such file or directory
Error opening file: No such file or directory
Error opening file: No such file or directory
Error opening file: No such file or directory
Error opening file: No such file or directory
Error opening file: No such file or directory
Error opening file: No such file or directory
Error opening file: No such file or directory
Error opening file: No such file or directory
Error opening file: No such file or directory
Error opening file: No such file or directory
Error opening file: No such file or directory
Error opening file: No such file or directory
Error opening file: No such file or directory
Error opening file: No such file or directory
Error opening file: No such file or directory
Error opening file: No such file or directory
Error opening file: No such file or directory
Error opening file: No such file or directory
Error opening file: No such file or directory
Error opening file: No such file or directory
00040 bytes at the location pointed to by dirFileBuf(0x00279168), type 1f04
psiFileLoad in single-file mode: 06000243.bin is 0x00000020 bytes at the location pointed to by dirFileBuf(0x00279168), type 1f04
psiFileLoad in single-file mode: 06000252.bin is 0x00000020 bytes at the location pointed to by dirFileBuf(0x00279168), type 1f04
psiFileLoad in single-file mode: 06000253.bin is 0x00000020 bytes at the location pointed to by dirFileBuf(0x00279168), type 1f04
psiFileLoad in single-file mode: 06000254.bin is 0x00000020 bytes at the location pointed to by dirFileBuf(0x00279168), type 1f04
psiFileLoad in single-file mode: 06000255.bin is 0x00000020 bytes at the location pointed to by dirFileBuf(0x00279168), type 1f04
psiFileLoad in single-file mode: 06000256.bin is 0x00000020 bytes at the location pointed to by dirFileBuf(0x00279168), type 1f04
psiFileLoad in single-file mode: 0600024f.bin is 0x00000040 bytes at the location pointed to by dirFileBuf(0x00279168), type 1f04
psiFileLoad in single-file mode: 06000258.bin is 0x00000020 bytes at the location pointed to by dirFileBuf(0x00279168), type 1f04
psiFileLoad in single-file mode: 06000259.bin is 0x00000020 bytes at the location pointed to by dirFileBuf(0x00279168), type 1f04
psiFileLoad in single-file mode: 0600025a.bin is 0x00000020 bytes at the location pointed to by dirFileBuf(0x00279168), type 1f04
psiFileLoad in single-file mode: 0600025b.bin is 0x00000020 bytes at the location pointed to by dirFileBuf(0x00279168), type 1f04
psiFileLoad in single-file mode: 0600025c.bin is 0x00000020 bytes at the location pointed to by dirFileBuf(0x00279168), type 1f04
psiFileLoad in single-file mode: 0600025d.bin is 0x00000020 bytes at the location pointed to by dirFileBuf(0x00279168), type 1f04
psiFileLoad in single-file mode: 0600025e.bin is 0x00000020 bytes at the location pointed to by dirFileBuf(0x00279168), type 1f04
psiFileLoad in single-file mode: 0600025f.bin is 0x00000020 bytes at the location pointed to by dirFileBuf(0x00279168), type 1f04
psiFileLoad in single-file mode: 06000260.bin is 0x00000020 bytes at the location pointed to by dirFileBuf(0x00279168), type 1f04
psiFileLoad in single-file mode: 06000261.bin is 0x00000040 bytes at the location pointed to by dirFileBuf(0x00279168), type 1f04
psiFileLoad in single-file mode: 06000262.bin is 0x00000020 bytes at the location pointed to by dirFileBuf(0x00279168), type 1f04
psiFileLoad in single-file mode: 06000264.bin is 0x00000020 bytes at the location pointed to by dirFileBuf(0x00279168), type 1f04
psiFileLoad in single-file mode: 06000286.bin is 0x00000040 bytes at the location pointed to by dirFileBuf(0x00279168), type 1f04
psiFileLoad in single-file mode: 06000287.bin is 0x00000040 bytes at the location pointed to by dirFileBuf(0x00279168), type 1f04
psiFileLoad in single-file mode: 06000288.bin is 0x00000020 bytes at the location pointed to by dirFileBuf(0x00279168), type 1f04
psiFileLoad in single-file mode: 06000289.bin is 0x00000040 bytes at the location pointed to by dirFileBuf(0x00279168), type 1f04
psiFileLoad in single-file mode: 06000251.bin is 0x00000060 bytes at the location pointed to by dirFileBuf(0x00279168), type 1f04
psiFileLoad in single-file mode: 0600028b.bin is 0x00000060 bytes at the location pointed to by dirFileBuf(0x00279168), type 1f04
psiFileLoad in single-file mode: 0600028c.bin is 0x00000040 bytes at the location pointed to by dirFileBuf(0x00279168), type 1f04
psiFileLoad in single-file mode: 0600028d.bin is 0x00000020 bytes at the location pointed to by dirFileBuf(0x00279168), type 1f04
psiFileLoad in single-file mode: 06000257.bin is 0x00000020 bytes at the location pointed to by dirFileBuf(0x00279168), type 1f04
psiFileLoad in single-file mode: 0600022e.bin is 0x00000040 bytes at the location pointed to by dirFileBuf(0x00279168), type 1f04
psiFileLoad in single-file mode: 0600029a.bin is 0x00000060 bytes at the location pointed to by dirFileBuf(0x00279168), type 1f04
psiFileLoad in single-file mode: 0600029b.bin is 0x00000040 bytes at the location pointed to by dirFileBuf(0x00279168), Error opening file: No such file or directory
Error opening file: No such file or directory
Error opening file: No such file or directory
Error opening file: No such file or directory
Error opening file: No such file or directory
Error opening file: No such file or directory
Error opening file: No such file or directory
Error opening file: No such file or directory
Error opening file: No such file or directory
Error opening file: No such file or directory
Error opening file: No such file or directory
Error opening file: No such file or directory
Error opening file: No such file or directory
Error opening file: No such file or directory
Error opening file: No such file or directory
Error opening file: No such file or directory
Error opening file: No such file or directory
Error opening file: No such file or directory
Error opening file: No such file or directory
Error opening file: No such file or directory
Error opening file: No such file or directory
Error opening file: No such file or directory
Error opening file: No such file or directory
Error opening file: No such file or directory
Error opening file: No such file or directory
Error opening file: No such file or directory
Error opening file: No such file or directory
Error opening file: No such file or directory
Error opening file: No such file or directory
Error opening file: No such file or directory
Error opening file: No such file or directory
Error opening file: No such file or directory
type 1f04
psiFileLoad in single-file mode: 0600029c.bin is 0x00000060 bytes at the location pointed to by dirFileBuf(0x00279168), type 1f04
psiFileLoad in single-file mode: 0600029d.bin is 0x00000040 bytes at the location pointed to by dirFileBuf(0x00279168), type 1f04
psiFileLoad in single-file mode: 0600029e.bin is 0x00000040 bytes at the location pointed to by dirFileBuf(0x00279168), type 1f04
psiFileLoad in single-file mode: 0600029f.bin is 0x00000040 bytes at the location pointed to by dirFileBuf(0x00279168), type 1f04
psiFileLoad in single-file mode: 060002a0.bin is 0x00000040 bytes at the location pointed to by dirFileBuf(0x00279168), type 1f04
psiFileLoad in single-file mode: 060002a1.bin is 0x00000040 bytes at the location pointed to by dirFileBuf(0x00279168), type 1f04
psiFileLoad in single-file mode: 060002a2.bin is 0x00000040 bytes at the location pointed to by dirFileBuf(0x00279168), type 1f04
psiFileLoad in single-file mode: 060002a3.bin is 0x00000040 bytes at the location pointed to by dirFileBuf(0x00279168), type 1f04
psiFileLoad in single-file mode: 060002a4.bin is 0x00000020 bytes at the location pointed to by dirFileBuf(0x00279168), type 1f04
psiFileLoad in single-file mode: 0600028a.bin is 0x00000040 bytes at the location pointed to by dirFileBuf(0x00279168), type 1f04
psiFileLoad in single-file mode: 060002a6.bin is 0x00000040 bytes at the location pointed to by dirFileBuf(0x00279168), type 1f04
psiFileLoad in single-file mode: 060002a7.bin is 0x00000040 bytes at the location pointed to by dirFileBuf(0x00279168), type 1f04
psiFileLoad in single-file mode: 060002a8.bin is 0x00000040 bytes at the location pointed to by dirFileBuf(0x00279168), type 1f04
psiFileLoad in single-file mode: 060002a9.bin is 0x00000020 bytes at the location pointed to by dirFileBuf(0x00279168), type 1f04
psiFileLoad in single-file mode: 060002ab.bin is 0x00000040 bytes at the location pointed to by dirFileBuf(0x00279168), type 1f04
psiFileLoad in single-file mode: 060002ac.bin is 0x00000040 bytes at the location pointed to by dirFileBuf(0x00279168), type 1f04
psiFileLoad in single-file mode: 060002ad.bin is 0x00000040 bytes at the location pointed to by dirFileBuf(0x00279168), type 1f04
psiFileLoad in single-file mode: 060002ae.bin is 0x00000020 bytes at the location pointed to by dirFileBuf(0x00279168), type 1f04
psiFileLoad in single-file mode: 060002af.bin is 0x00000020 bytes at the location pointed to by dirFileBuf(0x00279168), type 1f04
psiFileLoad in single-file mode: 060002b0.bin is 0x00000020 bytes at the location pointed to by dirFileBuf(0x00279168), type 1f04
psiFileLoad in single-file mode: 060002b1.bin is 0x00000020 bytes at the location pointed to by dirFileBuf(0x00279168), type 1f04
psiFileLoad in single-file mode: 060002b2.bin is 0x00000020 bytes at the location pointed to by dirFileBuf(0x00279168), type 1f04
psiFileLoad in single-file mode: 060002b3.bin is 0x00000020 bytes at the location pointed to by dirFileBuf(0x00279168), type 1f04
psiFileLoad in single-file mode: 060002b4.bin is 0x00000020 bytes at the location pointed to by dirFileBuf(0x00279168), type 1f04
psiFileLoad in single-file mode: 060002b5.bin is 0x00000020 bytes at the location pointed to by dirFileBuf(0x00279168), type 1f04
psiFileLoad in single-file mode: 060002b6.bin is 0x00000020 bytes at the location pointed to by dirFileBuf(0x00279168), type 1f04
psiFileLoad in single-file mode: 060002b7.bin is 0x00000020 bytes at the location pointed to by dirFileBuf(0x00279168), type 1f04
psiFileLoad in single-file mode: 060002b8.bin is 0x00000020 bytes at the location pointed to by dirFileBuf(0x00279168), type 1f04
psiFileLoad in single-file mode: 060002b9.bin is 0x00000040 bytes at the location pointed to by dirFileBuf(0x00279168), type 1f04
psiFileLoad in single-file mode: 060002ba.bin is 0x00000040 bytes at the location pointed to by dirFileBuf(0x00279168), type 1f04
psiFileLoad in single-file mode: 060002bb.bin is 0x00000040 bytes at the location pointed to by dirFileBuf(0x00279168), type 1f04
psiFileLoad in single-file mode: 060002bc.bin is 0x00000Error opening file: No such file or directory
Error opening file: No such file or directory
Error opening file: No such file or directory
Error opening file: No such file or directory
Error opening file: No such file or directory
Error opening file: No such file or directory
Error opening file: No such file or directory
Error opening file: No such file or directory
Error opening file: No such file or directory
Error opening file: No such file or directory
Error opening file: No such file or directory
Error opening file: No such file or directory
Error opening file: No such file or directory
Error opening file: No such file or directory
Error opening file: No such file or directory
Error opening file: No such file or directory
Error opening file: No such file or directory
Error opening file: No such file or directory
Error opening file: No such file or directory
Error opening file: No such file or directory
Error opening file: No such file or directory
Error opening file: No such file or directory
Error opening file: No such file or directory
Error opening file: No such file or directory
Error opening file: No such file or directory
Error opening file: No such file or directory
Error opening file: No such file or directory
Error opening file: No such file or directory
Error opening file: No such file or directory
Error opening file: No such file or directory
Error opening file: No such file or directory
040 bytes at the location pointed to by dirFileBuf(0x00279168), type 1f04
psiFileLoad in single-file mode: 060002bd.bin is 0x00000040 bytes at the location pointed to by dirFileBuf(0x00279168), type 1f04
psiFileLoad in single-file mode: 060002bf.bin is 0x00000040 bytes at the location pointed to by dirFileBuf(0x00279168), type 1f04
psiFileLoad in single-file mode: 060002c0.bin is 0x00000040 bytes at the location pointed to by dirFileBuf(0x00279168), type 1f04
psiFileLoad in single-file mode: 060002c1.bin is 0x00000040 bytes at the location pointed to by dirFileBuf(0x00279168), type 1f04
psiFileLoad in single-file mode: 060002c2.bin is 0x00000040 bytes at the location pointed to by dirFileBuf(0x00279168), type 1f04
psiFileLoad in single-file mode: 060002c3.bin is 0x00000040 bytes at the location pointed to by dirFileBuf(0x00279168), type 1f04
psiFileLoad in single-file mode: 060002c4.bin is 0x00000040 bytes at the location pointed to by dirFileBuf(0x00279168), type 1f04
psiFileLoad in single-file mode: 060002c5.bin is 0x00000040 bytes at the location pointed to by dirFileBuf(0x00279168), type 1f04
psiFileLoad in single-file mode: 060002c6.bin is 0x00000040 bytes at the location pointed to by dirFileBuf(0x00279168), type 1f04
psiFileLoad in single-file mode: 060002c7.bin is 0x00000040 bytes at the location pointed to by dirFileBuf(0x00279168), type 1f04
psiFileLoad in single-file mode: 060002c8.bin is 0x00000020 bytes at the location pointed to by dirFileBuf(0x00279168), type 1f04
psiFileLoad in single-file mode: 0600022d.bin is 0x00000040 bytes at the location pointed to by dirFileBuf(0x00279168), type 1f04
psiFileLoad in single-file mode: 060002ca.bin is 0x00000020 bytes at the location pointed to by dirFileBuf(0x00279168), type 1f04
psiFileLoad in single-file mode: 060002cb.bin is 0x00000020 bytes at the location pointed to by dirFileBuf(0x00279168), type 1f04
psiFileLoad in single-file mode: 060002cc.bin is 0x00000020 bytes at the location pointed to by dirFileBuf(0x00279168), type 1f04
psiFileLoad in single-file mode: 060002cd.bin is 0x00000020 bytes at the location pointed to by dirFileBuf(0x00279168), type 1f04
psiFileLoad in single-file mode: 060002ce.bin is 0x00000020 bytes at the location pointed to by dirFileBuf(0x00279168), type 1f04
psiFileLoad in single-file mode: 060002cf.bin is 0x00000040 bytes at the location pointed to by dirFileBuf(0x00279168), type 1f04
psiFileLoad in single-file mode: 060002d0.bin is 0x00000040 bytes at the location pointed to by dirFileBuf(0x00279168), type 1f04
psiFileLoad in single-file mode: 06000290.bin is 0x00000040 bytes at the location pointed to by dirFileBuf(0x00279168), type 1f04
psiFileLoad in single-file mode: 0600028f.bin is 0x00000020 bytes at the location pointed to by dirFileBuf(0x00279168), type 1f04
psiFileLoad in single-file mode: 060002a5.bin is 0x00000040 bytes at the location pointed to by dirFileBuf(0x00279168), type 1f04
psiFileLoad in single-file mode: 0600022a.bin is 0x00000020 bytes at the location pointed to by dirFileBuf(0x00279168), type 1f04
psiFileLoad in single-file mode: 0600022c.bin is 0x00000040 bytes at the location pointed to by dirFileBuf(0x00279168), type 1f04
psiFileLoad in single-file mode: 060002d6.bin is 0x00000020 bytes at the location pointed to by dirFileBuf(0x00279168), type 1f04
psiFileLoad in single-file mode: 060002d7.bin is 0x00000020 bytes at the location pointed to by dirFileBuf(0x00279168), type 1f04
psiFileLoad in single-file mode: 060002d8.bin is 0x00000020 bytes at the location pointed to by dirFileBuf(0x00279168), type 1f04
psiFileLoad in single-file mode: 060002d9.bin is 0x00000020 bytes at the location pointed to by dirFileBuf(0x00279168), type 1f04
psiFileLoad in single-file mode: 060002da.bin is 0x00000020 bytes at the location pointed to by dirFileBuf(0x00279168), type 1f04
psiFileLoad in single-file mode: 060002db.bin is 0x00000020 bytes at the location pointed to by dirFileBuf(0x00279168), type 1f04
psiFileLoad in single-file mode: 060002dc.bin is 0x00000020 bytes at the location pointed to by dirFileBuf(0x00279168), tyError opening file: No such file or directory
Error opening file: No such file or directory
Error opening file: No such file or directory
Error opening file: No such file or directory
Error opening file: No such file or directory
Error opening file: No such file or directory
Error opening file: No such file or directory
Error opening file: No such file or directory
Error opening file: No such file or directory
Error opening file: No such file or directory
Error opening file: No such file or directory
Error opening file: No such file or directory
Error opening file: No such file or directory
Error opening file: No such file or directory
Error opening file: No such file or directory
Error opening file: No such file or directory
Error opening file: No such file or directory
Error opening file: No such file or directory
Error opening file: No such file or directory
Error opening file: No such file or directory
Error opening file: No such file or directory
Error opening file: No such file or directory
Error opening file: No such file or directory
Error opening file: No such file or directory
Error opening file: No such file or directory
Error opening file: No such file or directory
Error opening file: No such file or directory
Error opening file: No such file or directory
Error opening file: No such file or directory
Error opening file: No such file or directory
Error opening file: No such file or directory
Error opening file: No such file or directory
pe 1f04
psiFileLoad in single-file mode: 060002dd.bin is 0x00000020 bytes at the location pointed to by dirFileBuf(0x00279168), type 1f04
psiFileLoad in single-file mode: 060002de.bin is 0x00000020 bytes at the location pointed to by dirFileBuf(0x00279168), type 1f04
psiFileLoad in single-file mode: 060002df.bin is 0x00000020 bytes at the location pointed to by dirFileBuf(0x00279168), type 1f04
psiFileLoad in single-file mode: 060002e0.bin is 0x00000020 bytes at the location pointed to by dirFileBuf(0x00279168), type 1f04
psiFileLoad in single-file mode: 060002e1.bin is 0x00000020 bytes at the location pointed to by dirFileBuf(0x00279168), type 1f04
psiFileLoad in single-file mode: 060002e2.bin is 0x00000020 bytes at the location pointed to by dirFileBuf(0x00279168), type 1f04
psiFileLoad in single-file mode: 060002e3.bin is 0x00000020 bytes at the location pointed to by dirFileBuf(0x00279168), type 1f04
psiFileLoad in single-file mode: 060002e4.bin is 0x00000020 bytes at the location pointed to by dirFileBuf(0x00279168), type 1f04
psiFileLoad in single-file mode: 060002e5.bin is 0x00000020 bytes at the location pointed to by dirFileBuf(0x00279168), type 1f04
psiFileLoad in single-file mode: 060002e6.bin is 0x00000020 bytes at the location pointed to by dirFileBuf(0x00279168), type 1f04
psiFileLoad in single-file mode: 060002e7.bin is 0x00000020 bytes at the location pointed to by dirFileBuf(0x00279168), type 1f04
psiFileLoad in single-file mode: 060002e8.bin is 0x00000020 bytes at the location pointed to by dirFileBuf(0x00279168), type 1f04
psiFileLoad in single-file mode: 060002e9.bin is 0x00000020 bytes at the location pointed to by dirFileBuf(0x00279168), type 1f04
psiFileLoad in single-file mode: 060002ea.bin is 0x00000020 bytes at the location pointed to by dirFileBuf(0x00279168), type 1f04
psiFileLoad in single-file mode: 060002ec.bin is 0x00000040 bytes at the location pointed to by dirFileBuf(0x00279168), type 1f04
psiFileLoad in single-file mode: 060002ed.bin is 0x00000080 bytes at the location pointed to by dirFileBuf(0x00279168), type 1f04
psiFileLoad in single-file mode: 060002c9.bin is 0x00000020 bytes at the location pointed to by dirFileBuf(0x00279168), type 1f04
psiFileLoad in single-file mode: 060002ef.bin is 0x00000040 bytes at the location pointed to by dirFileBuf(0x00279168), type 1f04
psiFileLoad in single-file mode: 060002f0.bin is 0x00000020 bytes at the location pointed to by dirFileBuf(0x00279168), type 1f04
psiFileLoad in single-file mode: 060002f1.bin is 0x00000020 bytes at the location pointed to by dirFileBuf(0x00279168), type 1f04
psiFileLoad in single-file mode: 060002f2.bin is 0x00000020 bytes at the location pointed to by dirFileBuf(0x00279168), type 1f04
psiFileLoad in single-file mode: 060002f3.bin is 0x00000020 bytes at the location pointed to by dirFileBuf(0x00279168), type 1f04
psiFileLoad in single-file mode: 060002f4.bin is 0x00000020 bytes at the location pointed to by dirFileBuf(0x00279168), type 1f04
psiFileLoad in single-file mode: 060002f5.bin is 0x00000040 bytes at the location pointed to by dirFileBuf(0x00279168), type 1f04
psiFileLoad in single-file mode: 060002f7.bin is 0x00000020 bytes at the location pointed to by dirFileBuf(0x00279168), type 1f04
psiFileLoad in single-file mode: 060002f8.bin is 0x00000020 bytes at the location pointed to by dirFileBuf(0x00279168), type 1f04
psiFileLoad in single-file mode: 060002f9.bin is 0x00000020 bytes at the location pointed to by dirFileBuf(0x00279168), type 1f04
psiFileLoad in single-file mode: 060002fa.bin is 0x00000020 bytes at the location pointed to by dirFileBuf(0x00279168), type 1f04
psiFileLoad in single-file mode: 060002fb.bin is 0x00000020 bytes at the location pointed to by dirFileBuf(0x00279168), type 1f04
psiFileLoad in single-file mode: 060002fc.bin is 0x00000020 bytes at the location pointed to by dirFileBuf(0x00279168), type 1f04
psiFileLoad in single-file mode: 060002fd.bin is 0x00000020 bytes at the location pointed to by dirFileBuf(0x00279168), type 1f04
psiFileLoad in single-file mode: 060002fe.bin is 0x0000002Error opening file: No such file or directory
Error opening file: No such file or directory
Error opening file: No such file or directory
Error opening file: No such file or directory
Error opening file: No such file or directory
Error opening file: No such file or directory
Error opening file: No such file or directory
Error opening file: No such file or directory
Error opening file: No such file or directory
Error opening file: No such file or directory
Error opening file: No such file or directory
Error opening file: No such file or directory
Error opening file: No such file or directory
Error opening file: No such file or directory
Error opening file: No such file or directory
Error opening file: No such file or directory
Error opening file: No such file or directory
Error opening file: No such file or directory
Error opening file: No such file or directory
Error opening file: No such file or directory
Error opening file: No such file or directory
Error opening file: No such file or directory
Error opening file: No such file or directory
Error opening file: No such file or directory
Error opening file: No such file or directory
Error opening file: No such file or directory
Error opening file: No such file or directory
Error opening file: No such file or directory
Error opening file: No such file or directory
Error opening file: No such file or directory
Error opening file: No such file or directory
0 bytes at the location pointed to by dirFileBuf(0x00279168), type 1f04
psiFileLoad in single-file mode: 060002ff.bin is 0x00000020 bytes at the location pointed to by dirFileBuf(0x00279168), type 1f04
psiFileLoad in single-file mode: 06000300.bin is 0x00000020 bytes at the location pointed to by dirFileBuf(0x00279168), type 1f04
psiFileLoad in single-file mode: 06000301.bin is 0x00000020 bytes at the location pointed to by dirFileBuf(0x00279168), type 1f04
psiFileLoad in single-file mode: 06000302.bin is 0x00000020 bytes at the location pointed to by dirFileBuf(0x00279168), type 1f04
psiFileLoad in single-file mode: 06000303.bin is 0x00000020 bytes at the location pointed to by dirFileBuf(0x00279168), type 1f04
psiFileLoad in single-file mode: 06000304.bin is 0x00000020 bytes at the location pointed to by dirFileBuf(0x00279168), type 1f04
psiFileLoad in single-file mode: 06000305.bin is 0x00000020 bytes at the location pointed to by dirFileBuf(0x00279168), type 1f04
psiFileLoad in single-file mode: 06000306.bin is 0x00000020 bytes at the location pointed to by dirFileBuf(0x00279168), type 1f04
psiFileLoad in single-file mode: 06000307.bin is 0x00000020 bytes at the location pointed to by dirFileBuf(0x00279168), type 1f04
psiFileLoad in single-file mode: 06000308.bin is 0x00000020 bytes at the location pointed to by dirFileBuf(0x00279168), type 1f04
psiFileLoad in single-file mode: 06000309.bin is 0x00000020 bytes at the location pointed to by dirFileBuf(0x00279168), type 1f04
psiFileLoad in single-file mode: 0600030a.bin is 0x00000020 bytes at the location pointed to by dirFileBuf(0x00279168), type 1f04
psiFileLoad in single-file mode: 0600030b.bin is 0x00000020 bytes at the location pointed to by dirFileBuf(0x00279168), type 1f04
psiFileLoad in single-file mode: 0600030c.bin is 0x00000020 bytes at the location pointed to by dirFileBuf(0x00279168), type 1f04
psiFileLoad in single-file mode: 0600030d.bin is 0x00000040 bytes at the location pointed to by dirFileBuf(0x00279168), type 1f04
psiFileLoad in single-file mode: 0600030e.bin is 0x00000040 bytes at the location pointed to by dirFileBuf(0x00279168), type 1f04
psiFileLoad in single-file mode: 06000311.bin is 0x00000040 bytes at the location pointed to by dirFileBuf(0x00279168), type 1f04
psiFileLoad in single-file mode: 06000312.bin is 0x00000040 bytes at the location pointed to by dirFileBuf(0x00279168), type 1f04
psiFileLoad in single-file mode: 06000313.bin is 0x00000040 bytes at the location pointed to by dirFileBuf(0x00279168), type 1f04
psiFileLoad in single-file mode: 06000314.bin is 0x00000040 bytes at the location pointed to by dirFileBuf(0x00279168), type 1f04
psiFileLoad in single-file mode: 06000315.bin is 0x00000040 bytes at the location pointed to by dirFileBuf(0x00279168), type 1f04
psiFileLoad in single-file mode: 06000316.bin is 0x00000040 bytes at the location pointed to by dirFileBuf(0x00279168), type 1f04
psiFileLoad in single-file mode: 06000317.bin is 0x00000040 bytes at the location pointed to by dirFileBuf(0x00279168), type 1f04
psiFileLoad in single-file mode: 06000318.bin is 0x00000020 bytes at the location pointed to by dirFileBuf(0x00279168), type 1f04
psiFileLoad in single-file mode: 0600031b.bin is 0x00000020 bytes at the location pointed to by dirFileBuf(0x00279168), type 1f04
psiFileLoad in single-file mode: 0600031c.bin is 0x00000020 bytes at the location pointed to by dirFileBuf(0x00279168), type 1f04
psiFileLoad in single-file mode: 0600031d.bin is 0x00000020 bytes at the location pointed to by dirFileBuf(0x00279168), type 1f04
psiFileLoad in single-file mode: 0600031e.bin is 0x00000020 bytes at the location pointed to by dirFileBuf(0x00279168), type 1f04
psiFileLoad in single-file mode: 0600031f.bin is 0x00000040 bytes at the location pointed to by dirFileBuf(0x00279168), type 1f04
psiFileLoad in single-file mode: 06000321.bin is 0x00000040 bytes at the location pointed to by dirFileBuf(0x00279168), type 1f04
psiFileLoad in single-file mode: 06000322.bin is 0x00000040 bytes at the location pointed to by dirFileBuf(0x00279168), typeError opening file: No such file or directory
Error opening file: No such file or directory
Error opening file: No such file or directory
Error opening file: No such file or directory
Error opening file: No such file or directory
Error opening file: No such file or directory
Error opening file: No such file or directory
Error opening file: No such file or directory
Error opening file: No such file or directory
Error opening file: No such file or directory
Error opening file: No such file or directory
Error opening file: No such file or directory
Error opening file: No such file or directory
Error opening file: No such file or directory
Error opening file: No such file or directory
Error opening file: No such file or directory
Error opening file: No such file or directory
Error opening file: No such file or directory
Error opening file: No such file or directory
Error opening file: No such file or directory
Error opening file: No such file or directory
Error opening file: No such file or directory
Error opening file: No such file or directory
Error opening file: No such file or directory
Error opening file: No such file or directory
Error opening file: No such file or directory
Error opening file: No such file or directory
Error opening file: No such file or directory
Error opening file: No such file or directory
Error opening file: No such file or directory
Error opening file: No such file or directory
Error opening file: No such file or directory
 1f04
psiFileLoad in single-file mode: 06000323.bin is 0x00000040 bytes at the location pointed to by dirFileBuf(0x00279168), type 1f04
psiFileLoad in single-file mode: 06000325.bin is 0x00000040 bytes at the location pointed to by dirFileBuf(0x00279168), type 1f04
psiFileLoad in single-file mode: 06000326.bin is 0x00000040 bytes at the location pointed to by dirFileBuf(0x00279168), type 1f04
psiFileLoad in single-file mode: 06000328.bin is 0x00000020 bytes at the location pointed to by dirFileBuf(0x00279168), type 1f04
psiFileLoad in single-file mode: 06000329.bin is 0x00000020 bytes at the location pointed to by dirFileBuf(0x00279168), type 1f04
psiFileLoad in single-file mode: 0600032a.bin is 0x00000020 bytes at the location pointed to by dirFileBuf(0x00279168), type 1f04
psiFileLoad in single-file mode: 0600032b.bin is 0x00000020 bytes at the location pointed to by dirFileBuf(0x00279168), type 1f04
psiFileLoad in single-file mode: 0600032c.bin is 0x00000020 bytes at the location pointed to by dirFileBuf(0x00279168), type 1f04
psiFileLoad in single-file mode: 0600032d.bin is 0x00000020 bytes at the location pointed to by dirFileBuf(0x00279168), type 1f04
psiFileLoad in single-file mode: 0600032e.bin is 0x00000020 bytes at the location pointed to by dirFileBuf(0x00279168), type 1f04
psiFileLoad in single-file mode: 0600032f.bin is 0x00000020 bytes at the location pointed to by dirFileBuf(0x00279168), type 1f04
psiFileLoad in single-file mode: 06000330.bin is 0x00000040 bytes at the location pointed to by dirFileBuf(0x00279168), type 1f04
psiFileLoad in single-file mode: 06000331.bin is 0x00000020 bytes at the location pointed to by dirFileBuf(0x00279168), type 1f04
psiFileLoad in single-file mode: 06000332.bin is 0x00000020 bytes at the location pointed to by dirFileBuf(0x00279168), type 1f04
psiFileLoad in single-file mode: 06000333.bin is 0x00000040 bytes at the location pointed to by dirFileBuf(0x00279168), type 1f04
psiFileLoad in single-file mode: 06000334.bin is 0x00000020 bytes at the location pointed to by dirFileBuf(0x00279168), type 1f04
psiFileLoad in single-file mode: 06000335.bin is 0x00000020 bytes at the location pointed to by dirFileBuf(0x00279168), type 1f04
psiFileLoad in single-file mode: 06000337.bin is 0x00000040 bytes at the location pointed to by dirFileBuf(0x00279168), type 1f04
psiFileLoad in single-file mode: 06000338.bin is 0x00000020 bytes at the location pointed to by dirFileBuf(0x00279168), type 1f04
psiFileLoad in single-file mode: 06000339.bin is 0x00000020 bytes at the location pointed to by dirFileBuf(0x00279168), type 1f04
psiFileLoad in single-file mode: 060002d1.bin is 0x00000020 bytes at the location pointed to by dirFileBuf(0x00279168), type 1f04
psiFileLoad in single-file mode: 0600033b.bin is 0x00000020 bytes at the location pointed to by dirFileBuf(0x00279168), type 1f04
psiFileLoad in single-file mode: 0600033c.bin is 0x00000040 bytes at the location pointed to by dirFileBuf(0x00279168), type 1f04
psiFileLoad in single-file mode: 0600033d.bin is 0x00000040 bytes at the location pointed to by dirFileBuf(0x00279168), type 1f04
psiFileLoad in single-file mode: 0600033e.bin is 0x00000040 bytes at the location pointed to by dirFileBuf(0x00279168), type 1f04
psiFileLoad in single-file mode: 0600033f.bin is 0x00000040 bytes at the location pointed to by dirFileBuf(0x00279168), type 1f04
psiFileLoad in single-file mode: 06000340.bin is 0x00000040 bytes at the location pointed to by dirFileBuf(0x00279168), type 1f04
psiFileLoad in single-file mode: 06000341.bin is 0x00000040 bytes at the location pointed to by dirFileBuf(0x00279168), type 1f04
psiFileLoad in single-file mode: 06000342.bin is 0x00000020 bytes at the location pointed to by dirFileBuf(0x00279168), type 1f04
psiFileLoad in single-file mode: 0600036a.bin is 0x00000020 bytes at the location pointed to by dirFileBuf(0x00279168), type 1f04
psiFileLoad in single-file mode: 0600036b.bin is 0x00000020 bytes at the location pointed to by dirFileBuf(0x00279168), type 1f04
psiFileLoad in single-file mode: 0600036c.bin is 0x00000020 Error opening file: No such file or directory
Error opening file: No such file or directory
Error opening file: No such file or directory
Error opening file: No such file or directory
Error opening file: No such file or directory
Error opening file: No such file or directory
Error opening file: No such file or directory
Error opening file: No such file or directory
Error opening file: No such file or directory
Error opening file: No such file or directory
Error opening file: No such file or directory
Error opening file: No such file or directory
Error opening file: No such file or directory
Error opening file: No such file or directory
Error opening file: No such file or directory
Error opening file: No such file or directory
Error opening file: No such file or directory
Error opening file: No such file or directory
Error opening file: No such file or directory
Error opening file: No such file or directory
Error opening file: No such file or directory
Error opening file: No such file or directory
Error opening file: No such file or directory
Error opening file: No such file or directory
Error opening file: No such file or directory
Error opening file: No such file or directory
Error opening file: No such file or directory
Error opening file: No such file or directory
Error opening file: No such file or directory
Error opening file: No such file or directory
Error opening file: No such file or directory
bytes at the location pointed to by dirFileBuf(0x00279168), type 1f04
psiFileLoad in single-file mode: 0600036d.bin is 0x00000020 bytes at the location pointed to by dirFileBuf(0x00279168), type 1f04
psiFileLoad in single-file mode: 0600036e.bin is 0x00000020 bytes at the location pointed to by dirFileBuf(0x00279168), type 1f04
psiFileLoad in single-file mode: 0600036f.bin is 0x00000020 bytes at the location pointed to by dirFileBuf(0x00279168), type 1f04
psiFileLoad in single-file mode: 06000370.bin is 0x00000020 bytes at the location pointed to by dirFileBuf(0x00279168), type 1f04
psiFileLoad in single-file mode: 060002d2.bin is 0x00000020 bytes at the location pointed to by dirFileBuf(0x00279168), type 1f04
psiFileLoad in single-file mode: 060003a6.bin is 0x00000040 bytes at the location pointed to by dirFileBuf(0x00279168), type 1f04
psiFileLoad in single-file mode: 060002d3.bin is 0x00000020 bytes at the location pointed to by dirFileBuf(0x00279168), type 1f04
psiFileLoad in single-file mode: 060003a8.bin is 0x00000040 bytes at the location pointed to by dirFileBuf(0x00279168), type 1f04
psiFileLoad in single-file mode: 0600022b.bin is 0x00000040 bytes at the location pointed to by dirFileBuf(0x00279168), type 1f04
psiFileLoad in single-file mode: 060003df.bin is 0x00000020 bytes at the location pointed to by dirFileBuf(0x00279168), type 1f04
psiFileLoad in single-file mode: 060003e0.bin is 0x00000020 bytes at the location pointed to by dirFileBuf(0x00279168), type 1f04
psiFileLoad in single-file mode: 060003e1.bin is 0x00000020 bytes at the location pointed to by dirFileBuf(0x00279168), type 1f04
psiFileLoad in single-file mode: 060003e8.bin is 0x00000020 bytes at the location pointed to by dirFileBuf(0x00279168), type 1f04
psiFileLoad in single-file mode: 060002d4.bin is 0x00000020 bytes at the location pointed to by dirFileBuf(0x00279168), type 1f04
psiFileLoad in single-file mode: 060002d5.bin is 0x00000020 bytes at the location pointed to by dirFileBuf(0x00279168), type 1f04
psiFileLoad in single-file mode: 060002ee.bin is 0x00000040 bytes at the location pointed to by dirFileBuf(0x00279168), type 1f04
psiFileLoad in single-file mode: 06000407.bin is 0x00000020 bytes at the location pointed to by dirFileBuf(0x00279168), type 1f04
psiFileLoad in single-file mode: 06000408.bin is 0x00000020 bytes at the location pointed to by dirFileBuf(0x00279168), type 1f04
psiFileLoad in single-file mode: 06000409.bin is 0x00000020 bytes at the location pointed to by dirFileBuf(0x00279168), type 1f04
psiFileLoad in single-file mode: 0600040a.bin is 0x00000020 bytes at the location pointed to by dirFileBuf(0x00279168), type 1f04
psiFileLoad in single-file mode: 0600040e.bin is 0x00000020 bytes at the location pointed to by dirFileBuf(0x00279168), type 1f04
psiFileLoad in single-file mode: 06000411.bin is 0x00000020 bytes at the location pointed to by dirFileBuf(0x00279168), type 1f04
psiFileLoad in single-file mode: 06000412.bin is 0x00000020 bytes at the location pointed to by dirFileBuf(0x00279168), type 1f04
psiFileLoad in single-file mode: 06000418.bin is 0x00000020 bytes at the location pointed to by dirFileBuf(0x00279168), type 1f04
psiFileLoad in single-file mode: 06000419.bin is 0x00000080 bytes at the location pointed to by dirFileBuf(0x00279168), type 1f04
psiFileLoad in single-file mode: 06000425.bin is 0x00000020 bytes at the location pointed to by dirFileBuf(0x00279168), type 1f04
psiFileLoad in single-file mode: 06000433.bin is 0x00000020 bytes at the location pointed to by dirFileBuf(0x00279168), type 1f04
psiFileLoad in single-file mode: 06000434.bin is 0x00000020 bytes at the location pointed to by dirFileBuf(0x00279168), type 1f04
psiFileLoad in single-file mode: 06000435.bin is 0x00000020 bytes at the location pointed to by dirFileBuf(0x00279168), type 1f04
psiFileLoad in single-file mode: 06000439.bin is 0x00000020 bytes at the location pointed to by dirFileBuf(0x00279168), type 1f04
psiFileLoad in single-file mode: 0600043a.bin is 0x00000020 bytes at the location pointed to by dirFileBuf(0x00279168), type 1Error opening file: No such file or directory
Error opening file: No such file or directory
Error opening file: No such file or directory
Error opening file: No such file or directory
Error opening file: No such file or directory
Error opening file: No such file or directory
Error opening file: No such file or directory
Error opening file: No such file or directory
Error opening file: No such file or directory
Error opening file: No such file or directory
Error opening file: No such file or directory
Error opening file: No such file or directory
Error opening file: No such file or directory
Error opening file: No such file or directory
Error opening file: No such file or directory
Error opening file: No such file or directory
Error opening file: No such file or directory
Error opening file: No such file or directory
Error opening file: No such file or directory
Error opening file: No such file or directory
Error opening file: No such file or directory
Error opening file: No such file or directory
Error opening file: No such file or directory
Error opening file: No such file or directory
Error opening file: No such file or directory
Error opening file: No such file or directory
Error opening file: No such file or directory
Error opening file: No such file or directory
Error opening file: No such file or directory
Error opening file: No such file or directory
Error opening file: No such file or directory
Error opening file: No such file or directory
f04
psiFileLoad in single-file mode: 0600043b.bin is 0x00000020 bytes at the location pointed to by dirFileBuf(0x00279168), type 1f04
psiFileLoad in single-file mode: 0600043c.bin is 0x00000020 bytes at the location pointed to by dirFileBuf(0x00279168), type 1f04
psiFileLoad in single-file mode: 06000445.bin is 0x00000020 bytes at the location pointed to by dirFileBuf(0x00279168), type 1f04
psiFileLoad in single-file mode: 06000446.bin is 0x00000020 bytes at the location pointed to by dirFileBuf(0x00279168), type 1f04
psiFileLoad in single-file mode: 06000447.bin is 0x00000020 bytes at the location pointed to by dirFileBuf(0x00279168), type 1f04
psiFileLoad in single-file mode: 06000449.bin is 0x00000020 bytes at the location pointed to by dirFileBuf(0x00279168), type 1f04
psiFileLoad in single-file mode: 0600044a.bin is 0x00000020 bytes at the location pointed to by dirFileBuf(0x00279168), type 1f04
psiFileLoad in single-file mode: 0600044b.bin is 0x00000020 bytes at the location pointed to by dirFileBuf(0x00279168), type 1f04
psiFileLoad in single-file mode: 0600044c.bin is 0x00000020 bytes at the location pointed to by dirFileBuf(0x00279168), type 1f04
psiFileLoad in single-file mode: 0600044d.bin is 0x00000020 bytes at the location pointed to by dirFileBuf(0x00279168), type 1f04
psiFileLoad in single-file mode: 0600046c.bin is 0x00000020 bytes at the location pointed to by dirFileBuf(0x00279168), type 1f04
psiFileLoad in single-file mode: 0600046d.bin is 0x00000020 bytes at the location pointed to by dirFileBuf(0x00279168), type 1f04
psiFileLoad in single-file mode: 0600046e.bin is 0x00000020 bytes at the location pointed to by dirFileBuf(0x00279168), type 1f04
psiFileLoad in single-file mode: 0600046f.bin is 0x00000020 bytes at the location pointed to by dirFileBuf(0x00279168), type 1f04
psiFileLoad in single-file mode: 06000470.bin is 0x00000020 bytes at the location pointed to by dirFileBuf(0x00279168), type 1f04
psiFileLoad in single-file mode: 06000471.bin is 0x00000020 bytes at the location pointed to by dirFileBuf(0x00279168), type 1f04
psiFileLoad in single-file mode: 06000475.bin is 0x00000020 bytes at the location pointed to by dirFileBuf(0x00279168), type 1f04
psiFileLoad in single-file mode: 06000476.bin is 0x00000020 bytes at the location pointed to by dirFileBuf(0x00279168), type 1f04
psiFileLoad in single-file mode: 0600047f.bin is 0x00000020 bytes at the location pointed to by dirFileBuf(0x00279168), type 1f04
psiFileLoad in single-file mode: 06000480.bin is 0x00000020 bytes at the location pointed to by dirFileBuf(0x00279168), type 1f04
psiFileLoad in single-file mode: 06000485.bin is 0x00000020 bytes at the location pointed to by dirFileBuf(0x00279168), type 1f04
psiFileLoad in single-file mode: 06000487.bin is 0x00000020 bytes at the location pointed to by dirFileBuf(0x00279168), type 1f04
psiFileLoad in single-file mode: 06000488.bin is 0x00000020 bytes at the location pointed to by dirFileBuf(0x00279168), type 1f04
psiFileLoad in single-file mode: 06000489.bin is 0x00000020 bytes at the location pointed to by dirFileBuf(0x00279168), type 1f04
psiFileLoad in single-file mode: 0600048a.bin is 0x00000020 bytes at the location pointed to by dirFileBuf(0x00279168), type 1f04
psiFileLoad in single-file mode: 0600048b.bin is 0x00000020 bytes at the location pointed to by dirFileBuf(0x00279168), type 1f04
psiFileLoad in single-file mode: 0600048c.bin is 0x00000020 bytes at the location pointed to by dirFileBuf(0x00279168), type 1f04
psiFileLoad in single-file mode: 0600048d.bin is 0x00000020 bytes at the location pointed to by dirFileBuf(0x00279168), type 1f04
psiFileLoad in single-file mode: 060004a3.bin is 0x00000020 bytes at the location pointed to by dirFileBuf(0x00279168), type 1f04
psiFileLoad in single-file mode: 060004a5.bin is 0x00000020 bytes at the location pointed to by dirFileBuf(0x00279168), type 1f04
psiFileLoad in single-file mode: 060004a6.bin is 0x00000020 bytes at the location pointed to by dirFileBuf(0x00279168), type 1f04
psiFileLoad in single-file mode: 060004a7.bin is 0x00000020 byError opening file: No such file or directory
Error opening file: No such file or directory
Error opening file: No such file or directory
Error opening file: No such file or directory
Error opening file: No such file or directory
Error opening file: No such file or directory
Error opening file: No such file or directory
Error opening file: No such file or directory
Error opening file: No such file or directory
Error opening file: No such file or directory
Error opening file: No such file or directory
Error opening file: No such file or directory
Error opening file: No such file or directory
Error opening file: No such file or directory
Error opening file: No such file or directory
Error opening file: No such file or directory
Error opening file: No such file or directory
Error opening file: No such file or directory
Error opening file: No such file or directory
Error opening file: No such file or directory
Error opening file: No such file or directory
Error opening file: No such file or directory
Error opening file: No such file or directory
Error opening file: No such file or directory
Error opening file: No such file or directory
Error opening file: No such file or directory
Error opening file: No such file or directory
Error opening file: No such file or directory
Error opening file: No such file or directory
Error opening file: No such file or directory
Error opening file: No such file or directory
tes at the location pointed to by dirFileBuf(0x00279168), type 1f04
psiFileLoad in single-file mode: 06000227.bin is 0x00000040 bytes at the location pointed to by dirFileBuf(0x00279168), type 1f04
psiFileLoad in single-file mode: 0600033a.bin is 0x00000020 bytes at the location pointed to by dirFileBuf(0x00279168), type 1f04
psiFileLoad in single-file mode: 060004aa.bin is 0x00000020 bytes at the location pointed to by dirFileBuf(0x00279168), type 1f04
psiFileLoad in single-file mode: 060004ab.bin is 0x00000020 bytes at the location pointed to by dirFileBuf(0x00279168), type 1f04
psiFileLoad in single-file mode: 060004ac.bin is 0x00000020 bytes at the location pointed to by dirFileBuf(0x00279168), type 1f04
psiFileLoad in single-file mode: 060004ad.bin is 0x00000040 bytes at the location pointed to by dirFileBuf(0x00279168), type 1f04
psiFileLoad in single-file mode: 060004ae.bin is 0x00000020 bytes at the location pointed to by dirFileBuf(0x00279168), type 1f04
psiFileLoad in single-file mode: 060004af.bin is 0x00000020 bytes at the location pointed to by dirFileBuf(0x00279168), type 1f04
psiFileLoad in single-file mode: 060004b1.bin is 0x00000020 bytes at the location pointed to by dirFileBuf(0x00279168), type 1f04
psiFileLoad in single-file mode: 060004b2.bin is 0x00000020 bytes at the location pointed to by dirFileBuf(0x00279168), type 1f04
psiFileLoad in single-file mode: 060004b9.bin is 0x00000020 bytes at the location pointed to by dirFileBuf(0x00279168), type 1f04
psiFileLoad in single-file mode: 060004ba.bin is 0x00000020 bytes at the location pointed to by dirFileBuf(0x00279168), type 1f04
psiFileLoad in single-file mode: 060004bb.bin is 0x00000020 bytes at the location pointed to by dirFileBuf(0x00279168), type 1f04
psiFileLoad in single-file mode: 060004bc.bin is 0x00000020 bytes at the location pointed to by dirFileBuf(0x00279168), type 1f04
psiFileLoad in single-file mode: 060004bd.bin is 0x00000020 bytes at the location pointed to by dirFileBuf(0x00279168), type 1f04
psiFileLoad in single-file mode: 060004bf.bin is 0x00000020 bytes at the location pointed to by dirFileBuf(0x00279168), type 1f04
psiFileLoad in single-file mode: 060004c0.bin is 0x00000040 bytes at the location pointed to by dirFileBuf(0x00279168), type 1f04
psiFileLoad in single-file mode: 060004c1.bin is 0x00000040 bytes at the location pointed to by dirFileBuf(0x00279168), type 1f04
psiFileLoad in single-file mode: 060004c2.bin is 0x00000040 bytes at the location pointed to by dirFileBuf(0x00279168), type 1f04
psiFileLoad in single-file mode: 060004c3.bin is 0x00000020 bytes at the location pointed to by dirFileBuf(0x00279168), type 1f04
psiFileLoad in single-file mode: 060004c5.bin is 0x00000020 bytes at the location pointed to by dirFileBuf(0x00279168), type 1f04
psiFileLoad in single-file mode: 060004d4.bin is 0x00000020 bytes at the location pointed to by dirFileBuf(0x00279168), type 1f04
psiFileLoad in single-file mode: 060004d5.bin is 0x00000020 bytes at the location pointed to by dirFileBuf(0x00279168), type 1f04
psiFileLoad in single-file mode: 060004d6.bin is 0x00000020 bytes at the location pointed to by dirFileBuf(0x00279168), type 1f04
psiFileLoad in single-file mode: 060004d7.bin is 0x00000020 bytes at the location pointed to by dirFileBuf(0x00279168), type 1f04
psiFileLoad in single-file mode: 060004d8.bin is 0x00000040 bytes at the location pointed to by dirFileBuf(0x00279168), type 1f04
psiFileLoad in single-file mode: 060004d9.bin is 0x00000040 bytes at the location pointed to by dirFileBuf(0x00279168), type 1f04
psiFileLoad in single-file mode: 060004da.bin is 0x00000020 bytes at the location pointed to by dirFileBuf(0x00279168), type 1f04
psiFileLoad in single-file mode: 060004db.bin is 0x00000020 bytes at the location pointed to by dirFileBuf(0x00279168), type 1f04
psiFileLoad in single-file mode: 060004e7.bin is 0x00000020 bytes at the location pointed to by dirFileBuf(0x00279168), type 1f04
psiFileLoad in single-file mode: 060004e8.bin is 0x00000020 bytes at the location pointed to by dirFileBuf(0x00279168), type 1f0Error opening file: No such file or directory
Error opening file: No such file or directory
Error opening file: No such file or directory
Error opening file: No such file or directory
Error opening file: No such file or directory
Error opening file: No such file or directory
Error opening file: No such file or directory
Error opening file: No such file or directory
Error opening file: No such file or directory
Error opening file: No such file or directory
Error opening file: No such file or directory
Error opening file: No such file or directory
Error opening file: No such file or directory
Error opening file: No such file or directory
Error opening file: No such file or directory
Error opening file: No such file or directory
Error opening file: No such file or directory
Error opening file: No such file or directory
Error opening file: No such file or directory
Error opening file: No such file or directory
Error opening file: No such file or directory
Error opening file: No such file or directory
Error opening file: No such file or directory
Error opening file: No such file or directory
Error opening file: No such file or directory
Error opening file: No such file or directory
Error opening file: No such file or directory
Error opening file: No such file or directory
Error opening file: No such file or directory
Error opening file: No such file or directory
Error opening file: No such file or directory
Error opening file: No such file or directory
4
psiFileLoad in single-file mode: 060004e9.bin is 0x00000020 bytes at the location pointed to by dirFileBuf(0x00279168), type 1f04
psiFileLoad in single-file mode: 060004ea.bin is 0x00000020 bytes at the location pointed to by dirFileBuf(0x00279168), type 1f04
psiFileLoad in single-file mode: 060004ee.bin is 0x00000020 bytes at the location pointed to by dirFileBuf(0x00279168), type 1f04
psiFileLoad in single-file mode: 06000511.bin is 0x00000040 bytes at the location pointed to by dirFileBuf(0x00279168), type 1f04
psiFileLoad in single-file mode: 06000534.bin is 0x00000020 bytes at the location pointed to by dirFileBuf(0x00279168), type 1f04
psiFileLoad in single-file mode: 06000535.bin is 0x00000020 bytes at the location pointed to by dirFileBuf(0x00279168), type 1f04
psiFileLoad in single-file mode: 06000536.bin is 0x00000020 bytes at the location pointed to by dirFileBuf(0x00279168), type 1f04
psiFileLoad in single-file mode: 06000539.bin is 0x00000020 bytes at the location pointed to by dirFileBuf(0x00279168), type 1f04
psiFileLoad in single-file mode: 0600053c.bin is 0x00000040 bytes at the location pointed to by dirFileBuf(0x00279168), type 1f04
psiFileLoad in single-file mode: 0600053f.bin is 0x00000040 bytes at the location pointed to by dirFileBuf(0x00279168), type 1f04
psiFileLoad in single-file mode: 06000540.bin is 0x00000020 bytes at the location pointed to by dirFileBuf(0x00279168), type 1f04
psiFileLoad in single-file mode: 06000541.bin is 0x00000020 bytes at the location pointed to by dirFileBuf(0x00279168), type 1f04
psiFileLoad in single-file mode: 06000542.bin is 0x00000020 bytes at the location pointed to by dirFileBuf(0x00279168), type 1f04
psiFileLoad in single-file mode: 06000543.bin is 0x00000020 bytes at the location pointed to by dirFileBuf(0x00279168), type 1f04
psiFileLoad in single-file mode: 06000544.bin is 0x00000020 bytes at the location pointed to by dirFileBuf(0x00279168), type 1f04
psiFileLoad in single-file mode: 06000545.bin is 0x00000040 bytes at the location pointed to by dirFileBuf(0x00279168), type 1f04
psiFileLoad in single-file mode: 06000546.bin is 0x00000020 bytes at the location pointed to by dirFileBuf(0x00279168), type 1f04
psiFileLoad in single-file mode: 06000547.bin is 0x00000040 bytes at the location pointed to by dirFileBuf(0x00279168), type 1f04
psiFileLoad in single-file mode: 06000548.bin is 0x00000020 bytes at the location pointed to by dirFileBuf(0x00279168), type 1f04
psiFileLoad in single-file mode: 06000549.bin is 0x00000020 bytes at the location pointed to by dirFileBuf(0x00279168), type 1f04
psiFileLoad in single-file mode: 0600054a.bin is 0x00000020 bytes at the location pointed to by dirFileBuf(0x00279168), type 1f04
psiFileLoad in single-file mode: 0600054b.bin is 0x00000020 bytes at the location pointed to by dirFileBuf(0x00279168), type 1f04
psiFileLoad in single-file mode: 0600054c.bin is 0x00000040 bytes at the location pointed to by dirFileBuf(0x00279168), type 1f04
psiFileLoad in single-file mode: 06000555.bin is 0x00000020 bytes at the location pointed to by dirFileBuf(0x00279168), type 1f04
psiFileLoad in single-file mode: 06000556.bin is 0x00000020 bytes at the location pointed to by dirFileBuf(0x00279168), type 1f04
psiFileLoad in single-file mode: 06000557.bin is 0x00000020 bytes at the location pointed to by dirFileBuf(0x00279168), type 1f04
psiFileLoad in single-file mode: 06000558.bin is 0x00000020 bytes at the location pointed to by dirFileBuf(0x00279168), type 1f04
psiFileLoad in single-file mode: 0600055a.bin is 0x00000020 bytes at the location pointed to by dirFileBuf(0x00279168), type 1f04
psiFileLoad in single-file mode: 0600055b.bin is 0x00000020 bytes at the location pointed to by dirFileBuf(0x00279168), type 1f04
psiFileLoad in single-file mode: 06000569.bin is 0x00000020 bytes at the location pointed to by dirFileBuf(0x00279168), type 1f04
psiFileLoad in single-file mode: 0600056b.bin is 0x00000020 bytes at the location pointed to by dirFileBuf(0x00279168), type 1f04
psiFileLoad in single-file mode: 0600056c.bin is 0x00000040 byteError opening file: No such file or directory
Error opening file: No such file or directory
Error opening file: No such file or directory
Error opening file: No such file or directory
Error opening file: No such file or directory
Error opening file: No such file or directory
Error opening file: No such file or directory
Error opening file: No such file or directory
Error opening file: No such file or directory
Error opening file: No such file or directory
Error opening file: No such file or directory
Error opening file: No such file or directory
Error opening file: No such file or directory
Error opening file: No such file or directory
Error opening file: No such file or directory
Error opening file: No such file or directory
Error opening file: No such file or directory
Error opening file: No such file or directory
Error opening file: No such file or directory
Error opening file: No such file or directory
Error opening file: No such file or directory
Error opening file: No such file or directory
Error opening file: No such file or directory
Error opening file: No such file or directory
Error opening file: No such file or directory
Error opening file: No such file or directory
Error opening file: No such file or directory
Error opening file: No such file or directory
Error opening file: No such file or directory
Error opening file: No such file or directory
Error opening file: No such file or directory
Error opening file: No such file or directory
s at the location pointed to by dirFileBuf(0x00279168), type 1f04
psiFileLoad in single-file mode: 0600056d.bin is 0x00000020 bytes at the location pointed to by dirFileBuf(0x00279168), type 1f04
psiFileLoad in single-file mode: 0600056e.bin is 0x00000020 bytes at the location pointed to by dirFileBuf(0x00279168), type 1f04
psiFileLoad in single-file mode: 0600056f.bin is 0x00000020 bytes at the location pointed to by dirFileBuf(0x00279168), type 1f04
psiFileLoad in single-file mode: 06000570.bin is 0x00000020 bytes at the location pointed to by dirFileBuf(0x00279168), type 1f04
psiFileLoad in single-file mode: 06000575.bin is 0x00000020 bytes at the location pointed to by dirFileBuf(0x00279168), type 1f04
psiFileLoad in single-file mode: 06000578.bin is 0x00000040 bytes at the location pointed to by dirFileBuf(0x00279168), type 1f04
psiFileLoad in single-file mode: 060005a4.bin is 0x00000020 bytes at the location pointed to by dirFileBuf(0x00279168), type 1f04
psiFileLoad in single-file mode: 060005a6.bin is 0x00000020 bytes at the location pointed to by dirFileBuf(0x00279168), type 1f04
psiFileLoad in single-file mode: 060005a7.bin is 0x00000020 bytes at the location pointed to by dirFileBuf(0x00279168), type 1f04
psiFileLoad in single-file mode: 060005a8.bin is 0x00000020 bytes at the location pointed to by dirFileBuf(0x00279168), type 1f04
psiFileLoad in single-file mode: 060005a9.bin is 0x00000020 bytes at the location pointed to by dirFileBuf(0x00279168), type 1f04
psiFileLoad in single-file mode: 060005aa.bin is 0x00000020 bytes at the location pointed to by dirFileBuf(0x00279168), type 1f04
psiFileLoad in single-file mode: 060005ac.bin is 0x00000020 bytes at the location pointed to by dirFileBuf(0x00279168), type 1f04
psiFileLoad in single-file mode: 060005cf.bin is 0x00000040 bytes at the location pointed to by dirFileBuf(0x00279168), type 1f04
psiFileLoad in single-file mode: 060005e5.bin is 0x00000020 bytes at the location pointed to by dirFileBuf(0x00279168), type 1f04
psiFileLoad in single-file mode: 060005ea.bin is 0x00000020 bytes at the location pointed to by dirFileBuf(0x00279168), type 1f04
psiFileLoad in single-file mode: 060005ec.bin is 0x00000020 bytes at the location pointed to by dirFileBuf(0x00279168), type 1f04
psiFileLoad in single-file mode: 060005ed.bin is 0x00000020 bytes at the location pointed to by dirFileBuf(0x00279168), type 1f04
psiFileLoad in single-file mode: 060005ee.bin is 0x00000020 bytes at the location pointed to by dirFileBuf(0x00279168), type 1f04
psiFileLoad in single-file mode: 060005ef.bin is 0x00000020 bytes at the location pointed to by dirFileBuf(0x00279168), type 1f04
psiFileLoad in single-file mode: 060005f0.bin is 0x00000020 bytes at the location pointed to by dirFileBuf(0x00279168), type 1f04
psiFileLoad in single-file mode: 060005f2.bin is 0x00000020 bytes at the location pointed to by dirFileBuf(0x00279168), type 1f04
psiFileLoad in single-file mode: 060005f3.bin is 0x00000020 bytes at the location pointed to by dirFileBuf(0x00279168), type 1f04
psiFileLoad in single-file mode: 060005f7.bin is 0x00000020 bytes at the location pointed to by dirFileBuf(0x00279168), type 1f04
psiFileLoad in single-file mode: 060005f8.bin is 0x00000020 bytes at the location pointed to by dirFileBuf(0x00279168), type 1f04
psiFileLoad in single-file mode: 060005f9.bin is 0x00000020 bytes at the location pointed to by dirFileBuf(0x00279168), type 1f04
psiFileLoad in single-file mode: 060005fa.bin is 0x00000020 bytes at the location pointed to by dirFileBuf(0x00279168), type 1f04
psiFileLoad in single-file mode: 060005fd.bin is 0x00000020 bytes at the location pointed to by dirFileBuf(0x00279168), type 1f04
psiFileLoad in single-file mode: 060005fe.bin is 0x00000020 bytes at the location pointed to by dirFileBuf(0x00279168), type 1f04
psiFileLoad in single-file mode: 06000607.bin is 0x00000020 bytes at the location pointed to by dirFileBuf(0x00279168), type 1f04
psiFileLoad in single-file mode: 06000608.bin is 0x00000020 bytes at the location pointed to by dirFileBuf(0x00279168), type 1f04
Error opening file: No such file or directory
Error opening file: No such file or directory
Error opening file: No such file or directory
Error opening file: No such file or directory
Error opening file: No such file or directory
Error opening file: No such file or directory
Error opening file: No such file or directory
Error opening file: No such file or directory
Error opening file: No such file or directory
Error opening file: No such file or directory
Error opening file: No such file or directory
Error opening file: No such file or directory
Error opening file: No such file or directory
Error opening file: No such file or directory
Error opening file: No such file or directory
Error opening file: No such file or directory
Error opening file: No such file or directory
Error opening file: No such file or directory
Error opening file: No such file or directory
Error opening file: No such file or directory
Error opening file: No such file or directory
Error opening file: No such file or directory
Error opening file: No such file or directory
Error opening file: No such file or directory
Error opening file: No such file or directory
Error opening file: No such file or directory
Error opening file: No such file or directory
Error opening file: No such file or directory
Error opening file: No such file or directory
Error opening file: No such file or directory
Error opening file: No such file or directory
psiFileLoad in single-file mode: 0600061c.bin is 0x00000020 bytes at the location pointed to by dirFileBuf(0x00279168), type 1f04
psiFileLoad in single-file mode: 06000625.bin is 0x00000020 bytes at the location pointed to by dirFileBuf(0x00279168), type 1f04
psiFileLoad in single-file mode: 06000674.bin is 0x00000020 bytes at the location pointed to by dirFileBuf(0x00279168), type 1f04
psiFileLoad in single-file mode: 06000675.bin is 0x00000020 bytes at the location pointed to by dirFileBuf(0x00279168), type 1f04
psiFileLoad in single-file mode: 06000676.bin is 0x00000020 bytes at the location pointed to by dirFileBuf(0x00279168), type 1f04
psiFileLoad in single-file mode: 06000677.bin is 0x00000020 bytes at the location pointed to by dirFileBuf(0x00279168), type 1f04
psiFileLoad in single-file mode: 06000678.bin is 0x00000020 bytes at the location pointed to by dirFileBuf(0x00279168), type 1f04
psiFileLoad in single-file mode: 06000679.bin is 0x00000020 bytes at the location pointed to by dirFileBuf(0x00279168), type 1f04
psiFileLoad in single-file mode: 0600067a.bin is 0x00000020 bytes at the location pointed to by dirFileBuf(0x00279168), type 1f04
psiFileLoad in single-file mode: 0600067b.bin is 0x00000020 bytes at the location pointed to by dirFileBuf(0x00279168), type 1f04
psiFileLoad in single-file mode: 0600067c.bin is 0x00000020 bytes at the location pointed to by dirFileBuf(0x00279168), type 1f04
psiFileLoad in single-file mode: 0600067e.bin is 0x00000020 bytes at the location pointed to by dirFileBuf(0x00279168), type 1f04
psiFileLoad in single-file mode: 0600067f.bin is 0x00000020 bytes at the location pointed to by dirFileBuf(0x00279168), type 1f04
psiFileLoad in single-file mode: 06000680.bin is 0x00000020 bytes at the location pointed to by dirFileBuf(0x00279168), type 1f04
psiFileLoad in single-file mode: 060006dd.bin is 0x00000020 bytes at the location pointed to by dirFileBuf(0x00279168), type 1f04
psiFileLoad in single-file mode: 060006de.bin is 0x00000020 bytes at the location pointed to by dirFileBuf(0x00279168), type 1f04
psiFileLoad in single-file mode: 060006e0.bin is 0x00000040 bytes at the location pointed to by dirFileBuf(0x00279168), type 1f04
psiFileLoad in single-file mode: 060006e7.bin is 0x00000020 bytes at the location pointed to by dirFileBuf(0x00279168), type 1f04
psiFileLoad in single-file mode: 06000702.bin is 0x00000020 bytes at the location pointed to by dirFileBuf(0x00279168), type 1f04
psiFileLoad in single-file mode: 06000703.bin is 0x00000020 bytes at the location pointed to by dirFileBuf(0x00279168), type 1f04
psiFileLoad in single-file mode: 06000704.bin is 0x00000020 bytes at the location pointed to by dirFileBuf(0x00279168), type 1f04
psiFileLoad in single-file mode: 06000705.bin is 0x00000020 bytes at the location pointed to by dirFileBuf(0x00279168), type 1f04
psiFileLoad in single-file mode: 06000706.bin is 0x00000020 bytes at the location pointed to by dirFileBuf(0x00279168), type 1f04
psiFileLoad in single-file mode: 06000707.bin is 0x00000020 bytes at the location pointed to by dirFileBuf(0x00279168), type 1f04
psiFileLoad in single-file mode: 0600070a.bin is 0x00000020 bytes at the location pointed to by dirFileBuf(0x00279168), type 1f04
psiFileLoad in single-file mode: 0600070c.bin is 0x00000020 bytes at the location pointed to by dirFileBuf(0x00279168), type 1f04
psiFileLoad in single-file mode: 06000763.bin is 0x00000020 bytes at the location pointed to by dirFileBuf(0x00279168), type 1f04
psiFileLoad in single-file mode: 06000764.bin is 0x00000020 bytes at the location pointed to by dirFileBuf(0x00279168), type 1f04
psiFileLoad in single-file mode: 06000765.bin is 0x00000020 bytes at the location pointed to by dirFileBuf(0x00279168), type 1f04
psiFileLoad in single-file mode: 06000766.bin is 0x00000040 bytes at the location pointed to by dirFileBuf(0x00279168), type 1f04
psiFileLoad in single-file mode: 0600076d.bin is 0x00000020 bytes at the location pointed to by dirFileBuf(0x00279168), type 1f04
psiFileLoad in single-file mode: 0600076e.bin is 0x00000020 bytes Error opening file: No such file or directory
Error opening file: No such file or directory
Error opening file: No such file or directory
Error opening file: No such file or directory
Error opening file: No such file or directory
Error opening file: No such file or directory
Error opening file: No such file or directory
Error opening file: No such file or directory
Error opening file: No such file or directory
Error opening file: No such file or directory
Error opening file: No such file or directory
Error opening file: No such file or directory
Error opening file: No such file or directory
Error opening file: No such file or directory
Error opening file: No such file or directory
Error opening file: No such file or directory
Error opening file: No such file or directory
Error opening file: No such file or directory
Error opening file: No such file or directory
Error opening file: No such file or directory
Error opening file: No such file or directory
Error opening file: No such file or directory
Error opening file: No such file or directory
Error opening file: No such file or directory
Error opening file: No such file or directory
Error opening file: No such file or directory
Error opening file: No such file or directory
Error opening file: No such file or directory
Error opening file: No such file or directory
Error opening file: No such file or directory
Error opening file: No such file or directory
Error opening file: No such file or directory
at the location pointed to by dirFileBuf(0x00279168), type 1f04
psiFileLoad in single-file mode: 0600076f.bin is 0x00000020 bytes at the location pointed to by dirFileBuf(0x00279168), type 1f04
psiFileLoad in single-file mode: 0600077e.bin is 0x00000040 bytes at the location pointed to by dirFileBuf(0x00279168), type 1f04
psiFileLoad in single-file mode: 0600077f.bin is 0x00000020 bytes at the location pointed to by dirFileBuf(0x00279168), type 1f04
psiFileLoad in single-file mode: 06000780.bin is 0x00000020 bytes at the location pointed to by dirFileBuf(0x00279168), type 1f04
psiFileLoad in single-file mode: 06000781.bin is 0x00000040 bytes at the location pointed to by dirFileBuf(0x00279168), type 1f04
psiFileLoad in single-file mode: 06000782.bin is 0x00000020 bytes at the location pointed to by dirFileBuf(0x00279168), type 1f04
psiFileLoad in single-file mode: 060007af.bin is 0x00000020 bytes at the location pointed to by dirFileBuf(0x00279168), type 1f04
psiFileLoad in single-file mode: 060007b9.bin is 0x00000020 bytes at the location pointed to by dirFileBuf(0x00279168), type 1f04
psiFileLoad in single-file mode: 06000371.bin is 0x00000020 bytes at the location pointed to by dirFileBuf(0x00279168), type 1f04
psiFileLoad in single-file mode: 06000807.bin is 0x00000040 bytes at the location pointed to by dirFileBuf(0x00279168), type 1f04
psiFileLoad in single-file mode: 06000808.bin is 0x00000020 bytes at the location pointed to by dirFileBuf(0x00279168), type 1f04
psiFileLoad in single-file mode: 06000809.bin is 0x00000020 bytes at the location pointed to by dirFileBuf(0x00279168), type 1f04
psiFileLoad in single-file mode: 06000812.bin is 0x00000020 bytes at the location pointed to by dirFileBuf(0x00279168), type 1f04
psiFileLoad in single-file mode: 06000820.bin is 0x00000020 bytes at the location pointed to by dirFileBuf(0x00279168), type 1f04
psiFileLoad in single-file mode: 06000823.bin is 0x00000020 bytes at the location pointed to by dirFileBuf(0x00279168), type 1f04
psiFileLoad in single-file mode: 06000824.bin is 0x00000020 bytes at the location pointed to by dirFileBuf(0x00279168), type 1f04
psiFileLoad in single-file mode: 06000825.bin is 0x00000020 bytes at the location pointed to by dirFileBuf(0x00279168), type 1f04
psiFileLoad in single-file mode: 06000826.bin is 0x00000020 bytes at the location pointed to by dirFileBuf(0x00279168), type 1f04
psiFileLoad in single-file mode: 06000827.bin is 0x00000040 bytes at the location pointed to by dirFileBuf(0x00279168), type 1f04
psiFileLoad in single-file mode: 06000828.bin is 0x00000040 bytes at the location pointed to by dirFileBuf(0x00279168), type 1f04
psiFileLoad in single-file mode: 06000829.bin is 0x00000040 bytes at the location pointed to by dirFileBuf(0x00279168), type 1f04
psiFileLoad in single-file mode: 0600082a.bin is 0x00000020 bytes at the location pointed to by dirFileBuf(0x00279168), type 1f04
psiFileLoad in single-file mode: 0600082b.bin is 0x00000020 bytes at the location pointed to by dirFileBuf(0x00279168), type 1f04
psiFileLoad in single-file mode: 0600082c.bin is 0x00000020 bytes at the location pointed to by dirFileBuf(0x00279168), type 1f04
psiFileLoad in single-file mode: 0600082f.bin is 0x00000020 bytes at the location pointed to by dirFileBuf(0x00279168), type 1f04
psiFileLoad in single-file mode: 06000830.bin is 0x00000020 bytes at the location pointed to by dirFileBuf(0x00279168), type 1f04
psiFileLoad in single-file mode: 0600084d.bin is 0x00000020 bytes at the location pointed to by dirFileBuf(0x00279168), type 1f04
psiFileLoad in single-file mode: 0600084e.bin is 0x00000040 bytes at the location pointed to by dirFileBuf(0x00279168), type 1f04
psiFileLoad in single-file mode: 0600084f.bin is 0x00000020 bytes at the location pointed to by dirFileBuf(0x00279168), type 1f04
psiFileLoad in single-file mode: 06000850.bin is 0x00000040 bytes at the location pointed to by dirFileBuf(0x00279168), type 1f04
psiFileLoad in single-file mode: 06000851.bin is 0x00000040 bytes at the location pointed to by dirFileBuf(0x00279168), type 1f04
psError opening file: No such file or directory
Error opening file: No such file or directory
Error opening file: No such file or directory
Error opening file: No such file or directory
Error opening file: No such file or directory
Error opening file: No such file or directory
Error opening file: No such file or directory
Error opening file: No such file or directory
Error opening file: No such file or directory
Error opening file: No such file or directory
Error opening file: No such file or directory
Error opening file: No such file or directory
Error opening file: No such file or directory
Error opening file: No such file or directory
Error opening file: No such file or directory
Error opening file: No such file or directory
Error opening file: No such file or directory
Error opening file: No such file or directory
Error opening file: No such file or directory
Error opening file: No such file or directory
Error opening file: No such file or directory
Error opening file: No such file or directory
Error opening file: No such file or directory
Error opening file: No such file or directory
Error opening file: No such file or directory
Error opening file: No such file or directory
Error opening file: No such file or directory
Error opening file: No such file or directory
Error opening file: No such file or directory
Error opening file: No such file or directory
Error opening file: No such file or directory
iFileLoad in single-file mode: 06000860.bin is 0x00000020 bytes at the location pointed to by dirFileBuf(0x00279168), type 1f04
psiFileLoad in single-file mode: 06000876.bin is 0x00000060 bytes at the location pointed to by dirFileBuf(0x00279168), type 1f04
psiFileLoad in single-file mode: 0600087f.bin is 0x00000020 bytes at the location pointed to by dirFileBuf(0x00279168), type 1f04
psiFileLoad in single-file mode: 0600088c.bin is 0x00000020 bytes at the location pointed to by dirFileBuf(0x00279168), type 1f04
psiFileLoad in single-file mode: 0600088d.bin is 0x00000020 bytes at the location pointed to by dirFileBuf(0x00279168), type 1f04
psiFileLoad in single-file mode: 0600088e.bin is 0x00000020 bytes at the location pointed to by dirFileBuf(0x00279168), type 1f04
psiFileLoad in single-file mode: 0600089d.bin is 0x00000020 bytes at the location pointed to by dirFileBuf(0x00279168), type 1f04
psiFileLoad in single-file mode: 0600089f.bin is 0x00000020 bytes at the location pointed to by dirFileBuf(0x00279168), type 1f04
psiFileLoad in single-file mode: 060008a0.bin is 0x00000020 bytes at the location pointed to by dirFileBuf(0x00279168), type 1f04
psiFileLoad in single-file mode: 060008b7.bin is 0x00000020 bytes at the location pointed to by dirFileBuf(0x00279168), type 1f04
psiFileLoad in single-file mode: 060003a7.bin is 0x00000040 bytes at the location pointed to by dirFileBuf(0x00279168), type 1f04
psiFileLoad in single-file mode: 060008c9.bin is 0x00000020 bytes at the location pointed to by dirFileBuf(0x00279168), type 1f04
psiFileLoad in single-file mode: 060008ee.bin is 0x00000020 bytes at the location pointed to by dirFileBuf(0x00279168), type 1f04
psiFileLoad in single-file mode: 06000916.bin is 0x00000020 bytes at the location pointed to by dirFileBuf(0x00279168), type 1f04
psiFileLoad in single-file mode: 060003a9.bin is 0x00000040 bytes at the location pointed to by dirFileBuf(0x00279168), type 1f04
psiFileLoad in single-file mode: 06000953.bin is 0x00000020 bytes at the location pointed to by dirFileBuf(0x00279168), type 1f04
psiFileLoad in single-file mode: 0600095f.bin is 0x00000020 bytes at the location pointed to by dirFileBuf(0x00279168), type 1f04
psiFileLoad in single-file mode: 060003e9.bin is 0x00000020 bytes at the location pointed to by dirFileBuf(0x00279168), type 1f04
psiFileLoad in single-file mode: 06000995.bin is 0x00000060 bytes at the location pointed to by dirFileBuf(0x00279168), type 1f04
psiFileLoad in single-file mode: 06000996.bin is 0x00000080 bytes at the location pointed to by dirFileBuf(0x00279168), type 1f04
psiFileLoad in single-file mode: 06000997.bin is 0x000000a0 bytes at the location pointed to by dirFileBuf(0x00279168), type 1f04
psiFileLoad in single-file mode: 0600099a.bin is 0x00000020 bytes at the location pointed to by dirFileBuf(0x00279168), type 1f04
psiFileLoad in single-file mode: 0600099b.bin is 0x00000020 bytes at the location pointed to by dirFileBuf(0x00279168), type 1f04
psiFileLoad in single-file mode: 060009e6.bin is 0x00000020 bytes at the location pointed to by dirFileBuf(0x00279168), type 1f04
psiFileLoad in single-file mode: 060009e7.bin is 0x00000020 bytes at the location pointed to by dirFileBuf(0x00279168), type 1f04
psiFileLoad in single-file mode: 060009ff.bin is 0x00000020 bytes at the location pointed to by dirFileBuf(0x00279168), type 1f04
psiFileLoad in single-file mode: 06000a00.bin is 0x00000020 bytes at the location pointed to by dirFileBuf(0x00279168), type 1f04
psiFileLoad in single-file mode: 06000a1c.bin is 0x00000020 bytes at the location pointed to by dirFileBuf(0x00279168), type 1f04
psiFileLoad in single-file mode: 06000404.bin is 0x00000020 bytes at the location pointed to by dirFileBuf(0x00279168), type 1f04
psiFileLoad in single-file mode: 06000406.bin is 0x00000020 bytes at the location pointed to by dirFileBuf(0x00279168), type 1f04
psiFileLoad in single-file mode: 06000a24.bin is 0x00000020 bytes at the location pointed to by dirFileBuf(0x00279168), type 1f04
psiFileLoad in single-file mode: 06000a3a.bin is 0x00000020 bytes atError opening file: No such file or directory
Error opening file: No such file or directory
Error opening file: No such file or directory
Error opening file: No such file or directory
Error opening file: No such file or directory
Error opening file: No such file or directory
Error opening file: No such file or directory
Error opening file: No such file or directory
Error opening file: No such file or directory
Error opening file: No such file or directory
Error opening file: No such file or directory
Error opening file: No such file or directory
Error opening file: No such file or directory
Error opening file: No such file or directory
Error opening file: No such file or directory
Error opening file: No such file or directory
Error opening file: No such file or directory
Error opening file: No such file or directory
Error opening file: No such file or directory
Error opening file: No such file or directory
Error opening file: No such file or directory
Error opening file: No such file or directory
Error opening file: No such file or directory
Error opening file: No such file or directory
Error opening file: No such file or directory
Error opening file: No such file or directory
Error opening file: No such file or directory
Error opening file: No such file or directory
Error opening file: No such file or directory
Error opening file: No such file or directory
Error opening file: No such file or directory
Error opening file: No such file or directory
 the location pointed to by dirFileBuf(0x00279168), type 1f04
psiFileLoad in single-file mode: 06000229.bin is 0x00000040 bytes at the location pointed to by dirFileBuf(0x00279168), type 1f04
psiFileLoad in single-file mode: 06000223.bin is 0x00000020 bytes at the location pointed to by dirFileBuf(0x00279168), type 1f04
psiFileLoad in single-file mode: 06000222.bin is 0x00000020 bytes at the location pointed to by dirFileBuf(0x00279168), type 1f04
psiFileLoad in single-file mode: 06000221.bin is 0x00000020 bytes at the location pointed to by dirFileBuf(0x00279168), type 1f04
psiFileLoad in single-file mode: 0600021e.bin is 0x00000020 bytes at the location pointed to by dirFileBuf(0x00279168), type 1f04
psiFileLoad in single-file mode: 0600021c.bin is 0x00000040 bytes at the location pointed to by dirFileBuf(0x00279168), type 1f04
psiFileLoad in single-file mode: 0600021b.bin is 0x00000040 bytes at the location pointed to by dirFileBuf(0x00279168), type 1f04
psiFileLoad in single-file mode: 06000217.bin is 0x00000020 bytes at the location pointed to by dirFileBuf(0x00279168), type 1f04
psiFileLoad in single-file mode: 06000216.bin is 0x00000020 bytes at the location pointed to by dirFileBuf(0x00279168), type 1f04
psiFileLoad in single-file mode: 06000215.bin is 0x00000020 bytes at the location pointed to by dirFileBuf(0x00279168), type 1f04
psiFileLoad in single-file mode: 06000212.bin is 0x00000020 bytes at the location pointed to by dirFileBuf(0x00279168), type 1f04
psiFileLoad in single-file mode: 060001dd.bin is 0x00000020 bytes at the location pointed to by dirFileBuf(0x00279168), type 1f04
psiFileLoad in single-file mode: 060001dc.bin is 0x00000020 bytes at the location pointed to by dirFileBuf(0x00279168), type 1f04
psiFileLoad in single-file mode: 060001c2.bin is 0x00000020 bytes at the location pointed to by dirFileBuf(0x00279168), type 1f04
psiFileLoad in single-file mode: 060001c0.bin is 0x00000020 bytes at the location pointed to by dirFileBuf(0x00279168), type 1f04
psiFileLoad in single-file mode: 060001bf.bin is 0x00000020 bytes at the location pointed to by dirFileBuf(0x00279168), type 1f04
psiFileLoad in single-file mode: 060001be.bin is 0x00000020 bytes at the location pointed to by dirFileBuf(0x00279168), type 1f04
psiFileLoad in single-file mode: 060001bd.bin is 0x00000020 bytes at the location pointed to by dirFileBuf(0x00279168), type 1f04
psiFileLoad in single-file mode: 060001bc.bin is 0x00000020 bytes at the location pointed to by dirFileBuf(0x00279168), type 1f04
psiFileLoad in single-file mode: 060001bb.bin is 0x00000020 bytes at the location pointed to by dirFileBuf(0x00279168), type 1f04
psiFileLoad in single-file mode: 060001ba.bin is 0x00000020 bytes at the location pointed to by dirFileBuf(0x00279168), type 1f04
psiFileLoad in single-file mode: 060001b9.bin is 0x00000020 bytes at the location pointed to by dirFileBuf(0x00279168), type 1f04
psiFileLoad in single-file mode: 060001b8.bin is 0x00000020 bytes at the location pointed to by dirFileBuf(0x00279168), type 1f04
psiFileLoad in single-file mode: 060001b7.bin is 0x00000020 bytes at the location pointed to by dirFileBuf(0x00279168), type 1f04
psiFileLoad in single-file mode: 060001b6.bin is 0x00000020 bytes at the location pointed to by dirFileBuf(0x00279168), type 1f04
psiFileLoad in single-file mode: 060001b5.bin is 0x00000020 bytes at the location pointed to by dirFileBuf(0x00279168), type 1f04
psiFileLoad in single-file mode: 060001b3.bin is 0x00000040 bytes at the location pointed to by dirFileBuf(0x00279168), type 1f04
psiFileLoad in single-file mode: 060001b2.bin is 0x00000020 bytes at the location pointed to by dirFileBuf(0x00279168), type 1f04
psiFileLoad in single-file mode: 060001b1.bin is 0x00000040 bytes at the location pointed to by dirFileBuf(0x00279168), type 1f04
psiFileLoad in single-file mode: 060001b0.bin is 0x00000040 bytes at the location pointed to by dirFileBuf(0x00279168), type 1f04
psiFileLoad in single-file mode: 060001ae.bin is 0x00000040 bytes at the location pointed to by dirFileBuf(0x00279168), type 1f04
psiFError opening file: No such file or directory
Error opening file: No such file or directory
Error opening file: No such file or directory
Error opening file: No such file or directory
Error opening file: No such file or directory
Error opening file: No such file or directory
Error opening file: No such file or directory
Error opening file: No such file or directory
Error opening file: No such file or directory
Error opening file: No such file or directory
Error opening file: No such file or directory
Error opening file: No such file or directory
Error opening file: No such file or directory
Error opening file: No such file or directory
Error opening file: No such file or directory
Error opening file: No such file or directory
Error opening file: No such file or directory
Error opening file: No such file or directory
Error opening file: No such file or directory
Error opening file: No such file or directory
Error opening file: No such file or directory
Error opening file: No such file or directory
Error opening file: No such file or directory
Error opening file: No such file or directory
Error opening file: No such file or directory
Error opening file: No such file or directory
Error opening file: No such file or directory
Error opening file: No such file or directory
Error opening file: No such file or directory
Error opening file: No such file or directory
Error opening file: No such file or directory
ileLoad in single-file mode: 060001ad.bin is 0x00000020 bytes at the location pointed to by dirFileBuf(0x00279168), type 1f04
psiFileLoad in single-file mode: 060001ac.bin is 0x00000040 bytes at the location pointed to by dirFileBuf(0x00279168), type 1f04
psiFileLoad in single-file mode: 060001ab.bin is 0x00000040 bytes at the location pointed to by dirFileBuf(0x00279168), type 1f04
psiFileLoad in single-file mode: 060001aa.bin is 0x00000040 bytes at the location pointed to by dirFileBuf(0x00279168), type 1f04
psiFileLoad in single-file mode: 060001a9.bin is 0x00000040 bytes at the location pointed to by dirFileBuf(0x00279168), type 1f04
psiFileLoad in single-file mode: 060001a8.bin is 0x00000040 bytes at the location pointed to by dirFileBuf(0x00279168), type 1f04
psiFileLoad in single-file mode: 060001a7.bin is 0x00000040 bytes at the location pointed to by dirFileBuf(0x00279168), type 1f04
psiFileLoad in single-file mode: 060001a6.bin is 0x00000020 bytes at the location pointed to by dirFileBuf(0x00279168), type 1f04
psiFileLoad in single-file mode: 060001a5.bin is 0x00000020 bytes at the location pointed to by dirFileBuf(0x00279168), type 1f04
psiFileLoad in single-file mode: 060001a3.bin is 0x00000020 bytes at the location pointed to by dirFileBuf(0x00279168), type 1f04
psiFileLoad in single-file mode: 060001a2.bin is 0x00000040 bytes at the location pointed to by dirFileBuf(0x00279168), type 1f04
psiFileLoad in single-file mode: 0600018f.bin is 0x00000040 bytes at the location pointed to by dirFileBuf(0x00279168), type 1f04
psiFileLoad in single-file mode: 06000188.bin is 0x00000020 bytes at the location pointed to by dirFileBuf(0x00279168), type 1f04
psiFileLoad in single-file mode: 06000187.bin is 0x00000020 bytes at the location pointed to by dirFileBuf(0x00279168), type 1f04
psiFileLoad in single-file mode: 06000186.bin is 0x00000040 bytes at the location pointed to by dirFileBuf(0x00279168), type 1f04
psiFileLoad in single-file mode: 06000184.bin is 0x00000020 bytes at the location pointed to by dirFileBuf(0x00279168), type 1f04
psiFileLoad in single-file mode: 06000182.bin is 0x00000020 bytes at the location pointed to by dirFileBuf(0x00279168), type 1f04
psiFileLoad in single-file mode: 06000177.bin is 0x00000040 bytes at the location pointed to by dirFileBuf(0x00279168), type 1f04
psiFileLoad in single-file mode: 06000176.bin is 0x00000040 bytes at the location pointed to by dirFileBuf(0x00279168), type 1f04
psiFileLoad in single-file mode: 06000167.bin is 0x00000040 bytes at the location pointed to by dirFileBuf(0x00279168), type 1f04
psiFileLoad in single-file mode: 06000161.bin is 0x00000040 bytes at the location pointed to by dirFileBuf(0x00279168), type 1f04
psiFileLoad in single-file mode: 0600015c.bin is 0x00000040 bytes at the location pointed to by dirFileBuf(0x00279168), type 1f04
psiFileLoad in single-file mode: 0600015b.bin is 0x00000040 bytes at the location pointed to by dirFileBuf(0x00279168), type 1f04
psiFileLoad in single-file mode: 0600015a.bin is 0x00000040 bytes at the location pointed to by dirFileBuf(0x00279168), type 1f04
psiFileLoad in single-file mode: 06000159.bin is 0x00000040 bytes at the location pointed to by dirFileBuf(0x00279168), type 1f04
psiFileLoad in single-file mode: 06000158.bin is 0x00000040 bytes at the location pointed to by dirFileBuf(0x00279168), type 1f04
psiFileLoad in single-file mode: 06000157.bin is 0x00000040 bytes at the location pointed to by dirFileBuf(0x00279168), type 1f04
psiFileLoad in single-file mode: 06000156.bin is 0x00000040 bytes at the location pointed to by dirFileBuf(0x00279168), type 1f04
psiFileLoad in single-file mode: 06000155.bin is 0x00000040 bytes at the location pointed to by dirFileBuf(0x00279168), type 1f04
psiFileLoad in single-file mode: 06000151.bin is 0x00000040 bytes at the location pointed to by dirFileBuf(0x00279168), type 1f04
psiFileLoad in single-file mode: 0600014f.bin is 0x00000040 bytes at the location pointed to by dirFileBuf(0x00279168), type 1f04
psiFileLoad in single-file mode: 0600012a.bin is 0x00000020 bytes at tError opening file: No such file or directory
Error opening file: No such file or directory
Error opening file: No such file or directory
Error opening file: No such file or directory
Error opening file: No such file or directory
Error opening file: No such file or directory
Error opening file: No such file or directory
Error opening file: No such file or directory
Error opening file: No such file or directory
Error opening file: No such file or directory
Error opening file: No such file or directory
Error opening file: No such file or directory
Error opening file: No such file or directory
Error opening file: No such file or directory
Error opening file: No such file or directory
Error opening file: No such file or directory
Error opening file: No such file or directory
Error opening file: No such file or directory
Error opening file: No such file or directory
Error opening file: No such file or directory
Error opening file: No such file or directory
Error opening file: No such file or directory
Error opening file: No such file or directory
Error opening file: No such file or directory
Error opening file: No such file or directory
Error opening file: No such file or directory
Error opening file: No such file or directory
Error opening file: No such file or directory
Error opening file: No such file or directory
Error opening file: No such file or directory
Error opening file: No such file or directory
Error opening file: No such file or directory
he location pointed to by dirFileBuf(0x00279168), type 1f04
psiFileLoad in single-file mode: 06000129.bin is 0x00000020 bytes at the location pointed to by dirFileBuf(0x00279168), type 1f04
psiFileLoad in single-file mode: 06000128.bin is 0x00000020 bytes at the location pointed to by dirFileBuf(0x00279168), type 1f04
psiFileLoad in single-file mode: 06000127.bin is 0x00000020 bytes at the location pointed to by dirFileBuf(0x00279168), type 1f04
psiFileLoad in single-file mode: 06000126.bin is 0x00000040 bytes at the location pointed to by dirFileBuf(0x00279168), type 1f04
psiFileLoad in single-file mode: 06000120.bin is 0x00000020 bytes at the location pointed to by dirFileBuf(0x00279168), type 1f04
psiFileLoad in single-file mode: 0600011f.bin is 0x00000020 bytes at the location pointed to by dirFileBuf(0x00279168), type 1f04
psiFileLoad in single-file mode: 060000f9.bin is 0x00000020 bytes at the location pointed to by dirFileBuf(0x00279168), type 1f04
psiFileLoad in single-file mode: 060000f8.bin is 0x00000020 bytes at the location pointed to by dirFileBuf(0x00279168), type 1f04
psiFileLoad in single-file mode: 060000f7.bin is 0x00000020 bytes at the location pointed to by dirFileBuf(0x00279168), type 1f04
psiFileLoad in single-file mode: 060000f6.bin is 0x00000020 bytes at the location pointed to by dirFileBuf(0x00279168), type 1f04
psiFileLoad in single-file mode: 060000f5.bin is 0x00000020 bytes at the location pointed to by dirFileBuf(0x00279168), type 1f04
psiFileLoad in single-file mode: 060000f4.bin is 0x00000020 bytes at the location pointed to by dirFileBuf(0x00279168), type 1f04
psiFileLoad in single-file mode: 060000f3.bin is 0x00000020 bytes at the location pointed to by dirFileBuf(0x00279168), type 1f04
psiFileLoad in single-file mode: 060000f2.bin is 0x00000020 bytes at the location pointed to by dirFileBuf(0x00279168), type 1f04
psiFileLoad in single-file mode: 060000f1.bin is 0x00000020 bytes at the location pointed to by dirFileBuf(0x00279168), type 1f04
psiFileLoad in single-file mode: 060000f0.bin is 0x00000020 bytes at the location pointed to by dirFileBuf(0x00279168), type 1f04
psiFileLoad in single-file mode: 060000ef.bin is 0x00000020 bytes at the location pointed to by dirFileBuf(0x00279168), type 1f04
psiFileLoad in single-file mode: 060000e9.bin is 0x00000020 bytes at the location pointed to by dirFileBuf(0x00279168), type 1f04
psiFileLoad in single-file mode: 060000e8.bin is 0x00000020 bytes at the location pointed to by dirFileBuf(0x00279168), type 1f04
psiFileLoad in single-file mode: 060000e7.bin is 0x00000020 bytes at the location pointed to by dirFileBuf(0x00279168), type 1f04
psiFileLoad in single-file mode: 060000e6.bin is 0x00000020 bytes at the location pointed to by dirFileBuf(0x00279168), type 1f04
psiFileLoad in single-file mode: 060000e5.bin is 0x00000020 bytes at the location pointed to by dirFileBuf(0x00279168), type 1f04
psiFileLoad in single-file mode: 060000e4.bin is 0x00000020 bytes at the location pointed to by dirFileBuf(0x00279168), type 1f04
psiFileLoad in single-file mode: 060000ce.bin is 0x00000040 bytes at the location pointed to by dirFileBuf(0x00279168), type 1f04
psiFileLoad in single-file mode: 060000cd.bin is 0x00000020 bytes at the location pointed to by dirFileBuf(0x00279168), type 1f04
psiFileLoad in single-file mode: 060000cc.bin is 0x00000020 bytes at the location pointed to by dirFileBuf(0x00279168), type 1f04
psiFileLoad in single-file mode: 060000cb.bin is 0x00000040 bytes at the location pointed to by dirFileBuf(0x00279168), type 1f04
psiFileLoad in single-file mode: 060000ca.bin is 0x00000020 bytes at the location pointed to by dirFileBuf(0x00279168), type 1f04
psiFileLoad in single-file mode: 060000b5.bin is 0x00000020 bytes at the location pointed to by dirFileBuf(0x00279168), type 1f04
psiFileLoad in single-file mode: 060000b4.bin is 0x00000020 bytes at the location pointed to by dirFileBuf(0x00279168), type 1f04
psiFileLoad in single-file mode: 060000a5.bin is 0x00000020 bytes at the location pointed to by dirFileBuf(0x00279168), type 1f04
psiFilError opening file: No such file or directory
Error opening file: No such file or directory
Error opening file: No such file or directory
Error opening file: No such file or directory
Error opening file: No such file or directory
Error opening file: No such file or directory
Error opening file: No such file or directory
Error opening file: No such file or directory
Error opening file: No such file or directory
Error opening file: No such file or directory
Error opening file: No such file or directory
vkd3d:0118:fixme:D3DCompile2VKD3D Ignoring flags 0x8000.
[mvk-warn] VK_ERROR_FEATURE_NOT_PRESENT: Metal does not support disabling primitive restart.
[mvk-warn] VK_ERROR_FEATURE_NOT_PRESENT: Metal does not support disabling primitive restart.
[mvk-warn] VK_ERROR_FEATURE_NOT_PRESENT: Metal does not support disabling primitive restart.
vkd3d:0118:fixme:D3DCompile2VKD3D Ignoring flags 0x8000.
[mvk-warn] VK_ERROR_FEATURE_NOT_PRESENT: Metal does not support disabling primitive restart.
[mvk-warn] VK_ERROR_FEATURE_NOT_PRESENT: Metal does not support disabling primitive restart.
[mvk-warn] VK_ERROR_FEATURE_NOT_PRESENT: Metal does not support disabling primitive restart.
[mvk-warn] VK_ERROR_FEATURE_NOT_PRESENT: Metal does not support disabling primitive restart.
[mvk-warn] VK_ERROR_FEATURE_NOT_PRESENT: Metal does not support disabling primitive restart.
vkd3d:0118:fixme:D3DCompile2VKD3D Ignoring flags 0x8000.
[mvk-error] VK_SUCCESS: Found attribute with size (8) larger than it's binding's stride (6). Changing descriptor format from MTLVertexFormatShort4 to MTLVertexFormatShort3.
[mvk-error] VK_SUCCESS: Found attribute with size (8) larger than it's binding's stride (6). Changing descriptor format from MTLVertexFormatShort4 to MTLVertexFormatShort3.
[mvk-error] VK_SUCCESS: Found attribute with size (8) larger than it's binding's stride (6). Changing descriptor format from MTLVertexFormatShort4 to MTLVertexFormatShort3.
[mvk-error] VK_SUCCESS: Found attribute with size (8) larger than it's binding's stride (6). Changing descriptor format from MTLVertexFormatShort4 to MTLVertexFormatShort3.
[mvk-error] VK_SUCCESS: Found attribute with size (8) larger than it's binding's stride (6). Changing descriptor format from MTLVertexFormatShort4 to MTLVertexFormatShort3.
[mvk-error] VK_SUCCESS: Found attribute with size (8) larger than it's binding's stride (6). Changing descriptor format from MTLVertexFormatShort4 to MTLVertexFormatShort3.
[mvk-error] VK_SUCCESS: Found attribute with size (8) larger than it's binding's stride (6). Changing descriptor format from MTLVertexFormatShort4 to MTLVertexFormatShort3.
[mvk-error] VK_SUCCESS: Found attribute with size (8) larger than it's binding's stride (6). Changing descriptor format from MTLVertexFormatShort4 to MTLVertexFormatShort3.
[mvk-warn] VK_ERROR_FEATURE_NOT_PRESENT: Metal does not support disabling primitive restart.
vkd3d:0118:fixme:D3DCompile2VKD3D Ignoring flags 0x8000.
[mvk-warn] VK_ERROR_FEATURE_NOT_PRESENT: Metal does not support disabling primitive restart.
[mvk-warn] VK_ERROR_FEATURE_NOT_PRESENT: Metal does not support disabling primitive restart.
[mvk-warn] VK_ERROR_FEATURE_NOT_PRESENT: Metal does not support disabling primitive restart.
vkd3d:0118:fixme:D3DCompile2VKD3D Ignoring flags 0x8000.
[mvk-warn] VK_ERROR_FEATURE_NOT_PRESENT: Metal does not support disabling primitive restart.
eLoad in single-file mode: 060000a4.bin is 0x00000020 bytes at the location pointed to by dirFileBuf(0x00279168), type 1f04
psiFileLoad in single-file mode: 06000093.bin is 0x00000020 bytes at the location pointed to by dirFileBuf(0x00279168), type 1f04
psiFileLoad in single-file mode: 06000092.bin is 0x00000020 bytes at the location pointed to by dirFileBuf(0x00279168), type 1f04
psiFileLoad in single-file mode: 06000228.bin is 0x00000040 bytes at the location pointed to by dirFileBuf(0x00279168), type 1f04
psiFileLoad in single-file mode: 060004a8.bin is 0x00000020 bytes at the location pointed to by dirFileBuf(0x00279168), type 1f04
psiFileLoad in single-file mode: 06000224.bin is 0x00000020 bytes at the location pointed to by dirFileBuf(0x00279168), type 1f04
psiFileLoad in single-file mode: 060004a9.bin is 0x00000020 bytes at the location pointed to by dirFileBuf(0x00279168), type 1f04
psiFileLoad in single-file mode: 0600017b.bin is 0x00000040 bytes at the location pointed to by dirFileBuf(0x00279168), type 1f04
psiFileLoad in single-file mode: 0600017c.bin is 0x00000040 bytes at the location pointed to by dirFileBuf(0x00279168), type 1f04
psiFileLoad in single-file mode: 060001a4.bin is 0x00000020 bytes at the location pointed to by dirFileBuf(0x00279168), type 1f04
psiFileLoad in single-file mode: 01000099.bin is 0x00472ea0 bytes at the location pointed to by dirFileBuf(0x00279168), type 1704
[xa2] decoded 18432 bytes of 2-channel ADPCM at 0x051c4bdc -> 16384 samples (cache now 5 entries, 11.9 MB)
[xa2] decoded 27972 bytes of 1-channel ADPCM at 0x06bb5360 -> 49728 samples (cache now 6 entries, 12.0 MB)
[d3d9] shader 0 translated: 11 NV2A instructions, inputs 0x000d, outputs 0x0229, streams 0x001
[d3d9] shader 27 translated: 65 NV2A instructions, inputs 0x7f9f, outputs 0x0229, streams 0x1ff
[d3d9] shader 26 translated: 57 NV2A instructions, inputs 0x001f, outputs 0x0229, streams 0x001
[d3d9] shader 24 translated: 42 NV2A instructions, inputs 0x000f, outputs 0x0229, streams 0x001
[d3d9] shader 32 translated: 14 NV2A instructions, inputs 0x000f, outputs 0x0629, streams 0x001
[perf] 37.6 fps (asked for 50), 8.7 ms working + 17.9 ms waiting per frame
[perf]   916.8 us per draw call
[perf]   constants: 0 uploads of 19 registers per frame (30 per upload)
[perf]   draw mix: 8 indexed, 0 direct, 1 immediate, 52 vertices each on average
[perf]   per frame: 9 draws, 0 texture uploads, 18 texture lookups costing 634 comparisons (140 registered)
[perf]   per frame: 0 backbuffer captures, 0 render targets created, 0 buffers created
[perf] disc reads: 147 deferred, 0 completed synchronously (0%), 0 failed, 39200 KB
[mvk-warn] VK_ERROR_FEATURE_NOT_PRESENT: Metal does not support disabling primitive restart.
[mvk-warn] VK_ERROR_FEATURE_NOT_PRESENT: Metal does not support disabling primitive restart.
vkd3d:0118:fixme:D3DCompile2VKD3D Ignoring flags 0x8000.
vkd3d:0118:fixme:D3DCompile2VKD3D Ignoring flags 0x8000.
[mvk-warn] VK_ERROR_FEATURE_NOT_PRESENT: Metal does not support disabling primitive restart.
[mvk-warn] VK_ERROR_FEATURE_NOT_PRESENT: Metal does not support disabling primitive restart.
[mvk-warn] VK_ERROR_FEATURE_NOT_PRESENT: Metal does not support disabling primitive restart.
[mvk-warn] VK_ERROR_FEATURE_NOT_PRESENT: Metal does not support disabling primitive restart.
vkd3d:0118:fixme:D3DCompile2VKD3D Ignoring flags 0x8000.
vkd3d:0118:fixme:D3DCompile2VKD3D Ignoring flags 0x8000.
[xa2] decoded 29772 bytes of 1-channel ADPCM at 0x0688fde8 -> 52928 samples (cache now 7 entries, 12.1 MB)
[xa2] decoded 105408 bytes of 1-channel ADPCM at 0x0686d444 -> 187392 samples (cache now 8 entries, 12.5 MB)
[d3d9] shader 22 translated: 46 NV2A instructions, inputs 0x001f, outputs 0x0229, streams 0x001
[d3d9] shader 20 translated: 31 NV2A instructions, inputs 0x000f, outputs 0x0229, streams 0x001
[xa2] decoded 7344 bytes of 1-channel ADPCM at 0x06c81a98 -> 13056 samples (cache now 9 entries, 12.5 MB)
[d3d9] shader 129 translated: 17 NV2A instructions, inputs 0x006d, outputs 0x0069, streams 0x001
[xa2] decoded 3276 bytes of 1-channel ADPCM at 0x069b100c -> 5824 samples (cache now 10 entries, 12.5 MB)
[xa2] decoded 3924 bytes of 1-channel ADPCM at 0x06958b54 -> 6976 samples (cache now 11 entries, 12.5 MB)
[xa2] decoded 14364 bytes of 1-channel ADPCM at 0x06a34880 -> 25536 samples (cache now 12 entries, 12.6 MB)
[xa2] decoded 6372 bytes of 1-channel ADPCM at 0x068d9540 -> 11328 samples (cache now 13 entries, 12.6 MB)
[xa2] decoded 12132 bytes of 1-channel ADPCM at 0x06a3809c -> 21568 samples (cache now 14 entries, 12.6 MB)
[xa2] SLOW decode: 2.8 ms for 154620 bytes
[xa2] decoded 154620 bytes of 1-channel ADPCM at 0x06bc82d8 -> 274880 samples (cache now 15 entries, 13.2 MB)
[d3d9] shader 64 translated: 14 NV2A instructions, inputs 0x000d, outputs 0x0229, streams 0x001
[loader] exception 0xc0000005 at 0x7bd81239, in an unknown module
[loader]   tried to read 0x00002dc1
[loader]   0x00002dc1 is state 0x10000, protection 0x1
[loader]   called from:
[loader]     0x7a8ffa80  (d3d9.dll)
[loader]     0x7a9b259a  (d3d9.dll)
[loader]     0x7a8fbfe4  (d3d9.dll)
[loader]     0x7a9cbc28  (d3d9.dll)
[loader]     0x7bdfd667  (ntdll.dll)
[loader]     0x7bdfe024  (ntdll.dll)
wine: Unhandled page fault on read access to 00002DC1 at address 7BD81239 (thread 0124), starting debugger...
/opt/local/i686-w64-mingw32/include/c++/15.1.0/bits/stl_vector.h:1263: std::vector<_Tp, _Alloc>::reference std::vector<_Tp, _Alloc>::operator[](size_type) [with _Tp = std::optional<_D3DLIGHT9>; _Alloc = std::allocator<std::optional<_D3DLIGHT9> >; reference = std::optional<_D3DLIGHT9>&; size_type = unsigned int]: Assertion '__n < this->size()' failed.
