
Symbol table '.symtab' contains 5603 entries:
   Num:    Value  Size Type    Bind   Vis      Ndx Name
     0: 00000000     0 NOTYPE  LOCAL  DEFAULT  UND 
     1: 00107100     0 SECTION LOCAL  DEFAULT    1 
     2: 00241c80     0 SECTION LOCAL  DEFAULT    2 
     3: 00000000     0 SECTION LOCAL  DEFAULT    3 
     4: 00244500     0 SECTION LOCAL  DEFAULT    4 
     5: 00000000     0 SECTION LOCAL  DEFAULT    5 
     6: 00000000     0 SECTION LOCAL  DEFAULT    6 
     7: 00000000     0 SECTION LOCAL  DEFAULT    7 
     8: 00000000     0 SECTION LOCAL  DEFAULT    8 
     9: 00000000     0 SECTION LOCAL  DEFAULT    9 
    10: 00000000     0 SECTION LOCAL  DEFAULT   10 
    11: 002e8168     0 SECTION LOCAL  DEFAULT   11 
    12: 002e8180     0 SECTION LOCAL  DEFAULT   12 
    13: 0030c680     0 SECTION LOCAL  DEFAULT   13 
    14: 0030d680     0 SECTION LOCAL  DEFAULT   14 
    15: 0030d900     0 SECTION LOCAL  DEFAULT   15 
    16: 0035662c     0 SECTION LOCAL  DEFAULT   16 
    17: 00000000     0 SECTION LOCAL  DEFAULT   17 
    18: 00000000     0 SECTION LOCAL  DEFAULT   18 
    19: 00000000     0 SECTION LOCAL  DEFAULT   19 
    20: 00000000     0 SECTION LOCAL  DEFAULT   20 
    21: 00000000     0 SECTION LOCAL  DEFAULT   21 
    22: 00241c80     0 NOTYPE  LOCAL  DEFAULT [<other>: e8]     2 .dma.1
    23: 00241c88     0 NOTYPE  LOCAL  INTERNAL [<other>: e8]     2 .vif.2
    24: 00000000     0 NOTYPE  LOCAL  PROTECTED [<other>: e8]     5 __start_.DVP.overlay..0x0.1919476371.27.0
    25: 00241c90     0 NOTYPE  LOCAL  PROTECTED [<other>: e8]     2 .vu.3
    26: 000000a8     0 NOTYPE  LOCAL  DEFAULT  ABS SPARK_VERT_OUT_BUF
    27: 0000003b     0 NOTYPE  LOCAL  DEFAULT  ABS POINT_VERT_OUT_BUF
    28: 00000025     0 NOTYPE  LOCAL  DEFAULT  ABS DRAW_CLIP_BUF_1
    29: 0000003e     0 NOTYPE  LOCAL  DEFAULT  ABS DRAW_CLIP_BUF_2
    30: 00000057     0 NOTYPE  LOCAL  DEFAULT  ABS CLIP_BUF_1
    31: 00000072     0 NOTYPE  LOCAL  DEFAULT  ABS CLIP_BUF_2
    32: 0000008d     0 NOTYPE  LOCAL  DEFAULT  ABS CLIP_LIST_BUF
    33: 00000001     0 NOTYPE  LOCAL  DEFAULT  ABS VERT_IN_BUF
    34: 00000001     0 NOTYPE  LOCAL  DEFAULT  ABS VERT_OUT_BUF
    35: 000000c7     0 NOTYPE  LOCAL  DEFAULT  ABS UV_IN_BUF
    36: 00000000     0 NOTYPE  LOCAL  PROTECTED [<other>: e8]     5 ARSE
    37: 00241c90     0 NOTYPE  LOCAL  PROTECTED [<other>: e8]     2 _$ARSE
    38: 000001a0     0 NOTYPE  LOCAL  PROTECTED [<other>: e8]     5 ROTATECLIPED
    39: 000000c0     0 NOTYPE  LOCAL  PROTECTED [<other>: e8]     5 ROTATE
    40: 00002370     0 NOTYPE  LOCAL  PROTECTED [<other>: e8]     9 POINTSPRITECOLOUR
    41: 00002158     0 NOTYPE  LOCAL  PROTECTED [<other>: e8]     9 POINTSPRITE
    42: 00000040     0 NOTYPE  LOCAL  PROTECTED [<other>: e8]     5 JUMP_TABLE
    43: 00241cd0     0 NOTYPE  LOCAL  PROTECTED [<other>: e8]     2 _$JUMP_TABLE
    44: 000012f0     0 NOTYPE  LOCAL  PROTECTED [<other>: e8]     7 ROTATE_FAST
    45: 00001518     0 NOTYPE  LOCAL  PROTECTED [<other>: e8]     7 ROTATE_TWEEK
    46: 00001a00     0 NOTYPE  LOCAL  PROTECTED [<other>: e8]     8 ROTATE_LIGHT
    47: 00001700     0 NOTYPE  LOCAL  PROTECTED [<other>: e8]     7 ROTATE_ENV
    48: 00241d50     0 NOTYPE  LOCAL  PROTECTED [<other>: e8]     2 _$ROTATE
    49: 00001278     0 NOTYPE  LOCAL  PROTECTED [<other>: e8]     7 MulMatrix2
    50: 000000f0     0 NOTYPE  LOCAL  PROTECTED [<other>: e8]     5 STARTNOCLIP
    51: 00241d80     0 NOTYPE  LOCAL  PROTECTED [<other>: e8]     2 _$STARTNOCLIP
    52: 00000138     0 NOTYPE  LOCAL  PROTECTED [<other>: e8]     5 KICK_NO_CLIP
    53: 00241dc8     0 NOTYPE  LOCAL  PROTECTED [<other>: e8]     2 _$KICK_NO_CLIP
    54: 00241e30     0 NOTYPE  LOCAL  PROTECTED [<other>: e8]     2 _$ROTATECLIPED
    55: 000001f8     0 NOTYPE  LOCAL  PROTECTED [<other>: e8]     5 START
    56: 00241e88     0 NOTYPE  LOCAL  PROTECTED [<other>: e8]     2 _$START
    57: 000002a0     0 NOTYPE  LOCAL  PROTECTED [<other>: e8]     5 EXPL_input_txt_CLIPLOOPPRE__MAIN_LOOP
    58: 00241f30     0 NOTYPE  LOCAL  PROTECTED [<other>: e8]     2 _$EXPL_input_txt_CLIPLOOPPRE__MAIN_LOOP
    59: 00000510     0 NOTYPE  LOCAL  PROTECTED [<other>: e8]     5 DONOTHING
    60: 00000360     0 NOTYPE  LOCAL  PROTECTED [<other>: e8]     5 KICK_CLIP
    61: 00241ff0     0 NOTYPE  LOCAL  PROTECTED [<other>: e8]     2 _$KICK_CLIP
    62: 00000360     0 NOTYPE  LOCAL  PROTECTED [<other>: e8]     5 CHECK
    63: 00241ff0     0 NOTYPE  LOCAL  PROTECTED [<other>: e8]     2 _$CHECK
    64: 00000430     0 NOTYPE  LOCAL  PROTECTED [<other>: e8]     5 JUSTDOIT
    65: 000003c8     0 NOTYPE  LOCAL  PROTECTED [<other>: e8]     5 LOOPCHECKCLIP
    66: 00242058     0 NOTYPE  LOCAL  PROTECTED [<other>: e8]     2 _$LOOPCHECKCLIP
    67: 00000490     0 NOTYPE  LOCAL  PROTECTED [<other>: e8]     5 LOOPCHECKCLIPYES
    68: 00000410     0 NOTYPE  LOCAL  PROTECTED [<other>: e8]     5 LOOPCHECKCLIPNOT
    69: 002420a0     0 NOTYPE  LOCAL  PROTECTED [<other>: e8]     2 _$LOOPCHECKCLIPNOT
    70: 002420c0     0 NOTYPE  LOCAL  PROTECTED [<other>: e8]     2 _$JUSTDOIT
    71: 00242120     0 NOTYPE  LOCAL  PROTECTED [<other>: e8]     2 _$LOOPCHECKCLIPYES
    72: 00001030     0 NOTYPE  LOCAL  PROTECTED [<other>: e8]     7 PushStackIFRegs
    73: 000005a0     0 NOTYPE  LOCAL  PROTECTED [<other>: e8]     5 SCISSOR
    74: 00001150     0 NOTYPE  LOCAL  PROTECTED [<other>: e8]     7 PopStackIFRegs
    75: 002421a0     0 NOTYPE  LOCAL  PROTECTED [<other>: e8]     2 _$DONOTHING
    76: 00242230     0 NOTYPE  LOCAL  PROTECTED [<other>: e8]     2 _$SCISSOR
    77: 000005a0     0 NOTYPE  LOCAL  PROTECTED [<other>: e8]     5 PUSHTRIANGLE
    78: 00242230     0 NOTYPE  LOCAL  PROTECTED [<other>: e8]     2 _$PUSHTRIANGLE
    79: 000006b0     0 NOTYPE  LOCAL  PROTECTED [<other>: e8]     5 PLANE_START
    80: 00242340     0 NOTYPE  LOCAL  PROTECTED [<other>: e8]     2 _$PLANE_START
    81: 000006b0     0 NOTYPE  LOCAL  PROTECTED [<other>: e8]     5 ZMINUS
    82: 00242340     0 NOTYPE  LOCAL  PROTECTED [<other>: e8]     2 _$ZMINUS
    83: 00000708     0 NOTYPE  LOCAL  PROTECTED [<other>: e8]     5 LOOP_ZM
    84: 00242398     0 NOTYPE  LOCAL  PROTECTED [<other>: e8]     2 _$LOOP_ZM
    85: 00000ab0     0 NOTYPE  LOCAL  PROTECTED [<other>: e8]     6 CLIP_INTER
    86: 00000a78     0 NOTYPE  LOCAL  PROTECTED [<other>: e8]     6 SAVE_LAST_LOOP
    87: 00000740     0 NOTYPE  LOCAL  PROTECTED [<other>: e8]     5 END_ZM
    88: 002423d0     0 NOTYPE  LOCAL  PROTECTED [<other>: e8]     2 _$END_ZM
    89: 00000a68     0 NOTYPE  LOCAL  PROTECTED [<other>: e8]     6 END_ALL
    90: 00000748     0 NOTYPE  LOCAL  PROTECTED [<other>: e8]     5 ZPLUS
    91: 002423d8     0 NOTYPE  LOCAL  PROTECTED [<other>: e8]     2 _$ZPLUS
    92: 000007a0     0 NOTYPE  LOCAL  PROTECTED [<other>: e8]     5 LOOP_ZP
    93: 00242430     0 NOTYPE  LOCAL  PROTECTED [<other>: e8]     2 _$LOOP_ZP
    94: 000007d8     0 NOTYPE  LOCAL  PROTECTED [<other>: e8]     5 END_ZP
    95: 00242468     0 NOTYPE  LOCAL  PROTECTED [<other>: e8]     2 _$END_ZP
    96: 000007e0     0 NOTYPE  LOCAL  PROTECTED [<other>: e8]     5 XMINUS
    97: 00242470     0 NOTYPE  LOCAL  PROTECTED [<other>: e8]     2 _$XMINUS
    98: 00242490     0 NOTYPE  LOCAL  INTERNAL [<other>: e8]     2 .vif.4
    99: 00000800     0 NOTYPE  LOCAL  PROTECTED [<other>: e8]     6 __start_.DVP.overlay..0x800.130861787.465.1
   100: 00242498     0 NOTYPE  LOCAL  PROTECTED [<other>: e8]     2 .vu.5
   101: 00000838     0 NOTYPE  LOCAL  PROTECTED [<other>: e8]     6 LOOP_XM
   102: 002424d0     0 NOTYPE  LOCAL  PROTECTED [<other>: e8]     2 _$LOOP_XM
   103: 00000870     0 NOTYPE  LOCAL  PROTECTED [<other>: e8]     6 END_XM
   104: 00242508     0 NOTYPE  LOCAL  PROTECTED [<other>: e8]     2 _$END_XM
   105: 00000878     0 NOTYPE  LOCAL  PROTECTED [<other>: e8]     6 XPLUS
   106: 00242510     0 NOTYPE  LOCAL  PROTECTED [<other>: e8]     2 _$XPLUS
   107: 000008d0     0 NOTYPE  LOCAL  PROTECTED [<other>: e8]     6 LOOP_XP
   108: 00242568     0 NOTYPE  LOCAL  PROTECTED [<other>: e8]     2 _$LOOP_XP
   109: 00000908     0 NOTYPE  LOCAL  PROTECTED [<other>: e8]     6 END_XP
   110: 002425a0     0 NOTYPE  LOCAL  PROTECTED [<other>: e8]     2 _$END_XP
   111: 00000910     0 NOTYPE  LOCAL  PROTECTED [<other>: e8]     6 YMINUS
   112: 002425a8     0 NOTYPE  LOCAL  PROTECTED [<other>: e8]     2 _$YMINUS
   113: 00000968     0 NOTYPE  LOCAL  PROTECTED [<other>: e8]     6 LOOP_YM
   114: 00242600     0 NOTYPE  LOCAL  PROTECTED [<other>: e8]     2 _$LOOP_YM
   115: 000009a0     0 NOTYPE  LOCAL  PROTECTED [<other>: e8]     6 END_YM
   116: 00242638     0 NOTYPE  LOCAL  PROTECTED [<other>: e8]     2 _$END_YM
   117: 000009a8     0 NOTYPE  LOCAL  PROTECTED [<other>: e8]     6 YPLUS
   118: 00242640     0 NOTYPE  LOCAL  PROTECTED [<other>: e8]     2 _$YPLUS
   119: 00000a00     0 NOTYPE  LOCAL  PROTECTED [<other>: e8]     6 LOOP_YP
   120: 00242698     0 NOTYPE  LOCAL  PROTECTED [<other>: e8]     2 _$LOOP_YP
   121: 00000a38     0 NOTYPE  LOCAL  PROTECTED [<other>: e8]     6 END_YP
   122: 002426d0     0 NOTYPE  LOCAL  PROTECTED [<other>: e8]     2 _$END_YP
   123: 00000e20     0 NOTYPE  LOCAL  PROTECTED [<other>: e8]     6 DrawScissorPolygon
   124: 00242700     0 NOTYPE  LOCAL  PROTECTED [<other>: e8]     2 _$END_ALL
   125: 00242710     0 NOTYPE  LOCAL  PROTECTED [<other>: e8]     2 _$SAVE_LAST_LOOP
   126: 00242748     0 NOTYPE  LOCAL  PROTECTED [<other>: e8]     2 _$CLIP_INTER
   127: 00000ba8     0 NOTYPE  LOCAL  PROTECTED [<other>: e8]     6 CUR_IN
   128: 00000b38     0 NOTYPE  LOCAL  PROTECTED [<other>: e8]     6 CUR_OUT
   129: 002427d0     0 NOTYPE  LOCAL  PROTECTED [<other>: e8]     2 _$CUR_OUT
   130: 00000b68     0 NOTYPE  LOCAL  PROTECTED [<other>: e8]     6 CO_NEXT_IN
   131: 00000b58     0 NOTYPE  LOCAL  PROTECTED [<other>: e8]     6 CO_NEXT_OUT
   132: 002427f0     0 NOTYPE  LOCAL  PROTECTED [<other>: e8]     2 _$CO_NEXT_OUT
   133: 00000c40     0 NOTYPE  LOCAL  PROTECTED [<other>: e8]     6 CLIP_INTER_END
   134: 00242800     0 NOTYPE  LOCAL  PROTECTED [<other>: e8]     2 _$CO_NEXT_IN
   135: 00000c50     0 NOTYPE  LOCAL  PROTECTED [<other>: e8]     6 INTERPOLATE
   136: 00242840     0 NOTYPE  LOCAL  PROTECTED [<other>: e8]     2 _$CUR_IN
   137: 00000c20     0 NOTYPE  LOCAL  PROTECTED [<other>: e8]     6 CI_NEXT_IN
   138: 00000bc8     0 NOTYPE  LOCAL  PROTECTED [<other>: e8]     6 CI_NEXT_OUT
   139: 00242860     0 NOTYPE  LOCAL  PROTECTED [<other>: e8]     2 _$CI_NEXT_OUT
   140: 00000d38     0 NOTYPE  LOCAL  PROTECTED [<other>: e8]     6 INTERPOLATE2
   141: 002428b8     0 NOTYPE  LOCAL  PROTECTED [<other>: e8]     2 _$CI_NEXT_IN
   142: 002428d8     0 NOTYPE  LOCAL  PROTECTED [<other>: e8]     2 _$CLIP_INTER_END
   143: 002428e8     0 NOTYPE  LOCAL  PROTECTED [<other>: e8]     2 _$INTERPOLATE
   144: 00000c80     0 NOTYPE  LOCAL  PROTECTED [<other>: e8]     6 LOOP_ROT
   145: 00242918     0 NOTYPE  LOCAL  PROTECTED [<other>: e8]     2 _$LOOP_ROT
   146: 00000cc0     0 NOTYPE  LOCAL  PROTECTED [<other>: e8]     6 LOOP_ROT_END
   147: 00242958     0 NOTYPE  LOCAL  PROTECTED [<other>: e8]     2 _$LOOP_ROT_END
   148: 002429d0     0 NOTYPE  LOCAL  PROTECTED [<other>: e8]     2 _$INTERPOLATE2
   149: 00000d68     0 NOTYPE  LOCAL  PROTECTED [<other>: e8]     6 LOOP_ROT2
   150: 00242a00     0 NOTYPE  LOCAL  PROTECTED [<other>: e8]     2 _$LOOP_ROT2
   151: 00000da8     0 NOTYPE  LOCAL  PROTECTED [<other>: e8]     6 LOOP_ROT_END2
   152: 00242a40     0 NOTYPE  LOCAL  PROTECTED [<other>: e8]     2 _$LOOP_ROT_END2
   153: 00242ab8     0 NOTYPE  LOCAL  PROTECTED [<other>: e8]     2 _$DrawScissorPolygon
   154: 00000e20     0 NOTYPE  LOCAL  PROTECTED [<other>: e8]     6 START2
   155: 00242ab8     0 NOTYPE  LOCAL  PROTECTED [<other>: e8]     2 _$START2
   156: 00000e78     0 NOTYPE  LOCAL  PROTECTED [<other>: e8]     6 ChangeBuffer
   157: 00242b10     0 NOTYPE  LOCAL  PROTECTED [<other>: e8]     2 _$ChangeBuffer
   158: 00000f00     0 NOTYPE  LOCAL  PROTECTED [<other>: e8]     6 LOOP2
   159: 00242b98     0 NOTYPE  LOCAL  PROTECTED [<other>: e8]     2 _$LOOP2
   160: 00000f50     0 NOTYPE  LOCAL  PROTECTED [<other>: e8]     6 NEWPOINT
   161: 00000fc8     0 NOTYPE  LOCAL  PROTECTED [<other>: e8]     6 GOON
   162: 00242be8     0 NOTYPE  LOCAL  PROTECTED [<other>: e8]     2 _$NEWPOINT
   163: 00242c60     0 NOTYPE  LOCAL  PROTECTED [<other>: e8]     2 _$GOON
   164: 00242c98     0 NOTYPE  LOCAL  INTERNAL [<other>: e8]     2 .vif.6
   165: 00001000     0 NOTYPE  LOCAL  PROTECTED [<other>: e8]     7 __start_.DVP.overlay..0x1000.130861787.853.2
   166: 00242ca0     0 NOTYPE  LOCAL  PROTECTED [<other>: e8]     2 .vu.7
   167: 00242cd0     0 NOTYPE  LOCAL  PROTECTED [<other>: e8]     2 _$PushStackIFRegs
   168: 00242df0     0 NOTYPE  LOCAL  PROTECTED [<other>: e8]     2 _$PopStackIFRegs
   169: 00242f18     0 NOTYPE  LOCAL  PROTECTED [<other>: e8]     2 _$MulMatrix2
   170: 00242f90     0 NOTYPE  LOCAL  PROTECTED [<other>: e8]     2 _$ROTATE_FAST
   171: 00001408     0 NOTYPE  LOCAL  PROTECTED [<other>: e8]     7 ROTATE_FAST_LOOP
   172: 002430a8     0 NOTYPE  LOCAL  PROTECTED [<other>: e8]     2 _$ROTATE_FAST_LOOP
   173: 002431b8     0 NOTYPE  LOCAL  PROTECTED [<other>: e8]     2 _$ROTATE_TWEEK
   174: 000015f0     0 NOTYPE  LOCAL  PROTECTED [<other>: e8]     7 ROTATE_TWEEK_LOOP
   175: 00243290     0 NOTYPE  LOCAL  PROTECTED [<other>: e8]     2 _$ROTATE_TWEEK_LOOP
   176: 002433a0     0 NOTYPE  LOCAL  PROTECTED [<other>: e8]     2 _$ROTATE_ENV
   177: 002434a0     0 NOTYPE  LOCAL  INTERNAL [<other>: e8]     2 .vif.8
   178: 00001800     0 NOTYPE  LOCAL  PROTECTED [<other>: e8]     8 __start_.DVP.overlay..0x1800.130861787.1154.3
   179: 002434a8     0 NOTYPE  LOCAL  PROTECTED [<other>: e8]     2 .vu.9
   180: 00001910     0 NOTYPE  LOCAL  PROTECTED [<other>: e8]     8 EXPL_input_txt_ROTATE_ENV_LOOP__EPI0
   181: 00001898     0 NOTYPE  LOCAL  PROTECTED [<other>: e8]     8 EXPL_input_txt_ROTATE_ENV_LOOP__MAIN_LOOP
   182: 00243540     0 NOTYPE  LOCAL  PROTECTED [<other>: e8]     2 _$EXPL_input_txt_ROTATE_ENV_LOOP__MAIN_LOOP
   183: 002435b8     0 NOTYPE  LOCAL  PROTECTED [<other>: e8]     2 _$EXPL_input_txt_ROTATE_ENV_LOOP__EPI0
   184: 002436a8     0 NOTYPE  LOCAL  PROTECTED [<other>: e8]     2 _$ROTATE_LIGHT
   185: 00001c68     0 NOTYPE  LOCAL  PROTECTED [<other>: e8]     8 ROTATE_LIGHT_LOOP
   186: 00243910     0 NOTYPE  LOCAL  PROTECTED [<other>: e8]     2 _$ROTATE_LIGHT_LOOP
   187: 00001eb0     0 NOTYPE  LOCAL  PROTECTED [<other>: e8]     8 PARTICLE
   188: 00243b58     0 NOTYPE  LOCAL  PROTECTED [<other>: e8]     2 _$PARTICLE
   189: 00001ee0     0 NOTYPE  LOCAL  PROTECTED [<other>: e8]     8 STARTPARTICLE
   190: 00243b88     0 NOTYPE  LOCAL  PROTECTED [<other>: e8]     2 _$STARTPARTICLE
   191: 00001f58     0 NOTYPE  LOCAL  PROTECTED [<other>: e8]     8 LOOP_PARTICLE_TEST
   192: 00243c00     0 NOTYPE  LOCAL  PROTECTED [<other>: e8]     2 _$LOOP_PARTICLE_TEST
   193: 00243ca8     0 NOTYPE  LOCAL  INTERNAL [<other>: e8]     2 .vif.10
   194: 00002000     0 NOTYPE  LOCAL  PROTECTED [<other>: e8]     9 __start_.DVP.overlay..0x2000.130861787.1456.4
   195: 00243cb0     0 NOTYPE  LOCAL  PROTECTED [<other>: e8]     2 .vu.11
   196: 00002100     0 NOTYPE  LOCAL  PROTECTED [<other>: e8]     9 PARTICLE_OK
   197: 00243db0     0 NOTYPE  LOCAL  PROTECTED [<other>: e8]     2 _$PARTICLE_OK
   198: 00243e08     0 NOTYPE  LOCAL  PROTECTED [<other>: e8]     2 _$POINTSPRITE
   199: 000021b0     0 NOTYPE  LOCAL  PROTECTED [<other>: e8]     9 START_POINT
   200: 00243e60     0 NOTYPE  LOCAL  PROTECTED [<other>: e8]     2 _$START_POINT
   201: 000021f8     0 NOTYPE  LOCAL  PROTECTED [<other>: e8]     9 LOOP_POINT
   202: 00243ea8     0 NOTYPE  LOCAL  PROTECTED [<other>: e8]     2 _$LOOP_POINT
   203: 000022e8     0 NOTYPE  LOCAL  PROTECTED [<other>: e8]     9 POINT_OK
   204: 00243f98     0 NOTYPE  LOCAL  PROTECTED [<other>: e8]     2 _$POINT_OK
   205: 00244020     0 NOTYPE  LOCAL  PROTECTED [<other>: e8]     2 _$POINTSPRITECOLOUR
   206: 000023c8     0 NOTYPE  LOCAL  PROTECTED [<other>: e8]     9 START_POINT_COLOUR
   207: 00244078     0 NOTYPE  LOCAL  PROTECTED [<other>: e8]     2 _$START_POINT_COLOUR
   208: 00002418     0 NOTYPE  LOCAL  PROTECTED [<other>: e8]     9 LOOP_POINT_COLOUR
   209: 002440c8     0 NOTYPE  LOCAL  PROTECTED [<other>: e8]     2 _$LOOP_POINT_COLOUR
   210: 00002508     0 NOTYPE  LOCAL  PROTECTED [<other>: e8]     9 POINT_OK_COLOUR
   211: 002441b8     0 NOTYPE  LOCAL  PROTECTED [<other>: e8]     2 _$POINT_OK_COLOUR
   212: 00244280     0 NOTYPE  LOCAL  DEFAULT [<other>: e8]     2 .dma.1
   213: 00244288     0 NOTYPE  LOCAL  INTERNAL [<other>: e8]     2 .vif.2
   214: 00000000     0 NOTYPE  LOCAL  PROTECTED [<other>: e8]    10 __start_.DVP.overlay..0x0.1193708275.14.0
   215: 00244298     0 NOTYPE  LOCAL  PROTECTED [<other>: e8]     2 .vu.5
   216: 00244298     0 NOTYPE  LOCAL  PROTECTED [<other>: e8]     2 _$SKIN_2_BONE
   217: 00244350     0 NOTYPE  LOCAL  PROTECTED [<other>: e8]     2 _$SKIN_2_BONE2
   218: 00244408     0 NOTYPE  LOCAL  PROTECTED [<other>: e8]     2 _$SKIN_1_BONE
   219: 00000198     0 NOTYPE  LOCAL  PROTECTED [<other>: e8]    10 loop1
   220: 00244430     0 NOTYPE  LOCAL  PROTECTED [<other>: e8]     2 _$loop1
   221: 00107100     0 NOTYPE  LOCAL  DEFAULT    1 gcc2_compiled.
   222: 00107100     0 NOTYPE  LOCAL  DEFAULT    1 __gnu_compiled_cplusplus
   223: 001075c8   204 FUNC    LOCAL  DEFAULT    1 iopGetArea(int *, int *, int *, int *, AudioDec *, int)
   224: 00107698   328 FUNC    LOCAL  DEFAULT    1 sendToIOP2area(int, int, int, int, unsigned char *, int, unsigned char *, int)
   225: 001077e0   128 FUNC    LOCAL  DEFAULT    1 sendToIOP(int, unsigned char *, int)
   226: 00107860   104 FUNC    LOCAL  DEFAULT    1 changeMasterVolume(unsigned int)
   227: 001078c8    72 FUNC    LOCAL  DEFAULT    1 changeInputVolume(unsigned int)
   228: 00107910     0 NOTYPE  LOCAL  DEFAULT    1 gcc2_compiled.
   229: 00107910     0 NOTYPE  LOCAL  DEFAULT    1 __gnu_compiled_cplusplus
   230: 00107910   636 FUNC    LOCAL  DEFAULT    1 setLoadImageTagsYX(unsigned int *, void *, int, int, int, int, int)
   231: 00107bd0    80 FUNC    LOCAL  DEFAULT    1 setDMAscTag(unsigned int *, unsigned int, void *, unsigned int, unsigned int, unsigned int, unsigned int)
   232: 00107c20    80 FUNC    LOCAL  DEFAULT    1 setGIFtag(unsigned int *, unsigned long, unsigned int, unsigned int, unsigned int, unsigned int, unsigned int, unsigned int)
   233: 00107c70    48 FUNC    LOCAL  DEFAULT    1 setBITBLTBUF(unsigned int *, unsigned int, unsigned int, unsigned int)
   234: 00107cd0    52 FUNC    LOCAL  DEFAULT    1 setTRXREG(unsigned int *, unsigned int, unsigned int)
   235: 00107ca0    48 FUNC    LOCAL  DEFAULT    1 setTRXPOS(unsigned int *, unsigned int, unsigned int, unsigned int)
   236: 00107d08    40 FUNC    LOCAL  DEFAULT    1 setTRXDIR(unsigned int *, unsigned int)
   237: 00107d70     0 NOTYPE  LOCAL  DEFAULT    1 gcc2_compiled.
   238: 00107d70     0 NOTYPE  LOCAL  DEFAULT    1 __gnu_compiled_cplusplus
   239: 0030d900     0 NOTYPE  LOCAL  DEFAULT   15 rsrcs
   240: 0030c680     4 OBJECT  LOCAL  DEFAULT   13 HostName
   241: 0030c68c     4 OBJECT  LOCAL  DEFAULT   13 EndTag
   242: 0030c698     4 OBJECT  LOCAL  DEFAULT   13 DirName
   243: 001083a8     0 NOTYPE  LOCAL  DEFAULT    1 gcc2_compiled.
   244: 001083a8     0 NOTYPE  LOCAL  DEFAULT    1 __gnu_compiled_cplusplus
   245: 0030c6b0     4 OBJECT  LOCAL  DEFAULT   13 drawid
   246: 0030dda0     0 NOTYPE  LOCAL  DEFAULT   15 mp
   247: 0030d690     0 NOTYPE  LOCAL  DEFAULT   14 path3tag
   248: 0030dd40     0 NOTYPE  LOCAL  DEFAULT   15 audioDec
   249: 0030d680     0 NOTYPE  LOCAL  DEFAULT   14 isStarted
   250: 00108848   316 FUNC    LOCAL  DEFAULT    1 videoCallback(sceMpeg *, sceMpegCbDataStr *, void *)
   251: 00108988   212 FUNC    LOCAL  DEFAULT    1 audioCallback(sceMpeg *, sceMpegCbDataStr *, void *)
   252: 00108a60   288 FUNC    LOCAL  DEFAULT    1 nodataCallback(sceMpeg *, sceMpegCbData *, void *)
   253: 00108b80   128 FUNC    LOCAL  DEFAULT    1 backgroundCallback(sceMpeg *, sceMpegCbData *, void *)
   254: 00108c00     8 FUNC    LOCAL  DEFAULT    1 errorCallback(sceMpeg *, sceMpegCbData *, void *)
   255: 0030d6a0     0 NOTYPE  LOCAL  DEFAULT   14 demuxBuffPresent
   256: 0030d698     0 NOTYPE  LOCAL  DEFAULT   14 demuxBuffSize
   257: 0030d6a4     0 NOTYPE  LOCAL  DEFAULT   14 demuxBuffFuture
   258: 0030d684     0 NOTYPE  LOCAL  DEFAULT   14 fileRead
   259: 0030d68c     0 NOTYPE  LOCAL  DEFAULT   14 muxBuffFullness
   260: 0030d694     0 NOTYPE  LOCAL  DEFAULT   14 demuxBuff
   261: 0030d69c     0 NOTYPE  LOCAL  DEFAULT   14 demuxBuffPast
   262: 00108c08   180 FUNC    LOCAL  DEFAULT    1 fillBuff(sceMpeg *, int)
   263: 0030d688     0 NOTYPE  LOCAL  DEFAULT   14 bgDuration
   264: 0030c6b8     4 OBJECT  LOCAL  DEFAULT   13 MaxTime
   265: 0030d940  1024 OBJECT  LOCAL  DEFAULT   15 backTile.42
   266: 0030de40 16384 OBJECT  LOCAL  DEFAULT   15 muxBuff
   267: 0030dde8     0 NOTYPE  LOCAL  DEFAULT   15 disp
   268: 0030d6a8     0 NOTYPE  LOCAL  DEFAULT   14 Time
   269: 00108cc0     0 NOTYPE  LOCAL  DEFAULT    1 gcc2_compiled.
   270: 00108cc0     0 NOTYPE  LOCAL  DEFAULT    1 __gnu_compiled_cplusplus
   271: 0030c6c0     4 OBJECT  LOCAL  DEFAULT   13 isStrFileInit
   272: 0030c6c4     4 OBJECT  LOCAL  DEFAULT   13 nonBlockReadReq
   273: 00311e40     0 NOTYPE  LOCAL  DEFAULT   15 infile
   274: 00109080     0 NOTYPE  LOCAL  DEFAULT    1 gcc2_compiled.
   275: 00109080     0 NOTYPE  LOCAL  DEFAULT    1 __gnu_compiled_cplusplus
   276: 0030c700     4 OBJECT  LOCAL  DEFAULT   13 RunningPS2Count
   277: 0030d6b4     0 NOTYPE  LOCAL  DEFAULT   14 iLock
   278: 00311e78     0 NOTYPE  LOCAL  DEFAULT   15 pLock
   279: 0030d6b0     0 NOTYPE  LOCAL  DEFAULT   14 TotalCacheSize
   280: 0030d6ac     0 NOTYPE  LOCAL  DEFAULT   14 TotalCacheStart
   281: 00109770     0 NOTYPE  LOCAL  DEFAULT    1 gcc2_compiled.
   282: 00109770     0 NOTYPE  LOCAL  DEFAULT    1 __gnu_compiled_cplusplus
   283: 00109770   864 FUNC    LOCAL  DEFAULT    1 ASH_vecutil_Dist2Tri(long long, long long, long long, long long, long long, unsigned short *, long long *)
   284: 00109ad0   720 FUNC    LOCAL  DEFAULT    1 ASH_Intersect_RayBox(HITTEST_tag const *, _VECTOR *, _VECTOR *, float &)
   285: 0010ae50   216 FUNC    LOCAL  DEFAULT    1 ASH_RecurseBoxesBox(COLLDATA_tag *, COLLBOX_tag *, _VECTOR *, _VECTOR *)
   286: 0010af30   204 FUNC    LOCAL  DEFAULT    1 ASH_RecurseBoxesRay(COLLDATA_tag const *, COLLBOX_tag *, HITTEST_tag const *)
   287: 0010b000     0 NOTYPE  LOCAL  DEFAULT    1 gcc2_compiled.
   288: 0010b000     0 NOTYPE  LOCAL  DEFAULT    1 __gnu_compiled_cplusplus
   289: 00244500    16 OBJECT  LOCAL  DEFAULT    4 clip_volume1
   290: 00244510    16 OBJECT  LOCAL  DEFAULT    4 clip_volume2
   291: 00312280     0 NOTYPE  LOCAL  DEFAULT   15 db
   292: 0010ba38     0 NOTYPE  LOCAL  DEFAULT    1 gcc2_compiled.
   293: 0010ba38     0 NOTYPE  LOCAL  DEFAULT    1 __gnu_compiled_cplusplus
   294: 0030c7c0     1 OBJECT  LOCAL  DEFAULT   13 bSingleFileMode
   295: 0030c7c4     4 OBJECT  LOCAL  DEFAULT   13 m_file
   296: 0030c7c8     4 OBJECT  LOCAL  DEFAULT   13 filesize
   297: 0030c7cc     4 OBJECT  LOCAL  DEFAULT   13 offset
   298: 0030d6b8     0 NOTYPE  LOCAL  DEFAULT   14 FileIndex
   299: 0010bf30     0 NOTYPE  LOCAL  DEFAULT    1 gcc2_compiled.
   300: 0010bf30     0 NOTYPE  LOCAL  DEFAULT    1 __gnu_compiled_cplusplus
   301: 0010c418     0 NOTYPE  LOCAL  DEFAULT    1 gcc2_compiled.
   302: 0010c418     0 NOTYPE  LOCAL  DEFAULT    1 __gnu_compiled_cplusplus
   303: 0030c7e4     4 OBJECT  LOCAL  DEFAULT   13 MultitapPresent
   304: 0030c7e8     4 OBJECT  LOCAL  DEFAULT   13 Count.114
   305: 002455c0   129 OBJECT  LOCAL  DEFAULT    4 gAnalogStickMappingFunction
   306: 0010e588     0 NOTYPE  LOCAL  DEFAULT    1 gcc2_compiled.
   307: 0010e588     0 NOTYPE  LOCAL  DEFAULT    1 __gnu_compiled_cplusplus
   308: 0010e798     0 NOTYPE  LOCAL  DEFAULT    1 gcc2_compiled.
   309: 0010e798     0 NOTYPE  LOCAL  DEFAULT    1 __gnu_compiled_cplusplus
   310: 0030c7f8     4 OBJECT  LOCAL  DEFAULT   13 GameTitleASCII
   311: 0030c7fc     4 OBJECT  LOCAL  DEFAULT   13 DirName
   312: 0030c800     4 OBJECT  LOCAL  DEFAULT   13 LoadSaveBuff
   313: 00246280    64 OBJECT  LOCAL  DEFAULT    4 bgcolor
   314: 002462c0    16 OBJECT  LOCAL  DEFAULT    4 ambient
   315: 0030c810     4 OBJECT  LOCAL  DEFAULT   13 iconName
   316: 0030c820     4 OBJECT  LOCAL  DEFAULT   13 PollCount.219
   317: 00316950     0 NOTYPE  LOCAL  DEFAULT   15 CardState
   318: 0030d6dc     0 NOTYPE  LOCAL  DEFAULT   14 StateStack
   319: 00316940     0 NOTYPE  LOCAL  DEFAULT   15 MC_Info
   320: 0030d6d8     0 NOTYPE  LOCAL  DEFAULT   14 PSIOP_State
   321: 0030d6d0     0 NOTYPE  LOCAL  DEFAULT   14 syncresult
   322: 0030c824     4 OBJECT  LOCAL  DEFAULT   13 fd.271
   323: 00312540     0 NOTYPE  LOCAL  DEFAULT   15 SavingName
   324: 00312560     0 NOTYPE  LOCAL  DEFAULT   15 PS2IconHead
   325: 003124c0     0 NOTYPE  LOCAL  DEFAULT   15 GameTitle
   326: 0030d6c8     0 NOTYPE  LOCAL  DEFAULT   14 PS2IconBuffer
   327: 0030d6c4     0 NOTYPE  LOCAL  DEFAULT   14 PS2IconSize
   328: 0030c850     4 OBJECT  LOCAL  DEFAULT   13 fd.278
   329: 0030d6d4     0 NOTYPE  LOCAL  DEFAULT   14 OverWriteCheckDone
   330: 0030d6cc     0 NOTYPE  LOCAL  DEFAULT   14 LoadSaveBuffSize
   331: 00312940     0 NOTYPE  LOCAL  DEFAULT   15 FolderTable
   332: 0030d6bc     0 NOTYPE  LOCAL  DEFAULT   14 nDelete.297
   333: 0030d6c0     0 NOTYPE  LOCAL  DEFAULT   14 nDelete.301
   334: 0030c880     4 OBJECT  LOCAL  DEFAULT   13 fd.305
   335: 00111288     0 NOTYPE  LOCAL  DEFAULT    1 gcc2_compiled.
   336: 00111288     0 NOTYPE  LOCAL  DEFAULT    1 __gnu_compiled_cplusplus
   337: 0030c8a0     4 OBJECT  LOCAL  DEFAULT   13 m_file
   338: 001112c0     0 NOTYPE  LOCAL  DEFAULT    1 gcc2_compiled.
   339: 001112c0     0 NOTYPE  LOCAL  DEFAULT    1 __gnu_compiled_cplusplus
   340: 001112c0   468 FUNC    LOCAL  DEFAULT    1 CacheSkin(_PS2GLISTINFO *, obj_tag *)
   341: 00111b90     0 NOTYPE  LOCAL  DEFAULT    1 gcc2_compiled.
   342: 00111b90     0 NOTYPE  LOCAL  DEFAULT    1 __gnu_compiled_cplusplus
   343: 0030c910     4 OBJECT  LOCAL  DEFAULT   13 WhichStealth
   344: 0030c914     4 OBJECT  LOCAL  DEFAULT   13 WhichCombat
   345: 0030c918     4 OBJECT  LOCAL  DEFAULT   13 WhichAttack.180
   346: 0030c91c     4 OBJECT  LOCAL  DEFAULT   13 WhichNonAttack.181
   347: 0030c920     4 OBJECT  LOCAL  DEFAULT   13 WhichNonAttack.185
   348: 0030c924     4 OBJECT  LOCAL  DEFAULT   13 WhichAttack.189
   349: 0030c928     4 OBJECT  LOCAL  DEFAULT   13 WhichNonAttack.190
   350: 0030c958     4 OBJECT  LOCAL  DEFAULT   13 MusicMasterVolume
   351: 0030c95c     4 OBJECT  LOCAL  DEFAULT   13 SfxMasterVolume
   352: 0030c968     4 OBJECT  LOCAL  DEFAULT   13 HaveCalledOnce.296
   353: 002500d8    12 OBJECT  LOCAL  DEFAULT    4 NormalisedVector.336
   354: 001171b0     0 NOTYPE  LOCAL  DEFAULT    1 gcc2_compiled.
   355: 001171b0     0 NOTYPE  LOCAL  DEFAULT    1 __gnu_compiled_cplusplus
   356: 0030d6ec     0 NOTYPE  LOCAL  DEFAULT   14 DMASize
   357: 0030d6e8     0 NOTYPE  LOCAL  DEFAULT   14 pDMA
   358: 0030d6e4     0 NOTYPE  LOCAL  DEFAULT   14 DMAStart
   359: 0030d6e0     0 NOTYPE  LOCAL  DEFAULT   14 saveptrdmagfx
   360: 0030d6f0     0 NOTYPE  LOCAL  DEFAULT   14 SavePtrDmaGfxDirect
   361: 0030d6f4     0 NOTYPE  LOCAL  DEFAULT   14 SavePtrDmaGfxGIFTag
   362: 0030c98c     4 OBJECT  LOCAL  DEFAULT   13 TotalSize
   363: 0030c99c     4 OBJECT  LOCAL  DEFAULT   13 before
   364: 0030c9a0     4 OBJECT  LOCAL  DEFAULT   13 after
   365: 0030c9a4     4 OBJECT  LOCAL  DEFAULT   13 NumPS2SpacesCreated
   366: 0011d7d8   220 FUNC    LOCAL  DEFAULT    1 CreateSortedTextures(void)
   367: 0030c9a8     4 OBJECT  LOCAL  DEFAULT   13 nTextureRectList
   368: 0011d8b8   564 FUNC    LOCAL  DEFAULT    1 CheckAndAddTextureToSpace(int, int)
   369: 00316980     0 NOTYPE  LOCAL  DEFAULT   15 TextureRectList
   370: 0030d6f8     0 NOTYPE  LOCAL  DEFAULT   14 SpaceSize
   371: 0011daf0   520 FUNC    LOCAL  DEFAULT    1 Reduce(void)
   372: 0011dcf8  1516 FUNC    LOCAL  DEFAULT    1 CreateSpaceAndPackTextures(void)
   373: 00254360  1024 OBJECT  LOCAL  DEFAULT    4 lut4
   374: 00254760   128 OBJECT  LOCAL  DEFAULT    4 block_table4
   375: 002547e0   128 OBJECT  LOCAL  DEFAULT    4 block_table8
   376: 00254860   128 OBJECT  LOCAL  DEFAULT    4 block_table32
   377: 002548e0   512 OBJECT  LOCAL  DEFAULT    4 lut8
   378: 0011f470     0 NOTYPE  LOCAL  DEFAULT    1 gcc2_compiled.
   379: 0011f470     0 NOTYPE  LOCAL  DEFAULT    1 __gnu_compiled_cplusplus
   380: 00264bd8  1024 OBJECT  LOCAL  DEFAULT    4 crc_32_tab
   381: 00265060    12 OBJECT  LOCAL  DEFAULT    4 ascii_table
   382: 0030c9d8     4 OBJECT  LOCAL  DEFAULT   13 skipit.288
   383: 0030d708     0 NOTYPE  LOCAL  DEFAULT   14 WomanFrame
   384: 0030d6fc     0 NOTYPE  LOCAL  DEFAULT   14 WomanBuf
   385: 0030d704     0 NOTYPE  LOCAL  DEFAULT   14 pWoman
   386: 0030d700     0 NOTYPE  LOCAL  DEFAULT   14 PS2Woman
   387: 00120cf8     0 NOTYPE  LOCAL  DEFAULT    1 gcc2_compiled.
   388: 00120cf8     0 NOTYPE  LOCAL  DEFAULT    1 __gnu_compiled_cplusplus
   389: 0030d70c     0 NOTYPE  LOCAL  DEFAULT   14 SpriteColourR
   390: 0030d70d     0 NOTYPE  LOCAL  DEFAULT   14 SpriteColourG
   391: 0030d70e     0 NOTYPE  LOCAL  DEFAULT   14 SpriteColourB
   392: 0030d70f     0 NOTYPE  LOCAL  DEFAULT   14 SpriteColourA
   393: 00121650     0 NOTYPE  LOCAL  DEFAULT    1 gcc2_compiled.
   394: 00121650     0 NOTYPE  LOCAL  DEFAULT    1 __gnu_compiled_cplusplus
   395: 0030ca38     4 OBJECT  LOCAL  DEFAULT   13 CalcPacket
   396: 0030ca3c     4 OBJECT  LOCAL  DEFAULT   13 DrawPacket
   397: 002650c0    16 OBJECT  LOCAL  DEFAULT    4 TColor2
   398: 002650d0    16 OBJECT  LOCAL  DEFAULT    4 TAmbient
   399: 0030d715     0 NOTYPE  LOCAL  DEFAULT   14 AlphaFogObjects
   400: 0030d713     0 NOTYPE  LOCAL  DEFAULT   14 olda
   401: 0030d714     0 NOTYPE  LOCAL  DEFAULT   14 TweakRGBA
   402: 0030d718     0 NOTYPE  LOCAL  DEFAULT   14 SendDownMatrix
   403: 0030d71c     0 NOTYPE  LOCAL  DEFAULT   14 LastFlags
   404: 00316d80     0 NOTYPE  LOCAL  DEFAULT   15 EnvPacket
   405: 0030d721     0 NOTYPE  LOCAL  DEFAULT   14 BlobTime
   406: 0030d720     0 NOTYPE  LOCAL  DEFAULT   14 BlobToDraw
   407: 0030d722     0 NOTYPE  LOCAL  DEFAULT   14 BlobDir
   408: 0030d711     0 NOTYPE  LOCAL  DEFAULT   14 oldg
   409: 0030d710     0 NOTYPE  LOCAL  DEFAULT   14 oldr
   410: 0030d712     0 NOTYPE  LOCAL  DEFAULT   14 oldb
   411: 001249e8     0 NOTYPE  LOCAL  DEFAULT    1 gcc2_compiled.
   412: 001249e8     0 NOTYPE  LOCAL  DEFAULT    1 __gnu_compiled_cplusplus
   413: 00316dc0     0 NOTYPE  LOCAL  DEFAULT   15 debug_menu_bot_settings.147
   414: 001267a0     0 NOTYPE  LOCAL  DEFAULT    1 gcc2_compiled.
   415: 001267a0     0 NOTYPE  LOCAL  DEFAULT    1 __gnu_compiled_cplusplus
   416: 0026f460    55 OBJECT  LOCAL  DEFAULT    4 bot_state_types
   417: 001297a8    16 FUNC    LOCAL  DEFAULT    1 _sortWeapons(void const *, void const *)
   418: 00129d28     0 NOTYPE  LOCAL  DEFAULT    1 gcc2_compiled.
   419: 00129d28     0 NOTYPE  LOCAL  DEFAULT    1 __gnu_compiled_cplusplus
   420: 0030ca90     2 OBJECT  LOCAL  DEFAULT   13 startweap
   421: 0012b270     0 NOTYPE  LOCAL  DEFAULT    1 gcc2_compiled.
   422: 0012b270     0 NOTYPE  LOCAL  DEFAULT    1 __gnu_compiled_cplusplus
   423: 00316dd8     0 NOTYPE  LOCAL  DEFAULT   15 ShardList
   424: 0012b970   496 FUNC    LOCAL  DEFAULT    1 Break_Kill(obj_tag *, HITDATA_tag *)
   425: 0012c5a0     0 NOTYPE  LOCAL  DEFAULT    1 gcc2_compiled.
   426: 0012c5a0     0 NOTYPE  LOCAL  DEFAULT    1 __gnu_compiled_cplusplus
   427: 0012cba8   496 FUNC    LOCAL  DEFAULT    1 Bullet_trail_effect_smoke(obj_tag *)
   428: 0012d890  3536 FUNC    LOCAL  DEFAULT    1 Bullet_DoTrails(obj_tag *, BU_tag *, _VECTOR *, float)
   429: 0012f358   800 FUNC    LOCAL  DEFAULT    1 Bullet_homing(BU_tag *, obj_tag *)
   430: 0012f248   272 FUNC    LOCAL  DEFAULT    1 Bullet_heatseekable(obj_tag *)
   431: 0012fec8     0 NOTYPE  LOCAL  DEFAULT    1 gcc2_compiled.
   432: 0012fec8     0 NOTYPE  LOCAL  DEFAULT    1 __gnu_compiled_cplusplus
   433: 0012fec8   404 FUNC    LOCAL  DEFAULT    1 Car_InitBits(CAR_INFO *, obj_tag const *)
   434: 00130060  1356 FUNC    LOCAL  DEFAULT    1 Car_SetBits(CAR_INFO *, obj_tag *)
   435: 00133070     0 NOTYPE  LOCAL  DEFAULT    1 gcc2_compiled.
   436: 00133070     0 NOTYPE  LOCAL  DEFAULT    1 __gnu_compiled_cplusplus
   437: 00316df0     0 NOTYPE  LOCAL  DEFAULT   15 Delta.183
   438: 00316e00     0 NOTYPE  LOCAL  DEFAULT   15 DeltaV.184
   439: 00316e10     0 NOTYPE  LOCAL  DEFAULT   15 pt1.185
   440: 00316e20     0 NOTYPE  LOCAL  DEFAULT   15 OldR.186
   441: 00316e30     0 NOTYPE  LOCAL  DEFAULT   15 NewR.187
   442: 00316e40     0 NOTYPE  LOCAL  DEFAULT   15 DeltaR.188
   443: 00316e50     0 NOTYPE  LOCAL  DEFAULT   15 M.189
   444: 00134ab8     0 NOTYPE  LOCAL  DEFAULT    1 gcc2_compiled.
   445: 00134ab8     0 NOTYPE  LOCAL  DEFAULT    1 __gnu_compiled_cplusplus
   446: 00316e90     0 NOTYPE  LOCAL  DEFAULT   15 FishList
   447: 00134e58   944 FUNC    LOCAL  DEFAULT    1 Creature_CalcWaypoints(obj_tag *, CREATURE *)
   448: 00134cf0   356 FUNC    LOCAL  DEFAULT    1 Creature_CalcPoint(_VECTOR *, _VECTOR3 *, _VECTOR3 *, _VECTOR *, float, obj_tag *, float)
   449: 001352d0   112 FUNC    LOCAL  DEFAULT    1 Creature_Hurt(obj_tag *)
   450: 00135340   252 FUNC    LOCAL  DEFAULT    1 Creature_Move(obj_tag *, CREATURE *)
   451: 00135440     0 NOTYPE  LOCAL  DEFAULT    1 gcc2_compiled.
   452: 00135440     0 NOTYPE  LOCAL  DEFAULT    1 __gnu_compiled_cplusplus
   453: 00135440   468 FUNC    LOCAL  DEFAULT    1 Door_SetupSwing(obj_tag *, level_tag *)
   454: 00135618   288 FUNC    LOCAL  DEFAULT    1 Door_SetState(obj_tag *, unsigned short)
   455: 00135738   580 FUNC    LOCAL  DEFAULT    1 Door_Interp(obj_tag *, DOORINFO *, signed char)
   456: 00316ea0     0 NOTYPE  LOCAL  DEFAULT   15 DoorGroupsStates
   457: 00316f70     0 NOTYPE  LOCAL  DEFAULT   15 TheDoors
   458: 00136888     0 NOTYPE  LOCAL  DEFAULT    1 gcc2_compiled.
   459: 00136888     0 NOTYPE  LOCAL  DEFAULT    1 __gnu_compiled_cplusplus
   460: 001386d8  1076 FUNC    LOCAL  DEFAULT    1 Drone_IsCoverNodeUsable(unsigned int, CoverNode_tag *)
   461: 0030caa0     4 OBJECT  LOCAL  DEFAULT   13 iTimeToCalc.255
   462: 0013ab58     0 NOTYPE  LOCAL  DEFAULT    1 gcc2_compiled.
   463: 0013ab58     0 NOTYPE  LOCAL  DEFAULT    1 __gnu_compiled_cplusplus
   464: 0013dcb8    72 FUNC    LOCAL  DEFAULT    1 DroneAnim_CallFullyComplete(Drone_tag *)
   465: 0013dc90    36 FUNC    LOCAL  DEFAULT    1 DroneAnim_ZeroAnimCall(Drone_tag *)
   466: 0013dae8    72 FUNC    LOCAL  DEFAULT    1 DroneAnim_CheckForAnimComplete(Drone_tag *)
   467: 0013dbf8   152 FUNC    LOCAL  DEFAULT    1 DroneAnim_CanSetAnimCall(Drone_tag *)
   468: 0013db30   196 FUNC    LOCAL  DEFAULT    1 DroneAnim_GetDAnimForCall(Drone_tag *, unsigned short, unsigned short, unsigned short *, unsigned short *, signed char *)
   469: 0013def8    60 FUNC    LOCAL  DEFAULT    1 DroneAnim_SetAnimCall(DCVars_tag *, unsigned short, unsigned short, signed char)
   470: 0013aee8   732 FUNC    LOCAL  DEFAULT    1 DroneAnim_SetDAnimInternal(unsigned short, unsigned short, signed char, Drone_tag *)
   471: 0013bf40   308 FUNC    LOCAL  DEFAULT    1 DroneAnim_ValidateCoverAnim(DCVars_tag *, unsigned short)
   472: 0013de40   180 FUNC    LOCAL  DEFAULT    1 DroneAnim_GetDAnimForAnimState(unsigned short, unsigned short, unsigned short, unsigned short *, signed char *)
   473: 0013e488     0 NOTYPE  LOCAL  DEFAULT    1 gcc2_compiled.
   474: 0013e488     0 NOTYPE  LOCAL  DEFAULT    1 __gnu_compiled_cplusplus
   475: 0013e560     0 NOTYPE  LOCAL  DEFAULT    1 gcc2_compiled.
   476: 0013e560     0 NOTYPE  LOCAL  DEFAULT    1 __gnu_compiled_cplusplus
   477: 0030cb30     4 OBJECT  LOCAL  DEFAULT   13 counter.210
   478: 0013f688   628 FUNC    LOCAL  DEFAULT    1 NDrone2_HandleTalking(DCVars_tag *)
   479: 0013fff0  1648 FUNC    LOCAL  DEFAULT    1 NDrone2_DealWithObjHit(obj_tag *, Drone_tag *, HITDATA_tag *)
   480: 0030cb38     4 OBJECT  LOCAL  DEFAULT   13 pDCVCount.478
   481: 00147c48   784 FUNC    LOCAL  DEFAULT    1 DroneFunc_FirstSightState(DCVars_tag *)
   482: 00147f58   180 FUNC    LOCAL  DEFAULT    1 DroneFunc_FirstAlertState(DCVars_tag *)
   483: 0014b1e8     0 NOTYPE  LOCAL  DEFAULT    1 gcc2_compiled.
   484: 0014b1e8     0 NOTYPE  LOCAL  DEFAULT    1 __gnu_compiled_cplusplus
   485: 0014c938   672 FUNC    LOCAL  DEFAULT    1 NDrone2_GetDTYPENEW(Drone_tag *, unsigned int, unsigned int)
   486: 0014e5b8     0 NOTYPE  LOCAL  DEFAULT    1 gcc2_compiled.
   487: 0014e5b8     0 NOTYPE  LOCAL  DEFAULT    1 __gnu_compiled_cplusplus
   488: 0030cb3c     4 OBJECT  LOCAL  DEFAULT   13 maxdif.147
   489: 0014e6f0  1208 FUNC    LOCAL  DEFAULT    1 NDrone2_EvaluateObstacle(Drone_tag *, Drone_tag *, ObstacleEval_tag *)
   490: 00156088     0 NOTYPE  LOCAL  DEFAULT    1 gcc2_compiled.
   491: 00156088     0 NOTYPE  LOCAL  DEFAULT    1 __gnu_compiled_cplusplus
   492: 00156088   216 FUNC    LOCAL  DEFAULT    1 AINetwork_AlterDestFor_DROUTE_Nearest(AIRoute_tag *)
   493: 00156760  1096 FUNC    LOCAL  DEFAULT    1 AINetwork_OptimiseRoute(AIRoute_tag *, unsigned int, signed char, signed char)
   494: 00156ba8   624 FUNC    LOCAL  DEFAULT    1 AINetwork_CalcRoute(AIRoute_tag *, obj_tag *, obj_tag *, unsigned short)
   495: 001571b0  1484 FUNC    LOCAL  DEFAULT    1 AINetwork_DoAStarPath(AIRoute_tag *, obj_tag *, obj_tag *, unsigned int, unsigned short)
   496: 00156e18   916 FUNC    LOCAL  DEFAULT    1 AINetwork_NodeSearchCel(AINodeSearch_tag *)
   497: 0030d724     0 NOTYPE  LOCAL  DEFAULT   14 CelList.219
   498: 0030d728     0 NOTYPE  LOCAL  DEFAULT   14 CelList.232
   499: 00158b10   480 FUNC    LOCAL  DEFAULT    1 AINetwork_SetupRouteToPosition(obj_tag *, CelPos_tag *, AITarget_tag *, AIPoint_tag *, float, AIRoute_tag *)
   500: 00159668   424 FUNC    LOCAL  DEFAULT    1 AINetwork_SetupNextNode(short, AIRoute_tag *, DCVars_tag *)
   501: 00159f28   540 FUNC    LOCAL  DEFAULT    1 LinkCreep_Increment(AIRoute_tag *, DCVars_tag *, signed char *)
   502: 0015a148   380 FUNC    LOCAL  DEFAULT    1 LinkCreep_Decrement(AIRoute_tag *, DCVars_tag *)
   503: 0015a2c8   452 FUNC    LOCAL  DEFAULT    1 LinkCreep_Handler(AIRoute_tag *, DCVars_tag *)
   504: 0015b830     0 NOTYPE  LOCAL  DEFAULT    1 gcc2_compiled.
   505: 0015b830     0 NOTYPE  LOCAL  DEFAULT    1 __gnu_compiled_cplusplus
   506: 00171df8   816 FUNC    LOCAL  DEFAULT    1 Drone_SM_RouteMsgDCV(DCVars_tag *, MsgObject *)
   507: 00175af0     0 NOTYPE  LOCAL  DEFAULT    1 gcc2_compiled.
   508: 00175af0     0 NOTYPE  LOCAL  DEFAULT    1 __gnu_compiled_cplusplus
   509: 00175af0   456 FUNC    LOCAL  DEFAULT    1 DroneVision_OpponentVisibility(Drone_tag *)
   510: 00175cb8   564 FUNC    LOCAL  DEFAULT    1 DroneVision_SeekOpponentLOS(Drone_tag *)
   511: 00175ef0   444 FUNC    LOCAL  DEFAULT    1 DroneVision_HaveOpponentSight(Drone_tag *)
   512: 00176250  1192 FUNC    LOCAL  DEFAULT    1 DroneVision_ConsiderAlerted(Drone_tag *, Drone_tag *)
   513: 001766f8   212 FUNC    LOCAL  DEFAULT    1 DroneVision_DetermineAlertCheck(Drone_tag *, Drone_tag *)
   514: 001767d0   596 FUNC    LOCAL  DEFAULT    1 DroneVision_FindAlertedDrones(void)
   515: 00177800   556 FUNC    LOCAL  DEFAULT    1 DroneVision_AlertSound(DCVars_tag *)
   516: 00177a30   488 FUNC    LOCAL  DEFAULT    1 DroneVision_ShoutFromOtherDrone(DCVars_tag *, DroneAlert_tag *, unsigned int)
   517: 001789c0     0 NOTYPE  LOCAL  DEFAULT    1 gcc2_compiled.
   518: 001789c0     0 NOTYPE  LOCAL  DEFAULT    1 __gnu_compiled_cplusplus
   519: 0017a870    80 FUNC    LOCAL  DEFAULT    1 DroneWeap_ManageBurstCount(DCVars_tag *)
   520: 00179ba8   404 FUNC    LOCAL  DEFAULT    1 DroneWeap_BurstDelay(Drone_tag *)
   521: 00179d40   832 FUNC    LOCAL  DEFAULT    1 DroneWeap_NextBulletTime(DCVars_tag *, signed char, signed char)
   522: 0017a080   252 FUNC    LOCAL  DEFAULT    1 DroneWeap_DoFiring(DCVars_tag *)
   523: 0017a938     0 NOTYPE  LOCAL  DEFAULT    1 gcc2_compiled.
   524: 0017a938     0 NOTYPE  LOCAL  DEFAULT    1 __gnu_compiled_cplusplus
   525: 0030d730     0 NOTYPE  LOCAL  DEFAULT   14 Key.114
   526: 0030d738     0 NOTYPE  LOCAL  DEFAULT   14 Weights.115
   527: 00316f80     0 NOTYPE  LOCAL  DEFAULT   15 clr.128
   528: 0030d740     0 NOTYPE  LOCAL  DEFAULT   14 i.135
   529: 00316fa0     0 NOTYPE  LOCAL  DEFAULT   15 M.136
   530: 0017b968     0 NOTYPE  LOCAL  DEFAULT    1 gcc2_compiled.
   531: 0017b968     0 NOTYPE  LOCAL  DEFAULT    1 __gnu_compiled_cplusplus
   532: 0017c350     0 NOTYPE  LOCAL  DEFAULT    1 gcc2_compiled.
   533: 0017c350     0 NOTYPE  LOCAL  DEFAULT    1 __gnu_compiled_cplusplus
   534: 002a3718    16 OBJECT  LOCAL  DEFAULT    4 MetalHash.132
   535: 002a3728    16 OBJECT  LOCAL  DEFAULT    4 StoneHash.133
   536: 0017d178     0 NOTYPE  LOCAL  DEFAULT    1 gcc2_compiled.
   537: 0017d178     0 NOTYPE  LOCAL  DEFAULT    1 __gnu_compiled_cplusplus
   538: 0017d340     0 NOTYPE  LOCAL  DEFAULT    1 gcc2_compiled.
   539: 0017d340     0 NOTYPE  LOCAL  DEFAULT    1 __gnu_compiled_cplusplus
   540: 0030cb58     4 OBJECT  LOCAL  DEFAULT   13 DiffMod
   541: 002a37e8    72 OBJECT  LOCAL  DEFAULT    4 Bits
   542: 00316fe0     0 NOTYPE  LOCAL  DEFAULT   15 CopterPaths
   543: 0017e530    56 FUNC    LOCAL  DEFAULT    1 Copter_Register(obj_tag *, unsigned short, void *)
   544: 0017d628   508 FUNC    LOCAL  DEFAULT    1 Copter_Move(obj_tag *, COPTER *, signed char)
   545: 0017d828   452 FUNC    LOCAL  DEFAULT    1 Copter_FireGun(obj_tag *, COPTER *)
   546: 0017d9f0   456 FUNC    LOCAL  DEFAULT    1 Copter_FireMissile(obj_tag *, COPTER *)
   547: 0030d748     0 NOTYPE  LOCAL  DEFAULT   14 attackmode.159
   548: 0030d74c     0 NOTYPE  LOCAL  DEFAULT   14 COPT_COS
   549: 0030d750     0 NOTYPE  LOCAL  DEFAULT   14 COPT_SIN
   550: 0017e468    80 FUNC    LOCAL  DEFAULT    1 __static_initialization_and_destruction_0
   551: 0017e5d0     0 NOTYPE  LOCAL  DEFAULT    1 gcc2_compiled.
   552: 0017e5d0     0 NOTYPE  LOCAL  DEFAULT    1 __gnu_compiled_cplusplus
   553: 0017ebe0     0 NOTYPE  LOCAL  DEFAULT    1 gcc2_compiled.
   554: 0017ebe0     0 NOTYPE  LOCAL  DEFAULT    1 __gnu_compiled_cplusplus
   555: 0017ebe0   500 FUNC    LOCAL  DEFAULT    1 Input_Check4Combo(void)
   556: 00316ff0     0 NOTYPE  LOCAL  DEFAULT   15 ComboKeysList
   557: 0030cb90     4 OBJECT  LOCAL  DEFAULT   13 NoInputCnt.132
   558: 0017f798   180 FUNC    LOCAL  DEFAULT    1 StickCompensation2(float *, float *)
   559: 0017f850   264 FUNC    LOCAL  DEFAULT    1 StickCompensation3(float *, float *)
   560: 002a3840   129 OBJECT  LOCAL  DEFAULT    4 gAnalogStickMappingFunction
   561: 0017f958   112 FUNC    LOCAL  DEFAULT    1 MapAnalogStick(float)
   562: 0017f9c8     0 NOTYPE  LOCAL  DEFAULT    1 gcc2_compiled.
   563: 0017f9c8     0 NOTYPE  LOCAL  DEFAULT    1 __gnu_compiled_cplusplus
   564: 00317008     0 NOTYPE  LOCAL  DEFAULT   15 TargetList.144
   565: 00181538    36 FUNC    LOCAL  DEFAULT    1 GT_Register(obj_tag *, unsigned short, void *)
   566: 00180348   332 FUNC    LOCAL  DEFAULT    1 GT_RandMove(obj_tag *, GUNTURRET *)
   567: 00181888     0 NOTYPE  LOCAL  DEFAULT    1 gcc2_compiled.
   568: 00181888     0 NOTYPE  LOCAL  DEFAULT    1 __gnu_compiled_cplusplus
   569: 00181888   336 FUNC    LOCAL  DEFAULT    1 MiniSub_FireTorpedo(_MiniSub *)
   570: 001819d8   296 FUNC    LOCAL  DEFAULT    1 MiniSubMove_Forward(_MiniSub *)
   571: 00181b00  1088 FUNC    LOCAL  DEFAULT    1 MiniSubState_Attack(_MiniSub *)
   572: 00182270     0 NOTYPE  LOCAL  DEFAULT    1 gcc2_compiled.
   573: 00182270     0 NOTYPE  LOCAL  DEFAULT    1 __gnu_compiled_cplusplus
   574: 0030cb98     4 OBJECT  LOCAL  DEFAULT   13 InternalState
   575: 0030cb9c     4 OBJECT  LOCAL  DEFAULT   13 MissionState
   576: 0030cba0     4 OBJECT  LOCAL  DEFAULT   13 BaseMap
   577: 0030cba4     4 OBJECT  LOCAL  DEFAULT   13 ThisOrderNum
   578: 0030cba8     4 OBJECT  LOCAL  DEFAULT   13 FailLabel
   579: 0030cbac     4 OBJECT  LOCAL  DEFAULT   13 LevelToEndTo
   580: 001827d8  1160 FUNC    LOCAL  DEFAULT    1 Mission_MonitorObjectives(void)
   581: 0030cbc0     4 OBJECT  LOCAL  DEFAULT   13 FadeClr.147
   582: 0030cbc4     4 OBJECT  LOCAL  DEFAULT   13 TimeOut.148
   583: 001830e0     0 NOTYPE  LOCAL  DEFAULT    1 gcc2_compiled.
   584: 001830e0     0 NOTYPE  LOCAL  DEFAULT    1 __gnu_compiled_cplusplus
   585: 0030cbc8     2 OBJECT  LOCAL  DEFAULT   13 UplinkCount
   586: 0030cbca     2 OBJECT  LOCAL  DEFAULT   13 DemolitionCount
   587: 0030cbcc     2 OBJECT  LOCAL  DEFAULT   13 ProtectionCount
   588: 0030cbce     2 OBJECT  LOCAL  DEFAULT   13 BluePrintCnt
   589: 002a4710    44 OBJECT  LOCAL  DEFAULT    4 MPTimeInfo
   590: 002a4740    44 OBJECT  LOCAL  DEFAULT    4 MPStatusInfo
   591: 0030cbe0     4 OBJECT  LOCAL  DEFAULT   13 TimeSpr
   592: 0030cbe4     4 OBJECT  LOCAL  DEFAULT   13 StatusSpr
   593: 002a4770    44 OBJECT  LOCAL  DEFAULT    4 AssassinSpriteInfo
   594: 001830e0   472 FUNC    LOCAL  DEFAULT    1 MP_HitBy(obj_tag *, unsigned short, obj_tag *, unsigned short *)
   595: 001832b8   380 FUNC    LOCAL  DEFAULT    1 MP_GetTarget(unsigned short, obj_tag *, signed char)
   596: 0030d760     0 NOTYPE  LOCAL  DEFAULT   14 SpawnPntTeamCount
   597: 0030d758     0 NOTYPE  LOCAL  DEFAULT   14 SpawnPntCount
   598: 00317210     0 NOTYPE  LOCAL  DEFAULT   15 Flags
   599: 00317330     0 NOTYPE  LOCAL  DEFAULT   15 Bases
   600: 00317450     0 NOTYPE  LOCAL  DEFAULT   15 Uplinks
   601: 00317960     0 NOTYPE  LOCAL  DEFAULT   15 DemolitionPlaces
   602: 003178d0     0 NOTYPE  LOCAL  DEFAULT   15 Demolition
   603: 00317cf0     0 NOTYPE  LOCAL  DEFAULT   15 ProtectionPlaces
   604: 00317c60     0 NOTYPE  LOCAL  DEFAULT   15 Protection
   605: 00317ff0     0 NOTYPE  LOCAL  DEFAULT   15 GoldenEye
   606: 00318230     0 NOTYPE  LOCAL  DEFAULT   15 GoldenEyeSpawns
   607: 003189e0     0 NOTYPE  LOCAL  DEFAULT   15 BluePrints
   608: 0030d768     0 NOTYPE  LOCAL  DEFAULT   14 GoldenEyeSpawnCounts
   609: 003188c0     0 NOTYPE  LOCAL  DEFAULT   15 EsponageBase
   610: 0030d770     0 NOTYPE  LOCAL  DEFAULT   14 Assasin
   611: 00318ce0     0 NOTYPE  LOCAL  DEFAULT   15 Hill
   612: 0030d778     0 NOTYPE  LOCAL  DEFAULT   14 PickupLastDeletedIndex
   613: 0030d77c     0 NOTYPE  LOCAL  DEFAULT   14 PickupNextAddIndex
   614: 0018b848    64 FUNC    LOCAL  DEFAULT    1 MP_PostLoadInitObjExt(MP_OBJ_EXT *)
   615: 00318830     0 NOTYPE  LOCAL  DEFAULT   15 BluePrint
   616: 00185de8   956 FUNC    LOCAL  DEFAULT    1 MP_CreateObject(MATRIX *, unsigned int *, celglist_tag *)
   617: 0018aa70   332 FUNC    LOCAL  DEFAULT    1 MP_assassinReset(signed char)
   618: 00183fc0   680 FUNC    LOCAL  DEFAULT    1 MP_RestartScenario(void)
   619: 00184268  1640 FUNC    LOCAL  DEFAULT    1 MP_CheckForEndCondition(void)
   620: 001848d0   768 FUNC    LOCAL  DEFAULT    1 MP_SortOutWhoWon(void)
   621: 0018b7a0   164 FUNC    LOCAL  DEFAULT    1 MP_initObjExt(MP_OBJ_EXT *, obj_tag *, unsigned int)
   622: 0018a210   292 FUNC    LOCAL  DEFAULT    1 MP_getObjExtFromMPOBJECT(MPOBJECT *)
   623: 001861a8  2356 FUNC    LOCAL  DEFAULT    1 MP_FlagUpdate(obj_tag *, MPOBJECT *, signed char)
   624: 0018b888   236 FUNC    LOCAL  DEFAULT    1 MP_recalcObjExtPaths(MP_OBJ_EXT *, signed char)
   625: 00186ae0   692 FUNC    LOCAL  DEFAULT    1 MP_KOHUpdate(obj_tag *, MPOBJECT *)
   626: 00186d98   776 FUNC    LOCAL  DEFAULT    1 MP_UplinkUpdate(obj_tag *, MPOBJECT *)
   627: 001870a0  1220 FUNC    LOCAL  DEFAULT    1 MP_DemolitionProtectionUpdate(obj_tag *, MPOBJECT *, unsigned short)
   628: 00318d70     0 NOTYPE  LOCAL  DEFAULT   15 HitByList
   629: 00187568  3436 FUNC    LOCAL  DEFAULT    1 MP_GoldenEyeUpdate(obj_tag *, MPOBJECT *, signed char)
   630: 001882d8  1688 FUNC    LOCAL  DEFAULT    1 MP_BluePrintUpdate(obj_tag *, MPOBJECT *, signed char)
   631: 00318e70     0 NOTYPE  LOCAL  DEFAULT   15 RObj
   632: 0018bf68     0 NOTYPE  LOCAL  DEFAULT    1 gcc2_compiled.
   633: 0018bf68     0 NOTYPE  LOCAL  DEFAULT    1 __gnu_compiled_cplusplus
   634: 003190f0     0 NOTYPE  LOCAL  DEFAULT   15 RandTable1
   635: 003194f0     0 NOTYPE  LOCAL  DEFAULT   15 WindVector
   636: 0030d788     0 NOTYPE  LOCAL  DEFAULT   14 DropType
   637: 0030d784     0 NOTYPE  LOCAL  DEFAULT   14 CurrentMax
   638: 00319510     0 NOTYPE  LOCAL  DEFAULT   15 PrevPos
   639: 0030d789     0 NOTYPE  LOCAL  DEFAULT   14 InitBodge
   640: 00319500     0 NOTYPE  LOCAL  DEFAULT   15 CubeCentre
   641: 0030d786     0 NOTYPE  LOCAL  DEFAULT   14 Added
   642: 0030d780     0 NOTYPE  LOCAL  DEFAULT   14 RainBoxRoot
   643: 00319520     0 NOTYPE  LOCAL  DEFAULT   15 WindVector2
   644: 003192f0     0 NOTYPE  LOCAL  DEFAULT   15 RandTable2
   645: 0018dda0     0 NOTYPE  LOCAL  DEFAULT    1 gcc2_compiled.
   646: 0018dda0     0 NOTYPE  LOCAL  DEFAULT    1 __gnu_compiled_cplusplus
   647: 0018f1b0   408 FUNC    LOCAL  DEFAULT    1 Pickup_CreateFromSet(_VECTOR *, _VECTOR *, unsigned short)
   648: 0018e650  2628 FUNC    LOCAL  DEFAULT    1 Pickup_Handler(obj_tag *, PICKUPINFO *, obj_tag *)
   649: 0018f4b8     0 NOTYPE  LOCAL  DEFAULT    1 gcc2_compiled.
   650: 0018f4b8     0 NOTYPE  LOCAL  DEFAULT    1 __gnu_compiled_cplusplus
   651: 0018f5d8     0 NOTYPE  LOCAL  DEFAULT    1 gcc2_compiled.
   652: 0018f5d8     0 NOTYPE  LOCAL  DEFAULT    1 __gnu_compiled_cplusplus
   653: 002b91b0    36 OBJECT  LOCAL  DEFAULT    4 AnimSet_Rifle_SP
   654: 002b91d8    36 OBJECT  LOCAL  DEFAULT    4 AnimSet_RifleCrouch_SP
   655: 002b9200    36 OBJECT  LOCAL  DEFAULT    4 AnimSet_Rifle
   656: 002b9228    36 OBJECT  LOCAL  DEFAULT    4 AnimSet_RifleCrouch
   657: 002b9250    36 OBJECT  LOCAL  DEFAULT    4 AnimSet_Unarmed
   658: 002b9278    36 OBJECT  LOCAL  DEFAULT    4 AnimSet_UnarmedCrouch
   659: 002b92a0    36 OBJECT  LOCAL  DEFAULT    4 AnimSet_Handgun
   660: 002b92c8    36 OBJECT  LOCAL  DEFAULT    4 AnimSet_HandgunCrouch
   661: 002b92f0    36 OBJECT  LOCAL  DEFAULT    4 AnimSet_Launcher
   662: 002b9318    36 OBJECT  LOCAL  DEFAULT    4 AnimSet_LauncherCrouch
   663: 002b9340    36 OBJECT  LOCAL  DEFAULT    4 AnimSet_Handgun2H
   664: 002b9368    36 OBJECT  LOCAL  DEFAULT    4 AnimSet_Handgun2HCrouch
   665: 002b9390    36 OBJECT  LOCAL  DEFAULT    4 AnimSet_TwinHandguns
   666: 002b93b8    36 OBJECT  LOCAL  DEFAULT    4 AnimSet_TwinHandgunsCrouch
   667: 002b93e0    36 OBJECT  LOCAL  DEFAULT    4 AnimSet_SMG
   668: 002b9408    36 OBJECT  LOCAL  DEFAULT    4 AnimSet_SMGCrouch
   669: 001902c8   872 FUNC    LOCAL  DEFAULT    1 Player_HandlePain(obj_tag *, BLData *, float, unsigned short, short)
   670: 00190bb0   472 FUNC    LOCAL  DEFAULT    1 Player_HandleDeath(obj_tag *)
   671: 00195e50   288 FUNC    LOCAL  DEFAULT    1 Player_InWater(BLData *, obj_tag *)
   672: 002b9430    16 OBJECT  LOCAL  DEFAULT    4 PunchSkin.204
   673: 00195d10   144 FUNC    LOCAL  DEFAULT    1 Player_InitGrapple(BLData *, obj_tag const *)
   674: 001916b0   956 FUNC    LOCAL  DEFAULT    1 Player_HandleJump(obj_tag *, BLData *, _VECTOR *)
   675: 00191a70   864 FUNC    LOCAL  DEFAULT    1 Player_MonitorAir(BLData *, obj_tag *)
   676: 00192310   428 FUNC    LOCAL  DEFAULT    1 Player_SSWalk(BLData *, obj_tag *)
   677: 001924c0   616 FUNC    LOCAL  DEFAULT    1 Player_SSCrouch(BLData *, obj_tag *)
   678: 00192728   312 FUNC    LOCAL  DEFAULT    1 Player_GrappleSetRope(obj_tag const *)
   679: 00192860   592 FUNC    LOCAL  DEFAULT    1 Player_SSGrapple(BLData *, obj_tag *)
   680: 00192ab0  1508 FUNC    LOCAL  DEFAULT    1 Player_ZeroG(BLData *, obj_tag *)
   681: 00193098  1020 FUNC    LOCAL  DEFAULT    1 Player_SSScanMode(BLData *, obj_tag *)
   682: 00194458  1360 FUNC    LOCAL  DEFAULT    1 Player_DealWithObjHit(obj_tag *, BLData *, HITDATA_tag *)
   683: 00196118     0 NOTYPE  LOCAL  DEFAULT    1 gcc2_compiled.
   684: 00196118     0 NOTYPE  LOCAL  DEFAULT    1 __gnu_compiled_cplusplus
   685: 00196758     0 NOTYPE  LOCAL  DEFAULT    1 gcc2_compiled.
   686: 00196758     0 NOTYPE  LOCAL  DEFAULT    1 __gnu_compiled_cplusplus
   687: 00197130     0 NOTYPE  LOCAL  DEFAULT    1 gcc2_compiled.
   688: 00197130     0 NOTYPE  LOCAL  DEFAULT    1 __gnu_compiled_cplusplus
   689: 00198318     0 NOTYPE  LOCAL  DEFAULT    1 gcc2_compiled.
   690: 00198318     0 NOTYPE  LOCAL  DEFAULT    1 __gnu_compiled_cplusplus
   691: 002bbda0   180 OBJECT  LOCAL  DEFAULT    4 HT_Level_Driving_Paris_ST
   692: 002bbe58   180 OBJECT  LOCAL  DEFAULT    4 HT_Level_CastleExterior_ST
   693: 002bbf10   180 OBJECT  LOCAL  DEFAULT    4 HT_Level_Driving_SnowMobile_ST
   694: 002bbfc8   180 OBJECT  LOCAL  DEFAULT    4 HT_Level_Driving_Alps_ST
   695: 002bc080   180 OBJECT  LOCAL  DEFAULT    4 HT_Level_HendersonA_ST
   696: 002bc138   180 OBJECT  LOCAL  DEFAULT    4 HT_Level_TowerA_ST
   697: 002bc1f0   180 OBJECT  LOCAL  DEFAULT    4 HT_Level_PowerStationA1_ST
   698: 002bc2a8   180 OBJECT  LOCAL  DEFAULT    4 HT_Level_Tower2A_ST
   699: 002bc360   180 OBJECT  LOCAL  DEFAULT    4 HT_Level_Driving_Underwater_ST
   700: 002bc418   180 OBJECT  LOCAL  DEFAULT    4 HT_Level_Driving_JungleA_ST
   701: 002bc4d0   180 OBJECT  LOCAL  DEFAULT    4 HT_Level_EvilBase_ST
   702: 002bc588   180 OBJECT  LOCAL  DEFAULT    4 HT_Level_SpaceStationD_ST
   703: 002bc640   720 OBJECT  LOCAL  DEFAULT    4 ScoringTable
   704: 0030cc70     1 OBJECT  LOCAL  DEFAULT   13 DoneBetter
   705: 00199b70     0 NOTYPE  LOCAL  DEFAULT    1 gcc2_compiled.
   706: 00199b70     0 NOTYPE  LOCAL  DEFAULT    1 __gnu_compiled_cplusplus
   707: 002bcdf8    44 OBJECT  LOCAL  DEFAULT    4 CrossHair
   708: 002bce28    44 OBJECT  LOCAL  DEFAULT    4 ActivateGfx
   709: 002bce58   352 OBJECT  LOCAL  DEFAULT    4 AmmoSprInfo
   710: 002bcfb8    28 OBJECT  LOCAL  DEFAULT    4 AmmoPane
   711: 001a0ed8   104 FUNC    LOCAL  DEFAULT    1 HUD_CreateAmmoPane(BLData *, HUDPANE_tag *, HUDPANECREATE_tag *, obj_tag *)
   712: 0019a7f0  2336 FUNC    LOCAL  DEFAULT    1 HUD_UpdateAmmoPane(BLData *, HUDPANE_tag *, obj_tag *)
   713: 002bcfd8    88 OBJECT  LOCAL  DEFAULT    4 BloodSprInfo
   714: 002bd030    28 OBJECT  LOCAL  DEFAULT    4 BloodPane
   715: 001a0bb8   332 FUNC    LOCAL  DEFAULT    1 HUD_CreateShrink(BLData *, HUDPANE_tag *, HUDPANECREATE_tag *, obj_tag *)
   716: 0019a6a8   324 FUNC    LOCAL  DEFAULT    1 HUD_UpdateBloodPane(BLData *, HUDPANE_tag *, obj_tag *)
   717: 002bd050  1056 OBJECT  LOCAL  DEFAULT    4 HealthSprInfo
   718: 002bd470    28 OBJECT  LOCAL  DEFAULT    4 HealthPane
   719: 001a0f40   228 FUNC    LOCAL  DEFAULT    1 HUD_CreateHealthPane(BLData *, HUDPANE_tag *, HUDPANECREATE_tag *, obj_tag *)
   720: 0019b9c8  2372 FUNC    LOCAL  DEFAULT    1 HUD_UpdateHealthPane(BLData *, HUDPANE_tag *, obj_tag *)
   721: 002bd490   132 OBJECT  LOCAL  DEFAULT    4 AirSprInfo
   722: 002bd518    28 OBJECT  LOCAL  DEFAULT    4 AirPane
   723: 00199b70   792 FUNC    LOCAL  DEFAULT    1 HUD_CreateDefault(BLData *, HUDPANE_tag *, HUDPANECREATE_tag *, obj_tag *)
   724: 001a11c8   264 FUNC    LOCAL  DEFAULT    1 HUD_UpdateAirPane(BLData *, HUDPANE_tag *, obj_tag *)
   725: 002bd538    28 OBJECT  LOCAL  DEFAULT    4 MsgMissionStatusPane
   726: 001a1028    68 FUNC    LOCAL  DEFAULT    1 HUD_CreateMissionStatusPane(BLData *, HUDPANE_tag *, HUDPANECREATE_tag *, obj_tag *)
   727: 0019c310  1912 FUNC    LOCAL  DEFAULT    1 HUD_UpdateStatusPane(BLData *, HUDPANE_tag *, obj_tag *)
   728: 00319580     0 NOTYPE  LOCAL  DEFAULT   15 MissionStatusSprInfo
   729: 002bd558   132 OBJECT  LOCAL  DEFAULT    4 SightSprInfo
   730: 002bd5e0    28 OBJECT  LOCAL  DEFAULT    4 SightPane
   731: 001a12d0     8 FUNC    LOCAL  DEFAULT    1 HUD_UpdateSightPane(BLData *, HUDPANE_tag *, obj_tag *)
   732: 002bd600   396 OBJECT  LOCAL  DEFAULT    4 CameraSprInfo
   733: 002bd790    28 OBJECT  LOCAL  DEFAULT    4 CameraPane
   734: 001a12d8   312 FUNC    LOCAL  DEFAULT    1 HUD_UpdateCameraPane(BLData *, HUDPANE_tag *, obj_tag *)
   735: 002bd7b0   264 OBJECT  LOCAL  DEFAULT    4 NightSightSprInfo
   736: 002bd8b8    28 OBJECT  LOCAL  DEFAULT    4 NightSightPane
   737: 0019d218   412 FUNC    LOCAL  DEFAULT    1 HUD_UpdateNightSightPane(BLData *, HUDPANE_tag *, obj_tag *)
   738: 002bd8d8   308 OBJECT  LOCAL  DEFAULT    4 LensFlareSprInfo
   739: 002bda10    28 OBJECT  LOCAL  DEFAULT    4 LensFlarePane
   740: 0019d770  1872 FUNC    LOCAL  DEFAULT    1 HUD_UpdateLensFlarePane(BLData *, HUDPANE_tag *, obj_tag *)
   741: 002bda30   484 OBJECT  LOCAL  DEFAULT    4 RedeemerSprInfo
   742: 002bdc18    28 OBJECT  LOCAL  DEFAULT    4 RedeemerPane
   743: 0019dec0   692 FUNC    LOCAL  DEFAULT    1 HUD_CreateRedeemer(BLData *, HUDPANE_tag *, HUDPANECREATE_tag *, obj_tag *)
   744: 0019e178  1364 FUNC    LOCAL  DEFAULT    1 HUD_UpdateRedeemerPane(BLData *, HUDPANE_tag *, obj_tag *)
   745: 002bdc38   264 OBJECT  LOCAL  DEFAULT    4 RCCarSprInfo
   746: 002bdd40    28 OBJECT  LOCAL  DEFAULT    4 RCCarPane
   747: 001a15a0   256 FUNC    LOCAL  DEFAULT    1 HUD_UpdateCarPane(BLData *, HUDPANE_tag *, obj_tag *)
   748: 002bdd60    44 OBJECT  LOCAL  DEFAULT    4 RadarSprInfo
   749: 002bdd90    28 OBJECT  LOCAL  DEFAULT    4 RadarPane
   750: 0019f4e8   512 FUNC    LOCAL  DEFAULT    1 HUD_CreateRadar(BLData *, HUDPANE_tag *, HUDPANECREATE_tag *, obj_tag *)
   751: 0019f6e8  2412 FUNC    LOCAL  DEFAULT    1 HUD_RadarUpdate(BLData *, HUDPANE_tag *, obj_tag *)
   752: 002bddb0   220 OBJECT  LOCAL  DEFAULT    4 XraySprInfo
   753: 002bde90    28 OBJECT  LOCAL  DEFAULT    4 XrayPane
   754: 001a1410   296 FUNC    LOCAL  DEFAULT    1 HUD_UpdateXRayPane(BLData *, HUDPANE_tag *, obj_tag *)
   755: 002bdeb0   308 OBJECT  LOCAL  DEFAULT    4 SecCamSprInfo
   756: 002bdfe8    28 OBJECT  LOCAL  DEFAULT    4 SecCamPane
   757: 001a1538   100 FUNC    LOCAL  DEFAULT    1 HUD_UpdateSecCamPane(BLData *, HUDPANE_tag *, obj_tag *)
   758: 002be008   308 OBJECT  LOCAL  DEFAULT    4 OICWSprInfo
   759: 002be140    28 OBJECT  LOCAL  DEFAULT    4 OICWPane
   760: 0019cc90   612 FUNC    LOCAL  DEFAULT    1 HUD_CreateOICWPane(BLData *, HUDPANE_tag *, HUDPANECREATE_tag *, obj_tag *)
   761: 0019cef8   800 FUNC    LOCAL  DEFAULT    1 HUD_UpdateOICWPane(BLData *, HUDPANE_tag *, obj_tag *)
   762: 002be160   264 OBJECT  LOCAL  DEFAULT    4 RoninSprInfo
   763: 002be268    28 OBJECT  LOCAL  DEFAULT    4 RoninPane
   764: 002be288   264 OBJECT  LOCAL  DEFAULT    4 LaserSprInfo
   765: 002be390    28 OBJECT  LOCAL  DEFAULT    4 LaserPane
   766: 002be3b0   484 OBJECT  LOCAL  DEFAULT    4 SpaceSprInfo
   767: 002be598    28 OBJECT  LOCAL  DEFAULT    4 SpacePane
   768: 0019d3b8   948 FUNC    LOCAL  DEFAULT    1 HUD_UpdateSpacePane(BLData *, HUDPANE_tag *, obj_tag *)
   769: 002be5b8    88 OBJECT  LOCAL  DEFAULT    4 PaneList
   770: 00319710     0 NOTYPE  LOCAL  DEFAULT   15 MsgObjectiveStatusPane
   771: 00319810     0 NOTYPE  LOCAL  DEFAULT   15 MsgInfoStatusPane
   772: 00319910     0 NOTYPE  LOCAL  DEFAULT   15 MsgPickupStatusPane
   773: 002be610   132 OBJECT  LOCAL  DEFAULT    4 MPAmmoSprInfo
   774: 002be698    28 OBJECT  LOCAL  DEFAULT    4 MPAmmoPane
   775: 002be6b8   352 OBJECT  LOCAL  DEFAULT    4 MPHealthSprInfo
   776: 002be818    28 OBJECT  LOCAL  DEFAULT    4 MPHealthPane
   777: 0019b390   668 FUNC    LOCAL  DEFAULT    1 HUD_CreateMPHealthPane(BLData *, HUDPANE_tag *, HUDPANECREATE_tag *, obj_tag *)
   778: 0019b630   916 FUNC    LOCAL  DEFAULT    1 HUD_UpdateMPHealthPane(BLData *, HUDPANE_tag *, obj_tag *)
   779: 002be838    44 OBJECT  LOCAL  DEFAULT    4 MPInfoStatusSprInfo
   780: 002be868    28 OBJECT  LOCAL  DEFAULT    4 MPMsgInfoStatusPane
   781: 001a10b8   132 FUNC    LOCAL  DEFAULT    1 HUD_CreateInfoStatusPane(BLData *, HUDPANE_tag *, HUDPANECREATE_tag *, obj_tag *)
   782: 0019ca88   516 FUNC    LOCAL  DEFAULT    1 HUD_MPUpdateStatusPane(BLData *, HUDPANE_tag *, obj_tag *)
   783: 002be888   308 OBJECT  LOCAL  DEFAULT    4 MPScoreInfo
   784: 002be9c0    28 OBJECT  LOCAL  DEFAULT    4 MPScorePane
   785: 0019ed10   912 FUNC    LOCAL  DEFAULT    1 HUD_CreateMPScorePane(BLData *, HUDPANE_tag *, HUDPANECREATE_tag *, obj_tag *)
   786: 0019f0a0  1096 FUNC    LOCAL  DEFAULT    1 HUD_MPUpdatePane(BLData *, HUDPANE_tag *, obj_tag *)
   787: 002be9e0    88 OBJECT  LOCAL  DEFAULT    4 MPPaneList
   788: 0030cc94     2 OBJECT  LOCAL  DEFAULT   13 ttimer
   789: 0030cc96     2 OBJECT  LOCAL  DEFAULT   13 ctimer
   790: 0019e6d0   772 FUNC    LOCAL  DEFAULT    1 HUD_UpdateCrossHair(BLData *, sprite *)
   791: 0019e9d8   820 FUNC    LOCAL  DEFAULT    1 HUD_MonitorNightSight(BLData *)
   792: 002bea38   528 OBJECT  LOCAL  DEFAULT    4 BulletImg.189
   793: 0019b110   640 FUNC    LOCAL  DEFAULT    1 HUD_FixMP(sprite *, short)
   794: 0030ccb4     4 OBJECT  LOCAL  DEFAULT   13 ObjectiveSFXTriggered1.220
   795: 0030ccb8     4 OBJECT  LOCAL  DEFAULT   13 ObjectiveSFXTriggered2.221
   796: 0030ccbc     4 OBJECT  LOCAL  DEFAULT   13 ObjectiveSFXPlayMe1st.222
   797: 0030ccc0     4 OBJECT  LOCAL  DEFAULT   13 ObjectiveSFXPlayMe2nd.223
   798: 0030ccc4     1 OBJECT  LOCAL  DEFAULT   13 IsNew.224
   799: 0030ccc5     1 OBJECT  LOCAL  DEFAULT   13 IsComplete.225
   800: 0030d78c     0 NOTYPE  LOCAL  DEFAULT   14 OICW_timer
   801: 0030d78e     0 NOTYPE  LOCAL  DEFAULT   14 OICW_mode
   802: 0030cccc     1 OBJECT  LOCAL  DEFAULT   13 Scrl.247
   803: 0030cccd     1 OBJECT  LOCAL  DEFAULT   13 Scrl.272
   804: 002becf0   160 OBJECT  LOCAL  DEFAULT    4 TexUV.291
   805: 00319530     0 NOTYPE  LOCAL  DEFAULT   15 InvM.292
   806: 00319570     0 NOTYPE  LOCAL  DEFAULT   15 Target.293
   807: 00319608     0 NOTYPE  LOCAL  DEFAULT   15 ObjectiveStatusSprInfo
   808: 00319730     0 NOTYPE  LOCAL  DEFAULT   15 InfoStatusSprInfo
   809: 00319830     0 NOTYPE  LOCAL  DEFAULT   15 PickupStatusSprInfo
   810: 001a0058  2912 FUNC    LOCAL  DEFAULT    1 __static_initialization_and_destruction_0
   811: 001a1070    68 FUNC    LOCAL  DEFAULT    1 HUD_CreateObjectiveStatusPane(BLData *, HUDPANE_tag *, HUDPANECREATE_tag *, obj_tag *)
   812: 001a1140   132 FUNC    LOCAL  DEFAULT    1 HUD_CreatePickupStatusPane(BLData *, HUDPANE_tag *, HUDPANECREATE_tag *, obj_tag *)
   813: 001a16c0     0 NOTYPE  LOCAL  DEFAULT    1 gcc2_compiled.
   814: 001a16c0     0 NOTYPE  LOCAL  DEFAULT    1 __gnu_compiled_cplusplus
   815: 0030ccf0     4 OBJECT  LOCAL  DEFAULT   13 MAX_AUTO_AIM_DIST_NEAR
   816: 0030ccf4     4 OBJECT  LOCAL  DEFAULT   13 MAX_AUTO_AIM_DIST_MIDL
   817: 0030ccf8     4 OBJECT  LOCAL  DEFAULT   13 Seconds
   818: 0030ccfc     4 OBJECT  LOCAL  DEFAULT   13 Minutes
   819: 0030cd00     4 OBJECT  LOCAL  DEFAULT   13 Hours
   820: 0030cd04     4 OBJECT  LOCAL  DEFAULT   13 DoorMsg
   821: 0030cd08     4 OBJECT  LOCAL  DEFAULT   13 LoadMsg
   822: 001a4bf0  1408 FUNC    LOCAL  DEFAULT    1 Player_WeaponInitBullet(obj_tag *, weapon_definition_tag *)
   823: 001a3c70   372 FUNC    LOCAL  DEFAULT    1 Player_SetFiringAnim(BLData *, obj_tag *, weapon_definition_tag *)
   824: 001a5170   752 FUNC    LOCAL  DEFAULT    1 Player_Activate(obj_tag *, BLData *)
   825: 0030d790     0 NOTYPE  LOCAL  DEFAULT   14 CamHint
   826: 0030d791     0 NOTYPE  LOCAL  DEFAULT   14 StickyHint
   827: 001a9948     0 NOTYPE  LOCAL  DEFAULT    1 gcc2_compiled.
   828: 001a9948     0 NOTYPE  LOCAL  DEFAULT    1 __gnu_compiled_cplusplus
   829: 001a9df8   172 FUNC    LOCAL  DEFAULT    1 SS_Operate(obj_tag *, SIMPLESCRIPT_tag *)
   830: 001a9ef0     0 NOTYPE  LOCAL  DEFAULT    1 gcc2_compiled.
   831: 001a9ef0     0 NOTYPE  LOCAL  DEFAULT    1 __gnu_compiled_cplusplus
   832: 001aa9e8    24 FUNC    LOCAL  DEFAULT    1 SpaceLaser_Register(obj_tag *, unsigned short, void *)
   833: 001aaa00     0 NOTYPE  LOCAL  DEFAULT    1 gcc2_compiled.
   834: 001aaa00     0 NOTYPE  LOCAL  DEFAULT    1 __gnu_compiled_cplusplus
   835: 001acda0     0 NOTYPE  LOCAL  DEFAULT    1 gcc2_compiled.
   836: 001acda0     0 NOTYPE  LOCAL  DEFAULT    1 __gnu_compiled_cplusplus
   837: 001acda0   452 FUNC    LOCAL  DEFAULT    1 Sub_Laser(obj_tag *, SUBINFO *)
   838: 0030cd78     8 OBJECT  LOCAL  DEFAULT   13 Datums.135
   839: 002beee0    16 OBJECT  LOCAL  DEFAULT    4 Datums.139
   840: 001acf68   664 FUNC    LOCAL  DEFAULT    1 Sub_DeployTorpedoes(obj_tag *, SUBINFO *)
   841: 001ad878     0 NOTYPE  LOCAL  DEFAULT    1 gcc2_compiled.
   842: 001ad878     0 NOTYPE  LOCAL  DEFAULT    1 __gnu_compiled_cplusplus
   843: 0030cd80     4 OBJECT  LOCAL  DEFAULT   13 MIN4
   844: 0030cd84     4 OBJECT  LOCAL  DEFAULT   13 MIN3
   845: 0030cd88     4 OBJECT  LOCAL  DEFAULT   13 MIN2
   846: 0030cd8c     4 OBJECT  LOCAL  DEFAULT   13 MIN1
   847: 0030cd90     4 OBJECT  LOCAL  DEFAULT   13 MIN01
   848: 002beef0    56 OBJECT  LOCAL  DEFAULT    4 Cam1.132
   849: 002bef28    56 OBJECT  LOCAL  DEFAULT    4 Cam2.133
   850: 002bef60    56 OBJECT  LOCAL  DEFAULT    4 Laser1.134
   851: 002bef98    56 OBJECT  LOCAL  DEFAULT    4 Laser2.135
   852: 001ad878   284 FUNC    LOCAL  DEFAULT    1 SSys_Msg(unsigned short, unsigned short)
   853: 00319930     0 NOTYPE  LOCAL  DEFAULT   15 CameraList
   854: 001af398   340 FUNC    LOCAL  DEFAULT    1 Sensor_SetBeam(obj_tag *, obj_tag *, SENSOR *)
   855: 001b0970   128 FUNC    LOCAL  DEFAULT    1 FuseBox_Register(obj_tag *, unsigned short, void *)
   856: 001b09f0     0 NOTYPE  LOCAL  DEFAULT    1 gcc2_compiled.
   857: 001b09f0     0 NOTYPE  LOCAL  DEFAULT    1 __gnu_compiled_cplusplus
   858: 0030cd98     4 OBJECT  LOCAL  DEFAULT   13 SubTitleMsg
   859: 0030cd9c     4 OBJECT  LOCAL  DEFAULT   13 SubTitleSpr
   860: 0030cda0     4 OBJECT  LOCAL  DEFAULT   13 SubTitleSpr1
   861: 0030cda4     4 OBJECT  LOCAL  DEFAULT   13 SubTitleSpr2
   862: 00319970     0 NOTYPE  LOCAL  DEFAULT   15 MsgQueue
   863: 00319940     0 NOTYPE  LOCAL  DEFAULT   15 SubtitlesInfo
   864: 001b1338   240 FUNC    LOCAL  DEFAULT    1 __static_initialization_and_destruction_0
   865: 00319988     0 NOTYPE  LOCAL  DEFAULT   15 ReceivedBuf
   866: 001b1720     0 NOTYPE  LOCAL  DEFAULT    1 gcc2_compiled.
   867: 001b1720     0 NOTYPE  LOCAL  DEFAULT    1 __gnu_compiled_cplusplus
   868: 0030cdc0     1 OBJECT  LOCAL  DEFAULT   13 ProcessTouch
   869: 001b1fc8   844 FUNC    LOCAL  DEFAULT    1 Trigger_Hit(obj_tag *, TRIGGER_Tag *)
   870: 0030d794     0 NOTYPE  LOCAL  DEFAULT   14 GlobalVoiceHandle
   871: 00319b88     0 NOTYPE  LOCAL  DEFAULT   15 TmpParam
   872: 001b3488     0 NOTYPE  LOCAL  DEFAULT    1 gcc2_compiled.
   873: 001b3488     0 NOTYPE  LOCAL  DEFAULT    1 __gnu_compiled_cplusplus
   874: 001b3488 25720 FUNC    LOCAL  DEFAULT    1 __static_initialization_and_destruction_0
   875: 001b9920     0 NOTYPE  LOCAL  DEFAULT    1 gcc2_compiled.
   876: 001b9920     0 NOTYPE  LOCAL  DEFAULT    1 __gnu_compiled_cplusplus
   877: 002c6b50    88 OBJECT  LOCAL  DEFAULT    4 BlankInfo
   878: 0030cdc8     4 OBJECT  LOCAL  DEFAULT   13 ScreenBlankerState
   879: 0030cdd0     6 OBJECT  LOCAL  DEFAULT   13 AllocSizes.147
   880: 00319c10     0 NOTYPE  LOCAL  DEFAULT   15 SM.232
   881: 00319c50     0 NOTYPE  LOCAL  DEFAULT   15 t.233
   882: 0030d798     0 NOTYPE  LOCAL  DEFAULT   14 xs.234
   883: 0030d79c     0 NOTYPE  LOCAL  DEFAULT   14 ys.235
   884: 001bc6e8     0 NOTYPE  LOCAL  DEFAULT    1 gcc2_compiled.
   885: 001bc6e8     0 NOTYPE  LOCAL  DEFAULT    1 __gnu_compiled_cplusplus
   886: 0030cde1     1 OBJECT  LOCAL  DEFAULT   13 ReverseFlag
   887: 002c6be8   340 OBJECT  LOCAL  DEFAULT    4 HumanCollisionBones
   888: 002c6d40   340 OBJECT  LOCAL  DEFAULT    4 AstronautCollisionBones
   889: 002c6e98    14 OBJECT  LOCAL  DEFAULT    4 AimBlendBones
   890: 0030cde4     4 OBJECT  LOCAL  DEFAULT   13 obj0.216
   891: 0030cde8     4 OBJECT  LOCAL  DEFAULT   13 pAobj0.217
   892: 0030cdec     4 OBJECT  LOCAL  DEFAULT   13 parentblend.218
   893: 0030cdf0     4 OBJECT  LOCAL  DEFAULT   13 lerpblend.219
   894: 0030d7a0     0 NOTYPE  LOCAL  DEFAULT   14 pScript0.220
   895: 0030d7a4     0 NOTYPE  LOCAL  DEFAULT   14 pScript1.221
   896: 0030cdf4     4 OBJECT  LOCAL  DEFAULT   13 LastFlag.222
   897: 0030cdf8     4 OBJECT  LOCAL  DEFAULT   13 State.223
   898: 0030cdfc     4 OBJECT  LOCAL  DEFAULT   13 keystep.224
   899: 00319c60     0 NOTYPE  LOCAL  DEFAULT   15 origpos.225
   900: 00319c70     0 NOTYPE  LOCAL  DEFAULT   15 origrot.226
   901: 0030ce00     4 OBJECT  LOCAL  DEFAULT   13 htstate.227
   902: 001c64e0   172 FUNC    LOCAL  DEFAULT    1 AnimObjectInitialPose(obj_tag *)
   903: 0030d7bc     0 NOTYPE  LOCAL  DEFAULT   14 pAnimData
   904: 001bd3d8   292 FUNC    LOCAL  DEFAULT    1 AnimProcessScriptData(unsigned int)
   905: 001bd500  2620 FUNC    LOCAL  DEFAULT    1 AnimProcessSkinData(unsigned int)
   906: 001c6590   124 FUNC    LOCAL  DEFAULT    1 AnimSleeveGetEntity(unsigned int)
   907: 0030d7c0     0 NOTYPE  LOCAL  DEFAULT   14 AnimFileSize
   908: 0030d7c4     0 NOTYPE  LOCAL  DEFAULT   14 pAnimFileData
   909: 001c4ce0  2440 FUNC    LOCAL  DEFAULT    1 AnimProcessSeqData(unsigned int)
   910: 0030d7c8     0 NOTYPE  LOCAL  DEFAULT   14 Glb_AnimPostLoadDone
   911: 002c6ea8    20 OBJECT  LOCAL  DEFAULT    4 Male_Facial_State_Anims
   912: 002c6ec0    20 OBJECT  LOCAL  DEFAULT    4 Female_Facial_State_Anims
   913: 001be310   820 FUNC    LOCAL  DEFAULT    1 AnimFacialUpdate(obj_tag *, sAnimObject_tag *)
   914: 001be648   712 FUNC    LOCAL  DEFAULT    1 AnimFacialBlend(obj_tag *, sAnimObject_tag *, sAnimSkin_tag const *)
   915: 002c6ed8    32 OBJECT  LOCAL  DEFAULT    4 SleeveEnts.324
   916: 00319d80     0 NOTYPE  LOCAL  DEFAULT   15 Glb_SkinScale
   917: 00319d90     0 NOTYPE  LOCAL  DEFAULT   15 Glb_InvSkinScale
   918: 0030d7a8     0 NOTYPE  LOCAL  DEFAULT   14 Glb_bScriptDeleted
   919: 0030d7ac     0 NOTYPE  LOCAL  DEFAULT   14 Glb_pCurrentScript
   920: 001c2630   668 FUNC    LOCAL  DEFAULT    1 AnimScriptTick(obj_tag *, sAnimObject_tag *, sAnimScript_tag *)
   921: 001c28d0   684 FUNC    LOCAL  DEFAULT    1 AnimSeqTick(obj_tag *, sAnimObject_tag *, sAnimScript_tag *, sAnimSeq_tag *)
   922: 001c35f8  2660 FUNC    LOCAL  DEFAULT    1 AnimFrameResolve(obj_tag *, sAnimObject_tag *)
   923: 001c6a48   336 FUNC    LOCAL  DEFAULT    1 AnimSetInit(obj_tag *, sAnimSet_tag *, unsigned int *, float, float)
   924: 001c6a08    64 FUNC    LOCAL  DEFAULT    1 AnimSet_WalkUpdater(obj_tag *, sAnimSkin_tag *, sAnimSeq_tag *, sAnimScript_tag *)
   925: 001c1398   340 FUNC    LOCAL  DEFAULT    1 AnimScriptNew(obj_tag *, sAnimScript_tag *)
   926: 001c7248   148 FUNC    LOCAL  DEFAULT    1 AnimSeqNew(unsigned int, unsigned int)
   927: 001c72e0   100 FUNC    LOCAL  DEFAULT    1 AnimSeqDelete(sAnimSeq_tag **)
   928: 001c1600   444 FUNC    LOCAL  DEFAULT    1 AnimScriptInit(obj_tag *, sAnimScript_tag *, unsigned int)
   929: 0030d7b0     0 NOTYPE  LOCAL  DEFAULT   14 AnimScriptTimeStamp
   930: 001c1930   516 FUNC    LOCAL  DEFAULT    1 AnimScriptEnd(obj_tag *, sAnimObject_tag *, sAnimScript_tag *, float)
   931: 001c1b38  2808 FUNC    LOCAL  DEFAULT    1 AnimProcessScriptCmds(obj_tag *, sAnimObject_tag *, sAnimScript_tag *, int, int)
   932: 001c7460   320 FUNC    LOCAL  DEFAULT    1 AnimSeqSet(obj_tag *, sAnimObject_tag *, sAnimScript_tag *, sAnimRawSeq_tag *, unsigned int, int, int)
   933: 001c4270   540 FUNC    LOCAL  DEFAULT    1 AnimDistanceTableDistanceToFrame2(obj_tag *, sAnimObject_tag *, sAnimScript_tag *)
   934: 001c75a0   324 FUNC    LOCAL  DEFAULT    1 AnimFrameSet(obj_tag *, sAnimSeq_tag *, sAnimSkin_tag const *, float)
   935: 001c2b80  1436 FUNC    LOCAL  DEFAULT    1 AnimFrameBlend(obj_tag *, void *, void *, void *, int, float, sAnimBoneBlend_tag *)
   936: 001c4060   524 FUNC    LOCAL  DEFAULT    1 AnimDistanceTableCreate(unsigned int, int, int)
   937: 001c79a0   240 FUNC    LOCAL  DEFAULT    1 AnimSeqGetInfo(unsigned int, sAnimSeq_tag *, sAnimRawSeq_tag *)
   938: 00319da0     0 NOTYPE  LOCAL  DEFAULT   15 HitList2
   939: 0031aa00     0 NOTYPE  LOCAL  DEFAULT   15 Poly
   940: 0031a9a0     0 NOTYPE  LOCAL  DEFAULT   15 Results
   941: 0031aa20     0 NOTYPE  LOCAL  DEFAULT   15 Channels
   942: 0030ce0c     4 OBJECT  LOCAL  DEFAULT   13 ang.580
   943: 0030d7b4     0 NOTYPE  LOCAL  DEFAULT   14 AnimTagTimeStamp
   944: 001c76e8     8 FUNC    LOCAL  DEFAULT    1 AnimDistanceTableInit(void)
   945: 001c76f0   204 FUNC    LOCAL  DEFAULT    1 AnimDistanceTableGet(unsigned int)
   946: 0030d7b8     0 NOTYPE  LOCAL  DEFAULT   14 nDistanceTables
   947: 00319c80     0 NOTYPE  LOCAL  DEFAULT   15 DistanceTables
   948: 001c7a98     0 NOTYPE  LOCAL  DEFAULT    1 gcc2_compiled.
   949: 001c7a98     0 NOTYPE  LOCAL  DEFAULT    1 __gnu_compiled_cplusplus
   950: 002c7250   182 OBJECT  LOCAL  DEFAULT    4 bitDescs
   951: 002c7308   140 OBJECT  LOCAL  DEFAULT    4 bitMasks
   952: 0031aa30     0 NOTYPE  LOCAL  DEFAULT   15 drone_stats
   953: 001c7e78     0 NOTYPE  LOCAL  DEFAULT    1 gcc2_compiled.
   954: 001c7e78     0 NOTYPE  LOCAL  DEFAULT    1 __gnu_compiled_cplusplus
   955: 0031c090     0 NOTYPE  LOCAL  DEFAULT   15 PTPDATA
   956: 0031b090     0 NOTYPE  LOCAL  DEFAULT   15 TmpBuff.123
   957: 001c8928     0 NOTYPE  LOCAL  DEFAULT    1 gcc2_compiled.
   958: 001c8928     0 NOTYPE  LOCAL  DEFAULT    1 __gnu_compiled_cplusplus
   959: 0031cae0     0 NOTYPE  LOCAL  DEFAULT   15 CelList.153
   960: 0030d7cc     0 NOTYPE  LOCAL  DEFAULT   14 CelListCount.154
   961: 001c9790     0 NOTYPE  LOCAL  DEFAULT    1 gcc2_compiled.
   962: 001c9790     0 NOTYPE  LOCAL  DEFAULT    1 __gnu_compiled_cplusplus
   963: 0030cecc     1 OBJECT  LOCAL  DEFAULT   13 SkipCodeFrame
   964: 0030cece     2 OBJECT  LOCAL  DEFAULT   13 StackIndex
   965: 002c7398   256 OBJECT  LOCAL  DEFAULT    4 GameStateStack
   966: 001ca060     0 NOTYPE  LOCAL  DEFAULT    1 gcc2_compiled.
   967: 001ca060     0 NOTYPE  LOCAL  DEFAULT    1 __gnu_compiled_cplusplus
   968: 00324be0     0 NOTYPE  LOCAL  DEFAULT   15 HashTypeRanges
   969: 0031cbe0     0 NOTYPE  LOCAL  DEFAULT   15 t_hashtable
   970: 0030d7d4     0 NOTYPE  LOCAL  DEFAULT   14 ht_insert_ind
   971: 0030d7d0     0 NOTYPE  LOCAL  DEFAULT   14 m_nhti
   972: 001caa10     0 NOTYPE  LOCAL  DEFAULT    1 gcc2_compiled.
   973: 001caa10     0 NOTYPE  LOCAL  DEFAULT    1 __gnu_compiled_cplusplus
   974: 0030ced0     4 OBJECT  LOCAL  DEFAULT   13 StringHeapCnt
   975: 0030ced4     4 OBJECT  LOCAL  DEFAULT   13 Bank
   976: 0030ced8     4 OBJECT  LOCAL  DEFAULT   13 BankData
   977: 0030cedc     4 OBJECT  LOCAL  DEFAULT   13 NumEntries
   978: 002c7498    36 OBJECT  LOCAL  DEFAULT    4 FNames
   979: 0030cee0     4 OBJECT  LOCAL  DEFAULT   13 SelLang
   980: 00324c00     0 NOTYPE  LOCAL  DEFAULT   15 dontCrashString.51
   981: 00324d68     0 NOTYPE  LOCAL  DEFAULT   15 StringHeap
   982: 0033b568     0 NOTYPE  LOCAL  DEFAULT   15 StringHeapLock
   983: 001caad0   560 FUNC    LOCAL  DEFAULT    1 Txt_LoadLanguage(void)
   984: 0030d7dc     0 NOTYPE  LOCAL  DEFAULT   14 NumFixups
   985: 0030d7d8     0 NOTYPE  LOCAL  DEFAULT   14 FixupTable
   986: 001caeb8     0 NOTYPE  LOCAL  DEFAULT    1 gcc2_compiled.
   987: 001caeb8     0 NOTYPE  LOCAL  DEFAULT    1 __gnu_compiled_cplusplus
   988: 0033b668     0 NOTYPE  LOCAL  DEFAULT   15 SortList.150
   989: 001cc600     0 NOTYPE  LOCAL  DEFAULT    1 gcc2_compiled.
   990: 001cc600     0 NOTYPE  LOCAL  DEFAULT    1 __gnu_compiled_cplusplus
   991: 001cd0d8     0 NOTYPE  LOCAL  DEFAULT    1 gcc2_compiled.
   992: 001cd0d8     0 NOTYPE  LOCAL  DEFAULT    1 __gnu_compiled_cplusplus
   993: 0030cef8     4 OBJECT  LOCAL  DEFAULT   13 LABEL_PLRSETTINGS
   994: 0030cefc     4 OBJECT  LOCAL  DEFAULT   13 LABEL_MISSION
   995: 0030cf00     4 OBJECT  LOCAL  DEFAULT   13 LABEL_MPSETTINGS
   996: 0030cf04     4 OBJECT  LOCAL  DEFAULT   13 LABEL_GLBSETTINGS
   997: 0030cf08     4 OBJECT  LOCAL  DEFAULT   13 LABEL_BONUS
   998: 0030cf0c     4 OBJECT  LOCAL  DEFAULT   13 LABEL_CHEATS
   999: 0030cf14     2 OBJECT  LOCAL  DEFAULT   13 Load_State
  1000: 0030d7e0     0 NOTYPE  LOCAL  DEFAULT   14 WW.54
  1001: 0030d7e2     0 NOTYPE  LOCAL  DEFAULT   14 No.55
  1002: 0030d7e4     0 NOTYPE  LOCAL  DEFAULT   14 Size.56
  1003: 0030d7e8     0 NOTYPE  LOCAL  DEFAULT   14 ret.57
  1004: 0030d7ec     0 NOTYPE  LOCAL  DEFAULT   14 OldState.58
  1005: 0030cf16     2 OBJECT  LOCAL  DEFAULT   13 Save_State
  1006: 0030d7f0     0 NOTYPE  LOCAL  DEFAULT   14 WW.62
  1007: 0030d7f2     0 NOTYPE  LOCAL  DEFAULT   14 No.63
  1008: 0030d7f4     0 NOTYPE  LOCAL  DEFAULT   14 Size.64
  1009: 0030d7f8     0 NOTYPE  LOCAL  DEFAULT   14 ret.65
  1010: 0030d7fc     0 NOTYPE  LOCAL  DEFAULT   14 OldState.66
  1011: 001cd0d8   468 FUNC    LOCAL  DEFAULT    1 LS_GetSaveStuff(unsigned short, unsigned short)
  1012: 003456e0     0 NOTYPE  LOCAL  DEFAULT   15 DstData
  1013: 003416e0     0 NOTYPE  LOCAL  DEFAULT   15 InBufData
  1014: 001cd2b0   360 FUNC    LOCAL  DEFAULT    1 LS_GetLoadStuff(unsigned short, unsigned short)
  1015: 0033b6e0     0 NOTYPE  LOCAL  DEFAULT   15 Buf.88
  1016: 001cd418   416 FUNC    LOCAL  DEFAULT    1 LS_MakePlrSettings(unsigned int, unsigned short, unsigned short *)
  1017: 001cd5b8   356 FUNC    LOCAL  DEFAULT    1 LS_LoadPlrSettings(unsigned char *, unsigned short)
  1018: 0033c6e0     0 NOTYPE  LOCAL  DEFAULT   15 Buf.95
  1019: 0033d6e0     0 NOTYPE  LOCAL  DEFAULT   15 Buf.102
  1020: 001cd720   348 FUNC    LOCAL  DEFAULT    1 LS_MakeMission(unsigned int, unsigned short, unsigned short *)
  1021: 001cd880   332 FUNC    LOCAL  DEFAULT    1 LS_LoadMission(unsigned char *, unsigned short)
  1022: 0033e6e0     0 NOTYPE  LOCAL  DEFAULT   15 Buf.109
  1023: 0033f6e0     0 NOTYPE  LOCAL  DEFAULT   15 Buf.116
  1024: 003406e0     0 NOTYPE  LOCAL  DEFAULT   15 Buf.123
  1025: 001cd9d0   500 FUNC    LOCAL  DEFAULT    1 LS_MakeGlobalSettings(unsigned int, unsigned short, unsigned short *)
  1026: 001cdbc8   388 FUNC    LOCAL  DEFAULT    1 LS_LoadGlobalSettings(unsigned char *, unsigned short)
  1027: 001cdd50   616 FUNC    LOCAL  DEFAULT    1 __static_initialization_and_destruction_0
  1028: 001ce508   228 FUNC    LOCAL  DEFAULT    1 LS_MakeMPSettings(unsigned int, unsigned short, unsigned short *)
  1029: 001ce5f0   116 FUNC    LOCAL  DEFAULT    1 LS_LoadMPSettings(unsigned char *, unsigned short)
  1030: 001ce260   220 FUNC    LOCAL  DEFAULT    1 LS_MakeCheats(unsigned int, unsigned short, unsigned short *)
  1031: 001ce340   112 FUNC    LOCAL  DEFAULT    1 LS_LoadCheats(unsigned char *, unsigned short)
  1032: 001ce3b0   212 FUNC    LOCAL  DEFAULT    1 LS_MakeBonus(unsigned int, unsigned short, unsigned short *)
  1033: 001ce488   124 FUNC    LOCAL  DEFAULT    1 LS_LoadBonus(unsigned char *, unsigned short)
  1034: 001ce688     0 NOTYPE  LOCAL  DEFAULT    1 gcc2_compiled.
  1035: 001ce688     0 NOTYPE  LOCAL  DEFAULT    1 __gnu_compiled_cplusplus
  1036: 001ce8a8   928 FUNC    LOCAL  DEFAULT    1 Effect_Bullet(HITDATA_tag *, obj_tag *, cel_tag *, unsigned short)
  1037: 001cec48   748 FUNC    LOCAL  DEFAULT    1 Effect_Player(HITDATA_tag *, obj_tag *, cel_tag *, unsigned short, float)
  1038: 001cef38   812 FUNC    LOCAL  DEFAULT    1 Effect_Laser(HITDATA_tag *, obj_tag *, cel_tag *, unsigned short)
  1039: 001cf400   120 FUNC    LOCAL  DEFAULT    1 Effect_Body(HITDATA_tag *, obj_tag *, cel_tag *, unsigned short)
  1040: 003496e0     0 NOTYPE  LOCAL  DEFAULT   15 EffectList
  1041: 001cf300    96 FUNC    LOCAL  DEFAULT    1 Effect_UnLink(Effect_tag *)
  1042: 001cf568     0 NOTYPE  LOCAL  DEFAULT    1 gcc2_compiled.
  1043: 001cf568     0 NOTYPE  LOCAL  DEFAULT    1 __gnu_compiled_cplusplus
  1044: 0030cf98     4 OBJECT  LOCAL  DEFAULT   13 HeapByteSize
  1045: 0030cf9c     4 OBJECT  LOCAL  DEFAULT   13 MallocSize
  1046: 0030d804     0 NOTYPE  LOCAL  DEFAULT   14 QuickBlock
  1047: 0030d800     0 NOTYPE  LOCAL  DEFAULT   14 MallocMethod
  1048: 002c7538   676 OBJECT  LOCAL  DEFAULT    4 MemInfo
  1049: 001d00c0     0 NOTYPE  LOCAL  DEFAULT    1 gcc2_compiled.
  1050: 001d00c0     0 NOTYPE  LOCAL  DEFAULT    1 __gnu_compiled_cplusplus
  1051: 001d1020     0 NOTYPE  LOCAL  DEFAULT    1 gcc2_compiled.
  1052: 001d1020     0 NOTYPE  LOCAL  DEFAULT    1 __gnu_compiled_cplusplus
  1053: 0030cfb0     4 OBJECT  LOCAL  DEFAULT   13 pCelList
  1054: 0030cfb4     4 OBJECT  LOCAL  DEFAULT   13 pCurrCelList
  1055: 0030cfb8     4 OBJECT  LOCAL  DEFAULT   13 pBMH
  1056: 0030cfc0     4 OBJECT  LOCAL  DEFAULT   13 MapEntityCount
  1057: 0030cfc4     4 OBJECT  LOCAL  DEFAULT   13 CTriCount
  1058: 0030cfc8     4 OBJECT  LOCAL  DEFAULT   13 pFileDiscardHeader
  1059: 0030cfd0     4 OBJECT  LOCAL  DEFAULT   13 prev_block
  1060: 0030d810     0 NOTYPE  LOCAL  DEFAULT   14 bh
  1061: 001d23a0    24 FUNC    LOCAL  DEFAULT    1 parsemap_block_dict_uv(void)
  1062: 001d23b8    24 FUNC    LOCAL  DEFAULT    1 parsemap_block_dict_rgba(void)
  1063: 001d23d0    24 FUNC    LOCAL  DEFAULT    1 parsemap_block_dict_norm(void)
  1064: 001d15f8   536 FUNC    LOCAL  DEFAULT    1 parsemap_block_portal_data(void)
  1065: 001d24c8     8 FUNC    LOCAL  DEFAULT    1 parsemap_block_coll_data(void)
  1066: 001d1508   236 FUNC    LOCAL  DEFAULT    1 parsemap_block_entity_params(void)
  1067: 001d2310   140 FUNC    LOCAL  DEFAULT    1 parsemap_block_dict_xyz(void)
  1068: 001d2080    44 FUNC    LOCAL  DEFAULT    1 parsemap_block_texture_data_pcdx(void)
  1069: 001d24b0    24 FUNC    LOCAL  DEFAULT    1 parsemap_block_dict_comlist(void)
  1070: 001d1430   216 FUNC    LOCAL  DEFAULT    1 parsemap_block_map_header(void)
  1071: 001d1e78   152 FUNC    LOCAL  DEFAULT    1 parsemap_block_hashlist(void)
  1072: 001d1fc0   132 FUNC    LOCAL  DEFAULT    1 parsemap_block_palette_header(void)
  1073: 001d2278   152 FUNC    LOCAL  DEFAULT    1 parsemap_block_palette_data_pc(void)
  1074: 001d20b0   152 FUNC    LOCAL  DEFAULT    1 parsemap_block_palette_data_psx(void)
  1075: 001d2048    24 FUNC    LOCAL  DEFAULT    1 parsemap_block_texture_data_pc(void)
  1076: 001d2148   152 FUNC    LOCAL  DEFAULT    1 parsemap_block_texture_data_GameCube(void)
  1077: 001d21e0   152 FUNC    LOCAL  DEFAULT    1 parsemap_block_texture_data_Xbox(void)
  1078: 001d1f80    64 FUNC    LOCAL  DEFAULT    1 parsemap_block_texture_header(void)
  1079: 001d24d0    40 FUNC    LOCAL  DEFAULT    1 parsemap_block_path_data(void)
  1080: 001d1998   460 FUNC    LOCAL  DEFAULT    1 parsemap_block_map_data_static(void)
  1081: 001d2538    24 FUNC    LOCAL  DEFAULT    1 parsemap_block_memory_discard(void)
  1082: 001d24f8    60 FUNC    LOCAL  DEFAULT    1 parsemap_block_datums(void)
  1083: 001d1f10   108 FUNC    LOCAL  DEFAULT    1 parsemap_block_LOD(void)
  1084: 001d23e8   100 FUNC    LOCAL  DEFAULT    1 parsemap_block_morph_data(void)
  1085: 001d2450    96 FUNC    LOCAL  DEFAULT    1 parsemap_block_PS2_GFX(void)
  1086: 001d1810   388 FUNC    LOCAL  DEFAULT    1 parsemap_block_Coll_Data_New(void)
  1087: 001d2060    32 FUNC    LOCAL  DEFAULT    1 parsemap_block_particles(void)
  1088: 0030d830     0 NOTYPE  LOCAL  DEFAULT   14 BinFileVersion
  1089: 0030d834     0 NOTYPE  LOCAL  DEFAULT   14 pBinFileHeader
  1090: 0030d828     0 NOTYPE  LOCAL  DEFAULT   14 m_paths
  1091: 0030d82c     0 NOTYPE  LOCAL  DEFAULT   14 m_ppaths
  1092: 0030d818     0 NOTYPE  LOCAL  DEFAULT   14 m_pmap
  1093: 0030d808     0 NOTYPE  LOCAL  DEFAULT   14 StartingNewMap
  1094: 0030cfd8     4 OBJECT  LOCAL  DEFAULT   13 ParseMap_State
  1095: 003496f8     0 NOTYPE  LOCAL  DEFAULT   15 filename
  1096: 0030d820     0 NOTYPE  LOCAL  DEFAULT   14 pBmpHeader
  1097: 0030d824     0 NOTYPE  LOCAL  DEFAULT   14 pPallHeader
  1098: 0030d81c     0 NOTYPE  LOCAL  DEFAULT   14 pTexData
  1099: 001d2598     0 NOTYPE  LOCAL  DEFAULT    1 gcc2_compiled.
  1100: 001d2598     0 NOTYPE  LOCAL  DEFAULT    1 __gnu_compiled_cplusplus
  1101: 001d2ec8    80 FUNC    LOCAL  DEFAULT    1 AIPath_Link2Cel(NODE_tag *, char *)
  1102: 001d2cc0   484 FUNC    LOCAL  DEFAULT    1 AIPath_Prepare(AIPath_tag *)
  1103: 001d2f18   240 FUNC    LOCAL  DEFAULT    1 AIBounds_Link2Cel(BNODE_tag *, char *)
  1104: 001d3008   156 FUNC    LOCAL  DEFAULT    1 AIBounds_Prepare(AIBounds_tag *)
  1105: 001d30a8     0 NOTYPE  LOCAL  DEFAULT    1 gcc2_compiled.
  1106: 001d30a8     0 NOTYPE  LOCAL  DEFAULT    1 __gnu_compiled_cplusplus
  1107: 001d3518    72 FUNC    LOCAL  DEFAULT    1 Swap(char *, char *, unsigned int)
  1108: 001d3560     0 NOTYPE  LOCAL  DEFAULT    1 gcc2_compiled.
  1109: 001d3560     0 NOTYPE  LOCAL  DEFAULT    1 __gnu_compiled_cplusplus
  1110: 0030d002     1 OBJECT  LOCAL  DEFAULT   13 bLevelLoaded
  1111: 001d3a80  3584 FUNC    LOCAL  DEFAULT    1 ReadTuningVars(void)
  1112: 0030d003     1 OBJECT  LOCAL  DEFAULT   13 Europacked
  1113: 0030d004     4 OBJECT  LOCAL  DEFAULT   13 Euro_Decomp_Buf
  1114: 001d4880   380 FUNC    LOCAL  DEFAULT    1 LoaderProcess(void)
  1115: 0030d85c     0 NOTYPE  LOCAL  DEFAULT   14 LoadableIndex
  1116: 003497f8     0 NOTYPE  LOCAL  DEFAULT   15 LoadableFiles
  1117: 0030d010     4 OBJECT  LOCAL  DEFAULT   13 LoadState.240
  1118: 0030d838     0 NOTYPE  LOCAL  DEFAULT   14 pDirHeader.241
  1119: 0030d83c     0 NOTYPE  LOCAL  DEFAULT   14 pDirData.242
  1120: 0030d014     4 OBJECT  LOCAL  DEFAULT   13 MaxFilesToLoad.243
  1121: 0030d840     0 NOTYPE  LOCAL  DEFAULT   14 FilesToLoad.244
  1122: 0030d844     0 NOTYPE  LOCAL  DEFAULT   14 BytesToLoad.245
  1123: 0030d848     0 NOTYPE  LOCAL  DEFAULT   14 pDirDataCurFile.246
  1124: 0030d84c     0 NOTYPE  LOCAL  DEFAULT   14 LoadBufFirst.247
  1125: 0030d860     0 NOTYPE  LOCAL  DEFAULT   14 CommonAnimFile
  1126: 0030d850     0 NOTYPE  LOCAL  DEFAULT   14 LoaderAnimBase
  1127: 0030d854     0 NOTYPE  LOCAL  DEFAULT   14 LoadBufLast
  1128: 0030d858     0 NOTYPE  LOCAL  DEFAULT   14 LoadBufNext
  1129: 001d5258  2952 FUNC    LOCAL  DEFAULT    1 ResetMap_LevelCode2Img(unsigned int, char **, char **)
  1130: 0030d038     4 OBJECT  LOCAL  DEFAULT   13 DummyViewer
  1131: 002c93f8    44 OBJECT  LOCAL  DEFAULT    4 LoadingGfx.266
  1132: 001d5de0  1408 FUNC    LOCAL  DEFAULT    1 ResetMap_GenLoadScreen(void)
  1133: 0030d04c     4 OBJECT  LOCAL  DEFAULT   13 LoadState.270
  1134: 0030d050     4 OBJECT  LOCAL  DEFAULT   13 StoreLevel.271
  1135: 0030d054     4 OBJECT  LOCAL  DEFAULT   13 FileLen.272
  1136: 001d6bf0     0 NOTYPE  LOCAL  DEFAULT    1 gcc2_compiled.
  1137: 001d6bf0     0 NOTYPE  LOCAL  DEFAULT    1 __gnu_compiled_cplusplus
  1138: 001d7dc8     0 NOTYPE  LOCAL  DEFAULT    1 gcc2_compiled.
  1139: 001d7dc8     0 NOTYPE  LOCAL  DEFAULT    1 __gnu_compiled_cplusplus
  1140: 001d8088     0 NOTYPE  LOCAL  DEFAULT    1 gcc2_compiled.
  1141: 001d8088     0 NOTYPE  LOCAL  DEFAULT    1 __gnu_compiled_cplusplus
  1142: 00349880     0 NOTYPE  LOCAL  DEFAULT   15 TmpV.141
  1143: 0030d068     8 OBJECT  LOCAL  DEFAULT   13 Borders
  1144: 002c9468    44 OBJECT  LOCAL  DEFAULT    4 BorderInfo
  1145: 00349930     0 NOTYPE  LOCAL  DEFAULT   15 ScriptList
  1146: 0030d864     0 NOTYPE  LOCAL  DEFAULT   14 Cmd.160
  1147: 001d8548   728 FUNC    LOCAL  DEFAULT    1 Script_Run(SCRIPTINFO *)
  1148: 001d9a08  1868 FUNC    LOCAL  DEFAULT    1 Script_Interp(SCRIPTINFO *, SSTREAM *)
  1149: 001db420   248 FUNC    LOCAL  DEFAULT    1 Script_StreamEnd(SCRIPTINFO *, SSTREAM *)
  1150: 001d8d78   456 FUNC    LOCAL  DEFAULT    1 Script_EntityStart(SCRIPTINFO *, SSTREAM *)
  1151: 001dafe8   104 FUNC    LOCAL  DEFAULT    1 Script_EntityEnd(SCRIPTINFO *, SSTREAM *)
  1152: 001db050   248 FUNC    LOCAL  DEFAULT    1 Script_SubScriptStart(SCRIPTINFO *, SSTREAM *)
  1153: 001db148   104 FUNC    LOCAL  DEFAULT    1 Script_SubScriptEnd(SCRIPTINFO *, SSTREAM *)
  1154: 001db2b8   108 FUNC    LOCAL  DEFAULT    1 Script_TextStart(SCRIPTINFO *, SSTREAM *)
  1155: 001d8f40   512 FUNC    LOCAL  DEFAULT    1 Script_AnimStart(SCRIPTINFO *, SSTREAM *)
  1156: 001db328    28 FUNC    LOCAL  DEFAULT    1 Script_AnimEnd(SCRIPTINFO *, SSTREAM *)
  1157: 001d9140   444 FUNC    LOCAL  DEFAULT    1 Script_CameraStart(SCRIPTINFO *, SSTREAM *)
  1158: 001db348   104 FUNC    LOCAL  DEFAULT    1 Script_CameraEnd(SCRIPTINFO *, SSTREAM *)
  1159: 001d94c0   924 FUNC    LOCAL  DEFAULT    1 Script_EventHandler(SCRIPTINFO *, SSTREAM *)
  1160: 001db3d0    76 FUNC    LOCAL  DEFAULT    1 Script_FadeStart(SCRIPTINFO *, SSTREAM *)
  1161: 001d9300   448 FUNC    LOCAL  DEFAULT    1 Script_SpriteStart(SCRIPTINFO *, SSTREAM *)
  1162: 001db3b0    28 FUNC    LOCAL  DEFAULT    1 Script_SpriteEnd(SCRIPTINFO *, SSTREAM *)
  1163: 001d8820   328 FUNC    LOCAL  DEFAULT    1 Script_SoundStart(SCRIPTINFO *, SSTREAM *)
  1164: 001daf60   136 FUNC    LOCAL  DEFAULT    1 Script_SoundEnd(SCRIPTINFO *, SSTREAM *)
  1165: 001db1b0   228 FUNC    LOCAL  DEFAULT    1 Script_LightStart(SCRIPTINFO *, SSTREAM *)
  1166: 001db298    28 FUNC    LOCAL  DEFAULT    1 Script_LightEnd(SCRIPTINFO *, SSTREAM *)
  1167: 001d8968  1040 FUNC    LOCAL  DEFAULT    1 Script_CreateEntity(SSTREAM *, unsigned int, unsigned char)
  1168: 00349948     0 NOTYPE  LOCAL  DEFAULT   15 tptr
  1169: 001d9860   424 FUNC    LOCAL  DEFAULT    1 Script_KillStream(SCRIPTINFO *, SSTREAM *)
  1170: 001da158  1828 FUNC    LOCAL  DEFAULT    1 Script_GetInterp(SCRIPTINFO *, SSTREAM *, unsigned short, unsigned short, MATRIX *, float *, unsigned int *, unsigned short, signed char, float)
  1171: 0030d070     4 OBJECT  LOCAL  DEFAULT   13 ScriptCamera.200
  1172: 003498a0     0 NOTYPE  LOCAL  DEFAULT   15 TmpM.228
  1173: 001db518   108 FUNC    LOCAL  DEFAULT    1 Script_UpdateCamera(CAM_INFO *)
  1174: 003498e0     0 NOTYPE  LOCAL  DEFAULT   15 Keys.235
  1175: 003498f0     0 NOTYPE  LOCAL  DEFAULT   15 Weights.236
  1176: 00349900     0 NOTYPE  LOCAL  DEFAULT   15 Res.237
  1177: 0030d868     0 NOTYPE  LOCAL  DEFAULT   14 Clr1.238
  1178: 0030d86c     0 NOTYPE  LOCAL  DEFAULT   14 Clr2.239
  1179: 001db9a8     0 NOTYPE  LOCAL  DEFAULT    1 gcc2_compiled.
  1180: 001db9a8     0 NOTYPE  LOCAL  DEFAULT    1 __gnu_compiled_cplusplus
  1181: 001dbc08   416 FUNC    LOCAL  DEFAULT    1 SP_LoadScript(obj_tag *, SCRIPTPLAYER_tag *)
  1182: 001dc470   388 FUNC    LOCAL  DEFAULT    1 SP_Hit(SCRIPTPLAYER_tag *)
  1183: 00349a00     0 NOTYPE  LOCAL  DEFAULT   15 HitObjList.171
  1184: 001dcc68     0 NOTYPE  LOCAL  DEFAULT    1 gcc2_compiled.
  1185: 001dcc68     0 NOTYPE  LOCAL  DEFAULT    1 __gnu_compiled_cplusplus
  1186: 0030d078     4 OBJECT  LOCAL  DEFAULT   13 SoundInit
  1187: 001dcc68   592 FUNC    LOCAL  DEFAULT    1 Sound_ReqestPlaySfx(DYNAMICSOUNDS *)
  1188: 001dda70   468 FUNC    LOCAL  DEFAULT    1 Sound_UpdateSounds(_VECTOR *)
  1189: 00349b00     0 NOTYPE  LOCAL  DEFAULT   15 DynamicSoundList
  1190: 001dde58   260 FUNC    LOCAL  DEFAULT    1 Sound_DoSubtitle(unsigned int)
  1191: 001de3d8     0 NOTYPE  LOCAL  DEFAULT    1 gcc2_compiled.
  1192: 001de3d8     0 NOTYPE  LOCAL  DEFAULT    1 __gnu_compiled_cplusplus
  1193: 00349b18     0 NOTYPE  LOCAL  DEFAULT   15 SpriteList
  1194: 00349b30     0 NOTYPE  LOCAL  DEFAULT   15 SprActiveList
  1195: 001deaa8     0 NOTYPE  LOCAL  DEFAULT    1 gcc2_compiled.
  1196: 001deaa8     0 NOTYPE  LOCAL  DEFAULT    1 __gnu_compiled_cplusplus
  1197: 0034a330     0 NOTYPE  LOCAL  DEFAULT   15 Buf.39
  1198: 0030d088     1 OBJECT  LOCAL  DEFAULT   13 Cnt.40
  1199: 002d3d50    29 OBJECT  LOCAL  DEFAULT    4 ulen_lengths
  1200: 002d3d70    29 OBJECT  LOCAL  DEFAULT    4 ulen_extrabits
  1201: 002d3d90    60 OBJECT  LOCAL  DEFAULT    4 uoff_lengths
  1202: 002d3dd0    30 OBJECT  LOCAL  DEFAULT    4 uoff_extrabits
  1203: 001ded10     0 NOTYPE  LOCAL  DEFAULT    1 gcc2_compiled.
  1204: 001ded10     0 NOTYPE  LOCAL  DEFAULT    1 __gnu_compiled_cplusplus
  1205: 0030d0a0     4 OBJECT  LOCAL  DEFAULT   13 SEED_X
  1206: 0030d0a4     4 OBJECT  LOCAL  DEFAULT   13 SEED_Y
  1207: 0030d0a8     4 OBJECT  LOCAL  DEFAULT   13 a.318
  1208: 0030d0ac     4 OBJECT  LOCAL  DEFAULT   13 b.319
  1209: 0030d870     0 NOTYPE  LOCAL  DEFAULT   14 K1.476
  1210: 0030d872     0 NOTYPE  LOCAL  DEFAULT   14 K2.477
  1211: 0030d874     0 NOTYPE  LOCAL  DEFAULT   14 Blend.478
  1212: 0034a730     0 NOTYPE  LOCAL  DEFAULT   15 t.479
  1213: 0034a740     0 NOTYPE  LOCAL  DEFAULT   15 ta.480
  1214: 0034a750     0 NOTYPE  LOCAL  DEFAULT   15 tb.481
  1215: 0034a760     0 NOTYPE  LOCAL  DEFAULT   15 QD.482
  1216: 0034a770     0 NOTYPE  LOCAL  DEFAULT   15 ra.483
  1217: 0034a780     0 NOTYPE  LOCAL  DEFAULT   15 rb.484
  1218: 001e4ff0     0 NOTYPE  LOCAL  DEFAULT    1 gcc2_compiled.
  1219: 001e4ff0     0 NOTYPE  LOCAL  DEFAULT    1 __gnu_compiled_cplusplus
  1220: 0030d0b0     4 OBJECT  LOCAL  DEFAULT   13 SprCnt
  1221: 0034a790     0 NOTYPE  LOCAL  DEFAULT   15 SprBuffList
  1222: 0030d878     0 NOTYPE  LOCAL  DEFAULT   14 rotatosky.168
  1223: 001e5ad0  1252 FUNC    LOCAL  DEFAULT    1 View_DrawSky(viewer_tag *, unsigned char)
  1224: 001e5fb8   796 FUNC    LOCAL  DEFAULT    1 View_AddForcedObjects(viewer_tag *)
  1225: 0034b390     0 NOTYPE  LOCAL  DEFAULT   15 CamPos
  1226: 0030d87c     0 NOTYPE  LOCAL  DEFAULT   14 object_display_mask
  1227: 001e62d8   608 FUNC    LOCAL  DEFAULT    1 View_AddObjects(cel_tag const *, viewer_tag const *, float)
  1228: 001e6538   580 FUNC    LOCAL  DEFAULT    1 View_DrawCelGlist(cel_tag *, viewer_tag *)
  1229: 001e69a0   512 FUNC    LOCAL  DEFAULT    1 View_DrawObjList(viewer_tag *, unsigned short)
  1230: 001e6ba0   592 FUNC    LOCAL  DEFAULT    1 View_AddCels(viewer_tag const *)
  1231: 001e6df0   348 FUNC    LOCAL  DEFAULT    1 View_CaptureScene(viewer_tag *)
  1232: 0034b3a0     0 NOTYPE  LOCAL  DEFAULT   15 Tots
  1233: 001e7df8     0 NOTYPE  LOCAL  DEFAULT    1 gcc2_compiled.
  1234: 001e7df8     0 NOTYPE  LOCAL  DEFAULT    1 __gnu_compiled_cplusplus
  1235: 0030d0bc     2 OBJECT  LOCAL  DEFAULT   13 VisCelCount
  1236: 0034b3b0     0 NOTYPE  LOCAL  DEFAULT   15 VisCelList
  1237: 001e8a48     0 NOTYPE  LOCAL  DEFAULT    1 gcc2_compiled.
  1238: 001e8a48     0 NOTYPE  LOCAL  DEFAULT    1 __gnu_compiled_cplusplus
  1239: 001e8ec0     0 NOTYPE  LOCAL  DEFAULT    1 gcc2_compiled.
  1240: 001e8ec0     0 NOTYPE  LOCAL  DEFAULT    1 __gnu_compiled_cplusplus
  1241: 0030d110     1 OBJECT  LOCAL  DEFAULT   13 Ident
  1242: 0030d114     4 OBJECT  LOCAL  DEFAULT   13 StatTime
  1243: 0030d118     4 OBJECT  LOCAL  DEFAULT   13 HitAllocCnt
  1244: 0030d11c     4 OBJECT  LOCAL  DEFAULT   13 TriAllocCnt
  1245: 0030d120     4 OBJECT  LOCAL  DEFAULT   13 TriOnCnt
  1246: 0030d124     4 OBJECT  LOCAL  DEFAULT   13 TriHeap
  1247: 001edae0   356 FUNC    LOCAL  DEFAULT    1 RecurseBoxesSph(COLLDATA_tag const *, COLLBOX_tag *, _VECTOR const *, float)
  1248: 001e9a70  2340 FUNC    LOCAL  DEFAULT    1 Intersect_CylTriGeom(HITTEST_tag *, HITDATA_tag *)
  1249: 001edc48   344 FUNC    LOCAL  DEFAULT    1 RecurseBoxesBox(COLLDATA_tag const *, COLLBOX_tag *, _VECTOR const *, _VECTOR const *)
  1250: 0034b7b0     0 NOTYPE  LOCAL  DEFAULT   15 HitHeap
  1251: 0034b7c0     0 NOTYPE  LOCAL  DEFAULT   15 SrtList
  1252: 001ebaa8  1752 FUNC    LOCAL  DEFAULT    1 Collide_Intersect(HITTEST_tag *, HITDATA_tag *, unsigned short)
  1253: 002d88f0    24 OBJECT  LOCAL  DEFAULT    4 Index.189
  1254: 0030d880     0 NOTYPE  LOCAL  DEFAULT   14 i.190
  1255: 0034b5b0     0 NOTYPE  LOCAL  DEFAULT   15 CelList.194
  1256: 001eae80  1180 FUNC    LOCAL  DEFAULT    1 Collide_PickObj(HITTEST_tag *, obj_tag *, obj_tag *)
  1257: 001ec180  1296 FUNC    LOCAL  DEFAULT    1 Collide_Jointy(HITTEST_tag *, HITDATA_tag *)
  1258: 001ee298     0 NOTYPE  LOCAL  DEFAULT    1 gcc2_compiled.
  1259: 001ee298     0 NOTYPE  LOCAL  DEFAULT    1 __gnu_compiled_cplusplus
  1260: 002dd8b0    40 OBJECT  LOCAL  DEFAULT    4 FontTable
  1261: 00305a58    28 OBJECT  LOCAL  DEFAULT   12 FONTNFont2
  1262: 00305a98    28 OBJECT  LOCAL  DEFAULT   12 FONTSerpLight
  1263: 00305a78    28 OBJECT  LOCAL  DEFAULT   12 FONTMedium
  1264: 001ee298   324 FUNC    LOCAL  DEFAULT    1 Font_GetKernAdjust(char, char)
  1265: 0030d8c0     0 NOTYPE  LOCAL  DEFAULT   14 Font
  1266: 0034c7a0     0 NOTYPE  LOCAL  DEFAULT   15 CharInfo
  1267: 0030d888     0 NOTYPE  LOCAL  DEFAULT   14 Size.126
  1268: 0030d890     0 NOTYPE  LOCAL  DEFAULT   14 Scale.127
  1269: 0030d898     0 NOTYPE  LOCAL  DEFAULT   14 Pos.128
  1270: 0030d130     4 OBJECT  LOCAL  DEFAULT   13 fd.129
  1271: 0030d8a0     0 NOTYPE  LOCAL  DEFAULT   14 x.130
  1272: 0030d8a4     0 NOTYPE  LOCAL  DEFAULT   14 y.131
  1273: 0030d8a8     0 NOTYPE  LOCAL  DEFAULT   14 fStartX.132
  1274: 0030d8ac     0 NOTYPE  LOCAL  DEFAULT   14 i.133
  1275: 001ee598  2224 FUNC    LOCAL  DEFAULT    1 __Font_DrawText(float, float, unsigned int, unsigned int, unsigned int, char *, char *, GPOINT *, unsigned int, int, float, unsigned int *)
  1276: 0030d8b0     0 NOTYPE  LOCAL  DEFAULT   14 Size.137
  1277: 0030d8b8     0 NOTYPE  LOCAL  DEFAULT   14 TScale.138
  1278: 0034c760     0 NOTYPE  LOCAL  DEFAULT   15 PInfo
  1279: 001ef7a0     0 NOTYPE  LOCAL  DEFAULT    1 gcc2_compiled.
  1280: 001ef7a0     0 NOTYPE  LOCAL  DEFAULT    1 __gnu_compiled_cplusplus
  1281: 001efd68     0 NOTYPE  LOCAL  DEFAULT    1 gcc2_compiled.
  1282: 001efd68     0 NOTYPE  LOCAL  DEFAULT    1 __gnu_compiled_cplusplus
  1283: 001f0248     0 NOTYPE  LOCAL  DEFAULT    1 gcc2_compiled.
  1284: 001f0248     0 NOTYPE  LOCAL  DEFAULT    1 __gnu_compiled_cplusplus
  1285: 001f0950     0 NOTYPE  LOCAL  DEFAULT    1 gcc2_compiled.
  1286: 001f0950     0 NOTYPE  LOCAL  DEFAULT    1 __gnu_compiled_cplusplus
  1287: 001f13c8     0 NOTYPE  LOCAL  DEFAULT    1 gcc2_compiled.
  1288: 001f13c8     0 NOTYPE  LOCAL  DEFAULT    1 __gnu_compiled_cplusplus
  1289: 0030d160     4 OBJECT  LOCAL  DEFAULT   13 last_controller
  1290: 0030d164     4 OBJECT  LOCAL  DEFAULT   13 frame_counter
  1291: 0030d168     4 OBJECT  LOCAL  DEFAULT   13 last_action
  1292: 0034c7d0     0 NOTYPE  LOCAL  DEFAULT   15 backup.135
  1293: 002dda80   128 OBJECT  LOCAL  DEFAULT    4 menu_debuginfo
  1294: 0030d17c     2 OBJECT  LOCAL  DEFAULT   13 alpha
  1295: 0030d180     4 OBJECT  LOCAL  DEFAULT   13 counter
  1296: 0030d188     4 OBJECT  LOCAL  DEFAULT   13 throb
  1297: 0030d18c     4 OBJECT  LOCAL  DEFAULT   13 count
  1298: 002ddb00  2560 OBJECT  LOCAL  DEFAULT    4 menu_delay_msg
  1299: 0030d190     4 OBJECT  LOCAL  DEFAULT   13 menu_delay_frame
  1300: 0030d194     4 OBJECT  LOCAL  DEFAULT   13 menu_string
  1301: 0030d198     4 OBJECT  LOCAL  DEFAULT   13 menu_string_pos
  1302: 0030d19c     4 OBJECT  LOCAL  DEFAULT   13 menu_string_size
  1303: 0030d1a0     1 OBJECT  LOCAL  DEFAULT   13 menu_string_usage
  1304: 001f3558     0 NOTYPE  LOCAL  DEFAULT    1 gcc2_compiled.
  1305: 001f3558     0 NOTYPE  LOCAL  DEFAULT    1 __gnu_compiled_cplusplus
  1306: 0030d230     4 OBJECT  LOCAL  DEFAULT   13 state.159
  1307: 0030d234     1 OBJECT  LOCAL  DEFAULT   13 recurse.160
  1308: 0030d238     4 OBJECT  LOCAL  DEFAULT   13 del_state.161
  1309: 0034c868     0 NOTYPE  LOCAL  DEFAULT   15 buf.171
  1310: 002de500    16 OBJECT  LOCAL  DEFAULT    4 ps2_multitap
  1311: 0030d248     4 OBJECT  LOCAL  DEFAULT   13 ps2_normal
  1312: 0034c968     0 NOTYPE  LOCAL  DEFAULT   15 buf.184
  1313: 0030d250     4 OBJECT  LOCAL  DEFAULT   13 was_disconnected.185
  1314: 0030d258     4 OBJECT  LOCAL  DEFAULT   13 was_editing.186
  1315: 0030d25c     4 OBJECT  LOCAL  DEFAULT   13 option_return
  1316: 0030d260     4 OBJECT  LOCAL  DEFAULT   13 mb_id
  1317: 0030d264     1 OBJECT  LOCAL  DEFAULT   13 mb_ok_only
  1318: 002de510    52 OBJECT  LOCAL  DEFAULT    4 b.265
  1319: 001fffe8   592 FUNC    LOCAL  DEFAULT    1 Menu_UpgradeCheat(unsigned long, unsigned int, unsigned char)
  1320: 002029e0     0 NOTYPE  LOCAL  DEFAULT    1 gcc2_compiled.
  1321: 002029e0     0 NOTYPE  LOCAL  DEFAULT    1 __gnu_compiled_cplusplus
  1322: 002dee48    29 OBJECT  LOCAL  DEFAULT    4 VersionString
  1323: 002df400   192 OBJECT  LOCAL  DEFAULT    4 mp_level
  1324: 002df4c0    72 OBJECT  LOCAL  DEFAULT    4 difficulty
  1325: 002dfbb0   120 OBJECT  LOCAL  DEFAULT    4 mp_options
  1326: 002dfc28   168 OBJECT  LOCAL  DEFAULT    4 cn_options
  1327: 002dfcd0    96 OBJECT  LOCAL  DEFAULT    4 ds_options
  1328: 002dfd30   408 OBJECT  LOCAL  DEFAULT    4 mp_bots
  1329: 002dfec8   648 OBJECT  LOCAL  DEFAULT    4 ds_weapons
  1330: 002e0150   336 OBJECT  LOCAL  DEFAULT    4 ds_gadgets
  1331: 002e02a0  6192 OBJECT  LOCAL  DEFAULT    4 codename
  1332: 0030d298     1 OBJECT  LOCAL  DEFAULT   13 flag
  1333: 0030d29c     4 OBJECT  LOCAL  DEFAULT   13 AnimO
  1334: 0030d2a0     4 OBJECT  LOCAL  DEFAULT   13 pScript
  1335: 0030d2a4     1 OBJECT  LOCAL  DEFAULT   13 hud_state
  1336: 0030d2bc     1 OBJECT  LOCAL  DEFAULT   13 flag.129
  1337: 0034ca68     0 NOTYPE  LOCAL  DEFAULT   15 buf.160
  1338: 0030d2c0     4 OBJECT  LOCAL  DEFAULT   13 frames.161
  1339: 0034cae8     0 NOTYPE  LOCAL  DEFAULT   15 buf.162
  1340: 0030d2cb     1 OBJECT  LOCAL  DEFAULT   13 state_quit.166
  1341: 0030d2cc     1 OBJECT  LOCAL  DEFAULT   13 state_ignore.167
  1342: 0030d2d0     4 OBJECT  LOCAL  DEFAULT   13 TxtMsg.168
  1343: 0030d2fd     1 OBJECT  LOCAL  DEFAULT   13 Set.214
  1344: 0030d2fe     1 OBJECT  LOCAL  DEFAULT   13 show_frame_count
  1345: 0030d8f0     0 NOTYPE  LOCAL  DEFAULT   14 FMVScript
  1346: 0034cb28     0 NOTYPE  LOCAL  DEFAULT   15 buf.236
  1347: 0034cd68     0 NOTYPE  LOCAL  DEFAULT   15 buf.240
  1348: 0030d8c8     0 NOTYPE  LOCAL  DEFAULT   14 buf.250
  1349: 0034cf48     0 NOTYPE  LOCAL  DEFAULT   15 score_buffer.269
  1350: 0034cf88     0 NOTYPE  LOCAL  DEFAULT   15 target_buffer.270
  1351: 0034cfc8     0 NOTYPE  LOCAL  DEFAULT   15 medal_buffer.271
  1352: 0030d345     1 OBJECT  LOCAL  DEFAULT   13 xbox_save_flag.272
  1353: 0034d048     0 NOTYPE  LOCAL  DEFAULT   15 buf.276
  1354: 0030d360     4 OBJECT  LOCAL  DEFAULT   13 movie.283
  1355: 0030d364     4 OBJECT  LOCAL  DEFAULT   13 frame_count.287
  1356: 0030d368     1 OBJECT  LOCAL  DEFAULT   13 movie.291
  1357: 0030d369     1 OBJECT  LOCAL  DEFAULT   13 once.295
  1358: 0034d0c8     0 NOTYPE  LOCAL  DEFAULT   15 legal_buf.296
  1359: 0030d36a     1 OBJECT  LOCAL  DEFAULT   13 once.300
  1360: 0030d36b     1 OBJECT  LOCAL  DEFAULT   13 space_check.301
  1361: 0030d36c     1 OBJECT  LOCAL  DEFAULT   13 level_chosen.302
  1362: 0030d370     4 OBJECT  LOCAL  DEFAULT   13 frames.306
  1363: 0030d374     4 OBJECT  LOCAL  DEFAULT   13 movie_hashcode
  1364: 0030d378     4 OBJECT  LOCAL  DEFAULT   13 frame_count.322
  1365: 0030d37c     1 OBJECT  LOCAL  DEFAULT   13 closing.326
  1366: 0030d37d     1 OBJECT  LOCAL  DEFAULT   13 select_def_codename.327
  1367: 0030d382     1 OBJECT  LOCAL  DEFAULT   13 level_chosen
  1368: 0034d248     0 NOTYPE  LOCAL  DEFAULT   15 ug_buf.355
  1369: 0034d448     0 NOTYPE  LOCAL  DEFAULT   15 ug_buf.362
  1370: 0034d648     0 NOTYPE  LOCAL  DEFAULT   15 buf.369
  1371: 0030d3cd     1 OBJECT  LOCAL  DEFAULT   13 init.412
  1372: 0034d6a8     0 NOTYPE  LOCAL  DEFAULT   15 buf.413
  1373: 0034d7a8     0 NOTYPE  LOCAL  DEFAULT   15 buf.417
  1374: 0030d3ce     1 OBJECT  LOCAL  DEFAULT   13 blue_players.418
  1375: 0030d3cf     1 OBJECT  LOCAL  DEFAULT   13 red_players.419
  1376: 0030d3d0     1 OBJECT  LOCAL  DEFAULT   13 blue_bots.420
  1377: 0030d3d1     1 OBJECT  LOCAL  DEFAULT   13 red_bots.421
  1378: 0034dba8     0 NOTYPE  LOCAL  DEFAULT   15 health_buf.422
  1379: 0034dc28     0 NOTYPE  LOCAL  DEFAULT   15 playing.438
  1380: 0034dc68     0 NOTYPE  LOCAL  DEFAULT   15 mp_result.451
  1381: 0034dd68     0 NOTYPE  LOCAL  DEFAULT   15 mp_string.452
  1382: 0030d524     1 OBJECT  LOCAL  DEFAULT   13 string_count.453
  1383: 0030d525     1 OBJECT  LOCAL  DEFAULT   13 closing.460
  1384: 0030d526     1 OBJECT  LOCAL  DEFAULT   13 select_def_codename.461
  1385: 0030d527     1 OBJECT  LOCAL  DEFAULT   13 cn_modified_flag
  1386: 0030d528     1 OBJECT  LOCAL  DEFAULT   13 cheat_mode
  1387: 0030d8d0     0 NOTYPE  LOCAL  DEFAULT   14 screen_adjust_x.468
  1388: 0030d8d4     0 NOTYPE  LOCAL  DEFAULT   14 screen_adjust_y.469
  1389: 0034dfe8     0 NOTYPE  LOCAL  DEFAULT   15 buf.470
  1390: 0030d529     1 OBJECT  LOCAL  DEFAULT   13 del_when_keypressed
  1391: 0030d8d8     0 NOTYPE  LOCAL  DEFAULT   14 buf.477
  1392: 0034e028     0 NOTYPE  LOCAL  DEFAULT   15 buffer
  1393: 0030d535     1 OBJECT  LOCAL  DEFAULT   13 was_inverted
  1394: 0030d8e0     0 NOTYPE  LOCAL  DEFAULT   14 start_sfx_vol.496
  1395: 0030d8e4     0 NOTYPE  LOCAL  DEFAULT   14 start_music_vol.497
  1396: 0030d536     1 OBJECT  LOCAL  DEFAULT   13 going_to_av_subscreen.498
  1397: 0030d8e8     0 NOTYPE  LOCAL  DEFAULT   14 screen_adjust_x.499
  1398: 0030d8ec     0 NOTYPE  LOCAL  DEFAULT   14 screen_adjust_y.500
  1399: 0030d538     4 OBJECT  LOCAL  DEFAULT   13 credits.516
  1400: 0030d53c     1 OBJECT  LOCAL  DEFAULT   13 fading.517
  1401: 0030d540     4 OBJECT  LOCAL  DEFAULT   13 frame.518
  1402: 0030d544     4 OBJECT  LOCAL  DEFAULT   13 index.519
  1403: 0030d548     4 OBJECT  LOCAL  DEFAULT   13 name.520
  1404: 0030d54c     4 OBJECT  LOCAL  DEFAULT   13 count.521
  1405: 0030d550     4 OBJECT  LOCAL  DEFAULT   13 slow_down.522
  1406: 0030d554     4 OBJECT  LOCAL  DEFAULT   13 page_from.523
  1407: 0030d558     4 OBJECT  LOCAL  DEFAULT   13 music_vol.524
  1408: 00217bd8     0 NOTYPE  LOCAL  DEFAULT    1 gcc2_compiled.
  1409: 00217bd8     0 NOTYPE  LOCAL  DEFAULT    1 __gnu_compiled_cplusplus
  1410: 0030d580     4 OBJECT  LOCAL  DEFAULT   13 state.117
  1411: 0030d588     8 OBJECT  LOCAL  DEFAULT   13 slot_type.121
  1412: 0034e068     0 NOTYPE  LOCAL  DEFAULT   15 buffer.122
  1413: 0030d590     4 OBJECT  LOCAL  DEFAULT   13 message.123
  1414: 0030d594     1 OBJECT  LOCAL  DEFAULT   13 dialog_open.124
  1415: 0030d598     4 OBJECT  LOCAL  DEFAULT   13 frames.125
  1416: 00218638     0 NOTYPE  LOCAL  DEFAULT    1 gcc2_compiled.
  1417: 00218638     0 NOTYPE  LOCAL  DEFAULT    1 __gnu_compiled_cplusplus
  1418: 00219280     0 NOTYPE  LOCAL  DEFAULT    1 gcc2_compiled.
  1419: 00219280     0 NOTYPE  LOCAL  DEFAULT    1 __gnu_compiled_cplusplus
  1420: 00219488     0 NOTYPE  LOCAL  DEFAULT    1 gcc2_compiled.
  1421: 00219488     0 NOTYPE  LOCAL  DEFAULT    1 __gnu_compiled_cplusplus
  1422: 0021b4c8    84 FUNC    LOCAL  DEFAULT    1 List_SetIndex(M_LISTBOX *, LINKEDLIST *, int)
  1423: 0021b420    76 FUNC    LOCAL  DEFAULT    1 List_GetIndex(M_LISTBOX *, LINKEDLIST *, LIST_ROW *)
  1424: 0021b570     0 NOTYPE  LOCAL  DEFAULT    1 gcc2_compiled.
  1425: 0021b570     0 NOTYPE  LOCAL  DEFAULT    1 __gnu_compiled_cplusplus
  1426: 0030d600     4 OBJECT  LOCAL  DEFAULT   13 file_start
  1427: 0030d604     4 OBJECT  LOCAL  DEFAULT   13 controller_state
  1428: 0030d608     4 OBJECT  LOCAL  DEFAULT   13 player_index
  1429: 0030d612     1 OBJECT  LOCAL  DEFAULT   13 was_multitap_inserted.150
  1430: 0030d613     1 OBJECT  LOCAL  DEFAULT   13 was_multitap_ever_inserted.151
  1431: 0030d614     4 OBJECT  LOCAL  DEFAULT   13 counter.152
  1432: 002e3cc8    16 OBJECT  LOCAL  DEFAULT    4 ps2_multitap.153
  1433: 0030d618     4 OBJECT  LOCAL  DEFAULT   13 ps2_normal.154
  1434: 0034e268     0 NOTYPE  LOCAL  DEFAULT   15 buf.155
  1435: 0030d61c     4 OBJECT  LOCAL  DEFAULT   13 frames.156
  1436: 0021df38     0 NOTYPE  LOCAL  DEFAULT    1 gcc2_compiled.
  1437: 0021df38     0 NOTYPE  LOCAL  DEFAULT    1 __gnu_compiled_cplusplus
  1438: 0021ec68     0 NOTYPE  LOCAL  DEFAULT    1 gcc2_compiled.
  1439: 0021ec68     0 NOTYPE  LOCAL  DEFAULT    1 __gnu_compiled_cplusplus
  1440: 0030d638     4 OBJECT  LOCAL  DEFAULT   13 h
  1441: 0021f380     0 NOTYPE  LOCAL  DEFAULT    1 gcc2_compiled.
  1442: 0021f380     0 NOTYPE  LOCAL  DEFAULT    1 __gnu_compiled_cplusplus
  1443: 0021f8e0     0 NOTYPE  LOCAL  DEFAULT    1 gcc2_compiled.
  1444: 0021f8e0     0 NOTYPE  LOCAL  DEFAULT    1 __gnu_compiled_cplusplus
  1445: 00220180    72 FUNC    LOCAL  DEFAULT    1 Radio_SetIndex(M_RADIO *, LINKEDLIST *, int)
  1446: 00220130    76 FUNC    LOCAL  DEFAULT    1 Radio_GetIndex(M_RADIO *, LINKEDLIST *, LIST_ROW *)
  1447: 002201c8     0 NOTYPE  LOCAL  DEFAULT    1 gcc2_compiled.
  1448: 002201c8     0 NOTYPE  LOCAL  DEFAULT    1 __gnu_compiled_cplusplus
  1449: 002214f0     0 NOTYPE  LOCAL  DEFAULT    1 gcc2_compiled.
  1450: 002214f0     0 NOTYPE  LOCAL  DEFAULT    1 __gnu_compiled_cplusplus
  1451: 002224c8     0 NOTYPE  LOCAL  DEFAULT    1 gcc2_compiled.
  1452: 002224c8     0 NOTYPE  LOCAL  DEFAULT    1 __gnu_compiled_cplusplus
  1453: 00222b80     0 NOTYPE  LOCAL  DEFAULT    1 gcc2_compiled.
  1454: 00222b80     0 NOTYPE  LOCAL  DEFAULT    1 __gnu_compiled_cplusplus
  1455: 00224098   116 FUNC    LOCAL  DEFAULT    1 Text_SetupChar(M_TEXTBOX *, unsigned char, int, int, int, int, unsigned char)
  1456: 0030d8f8     0 NOTYPE  LOCAL  DEFAULT   14 frames.120
  1457: 00224110     0 NOTYPE  LOCAL  DEFAULT    1 gcc2_compiled.
  1458: 00224110     0 NOTYPE  LOCAL  DEFAULT    1 __gnu_compiled_cplusplus
  1459: 00000000     0 FILE    LOCAL  DEFAULT  ABS C:/DOCUME~1/MAP1~1.EUR/LOCALS~1/Temp/crt025322.i
  1460: 002242a8     0 NOTYPE  LOCAL  DEFAULT    1 zerobss
  1461: 0034e380     0 NOTYPE  LOCAL  DEFAULT   15 _args
  1462: 00224358     8 FUNC    LOCAL  DEFAULT    1 _root
  1463: 002e4c28     4 OBJECT  LOCAL  DEFAULT    4 p.3
  1464: 0034e500     0 NOTYPE  LOCAL  DEFAULT   15 initialized.10
  1465: 00224438     0 NOTYPE  LOCAL  DEFAULT    1 gcc2_compiled.
  1466: 00224438     0 NOTYPE  LOCAL  DEFAULT    1 __gnu_compiled_c
  1467: 00224438     0 NOTYPE  LOCAL  DEFAULT    1 gcc2_compiled.
  1468: 00224438     0 NOTYPE  LOCAL  DEFAULT    1 __gnu_compiled_c
  1469: 0034e508     0 NOTYPE  LOCAL  DEFAULT   15 thenan.3
  1470: 00224710     0 NOTYPE  LOCAL  DEFAULT    1 gcc2_compiled.
  1471: 00224710     0 NOTYPE  LOCAL  DEFAULT    1 __gnu_compiled_c
  1472: 0034e518     0 NOTYPE  LOCAL  DEFAULT   15 thenan.3
  1473: 002248e0   576 FUNC    LOCAL  DEFAULT    1 _fpadd_parts
  1474: 002253d0     0 NOTYPE  LOCAL  DEFAULT    1 gcc2_compiled.
  1475: 002253d0     0 NOTYPE  LOCAL  DEFAULT    1 __gnu_compiled_c
  1476: 00225430     0 NOTYPE  LOCAL  DEFAULT    1 gcc2_compiled.
  1477: 00225430     0 NOTYPE  LOCAL  DEFAULT    1 __gnu_compiled_c
  1478: 002e4c30    16 OBJECT  LOCAL  DEFAULT    4 __ps2_libinfo__
  1479: 002e4c40    16 OBJECT  LOCAL  DEFAULT    4 gp.6
  1480: 002255d0     0 NOTYPE  LOCAL  DEFAULT    1 gcc2_compiled.
  1481: 002255d0     0 NOTYPE  LOCAL  DEFAULT    1 __gnu_compiled_c
  1482: 002e4c50    32 OBJECT  LOCAL  DEFAULT    4 init_vif_regs.3
  1483: 00225638     0 NOTYPE  LOCAL  DEFAULT    1 gcc2_compiled.
  1484: 00225638     0 NOTYPE  LOCAL  DEFAULT    1 __gnu_compiled_c
  1485: 002258d0     0 NOTYPE  LOCAL  DEFAULT    1 gcc2_compiled.
  1486: 002258d0     0 NOTYPE  LOCAL  DEFAULT    1 __gnu_compiled_c
  1487: 00225930     0 NOTYPE  LOCAL  DEFAULT    1 gcc2_compiled.
  1488: 00225930     0 NOTYPE  LOCAL  DEFAULT    1 __gnu_compiled_c
  1489: 002259c8     0 NOTYPE  LOCAL  DEFAULT    1 gcc2_compiled.
  1490: 002259c8     0 NOTYPE  LOCAL  DEFAULT    1 __gnu_compiled_c
  1491: 00225ce0     0 NOTYPE  LOCAL  DEFAULT    1 gcc2_compiled.
  1492: 00225ce0     0 NOTYPE  LOCAL  DEFAULT    1 __gnu_compiled_c
  1493: 002e4c70    16 OBJECT  LOCAL  DEFAULT    4 init_mp3.3
  1494: 00226370     0 NOTYPE  LOCAL  DEFAULT    1 gcc2_compiled.
  1495: 00226370     0 NOTYPE  LOCAL  DEFAULT    1 __gnu_compiled_c
  1496: 002265e0     0 NOTYPE  LOCAL  DEFAULT    1 gcc2_compiled.
  1497: 002265e0     0 NOTYPE  LOCAL  DEFAULT    1 __gnu_compiled_c
  1498: 002266a0     0 NOTYPE  LOCAL  DEFAULT    1 gcc2_compiled.
  1499: 002266a0     0 NOTYPE  LOCAL  DEFAULT    1 __gnu_compiled_c
  1500: 00226768     0 NOTYPE  LOCAL  DEFAULT    1 gcc2_compiled.
  1501: 00226768     0 NOTYPE  LOCAL  DEFAULT    1 __gnu_compiled_c
  1502: 00226950     0 NOTYPE  LOCAL  DEFAULT    1 gcc2_compiled.
  1503: 00226950     0 NOTYPE  LOCAL  DEFAULT    1 __gnu_compiled_c
  1504: 00226a58     0 NOTYPE  LOCAL  DEFAULT    1 gcc2_compiled.
  1505: 00226a58     0 NOTYPE  LOCAL  DEFAULT    1 __gnu_compiled_c
  1506: 00226b40     0 NOTYPE  LOCAL  DEFAULT    1 gcc2_compiled.
  1507: 00226b40     0 NOTYPE  LOCAL  DEFAULT    1 __gnu_compiled_c
  1508: 002e4c80    16 OBJECT  LOCAL  DEFAULT    4 __ps2_libinfo__
  1509: 00226b40    40 FUNC    LOCAL  DEFAULT    1 DPRINT
  1510: 0034e540     0 NOTYPE  LOCAL  DEFAULT   15 port_open
  1511: 0034e568     0 NOTYPE  LOCAL  DEFAULT   15 port_close
  1512: 0034e590     0 NOTYPE  LOCAL  DEFAULT   15 get_connection
  1513: 0034e5b8     0 NOTYPE  LOCAL  DEFAULT   15 change_priority
  1514: 0034e5e0     0 NOTYPE  LOCAL  DEFAULT   15 module_version
  1515: 0034e640     0 NOTYPE  LOCAL  DEFAULT   15 sif_buffer
  1516: 00226f38     0 NOTYPE  LOCAL  DEFAULT    1 gcc2_compiled.
  1517: 00226f38     0 NOTYPE  LOCAL  DEFAULT    1 __gnu_compiled_c
  1518: 002e4c90    16 OBJECT  LOCAL  DEFAULT    4 __ps2_libinfo__
  1519: 002e4ca0     4 OBJECT  LOCAL  DEFAULT    4 isInit
  1520: 002e4ca4     4 OBJECT  LOCAL  DEFAULT    4 isWarning
  1521: 00226f38   276 FUNC    LOCAL  DEFAULT    1 _send_to_iop
  1522: 0034e710     0 NOTYPE  LOCAL  DEFAULT   15 PadInfo
  1523: 0034e6c0     0 NOTYPE  LOCAL  DEFAULT   15 padsif
  1524: 00227d20   100 FUNC    LOCAL  DEFAULT    1 scePadGetModVersion
  1525: 00227190   156 FUNC    LOCAL  DEFAULT    1 scePadInit2
  1526: 0034e900     0 NOTYPE  LOCAL  DEFAULT   15 buffer
  1527: 0034e800     0 NOTYPE  LOCAL  DEFAULT   15 dma_iop_data
  1528: 00227418    96 FUNC    LOCAL  DEFAULT    1 scePadGetDmaStr
  1529: 002e4ca8    32 OBJECT  LOCAL  DEFAULT    4 PadStateStr
  1530: 00227578   100 FUNC    LOCAL  DEFAULT    1 scePadSetReqState
  1531: 002e4cc8    12 OBJECT  LOCAL  DEFAULT    4 ReqStateStr
  1532: 00227ae8   180 FUNC    LOCAL  DEFAULT    1 scePadGetButtonMask
  1533: 00227ba0   176 FUNC    LOCAL  DEFAULT    1 scePadSetButtonInfo
  1534: 00227d88     0 NOTYPE  LOCAL  DEFAULT    1 gcc2_compiled.
  1535: 00227d88     0 NOTYPE  LOCAL  DEFAULT    1 __gnu_compiled_c
  1536: 002e4cd8    16 OBJECT  LOCAL  DEFAULT    4 __ps2_libinfo__
  1537: 002e4ce8     4 OBJECT  LOCAL  DEFAULT    4 mcRunCmdNo
  1538: 002e4cec     4 OBJECT  LOCAL  DEFAULT    4 semaidRegFunc
  1539: 0034e980     0 NOTYPE  LOCAL  DEFAULT   15 mcClientID
  1540: 0034ea00     0 NOTYPE  LOCAL  DEFAULT   15 sifParamOrd
  1541: 0034ff40     0 NOTYPE  LOCAL  DEFAULT   15 retval
  1542: 0034ea30     0 NOTYPE  LOCAL  DEFAULT   15 sifParamFname
  1543: 00228248   144 FUNC    LOCAL  DEFAULT    1 mceIntrReadFixAlign
  1544: 0034ee80     0 NOTYPE  LOCAL  DEFAULT   15 sifParamNext
  1545: 00228578    36 FUNC    LOCAL  DEFAULT    1 mcHearAlarm
  1546: 002285a0    68 FUNC    LOCAL  DEFAULT    1 mcDelayThread
  1547: 002286c8    84 FUNC    LOCAL  DEFAULT    1 mceGetInfoApdx
  1548: 0034e9a8     0 NOTYPE  LOCAL  DEFAULT   15 typeAddr
  1549: 0034e9ac     0 NOTYPE  LOCAL  DEFAULT   15 freeAddr
  1550: 0034e9b0     0 NOTYPE  LOCAL  DEFAULT   15 formAddr
  1551: 00228a08   132 FUNC    LOCAL  DEFAULT    1 mceStorePwd
  1552: 0034ef40     0 NOTYPE  LOCAL  DEFAULT   15 currentDir
  1553: 0034e9c0     0 NOTYPE  LOCAL  DEFAULT   15 buffFileInfo
  1554: 00228ea4     0 NOTYPE  LOCAL  DEFAULT    1 _loopMulMatrix
  1555: 002e4cf0     0 NOTYPE  LOCAL  DEFAULT    4 S5432
  1556: 002e4d00    32 OBJECT  LOCAL  DEFAULT    4 init_vif_regs.126
  1557: 002291a0     0 NOTYPE  LOCAL  DEFAULT    1 gcc2_compiled.
  1558: 002291a0     0 NOTYPE  LOCAL  DEFAULT    1 __gnu_compiled_c
  1559: 002e4d20    16 OBJECT  LOCAL  DEFAULT    4 __ps2_libinfo__
  1560: 00350100     0 NOTYPE  LOCAL  DEFAULT   15 sceSd_gCd
  1561: 002e4d30     4 OBJECT  LOCAL  DEFAULT    4 sceSd_gEnd_func
  1562: 0034ff80     0 NOTYPE  LOCAL  DEFAULT   15 transData.6
  1563: 003500c0     0 NOTYPE  LOCAL  DEFAULT   15 sbuff
  1564: 0034ff90     0 NOTYPE  LOCAL  DEFAULT   15 stack
  1565: 00350140     0 NOTYPE  LOCAL  DEFAULT   15 stack.3
  1566: 00229450   224 FUNC    LOCAL  DEFAULT    1 _sdrCB
  1567: 00351240     0 NOTYPE  LOCAL  DEFAULT   15 gEECBData
  1568: 00351140     0 NOTYPE  LOCAL  DEFAULT   15 stack
  1569: 00229530     0 NOTYPE  LOCAL  DEFAULT    1 gcc2_compiled.
  1570: 00229530     0 NOTYPE  LOCAL  DEFAULT    1 __gnu_compiled_c
  1571: 0022a140     0 NOTYPE  LOCAL  DEFAULT    1 gcc2_compiled.
  1572: 0022a140     0 NOTYPE  LOCAL  DEFAULT    1 __gnu_compiled_c
  1573: 002e4df8    16 OBJECT  LOCAL  DEFAULT    4 __ps2_libinfo__
  1574: 0022a688   368 FUNC    LOCAL  DEFAULT    1 _getpic
  1575: 0022a910    68 FUNC    LOCAL  DEFAULT    1 _decodeOrSkip
  1576: 0022a7f8   276 FUNC    LOCAL  DEFAULT    1 _decodeOrSkipFrame
  1577: 0022a958   348 FUNC    LOCAL  DEFAULT    1 _decodeOrSkipField
  1578: 0022ab20     0 NOTYPE  LOCAL  DEFAULT    1 gcc2_compiled.
  1579: 0022ab20     0 NOTYPE  LOCAL  DEFAULT    1 __gnu_compiled_c
  1580: 0022ad70    32 FUNC    LOCAL  DEFAULT    1 _RefImageInit
  1581: 0022b240   212 FUNC    LOCAL  DEFAULT    1 _setDefaultQM
  1582: 0022b160   224 FUNC    LOCAL  DEFAULT    1 _initRefImages
  1583: 0022b518     0 NOTYPE  LOCAL  DEFAULT    1 gcc2_compiled.
  1584: 0022b518     0 NOTYPE  LOCAL  DEFAULT    1 __gnu_compiled_c
  1585: 0022b534     0 NOTYPE  LOCAL  DEFAULT    1 gcc2_compiled.
  1586: 0022b534     0 NOTYPE  LOCAL  DEFAULT    1 __gnu_compiled_c
  1587: 0022b540     0 NOTYPE  LOCAL  DEFAULT    1 gcc2_compiled.
  1588: 0022b540     0 NOTYPE  LOCAL  DEFAULT    1 __gnu_compiled_c
  1589: 00351280   512 OBJECT  LOCAL  DEFAULT   15 _sprtagdata.24
  1590: 0022b540   592 FUNC    LOCAL  DEFAULT    1 _motionComp0
  1591: 0022ffd8   340 FUNC    LOCAL  DEFAULT    1 dmaRefImage
  1592: 002e4ec0    32 OBJECT  LOCAL  DEFAULT    4 _rix
  1593: 002e4ee0    32 OBJECT  LOCAL  DEFAULT    4 _ri0
  1594: 0022c2b8   540 FUNC    LOCAL  DEFAULT    1 _doMC
  1595: 00000000     0 NOTYPE  LOCAL  DEFAULT  ABS o_c
  1596: 00000004     0 NOTYPE  LOCAL  DEFAULT  ABS o_fx_int
  1597: 00000008     0 NOTYPE  LOCAL  DEFAULT  ABS o_cu
  1598: 0000000c     0 NOTYPE  LOCAL  DEFAULT  ABS o_cd
  1599: 00000010     0 NOTYPE  LOCAL  DEFAULT  ABS o_sadd
  1600: 00000014     0 NOTYPE  LOCAL  DEFAULT  ABS o_left
  1601: 00000018     0 NOTYPE  LOCAL  DEFAULT  ABS o_right
  1602: 0022d270     0 NOTYPE  LOCAL  DEFAULT    1 _maxval
  1603: 0022d990   496 FUNC    LOCAL  DEFAULT    1 _slice0
  1604: 0022d860   300 FUNC    LOCAL  DEFAULT    1 _sliceA0
  1605: 0022dc40  1192 FUNC    LOCAL  DEFAULT    1 _decMB0
  1606: 0022db80   188 FUNC    LOCAL  DEFAULT    1 _skipMB0
  1607: 00230130   112 FUNC    LOCAL  DEFAULT    1 receiveDataFromIPU
  1608: 0022e0e8   136 FUNC    LOCAL  DEFAULT    1 _decode_motion_vector
  1609: 0022f0c8   116 FUNC    LOCAL  DEFAULT    1 _updateTempTackData
  1610: 0022f848   160 FUNC    LOCAL  DEFAULT    1 _isOutSizeOK
  1611: 0022fb58    40 FUNC    LOCAL  DEFAULT    1 _markOutput
  1612: 0022fb80   396 FUNC    LOCAL  DEFAULT    1 _getPtsDtsFlags
  1613: 002301a0     0 NOTYPE  LOCAL  DEFAULT    1 gcc2_compiled.
  1614: 002301a0     0 NOTYPE  LOCAL  DEFAULT    1 __gnu_compiled_c
  1615: 002301a0   280 FUNC    LOCAL  DEFAULT    1 _doCSC
  1616: 002302b8   372 FUNC    LOCAL  DEFAULT    1 _ch3dmaCSC
  1617: 00230430   432 FUNC    LOCAL  DEFAULT    1 _doCSC2
  1618: 002305e0   260 FUNC    LOCAL  DEFAULT    1 _ch4dma
  1619: 00230960     0 NOTYPE  LOCAL  DEFAULT    1 gcc2_compiled.
  1620: 00230960     0 NOTYPE  LOCAL  DEFAULT    1 __gnu_compiled_c
  1621: 002309b8   152 FUNC    LOCAL  DEFAULT    1 _sysbitFlush
  1622: 00230b70     0 NOTYPE  LOCAL  DEFAULT    1 gcc2_compiled.
  1623: 00230b70     0 NOTYPE  LOCAL  DEFAULT    1 __gnu_compiled_c
  1624: 002e4f80    16 OBJECT  LOCAL  DEFAULT    4 __ps2_libinfo__
  1625: 002e4f94     4 OBJECT  LOCAL  DEFAULT    4 cb_thid
  1626: 002e4f98     4 OBJECT  LOCAL  DEFAULT    4 scmd_sema_keep_cmd
  1627: 002e4f9c     4 OBJECT  LOCAL  DEFAULT    4 ncmd_sema_keep_cmd
  1628: 002e4fa0     4 OBJECT  LOCAL  DEFAULT    4 cb_semid
  1629: 002e4fa4     4 OBJECT  LOCAL  DEFAULT    4 Init_seq
  1630: 00230b70    36 FUNC    LOCAL  DEFAULT    1 CB_DelayTh
  1631: 002e4fb8     4 OBJECT  LOCAL  DEFAULT    4 _ncmd_bind
  1632: 00351480     0 NOTYPE  LOCAL  DEFAULT   15 sceCdCbfunc
  1633: 0035148c     0 NOTYPE  LOCAL  DEFAULT   15 sceCdPoffCbfunc_num
  1634: 00351490     0 NOTYPE  LOCAL  DEFAULT   15 my_thid
  1635: 00351498     0 NOTYPE  LOCAL  DEFAULT   15 my_th_info
  1636: 003514c8     0 NOTYPE  LOCAL  DEFAULT   15 cb_tp
  1637: 00230d58   148 FUNC    LOCAL  DEFAULT    1 cmd_sem_init
  1638: 00230df0   128 FUNC    LOCAL  DEFAULT    1 cdvd_exit
  1639: 002e4fbc     4 OBJECT  LOCAL  DEFAULT    4 _icmd_bind
  1640: 00230eb8   100 FUNC    LOCAL  DEFAULT    1 PowerOffCB
  1641: 00351484     0 NOTYPE  LOCAL  DEFAULT   15 sceCdPoffCbfunc
  1642: 00351488     0 NOTYPE  LOCAL  DEFAULT   15 sceCdPoffCbdata
  1643: 00230e78    60 FUNC    LOCAL  DEFAULT    1 _sceCd_Poff_Intr
  1644: 002e4fc0     4 OBJECT  LOCAL  DEFAULT    4 _sf_bind
  1645: 00351680     0 NOTYPE  LOCAL  DEFAULT   15 cdrdsf
  1646: 00351500     0 NOTYPE  LOCAL  DEFAULT   15 _sf_data
  1647: 00351640     0 NOTYPE  LOCAL  DEFAULT   15 sfrdata
  1648: 002e4fc4     4 OBJECT  LOCAL  DEFAULT    4 _scmd_dr_bind
  1649: 002e4fc8     4 OBJECT  LOCAL  DEFAULT    4 _scmd_bind
  1650: 002e4fcc     4 OBJECT  LOCAL  DEFAULT    4 _it_bind
  1651: 002e4fd0     4 OBJECT  LOCAL  DEFAULT    4 c_cnt.57
  1652: 00351700     0 NOTYPE  LOCAL  DEFAULT   15 _i_mode
  1653: 003516a8     0 NOTYPE  LOCAL  DEFAULT   15 cdit
  1654: 003516d0     0 NOTYPE  LOCAL  DEFAULT   15 cddr
  1655: 00351710     0 NOTYPE  LOCAL  DEFAULT   15 _dr_mode
  1656: 00231a50     0 NOTYPE  LOCAL  DEFAULT    1 gcc2_compiled.
  1657: 00231a50     0 NOTYPE  LOCAL  DEFAULT    1 __gnu_compiled_c
  1658: 00231c30     0 NOTYPE  LOCAL  DEFAULT    1 gcc2_compiled.
  1659: 00231c30     0 NOTYPE  LOCAL  DEFAULT    1 __gnu_compiled_c
  1660: 00231cc8     0 NOTYPE  LOCAL  DEFAULT    1 gcc2_compiled.
  1661: 00231cc8     0 NOTYPE  LOCAL  DEFAULT    1 __gnu_compiled_c
  1662: 002e69f0     4 OBJECT  LOCAL  DEFAULT    4 stm_status
  1663: 00351718     0 NOTYPE  LOCAL  DEFAULT   15 dum_mode
  1664: 00232070     0 NOTYPE  LOCAL  DEFAULT    1 gcc2_compiled.
  1665: 00232070     0 NOTYPE  LOCAL  DEFAULT    1 __gnu_compiled_c
  1666: 00232070    52 FUNC    LOCAL  DEFAULT    1 memclr
  1667: 002e6a28    16 OBJECT  LOCAL  DEFAULT    4 __ps2_libinfo__
  1668: 002e6a38    40 OBJECT  LOCAL  DEFAULT    4 isclr
  1669: 002e6a60    10 OBJECT  LOCAL  DEFAULT    4 ststbl
  1670: 002e6a70    10 OBJECT  LOCAL  DEFAULT    4 stdtbl
  1671: 002e6a80    10 OBJECT  LOCAL  DEFAULT    4 mfdtbl
  1672: 00232410    64 FUNC    LOCAL  DEFAULT    1 sceDevVu0Sync
  1673: 002324e8    72 FUNC    LOCAL  DEFAULT    1 sceDevVu1Sync
  1674: 00232540     0 NOTYPE  LOCAL  DEFAULT    1 gcc2_compiled.
  1675: 00232540     0 NOTYPE  LOCAL  DEFAULT    1 __gnu_compiled_c
  1676: 00232578     0 NOTYPE  LOCAL  DEFAULT    1 gcc2_compiled.
  1677: 00232578     0 NOTYPE  LOCAL  DEFAULT    1 __gnu_compiled_c
  1678: 002325b0     0 NOTYPE  LOCAL  DEFAULT    1 gcc2_compiled.
  1679: 002325b0     0 NOTYPE  LOCAL  DEFAULT    1 __gnu_compiled_c
  1680: 002325b0   100 FUNC    LOCAL  DEFAULT    1 setD3_CHCR
  1681: 00232618   100 FUNC    LOCAL  DEFAULT    1 setD4_CHCR
  1682: 00232920     0 NOTYPE  LOCAL  DEFAULT    1 gcc2_compiled.
  1683: 00232920     0 NOTYPE  LOCAL  DEFAULT    1 __gnu_compiled_c
  1684: 002e6ab0    16 OBJECT  LOCAL  DEFAULT    4 __ps2_libinfo__
  1685: 002e6ac0    80 OBJECT  LOCAL  DEFAULT    4 iqval
  1686: 002e6b10    32 OBJECT  LOCAL  DEFAULT    4 vqval
  1687: 00232920   100 FUNC    LOCAL  DEFAULT    1 setD4_CHCR
  1688: 00232bc0     0 NOTYPE  LOCAL  DEFAULT    1 gcc2_compiled.
  1689: 00232bc0     0 NOTYPE  LOCAL  DEFAULT    1 __gnu_compiled_c
  1690: 00232c48     0 NOTYPE  LOCAL  DEFAULT    1 gcc2_compiled.
  1691: 00232c48     0 NOTYPE  LOCAL  DEFAULT    1 __gnu_compiled_c
  1692: 00232d48     0 NOTYPE  LOCAL  DEFAULT    1 gcc2_compiled.
  1693: 00232d48     0 NOTYPE  LOCAL  DEFAULT    1 __gnu_compiled_c
  1694: 00232e48     0 NOTYPE  LOCAL  DEFAULT    1 gcc2_compiled.
  1695: 00232e48     0 NOTYPE  LOCAL  DEFAULT    1 __gnu_compiled_c
  1696: 00232f70     0 NOTYPE  LOCAL  DEFAULT    1 gcc2_compiled.
  1697: 00232f70     0 NOTYPE  LOCAL  DEFAULT    1 __gnu_compiled_c
  1698: 0030b480     4 OBJECT  LOCAL  DEFAULT   12 o_threshold
  1699: 0030b484     4 OBJECT  LOCAL  DEFAULT   12 u_threshold
  1700: 002330e8     0 NOTYPE  LOCAL  DEFAULT    1 gcc2_compiled.
  1701: 002330e8     0 NOTYPE  LOCAL  DEFAULT    1 __gnu_compiled_c
  1702: 00233228     0 NOTYPE  LOCAL  DEFAULT    1 gcc2_compiled.
  1703: 00233228     0 NOTYPE  LOCAL  DEFAULT    1 __gnu_compiled_c
  1704: 0030b4a8     4 OBJECT  LOCAL  DEFAULT   12 one
  1705: 0030b4ac     4 OBJECT  LOCAL  DEFAULT   12 pi
  1706: 0030b4b0     4 OBJECT  LOCAL  DEFAULT   12 pio2_hi
  1707: 0030b4b4     4 OBJECT  LOCAL  DEFAULT   12 pio2_lo
  1708: 0030b4b8     4 OBJECT  LOCAL  DEFAULT   12 pS0
  1709: 0030b4bc     4 OBJECT  LOCAL  DEFAULT   12 pS1
  1710: 0030b4c0     4 OBJECT  LOCAL  DEFAULT   12 pS2
  1711: 0030b4c4     4 OBJECT  LOCAL  DEFAULT   12 pS3
  1712: 0030b4c8     4 OBJECT  LOCAL  DEFAULT   12 pS4
  1713: 0030b4cc     4 OBJECT  LOCAL  DEFAULT   12 pS5
  1714: 0030b4d0     4 OBJECT  LOCAL  DEFAULT   12 qS1
  1715: 0030b4d4     4 OBJECT  LOCAL  DEFAULT   12 qS2
  1716: 0030b4d8     4 OBJECT  LOCAL  DEFAULT   12 qS3
  1717: 0030b4dc     4 OBJECT  LOCAL  DEFAULT   12 qS4
  1718: 00233658     0 NOTYPE  LOCAL  DEFAULT    1 gcc2_compiled.
  1719: 00233658     0 NOTYPE  LOCAL  DEFAULT    1 __gnu_compiled_c
  1720: 0030b4e0     4 OBJECT  LOCAL  DEFAULT   12 one
  1721: 0030b4e4     4 OBJECT  LOCAL  DEFAULT   12 huge
  1722: 0030b4e8     4 OBJECT  LOCAL  DEFAULT   12 pio2_hi
  1723: 0030b4ec     4 OBJECT  LOCAL  DEFAULT   12 pio2_lo
  1724: 0030b4f0     4 OBJECT  LOCAL  DEFAULT   12 pio4_hi
  1725: 0030b4f4     4 OBJECT  LOCAL  DEFAULT   12 pS0
  1726: 0030b4f8     4 OBJECT  LOCAL  DEFAULT   12 pS1
  1727: 0030b4fc     4 OBJECT  LOCAL  DEFAULT   12 pS2
  1728: 0030b500     4 OBJECT  LOCAL  DEFAULT   12 pS3
  1729: 0030b504     4 OBJECT  LOCAL  DEFAULT   12 pS4
  1730: 0030b508     4 OBJECT  LOCAL  DEFAULT   12 pS5
  1731: 0030b50c     4 OBJECT  LOCAL  DEFAULT   12 qS1
  1732: 0030b510     4 OBJECT  LOCAL  DEFAULT   12 qS2
  1733: 0030b514     4 OBJECT  LOCAL  DEFAULT   12 qS3
  1734: 0030b518     4 OBJECT  LOCAL  DEFAULT   12 qS4
  1735: 002339f8     0 NOTYPE  LOCAL  DEFAULT    1 gcc2_compiled.
  1736: 002339f8     0 NOTYPE  LOCAL  DEFAULT    1 __gnu_compiled_c
  1737: 0030b51c     4 OBJECT  LOCAL  DEFAULT   12 tiny
  1738: 0030b520     4 OBJECT  LOCAL  DEFAULT   12 zero
  1739: 0030b524     4 OBJECT  LOCAL  DEFAULT   12 pi_o_4
  1740: 0030b528     4 OBJECT  LOCAL  DEFAULT   12 pi_o_2
  1741: 0030b52c     4 OBJECT  LOCAL  DEFAULT   12 pi
  1742: 0030b530     4 OBJECT  LOCAL  DEFAULT   12 pi_lo
  1743: 00233ce0     0 NOTYPE  LOCAL  DEFAULT    1 gcc2_compiled.
  1744: 00233ce0     0 NOTYPE  LOCAL  DEFAULT    1 __gnu_compiled_c
  1745: 0030b538     4 OBJECT  LOCAL  DEFAULT   12 one
  1746: 0030b540     8 OBJECT  LOCAL  DEFAULT   12 halF
  1747: 0030b548     4 OBJECT  LOCAL  DEFAULT   12 huge
  1748: 0030b54c     4 OBJECT  LOCAL  DEFAULT   12 twom100
  1749: 0030b550     4 OBJECT  LOCAL  DEFAULT   12 o_threshold
  1750: 0030b554     4 OBJECT  LOCAL  DEFAULT   12 u_threshold
  1751: 0030b558     8 OBJECT  LOCAL  DEFAULT   12 ln2HI
  1752: 0030b560     8 OBJECT  LOCAL  DEFAULT   12 ln2LO
  1753: 0030b568     4 OBJECT  LOCAL  DEFAULT   12 invln2
  1754: 0030b56c     4 OBJECT  LOCAL  DEFAULT   12 P1
  1755: 0030b570     4 OBJECT  LOCAL  DEFAULT   12 P2
  1756: 0030b574     4 OBJECT  LOCAL  DEFAULT   12 P3
  1757: 0030b578     4 OBJECT  LOCAL  DEFAULT   12 P4
  1758: 0030b57c     4 OBJECT  LOCAL  DEFAULT   12 P5
  1759: 00233f98     0 NOTYPE  LOCAL  DEFAULT    1 gcc2_compiled.
  1760: 00233f98     0 NOTYPE  LOCAL  DEFAULT    1 __gnu_compiled_c
  1761: 0030b588     4 OBJECT  LOCAL  DEFAULT   12 one
  1762: 0030b590     8 OBJECT  LOCAL  DEFAULT   12 Zero
  1763: 002341e8     0 NOTYPE  LOCAL  DEFAULT    1 gcc2_compiled.
  1764: 002341e8     0 NOTYPE  LOCAL  DEFAULT    1 __gnu_compiled_c
  1765: 0030b598   792 OBJECT  LOCAL  DEFAULT   12 two_over_pi
  1766: 0030b8b0   128 OBJECT  LOCAL  DEFAULT   12 npio2_hw
  1767: 0030b930     4 OBJECT  LOCAL  DEFAULT   12 zero
  1768: 0030b934     4 OBJECT  LOCAL  DEFAULT   12 half
  1769: 0030b938     4 OBJECT  LOCAL  DEFAULT   12 two8
  1770: 0030b93c     4 OBJECT  LOCAL  DEFAULT   12 invpio2
  1771: 0030b940     4 OBJECT  LOCAL  DEFAULT   12 pio2_1
  1772: 0030b944     4 OBJECT  LOCAL  DEFAULT   12 pio2_1t
  1773: 0030b948     4 OBJECT  LOCAL  DEFAULT   12 pio2_2
  1774: 0030b94c     4 OBJECT  LOCAL  DEFAULT   12 pio2_2t
  1775: 0030b950     4 OBJECT  LOCAL  DEFAULT   12 pio2_3
  1776: 0030b954     4 OBJECT  LOCAL  DEFAULT   12 pio2_3t
  1777: 002345c8     0 NOTYPE  LOCAL  DEFAULT    1 gcc2_compiled.
  1778: 002345c8     0 NOTYPE  LOCAL  DEFAULT    1 __gnu_compiled_c
  1779: 0030b958     4 OBJECT  LOCAL  DEFAULT   12 one
  1780: 0030b95c     4 OBJECT  LOCAL  DEFAULT   12 tiny
  1781: 00234700     0 NOTYPE  LOCAL  DEFAULT    1 gcc2_compiled.
  1782: 00234700     0 NOTYPE  LOCAL  DEFAULT    1 __gnu_compiled_c
  1783: 0030b960    12 OBJECT  LOCAL  DEFAULT   12 init_jk
  1784: 0030b970    44 OBJECT  LOCAL  DEFAULT   12 PIo2
  1785: 0030b99c     4 OBJECT  LOCAL  DEFAULT   12 zero
  1786: 0030b9a0     4 OBJECT  LOCAL  DEFAULT   12 one
  1787: 0030b9a4     4 OBJECT  LOCAL  DEFAULT   12 two8
  1788: 0030b9a8     4 OBJECT  LOCAL  DEFAULT   12 twon8
  1789: 00235050     0 NOTYPE  LOCAL  DEFAULT    1 gcc2_compiled.
  1790: 00235050     0 NOTYPE  LOCAL  DEFAULT    1 __gnu_compiled_c
  1791: 0030b9b0     4 OBJECT  LOCAL  DEFAULT   12 one
  1792: 0030b9b4     4 OBJECT  LOCAL  DEFAULT   12 pio4
  1793: 0030b9b8     4 OBJECT  LOCAL  DEFAULT   12 pio4lo
  1794: 0030b9c0    52 OBJECT  LOCAL  DEFAULT   12 T
  1795: 002352e4     0 NOTYPE  LOCAL  DEFAULT    1 gcc2_compiled.
  1796: 002352e4     0 NOTYPE  LOCAL  DEFAULT    1 __gnu_compiled_c
  1797: 002352e4     0 NOTYPE  LOCAL  DEFAULT    1 gcc2_compiled.
  1798: 002352e4     0 NOTYPE  LOCAL  DEFAULT    1 __gnu_compiled_c
  1799: 002352e8     0 NOTYPE  LOCAL  DEFAULT    1 gcc2_compiled.
  1800: 002352e8     0 NOTYPE  LOCAL  DEFAULT    1 __gnu_compiled_c
  1801: 00235310     0 NOTYPE  LOCAL  DEFAULT    1 gcc2_compiled.
  1802: 00235310     0 NOTYPE  LOCAL  DEFAULT    1 __gnu_compiled_c
  1803: 0030ba08    16 OBJECT  LOCAL  DEFAULT   12 atanhi
  1804: 0030ba18    16 OBJECT  LOCAL  DEFAULT   12 atanlo
  1805: 0030ba28    44 OBJECT  LOCAL  DEFAULT   12 aT
  1806: 0030ba54     4 OBJECT  LOCAL  DEFAULT   12 one
  1807: 0030ba58     4 OBJECT  LOCAL  DEFAULT   12 huge
  1808: 002355b8     0 NOTYPE  LOCAL  DEFAULT    1 gcc2_compiled.
  1809: 002355b8     0 NOTYPE  LOCAL  DEFAULT    1 __gnu_compiled_c
  1810: 002355d8     0 NOTYPE  LOCAL  DEFAULT    1 gcc2_compiled.
  1811: 002355d8     0 NOTYPE  LOCAL  DEFAULT    1 __gnu_compiled_c
  1812: 00235600     0 NOTYPE  LOCAL  DEFAULT    1 gcc2_compiled.
  1813: 00235600     0 NOTYPE  LOCAL  DEFAULT    1 __gnu_compiled_c
  1814: 0030ba5c     4 OBJECT  LOCAL  DEFAULT   12 huge
  1815: 002356e8     0 NOTYPE  LOCAL  DEFAULT    1 gcc2_compiled.
  1816: 002356e8     0 NOTYPE  LOCAL  DEFAULT    1 __gnu_compiled_c
  1817: 00235710     0 NOTYPE  LOCAL  DEFAULT    1 gcc2_compiled.
  1818: 00235710     0 NOTYPE  LOCAL  DEFAULT    1 __gnu_compiled_c
  1819: 0030ba60     4 OBJECT  LOCAL  DEFAULT   12 two25
  1820: 0030ba64     4 OBJECT  LOCAL  DEFAULT   12 twom25
  1821: 0030ba68     4 OBJECT  LOCAL  DEFAULT   12 huge
  1822: 0030ba6c     4 OBJECT  LOCAL  DEFAULT   12 tiny
  1823: 00235870     0 NOTYPE  LOCAL  DEFAULT    1 gcc2_compiled.
  1824: 00235870     0 NOTYPE  LOCAL  DEFAULT    1 __gnu_compiled_c
  1825: 002358a0     0 NOTYPE  LOCAL  DEFAULT    1 gcc2_compiled.
  1826: 002358a0     0 NOTYPE  LOCAL  DEFAULT    1 __gnu_compiled_c
  1827: 002358a0     0 NOTYPE  LOCAL  DEFAULT    1 gcc2_compiled.
  1828: 002358a0     0 NOTYPE  LOCAL  DEFAULT    1 __gnu_compiled_c
  1829: 002358b0     0 NOTYPE  LOCAL  DEFAULT    1 gcc2_compiled.
  1830: 002358b0     0 NOTYPE  LOCAL  DEFAULT    1 __gnu_compiled_c
  1831: 00235960     0 NOTYPE  LOCAL  DEFAULT    1 gcc2_compiled.
  1832: 00235960     0 NOTYPE  LOCAL  DEFAULT    1 __gnu_compiled_c
  1833: 002e6b30   748 OBJECT  LOCAL  DEFAULT    4 impure_data
  1834: 00235960     0 NOTYPE  LOCAL  DEFAULT    1 gcc2_compiled.
  1835: 00235960     0 NOTYPE  LOCAL  DEFAULT    1 __gnu_compiled_c
  1836: 00235980     0 NOTYPE  LOCAL  DEFAULT    1 gcc2_compiled.
  1837: 00235980     0 NOTYPE  LOCAL  DEFAULT    1 __gnu_compiled_c
  1838: 002359b8     0 NOTYPE  LOCAL  DEFAULT    1 gcc2_compiled.
  1839: 002359b8     0 NOTYPE  LOCAL  DEFAULT    1 __gnu_compiled_c
  1840: 002359b8   596 FUNC    LOCAL  DEFAULT    1 malloc_extend_top
  1841: 00000000     0 FILE    LOCAL  DEFAULT  ABS ../../../../../../src/newlib/libc/machine/r5900/memcpy.S
  1842: 00236404     0 NOTYPE  LOCAL  DEFAULT    1 $L2
  1843: 00236408     0 NOTYPE  LOCAL  DEFAULT    1 $L20
  1844: 002363ac     0 NOTYPE  LOCAL  DEFAULT    1 $L5
  1845: 002363e4     0 NOTYPE  LOCAL  DEFAULT    1 $L9
  1846: 00236430     0 NOTYPE  LOCAL  DEFAULT    1 $L12
  1847: 00236414     0 NOTYPE  LOCAL  DEFAULT    1 $L13
  1848: 00000000     0 FILE    LOCAL  DEFAULT  ABS ../../../../../../src/newlib/libc/machine/r5900/memmove.S
  1849: 00236490     0 NOTYPE  LOCAL  DEFAULT    1 $L2
  1850: 00236534     0 NOTYPE  LOCAL  DEFAULT    1 $L7
  1851: 0023646c     0 NOTYPE  LOCAL  DEFAULT    1 $L5
  1852: 0023650c     0 NOTYPE  LOCAL  DEFAULT    1 $L29
  1853: 002364b0     0 NOTYPE  LOCAL  DEFAULT    1 $L11
  1854: 00236508     0 NOTYPE  LOCAL  DEFAULT    1 $L30
  1855: 002364e8     0 NOTYPE  LOCAL  DEFAULT    1 $L15
  1856: 00236518     0 NOTYPE  LOCAL  DEFAULT    1 $L19
  1857: 00000000     0 FILE    LOCAL  DEFAULT  ABS ../../../../../../src/newlib/libc/machine/r5900/memset.S
  1858: 002365bc     0 NOTYPE  LOCAL  DEFAULT    1 $L2
  1859: 002365a8     0 NOTYPE  LOCAL  DEFAULT    1 $L31
  1860: 00236578     0 NOTYPE  LOCAL  DEFAULT    1 $L12
  1861: 0023659c     0 NOTYPE  LOCAL  DEFAULT    1 $L16
  1862: 002365f4     0 NOTYPE  LOCAL  DEFAULT    1 $L19
  1863: 002365d8     0 NOTYPE  LOCAL  DEFAULT    1 $L20
  1864: 00236600     0 NOTYPE  LOCAL  DEFAULT    1 gcc2_compiled.
  1865: 00236600     0 NOTYPE  LOCAL  DEFAULT    1 __gnu_compiled_c
  1866: 00236668     0 NOTYPE  LOCAL  DEFAULT    1 gcc2_compiled.
  1867: 00236668     0 NOTYPE  LOCAL  DEFAULT    1 __gnu_compiled_c
  1868: 00000000     0 FILE    LOCAL  DEFAULT  ABS ../../../../../../src/newlib/libc/machine/r5900/strcat.S
  1869: 0023682c     0 NOTYPE  LOCAL  DEFAULT    1 $L15
  1870: 002367e8     0 NOTYPE  LOCAL  DEFAULT    1 $L3
  1871: 0023682c     0 NOTYPE  LOCAL  DEFAULT    1 $L9
  1872: 002367bc     0 NOTYPE  LOCAL  DEFAULT    1 $L14
  1873: 0023680c     0 NOTYPE  LOCAL  DEFAULT    1 $L16
  1874: 00236828     0 NOTYPE  LOCAL  DEFAULT    1 $L4
  1875: 00000000     0 FILE    LOCAL  DEFAULT  ABS ../../../../../../src/newlib/libc/machine/r5900/strchr.S
  1876: 002369d4     0 NOTYPE  LOCAL  DEFAULT    1 $L24
  1877: 0023694c     0 NOTYPE  LOCAL  DEFAULT    1 $L6
  1878: 002368c0     0 NOTYPE  LOCAL  DEFAULT    1 $L16
  1879: 002369d8     0 NOTYPE  LOCAL  DEFAULT    1 $L25
  1880: 0023698c     0 NOTYPE  LOCAL  DEFAULT    1 $L26
  1881: 002369c8     0 NOTYPE  LOCAL  DEFAULT    1 $L17
  1882: 002369e4     0 NOTYPE  LOCAL  DEFAULT    1 $L27
  1883: 00000000     0 FILE    LOCAL  DEFAULT  ABS ../../../../../../src/newlib/libc/machine/r5900/strcmp.S
  1884: 00236b24     0 NOTYPE  LOCAL  DEFAULT    1 $L20
  1885: 00236ab8     0 NOTYPE  LOCAL  DEFAULT    1 $L18
  1886: 00236a6c     0 NOTYPE  LOCAL  DEFAULT    1 $L2
  1887: 00236a90     0 NOTYPE  LOCAL  DEFAULT    1 $L5
  1888: 00236b24     0 NOTYPE  LOCAL  DEFAULT    1 $L19
  1889: 00236acc     0 NOTYPE  LOCAL  DEFAULT    1 $L21
  1890: 00236ae8     0 NOTYPE  LOCAL  DEFAULT    1 $L6
  1891: 00236b04     0 NOTYPE  LOCAL  DEFAULT    1 $L12
  1892: 00236b2c     0 NOTYPE  LOCAL  DEFAULT    1 $L22
  1893: 00000000     0 FILE    LOCAL  DEFAULT  ABS ../../../../../../src/newlib/libc/machine/r5900/strcpy.S
  1894: 00236c28     0 NOTYPE  LOCAL  DEFAULT    1 $L7
  1895: 00236be8     0 NOTYPE  LOCAL  DEFAULT    1 $L3
  1896: 00236c24     0 NOTYPE  LOCAL  DEFAULT    1 $L4
  1897: 00236bb4     0 NOTYPE  LOCAL  DEFAULT    1 $L2
  1898: 00236c00     0 NOTYPE  LOCAL  DEFAULT    1 $L5
  1899: 00000000     0 FILE    LOCAL  DEFAULT  ABS ../../../../../../src/newlib/libc/machine/r5900/strlen.S
  1900: 00236d60     0 NOTYPE  LOCAL  DEFAULT    1 $L15
  1901: 00236cf0     0 NOTYPE  LOCAL  DEFAULT    1 $L12
  1902: 00236cc4     0 NOTYPE  LOCAL  DEFAULT    1 $L14
  1903: 00236d40     0 NOTYPE  LOCAL  DEFAULT    1 $L16
  1904: 00236d60     0 NOTYPE  LOCAL  DEFAULT    1 $L9
  1905: 00000000     0 FILE    LOCAL  DEFAULT  ABS ../../../../../../src/newlib/libc/machine/r5900/strncpy.S
  1906: 00236ef0     0 NOTYPE  LOCAL  DEFAULT    1 $L9
  1907: 00236e5c     0 NOTYPE  LOCAL  DEFAULT    1 $L17
  1908: 00236db0     0 NOTYPE  LOCAL  DEFAULT    1 $L31
  1909: 00236eec     0 NOTYPE  LOCAL  DEFAULT    1 $L5
  1910: 00236e18     0 NOTYPE  LOCAL  DEFAULT    1 $L39
  1911: 00236eb8     0 NOTYPE  LOCAL  DEFAULT    1 $L19
  1912: 00236f3c     0 NOTYPE  LOCAL  DEFAULT    1 $L18
  1913: 00236f18     0 NOTYPE  LOCAL  DEFAULT    1 $L20
  1914: 00236f20     0 NOTYPE  LOCAL  DEFAULT    1 $L16
  1915: 00236f48     0 NOTYPE  LOCAL  DEFAULT    1 gcc2_compiled.
  1916: 00236f48     0 NOTYPE  LOCAL  DEFAULT    1 __gnu_compiled_c
  1917: 00236fb8     0 NOTYPE  LOCAL  DEFAULT    1 gcc2_compiled.
  1918: 00236fb8     0 NOTYPE  LOCAL  DEFAULT    1 __gnu_compiled_c
  1919: 00237010     0 NOTYPE  LOCAL  DEFAULT    1 gcc2_compiled.
  1920: 00237010     0 NOTYPE  LOCAL  DEFAULT    1 __gnu_compiled_c
  1921: 00237010    68 FUNC    LOCAL  DEFAULT    1 __sprint
  1922: 00237058   180 FUNC    LOCAL  DEFAULT    1 __sbprintf
  1923: 0030bb80    16 OBJECT  LOCAL  DEFAULT   12 blanks.12
  1924: 0030bb90    16 OBJECT  LOCAL  DEFAULT   12 zeroes.13
  1925: 002386a0   432 FUNC    LOCAL  DEFAULT    1 cvt
  1926: 00238850   224 FUNC    LOCAL  DEFAULT    1 exponent
  1927: 00238930     0 NOTYPE  LOCAL  DEFAULT    1 gcc2_compiled.
  1928: 00238930     0 NOTYPE  LOCAL  DEFAULT    1 __gnu_compiled_c
  1929: 00238a40     0 NOTYPE  LOCAL  DEFAULT    1 gcc2_compiled.
  1930: 00238a40     0 NOTYPE  LOCAL  DEFAULT    1 __gnu_compiled_c
  1931: 00238a40   532 FUNC    LOCAL  DEFAULT    1 quorem
  1932: 00239e28     0 NOTYPE  LOCAL  DEFAULT    1 gcc2_compiled.
  1933: 00239e28     0 NOTYPE  LOCAL  DEFAULT    1 __gnu_compiled_c
  1934: 00239f30     0 NOTYPE  LOCAL  DEFAULT    1 gcc2_compiled.
  1935: 00239f30     0 NOTYPE  LOCAL  DEFAULT    1 __gnu_compiled_c
  1936: 00239f30    88 FUNC    LOCAL  DEFAULT    1 std
  1937: 0023a030     0 NOTYPE  LOCAL  DEFAULT    1 gcc2_compiled.
  1938: 0023a030     0 NOTYPE  LOCAL  DEFAULT    1 __gnu_compiled_c
  1939: 0023a4c0     0 NOTYPE  LOCAL  DEFAULT    1 gcc2_compiled.
  1940: 0023a4c0     0 NOTYPE  LOCAL  DEFAULT    1 __gnu_compiled_c
  1941: 0023a898     0 NOTYPE  LOCAL  DEFAULT    1 gcc2_compiled.
  1942: 0023a898     0 NOTYPE  LOCAL  DEFAULT    1 __gnu_compiled_c
  1943: 0030bde8    48 OBJECT  LOCAL  DEFAULT   12 lconv
  1944: 002e7280     8 OBJECT  LOCAL  DEFAULT    4 lc_ctype.3
  1945: 002e7288     8 OBJECT  LOCAL  DEFAULT    4 last_lc_ctype.4
  1946: 0023a978     0 NOTYPE  LOCAL  DEFAULT    1 gcc2_compiled.
  1947: 0023a978     0 NOTYPE  LOCAL  DEFAULT    1 __gnu_compiled_c
  1948: 0023aac8     0 NOTYPE  LOCAL  DEFAULT    1 gcc2_compiled.
  1949: 0023aac8     0 NOTYPE  LOCAL  DEFAULT    1 __gnu_compiled_c
  1950: 00000000     0 FILE    LOCAL  DEFAULT  ABS ../../../../../../src/newlib/libc/machine/r5900/memchr.S
  1951: 0023aba4     0 NOTYPE  LOCAL  DEFAULT    1 $L2
  1952: 0023ab1c     0 NOTYPE  LOCAL  DEFAULT    1 $L6
  1953: 0023ab64     0 NOTYPE  LOCAL  DEFAULT    1 $L10
  1954: 0023abd4     0 NOTYPE  LOCAL  DEFAULT    1 $L20
  1955: 0023abc0     0 NOTYPE  LOCAL  DEFAULT    1 $L21
  1956: 0023abdc     0 NOTYPE  LOCAL  DEFAULT    1 $L31
  1957: 0023abe8     0 NOTYPE  LOCAL  DEFAULT    1 gcc2_compiled.
  1958: 0023abe8     0 NOTYPE  LOCAL  DEFAULT    1 __gnu_compiled_c
  1959: 0030be30    12 OBJECT  LOCAL  DEFAULT   12 p05.27
  1960: 0023b788     0 NOTYPE  LOCAL  DEFAULT    1 gcc2_compiled.
  1961: 0023b788     0 NOTYPE  LOCAL  DEFAULT    1 __gnu_compiled_c
  1962: 0023b7d0     0 NOTYPE  LOCAL  DEFAULT    1 gcc2_compiled.
  1963: 0023b7d0     0 NOTYPE  LOCAL  DEFAULT    1 __gnu_compiled_c
  1964: 0023b808     0 NOTYPE  LOCAL  DEFAULT    1 gcc2_compiled.
  1965: 0023b808     0 NOTYPE  LOCAL  DEFAULT    1 __gnu_compiled_c
  1966: 0023b978     0 NOTYPE  LOCAL  DEFAULT    1 gcc2_compiled.
  1967: 0023b978     0 NOTYPE  LOCAL  DEFAULT    1 __gnu_compiled_c
  1968: 0023b9d8     0 NOTYPE  LOCAL  DEFAULT    1 gcc2_compiled.
  1969: 0023b9d8     0 NOTYPE  LOCAL  DEFAULT    1 __gnu_compiled_c
  1970: 0023ba98     0 NOTYPE  LOCAL  DEFAULT    1 gcc2_compiled.
  1971: 0023ba98     0 NOTYPE  LOCAL  DEFAULT    1 __gnu_compiled_c
  1972: 0023baf0     0 NOTYPE  LOCAL  DEFAULT    1 gcc2_compiled.
  1973: 0023baf0     0 NOTYPE  LOCAL  DEFAULT    1 __gnu_compiled_c
  1974: 0023bb50     0 NOTYPE  LOCAL  DEFAULT    1 gcc2_compiled.
  1975: 0023bb50     0 NOTYPE  LOCAL  DEFAULT    1 __gnu_compiled_c
  1976: 0023bbb0     0 NOTYPE  LOCAL  DEFAULT    1 gcc2_compiled.
  1977: 0023bbb0     0 NOTYPE  LOCAL  DEFAULT    1 __gnu_compiled_c
  1978: 00000000     0 FILE    LOCAL  DEFAULT  ABS klib.s
  1979: 00000000     0 FILE    LOCAL  DEFAULT  ABS version.h
  1980: 00000000     0 FILE    LOCAL  DEFAULT  ABS klib.s
  1981: 00000000     0 FILE    LOCAL  DEFAULT  ABS klib.s
  1982: 002e72a0     4 OBJECT  LOCAL  DEFAULT    4 ttyinit
  1983: 002e72a4     4 OBJECT  LOCAL  DEFAULT    4 heap_ptr.30
  1984: 0023c368     0 NOTYPE  LOCAL  DEFAULT    1 gcc2_compiled.
  1985: 0023c368     0 NOTYPE  LOCAL  DEFAULT    1 __gnu_compiled_c
  1986: 002e72a8  1856 OBJECT  LOCAL  DEFAULT    4 srcfile
  1987: 002e79e8    40 OBJECT  LOCAL  DEFAULT    4 eenull
  1988: 0023c650    56 FUNC    LOCAL  DEFAULT    1 kCopy
  1989: 002e7a10    64 OBJECT  LOCAL  DEFAULT    4 SysEntry
  1990: 002e7a50     4 OBJECT  LOCAL  DEFAULT    4 topId
  1991: 00351b20     0 NOTYPE  LOCAL  DEFAULT   15 topSema
  1992: 00351720     0 NOTYPE  LOCAL  DEFAULT   15 stack.6
  1993: 00351b28     0 NOTYPE  LOCAL  DEFAULT   15 topArg
  1994: 0023c738     0 NOTYPE  LOCAL  DEFAULT    1 gcc2_compiled.
  1995: 0023c738     0 NOTYPE  LOCAL  DEFAULT    1 __gnu_compiled_c
  1996: 00351f40     0 NOTYPE  LOCAL  DEFAULT   15 q.3
  1997: 0023c738    36 FUNC    LOCAL  DEFAULT    1 QueueInit
  1998: 0023c760    60 FUNC    LOCAL  DEFAULT    1 QueuePeekWriteDone
  1999: 0023c7a0    60 FUNC    LOCAL  DEFAULT    1 QueuePeekReadDone
  2000: 0023c7e0   404 FUNC    LOCAL  DEFAULT    1 sceTtyHandler
  2001: 00352050     0 NOTYPE  LOCAL  DEFAULT   15 tinfo
  2002: 00352080     0 NOTYPE  LOCAL  DEFAULT   15 wbuf
  2003: 003521c0     0 NOTYPE  LOCAL  DEFAULT   15 rbuf
  2004: 0023cc58     0 NOTYPE  LOCAL  DEFAULT    1 gcc2_compiled.
  2005: 0023cc58     0 NOTYPE  LOCAL  DEFAULT    1 __gnu_compiled_c
  2006: 002e7a54     4 OBJECT  LOCAL  DEFAULT    4 count
  2007: 0023cc58    56 FUNC    LOCAL  DEFAULT    1 kputchar
  2008: 0023cc90   176 FUNC    LOCAL  DEFAULT    1 deci2Putchar
  2009: 00352300     0 NOTYPE  LOCAL  DEFAULT   15 linebuf
  2010: 0023cd40    52 FUNC    LOCAL  DEFAULT    1 serialPutchar
  2011: 002e7a58     4 OBJECT  LOCAL  DEFAULT    4 _putchar
  2012: 0023cd78   144 FUNC    LOCAL  DEFAULT    1 ftoi
  2013: 0023ce08   360 FUNC    LOCAL  DEFAULT    1 printfloat
  2014: 0023d5d0     0 NOTYPE  LOCAL  DEFAULT    1 gcc2_compiled.
  2015: 0023d5d0     0 NOTYPE  LOCAL  DEFAULT    1 __gnu_compiled_c
  2016: 002e7a5c     4 OBJECT  LOCAL  DEFAULT    4 _cmd_init_check
  2017: 0023d5d0    28 FUNC    LOCAL  DEFAULT    1 _set_sreg
  2018: 0023d5f0    12 FUNC    LOCAL  DEFAULT    1 _change_addr
  2019: 00352580     0 NOTYPE  LOCAL  DEFAULT   15 soft_reg
  2020: 00352458     0 NOTYPE  LOCAL  DEFAULT   15 _data_table
  2021: 00352380     0 NOTYPE  LOCAL  DEFAULT   15 _pckt_buffer
  2022: 00352400     0 NOTYPE  LOCAL  DEFAULT   15 _send_buffer
  2023: 00352480     0 NOTYPE  LOCAL  DEFAULT   15 _sys_buffer
  2024: 00352440     0 NOTYPE  LOCAL  DEFAULT   15 _csdata
  2025: 0023daf0   296 FUNC    LOCAL  DEFAULT    1 _sceSifCmdIntrHdlr
  2026: 00352454     0 NOTYPE  LOCAL  DEFAULT   15 sif0_handleid
  2027: 0023d938   308 FUNC    LOCAL  DEFAULT    1 _sceSifSendCmd
  2028: 0023dcbc     0 NOTYPE  LOCAL  DEFAULT    1 last
  2029: 0023dc68     0 NOTYPE  LOCAL  DEFAULT    1 eight
  2030: 0023dc4c     0 NOTYPE  LOCAL  DEFAULT    1 loop1
  2031: 0023dc6c     0 NOTYPE  LOCAL  DEFAULT    1 loop8
  2032: 0023dcc8     0 NOTYPE  LOCAL  DEFAULT    1 gcc2_compiled.
  2033: 0023dcc8     0 NOTYPE  LOCAL  DEFAULT    1 __gnu_compiled_c
  2034: 002e7a60     4 OBJECT  LOCAL  DEFAULT    4 _sceSifInitCheck
  2035: 00352600     0 NOTYPE  LOCAL  DEFAULT   15 _packet_buffer
  2036: 00353e00     0 NOTYPE  LOCAL  DEFAULT   15 _data_table
  2037: 00352e00     0 NOTYPE  LOCAL  DEFAULT   15 _free_buffer
  2038: 00353600     0 NOTYPE  LOCAL  DEFAULT   15 _free_buffer2
  2039: 0023df68   180 FUNC    LOCAL  DEFAULT    1 _request_end
  2040: 0023e0d0   176 FUNC    LOCAL  DEFAULT    1 _request_bind
  2041: 0023e2c0   140 FUNC    LOCAL  DEFAULT    1 _request_call
  2042: 0023e020    96 FUNC    LOCAL  DEFAULT    1 _request_rdata
  2043: 0023de70   168 FUNC    LOCAL  DEFAULT    1 _sceRpcGetPacket
  2044: 0023df18    28 FUNC    LOCAL  DEFAULT    1 _sceRpcFreePacket
  2045: 0023df38    48 FUNC    LOCAL  DEFAULT    1 _sceRpcGetFPacket
  2046: 0023e080    76 FUNC    LOCAL  DEFAULT    1 _search_svdata
  2047: 0023e598     0 NOTYPE  LOCAL  DEFAULT    1 gcc2_compiled.
  2048: 0023e598     0 NOTYPE  LOCAL  DEFAULT    1 __gnu_compiled_c
  2049: 002e7ae8     4 OBJECT  LOCAL  DEFAULT    4 _fs_init
  2050: 002e7aec     4 OBJECT  LOCAL  DEFAULT    4 _fs_semid
  2051: 002e7af0     4 OBJECT  LOCAL  DEFAULT    4 _fs_iob_semid
  2052: 002e7af4     4 OBJECT  LOCAL  DEFAULT    4 _fs_fsq_semid
  2053: 0023e598    92 FUNC    LOCAL  DEFAULT    1 _sceFsIobSemaMK
  2054: 0023e5f8   136 FUNC    LOCAL  DEFAULT    1 new_iob
  2055: 00354f40     0 NOTYPE  LOCAL  DEFAULT   15 _iob
  2056: 0023e680   108 FUNC    LOCAL  DEFAULT    1 get_iob
  2057: 0023e6f0   960 FUNC    LOCAL  DEFAULT    1 _sceFs_Rcv_Intr
  2058: 00354b00     0 NOTYPE  LOCAL  DEFAULT   15 _rcv_data_cmd
  2059: 0023eab0    76 FUNC    LOCAL  DEFAULT    1 _sceFsSemInit
  2060: 0023eb00    44 FUNC    LOCAL  DEFAULT    1 _sceFsWaitS
  2061: 0023eb30    12 FUNC    LOCAL  DEFAULT    1 _sceFsSigSema
  2062: 003551c0     0 NOTYPE  LOCAL  DEFAULT   15 _sif_FsPoff_Data
  2063: 0023eb40    44 FUNC    LOCAL  DEFAULT    1 _sceFs_Poff_Intr
  2064: 00353e40     0 NOTYPE  LOCAL  DEFAULT   15 rcv_adr.30
  2065: 00355180     0 NOTYPE  LOCAL  DEFAULT   15 _sif_FsRcv_Data
  2066: 00355140     0 NOTYPE  LOCAL  DEFAULT   15 _cd
  2067: 00354ac0     0 NOTYPE  LOCAL  DEFAULT   15 _rcv_data_rpc
  2068: 00355168     0 NOTYPE  LOCAL  DEFAULT   15 _fsversion
  2069: 002e7af8     4 OBJECT  LOCAL  DEFAULT    4 _fswildcard
  2070: 0023ed38   140 FUNC    LOCAL  DEFAULT    1 _fs_version
  2071: 00353e80     0 NOTYPE  LOCAL  DEFAULT   15 _send_data
  2072: 00353e44     0 NOTYPE  LOCAL  DEFAULT   15 ip0.55
  2073: 0023fa28     0 NOTYPE  LOCAL  DEFAULT    1 gcc2_compiled.
  2074: 0023fa28     0 NOTYPE  LOCAL  DEFAULT    1 __gnu_compiled_c
  2075: 002e7afc     4 OBJECT  LOCAL  DEFAULT    4 _bind
  2076: 00355200     0 NOTYPE  LOCAL  DEFAULT   15 cd
  2077: 00355280     0 NOTYPE  LOCAL  DEFAULT   15 sdata
  2078: 00355240     0 NOTYPE  LOCAL  DEFAULT   15 rdata
  2079: 003552c0     0 NOTYPE  LOCAL  DEFAULT   15 _lih_data
  2080: 0023fbb8     0 NOTYPE  LOCAL  DEFAULT    1 gcc2_compiled.
  2081: 0023fbb8     0 NOTYPE  LOCAL  DEFAULT    1 __gnu_compiled_c
  2082: 0023fc18     0 NOTYPE  LOCAL  DEFAULT    1 gcc2_compiled.
  2083: 0023fc18     0 NOTYPE  LOCAL  DEFAULT    1 __gnu_compiled_c
  2084: 0023fc18     8 FUNC    LOCAL  DEFAULT    1 TerminateLibrary
  2085: 0023fc50     0 NOTYPE  LOCAL  DEFAULT    1 gcc2_compiled.
  2086: 0023fc50     0 NOTYPE  LOCAL  DEFAULT    1 __gnu_compiled_c
  2087: 003553c0     0 NOTYPE  LOCAL  DEFAULT   15 userarea
  2088: 002e7b00   808 OBJECT  LOCAL  DEFAULT    4 tlbsrc
  2089: 0023fda8    56 FUNC    LOCAL  DEFAULT    1 kCopy
  2090: 002e7e70    64 OBJECT  LOCAL  DEFAULT    4 SysEntry
  2091: 0023fde8    16 FUNC    LOCAL  DEFAULT    1 _SetTLBEntry
  2092: 002e7eb0   208 OBJECT  LOCAL  DEFAULT    4 kernelTLB
  2093: 002e7f80   288 OBJECT  LOCAL  DEFAULT    4 defaultTLB
  2094: 002e80a0   128 OBJECT  LOCAL  DEFAULT    4 extendTLB
  2095: 0023fe38   500 FUNC    LOCAL  DEFAULT    1 InitTLB32MB
  2096: 00000000     0 FILE    LOCAL  DEFAULT  ABS tlbtrap.s
  2097: 00000000     0 FILE    LOCAL  DEFAULT  ABS tlbtrap.s
  2098: 00356400     0 NOTYPE  LOCAL  DEFAULT   15 EEREG
  2099: 00356600     0 NOTYPE  LOCAL  DEFAULT   15 EERH0
  2100: 00356608     0 NOTYPE  LOCAL  DEFAULT   15 EERH1
  2101: 00356610     0 NOTYPE  LOCAL  DEFAULT   15 EERL0
  2102: 00356618     0 NOTYPE  LOCAL  DEFAULT   15 EERL1
  2103: 00356620     0 NOTYPE  LOCAL  DEFAULT   15 EERSA
  2104: 00356628     0 NOTYPE  LOCAL  DEFAULT   15 EEEPC
  2105: 00356400     0 NOTYPE  LOCAL  DEFAULT   15 hstack
  2106: 00356400     0 NOTYPE  LOCAL  DEFAULT   15 EER00
  2107: 00356410     0 NOTYPE  LOCAL  DEFAULT   15 EERAT
  2108: 00356420     0 NOTYPE  LOCAL  DEFAULT   15 EERV0
  2109: 00356430     0 NOTYPE  LOCAL  DEFAULT   15 EERV1
  2110: 00356440     0 NOTYPE  LOCAL  DEFAULT   15 EER04
  2111: 00356450     0 NOTYPE  LOCAL  DEFAULT   15 EER05
  2112: 00356460     0 NOTYPE  LOCAL  DEFAULT   15 EER06
  2113: 00356470     0 NOTYPE  LOCAL  DEFAULT   15 EER07
  2114: 00356480     0 NOTYPE  LOCAL  DEFAULT   15 EER08
  2115: 00356490     0 NOTYPE  LOCAL  DEFAULT   15 EER09
  2116: 003564a0     0 NOTYPE  LOCAL  DEFAULT   15 EER10
  2117: 003564b0     0 NOTYPE  LOCAL  DEFAULT   15 EER11
  2118: 003564c0     0 NOTYPE  LOCAL  DEFAULT   15 EER12
  2119: 003564d0     0 NOTYPE  LOCAL  DEFAULT   15 EER13
  2120: 003564e0     0 NOTYPE  LOCAL  DEFAULT   15 EER14
  2121: 003564f0     0 NOTYPE  LOCAL  DEFAULT   15 EER15
  2122: 00356500     0 NOTYPE  LOCAL  DEFAULT   15 EER16
  2123: 00356510     0 NOTYPE  LOCAL  DEFAULT   15 EER17
  2124: 00356520     0 NOTYPE  LOCAL  DEFAULT   15 EER18
  2125: 00356530     0 NOTYPE  LOCAL  DEFAULT   15 EER19
  2126: 00356540     0 NOTYPE  LOCAL  DEFAULT   15 EER20
  2127: 00356550     0 NOTYPE  LOCAL  DEFAULT   15 EER21
  2128: 00356560     0 NOTYPE  LOCAL  DEFAULT   15 EER22
  2129: 00356570     0 NOTYPE  LOCAL  DEFAULT   15 EER23
  2130: 00356580     0 NOTYPE  LOCAL  DEFAULT   15 EER24
  2131: 00356590     0 NOTYPE  LOCAL  DEFAULT   15 EER25
  2132: 003565a0     0 NOTYPE  LOCAL  DEFAULT   15 EER26
  2133: 003565b0     0 NOTYPE  LOCAL  DEFAULT   15 EER27
  2134: 003565c0     0 NOTYPE  LOCAL  DEFAULT   15 EERGP
  2135: 003565d0     0 NOTYPE  LOCAL  DEFAULT   15 EERSP
  2136: 003565e0     0 NOTYPE  LOCAL  DEFAULT   15 EERFP
  2137: 003565f0     0 NOTYPE  LOCAL  DEFAULT   15 EERRA
  2138: 002401a0     0 NOTYPE  LOCAL  DEFAULT    1 gcc2_compiled.
  2139: 002401a0     0 NOTYPE  LOCAL  DEFAULT    1 __gnu_compiled_c
  2140: 0030c240   256 OBJECT  LOCAL  DEFAULT   12 __clz_tab
  2141: 00240890     0 NOTYPE  LOCAL  DEFAULT    1 gcc2_compiled.
  2142: 00240890     0 NOTYPE  LOCAL  DEFAULT    1 __gnu_compiled_c
  2143: 00240980     0 NOTYPE  LOCAL  DEFAULT    1 gcc2_compiled.
  2144: 00240980     0 NOTYPE  LOCAL  DEFAULT    1 __gnu_compiled_c
  2145: 00240a18     0 NOTYPE  LOCAL  DEFAULT    1 gcc2_compiled.
  2146: 00240a18     0 NOTYPE  LOCAL  DEFAULT    1 __gnu_compiled_c
  2147: 0030c340   256 OBJECT  LOCAL  DEFAULT   12 __clz_tab
  2148: 00241080     0 NOTYPE  LOCAL  DEFAULT    1 gcc2_compiled.
  2149: 00241080     0 NOTYPE  LOCAL  DEFAULT    1 __gnu_compiled_c
  2150: 0030c440   256 OBJECT  LOCAL  DEFAULT   12 __clz_tab
  2151: 00241650     0 NOTYPE  LOCAL  DEFAULT    1 gcc2_compiled.
  2152: 00241650     0 NOTYPE  LOCAL  DEFAULT    1 __gnu_compiled_c
  2153: 0030c540   256 OBJECT  LOCAL  DEFAULT   12 __clz_tab
  2154: 00000000     0 FILE    LOCAL  DEFAULT  ABS ../../../../../../src/newlib/libc/machine/r5900/memcmp.S
  2155: 00241bdc     0 NOTYPE  LOCAL  DEFAULT    1 $L2
  2156: 00241ba8     0 NOTYPE  LOCAL  DEFAULT    1 $L5
  2157: 00241c1c     0 NOTYPE  LOCAL  DEFAULT    1 $L9
  2158: 00241bf8     0 NOTYPE  LOCAL  DEFAULT    1 $L10
  2159: 00241c10     0 NOTYPE  LOCAL  DEFAULT    1 $L11
  2160: 00020000     0 OBJECT  GLOBAL DEFAULT  ABS _stack_size
  2161: 01fe0000     0 OBJECT  GLOBAL DEFAULT  ABS _stack
  2162: ffffffff     0 OBJECT  GLOBAL DEFAULT  ABS _heap_size
  2163: 002242a8     0 NOTYPE  GLOBAL DEFAULT    1 ENTRYPOINT
  2164: 00314670     0 OBJECT  GLOBAL DEFAULT  ABS _gp
  2165: 0030d680     0 OBJECT  GLOBAL DEFAULT   14 _fbss
  2166: 0035662c     0 OBJECT  GLOBAL DEFAULT  ABS _end
  2167: 00241c80     0 OBJECT  GLOBAL DEFAULT    2 My_scissor_code
  2168: 00244280     0 OBJECT  GLOBAL DEFAULT    2 My_dma_start
  2169: 00000170     0 OBJECT  GLOBAL PROTECTED [<other>: e8]    10 SKIN_1_BONE
  2170: 00000000     0 OBJECT  GLOBAL PROTECTED [<other>: e8]    10 SKIN_2_BONE
  2171: 000000b8     0 OBJECT  GLOBAL PROTECTED [<other>: e8]    10 SKIN_2_BONE2
  2172: 00107100   440 FUNC    GLOBAL DEFAULT    1 audioDecSendToIOP(AudioDec *)
  2173: 001072b8   156 FUNC    GLOBAL DEFAULT    1 audioDecCreate(AudioDec *, unsigned char *, int, int, int, unsigned char *, int, int)
  2174: 00107360   120 FUNC    GLOBAL DEFAULT    1 audioDecStart(AudioDec *)
  2175: 001073d8   164 FUNC    GLOBAL DEFAULT    1 audioDecReset(AudioDec *)
  2176: 00107480   176 FUNC    GLOBAL DEFAULT    1 audioDecBeginPut(AudioDec *, unsigned char **, int *, unsigned char **, int *)
  2177: 00107530   124 FUNC    GLOBAL DEFAULT    1 audioDecEndPut(AudioDec *, int)
  2178: 001075b0    20 FUNC    GLOBAL DEFAULT    1 audioDecIsPreset(AudioDec *)
  2179: 00229250   496 FUNC    GLOBAL DEFAULT    1 sceSdRemote
  2180: 0023653c   192 FUNC    GLOBAL DEFAULT    1 memset
  2181: 0030c6a8     4 OBJECT  GLOBAL DEFAULT   13 MovieVolume
  2182: 0023bf20    16 FUNC    GLOBAL DEFAULT    1 FlushCache
  2183: 0023bfb0    16 FUNC    GLOBAL DEFAULT    1 sceSifSetDma
  2184: 0023bfa0    16 FUNC    GLOBAL DEFAULT    1 sceSifDmaStat
  2185: 00107b90    52 FUNC    GLOBAL DEFAULT    1 setLoadImageTags(unsigned int *, void *, int, int, int, int)
  2186: 00107d30    60 FUNC    GLOBAL DEFAULT    1 loadImage(unsigned int *)
  2187: 0030c7a8     4 OBJECT  GLOBAL DEFAULT   13 DrawBufBase
  2188: 00107d70   328 FUNC    GLOBAL DEFAULT    1 AllocateMovieMemory(void)
  2189: 0030c69c     4 OBJECT  GLOBAL DEFAULT   13 BGFMVPlaying
  2190: 0030c6a0     1 OBJECT  GLOBAL DEFAULT   13 MovieWrong
  2191: 00107eb8   420 FUNC    GLOBAL DEFAULT    1 UsingMovie(unsigned int)
  2192: 00108060   304 FUNC    GLOBAL DEFAULT    1 psiDecodeBackgroundMovieFrame(void)
  2193: 0030c6a1     1 OBJECT  GLOBAL DEFAULT   13 LoopingMovie
  2194: 0030c6a4     4 OBJECT  GLOBAL DEFAULT   13 MoviePlaying
  2195: 001081a8   320 FUNC    GLOBAL DEFAULT    1 psiStartBackgroundMovie(unsigned int, signed char, unsigned int)
  2196: 00108328   128 FUNC    GLOBAL DEFAULT    1 psiStopBackgroundMovie(void)
  2197: 001082e8    12 FUNC    GLOBAL DEFAULT    1 psiMovieFinished(void)
  2198: 001082f8    44 FUNC    GLOBAL DEFAULT    1 psiSwapBGFMVFrame(void)
  2199: 001cf688   968 FUNC    GLOBAL DEFAULT    1 Mem_Malloc(unsigned int, unsigned int, unsigned int)
  2200: 0023fab0   112 FUNC    GLOBAL DEFAULT    1 sceSifAllocIopHeap
  2201: 00108550   432 FUNC    GLOBAL DEFAULT    1 DecodeBGFMVFrame(playPssRsrcs *)
  2202: 00108700    64 FUNC    GLOBAL DEFAULT    1 CleanUpBGFMV(void)
  2203: 00108f90    80 FUNC    GLOBAL DEFAULT    1 strFileClose(void)
  2204: 002366c8   112 FUNC    GLOBAL DEFAULT    1 sprintf
  2205: 00108cc0   720 FUNC    GLOBAL DEFAULT    1 strFileOpen(char *, int)
  2206: 00108fe0   156 FUNC    GLOBAL DEFAULT    1 strFileRead(void *, int)
  2207: 001083a8   420 FUNC    GLOBAL DEFAULT    1 StartUpBGFMV(int (*)(void *, int), playPssRsrcs *)
  2208: 001cf568   288 FUNC    GLOBAL DEFAULT    1 Mem_Free(void **)
  2209: 0030c6b4     4 OBJECT  GLOBAL DEFAULT   13 ImageToUpload
  2210: 0023fb98    28 FUNC    GLOBAL DEFAULT    1 sceSifFreeIopHeap
  2211: 001169e0    56 FUNC    GLOBAL DEFAULT    1 PS2_SFXWaitTillFinished
  2212: 001087c8   128 FUNC    GLOBAL DEFAULT    1 SwapBGFMVFrame(void)
  2213: 00108740   132 FUNC    GLOBAL DEFAULT    1 PS2UploadBGMImage(void)
  2214: 0030c7a0     4 OBJECT  GLOBAL DEFAULT   13 MovieFrame
  2215: 0022a140   156 FUNC    GLOBAL DEFAULT    1 sceMpegInit
  2216: 002291a0   164 FUNC    GLOBAL DEFAULT    1 sceSdRemoteInit
  2217: 0022a1e0   520 FUNC    GLOBAL DEFAULT    1 sceMpegCreate
  2218: 002298d8   244 FUNC    GLOBAL DEFAULT    1 sceMpegAddStrCallback
  2219: 0022a508    36 FUNC    GLOBAL DEFAULT    1 sceMpegAddCallback
  2220: 0022a450    12 FUNC    GLOBAL DEFAULT    1 sceMpegIsEnd
  2221: 0022a3f8    72 FUNC    GLOBAL DEFAULT    1 sceMpegGetPicture
  2222: 0022a460    80 FUNC    GLOBAL DEFAULT    1 sceMpegReset
  2223: 0022a3e8     8 FUNC    GLOBAL DEFAULT    1 sceMpegDelete
  2224: 00236388   176 FUNC    GLOBAL DEFAULT    1 memcpy
  2225: 002298b8    32 FUNC    GLOBAL DEFAULT    1 sceMpegDemuxPss
  2226: 00235960    28 FUNC    GLOBAL DEFAULT    1 index
  2227: 00236d88   444 FUNC    GLOBAL DEFAULT    1 strncpy
  2228: 002369f4   324 FUNC    GLOBAL DEFAULT    1 strcmp
  2229: 00236c4c   312 FUNC    GLOBAL DEFAULT    1 strlen
  2230: 0030ba70   257 OBJECT  GLOBAL DEFAULT   12 _ctype_
  2231: 00230f20   764 FUNC    GLOBAL DEFAULT    1 sceCdSearchFile
  2232: 00231cc8    44 FUNC    GLOBAL DEFAULT    1 sceCdStInit
  2233: 00231cf8    52 FUNC    GLOBAL DEFAULT    1 sceCdStStart
  2234: 0023edd0   644 FUNC    GLOBAL DEFAULT    1 sceOpen
  2235: 0023f680   844 FUNC    GLOBAL DEFAULT    1 sceIoctl
  2236: 0023f1d8   568 FUNC    GLOBAL DEFAULT    1 sceLseek
  2237: 0023f058   380 FUNC    GLOBAL DEFAULT    1 sceClose
  2238: 00231d40    56 FUNC    GLOBAL DEFAULT    1 sceCdStStop
  2239: 00231d78   392 FUNC    GLOBAL DEFAULT    1 sceCdStRead
  2240: 0023f410   624 FUNC    GLOBAL DEFAULT    1 sceRead
  2241: 0030c6f8     1 OBJECT  GLOBAL DEFAULT   13 PS2Region
  2242: 0030c6fc     4 OBJECT  GLOBAL DEFAULT   13 PS2FrameRate
  2243: 0030c704     1 OBJECT  GLOBAL DEFAULT   13 PS2FirstGameRun
  2244: 0030c708     4 OBJECT  GLOBAL DEFAULT   13 PS2SkipCount
  2245: 0030c70c     4 OBJECT  GLOBAL DEFAULT   13 PS2FramesToSkip
  2246: 0030c710     4 OBJECT  GLOBAL DEFAULT   13 GameCount
  2247: 00109080   972 FUNC    GLOBAL DEFAULT    1 main
  2248: 0030c718     4 OBJECT  GLOBAL DEFAULT   13 VIF_HID
  2249: 0030c71c     4 OBJECT  GLOBAL DEFAULT   13 VBlank_HID
  2250: 001094d8    68 FUNC    GLOBAL DEFAULT    1 PS2RegionChange(void)
  2251: 0030c720     4 OBJECT  GLOBAL DEFAULT   13 PS2GameCodeTimeW
  2252: 0030c724     4 OBJECT  GLOBAL DEFAULT   13 PS2DrawCodeTimeW
  2253: 0030c728     4 OBJECT  GLOBAL DEFAULT   13 PS2DrawFrameTimeW
  2254: 0030c714     4 OBJECT  GLOBAL DEFAULT   13 RealTimeCount
  2255: 00109450    20 FUNC    GLOBAL DEFAULT    1 PS2_ResetFrameCount(void)
  2256: 00109468    40 FUNC    GLOBAL DEFAULT    1 UpdateT0Count(void)
  2257: 00109490    16 FUNC    GLOBAL DEFAULT    1 psiInitTimeIn100ths(void)
  2258: 001094a0    52 FUNC    GLOBAL DEFAULT    1 psiGetTimeIn100ths(void)
  2259: 00109520    96 FUNC    GLOBAL DEFAULT    1 psiPreGame_Run(void)
  2260: 0030c72c     4 OBJECT  GLOBAL DEFAULT   13 PS2GameCodeTime
  2261: 00109580    72 FUNC    GLOBAL DEFAULT    1 psiPostGame_Run(void)
  2262: 0030c730     4 OBJECT  GLOBAL DEFAULT   13 PS2DrawCodeTime
  2263: 0030c734     4 OBJECT  GLOBAL DEFAULT   13 PS2DrawFrameTime
  2264: 00224418    32 FUNC    GLOBAL DEFAULT    1 __main
  2265: 002320a8   220 FUNC    GLOBAL DEFAULT    1 sceDmaReset
  2266: 00232540    36 FUNC    GLOBAL DEFAULT    1 sceDevVif0Reset
  2267: 00232578    36 FUNC    GLOBAL DEFAULT    1 sceDevVif1Reset
  2268: 00232398    20 FUNC    GLOBAL DEFAULT    1 sceDevVu0Reset
  2269: 00232470    20 FUNC    GLOBAL DEFAULT    1 sceDevVu1Reset
  2270: 002255d0   104 FUNC    GLOBAL DEFAULT    1 sceGsResetPath
  2271: 002259c8   788 FUNC    GLOBAL DEFAULT    1 sceGsSyncPath
  2272: 0023dcc8   412 FUNC    GLOBAL DEFAULT    1 sceSifInitRpc
  2273: 002316a8   736 FUNC    GLOBAL DEFAULT    1 sceCdInit
  2274: 00231988   196 FUNC    GLOBAL DEFAULT    1 sceCdMmode
  2275: 0010bc48   168 FUNC    GLOBAL DEFAULT    1 FS_Init(void)
  2276: 0023fa28   136 FUNC    GLOBAL DEFAULT    1 sceSifInitIopHeap
  2277: 00123e90   504 FUNC    GLOBAL DEFAULT    1 VIFDMA(int)
  2278: 0023bc90    16 FUNC    GLOBAL DEFAULT    1 AddIntcHandler
  2279: 00124088   792 FUNC    GLOBAL DEFAULT    1 VBlankInt(int)
  2280: 001cff00   160 FUNC    GLOBAL DEFAULT    1 Mem_Init(void)
  2281: 00120ab0    60 FUNC    GLOBAL DEFAULT    1 PS2FreshBoot(void)
  2282: 00116f48   128 FUNC    GLOBAL DEFAULT    1 SFXSetLanguage
  2283: 0030d2ac     4 OBJECT  GLOBAL DEFAULT   13 LanguageToLoad
  2284: 0030d2a8     1 OBJECT  GLOBAL DEFAULT   13 bDisplayLangMenu
  2285: 00110f48    76 FUNC    GLOBAL DEFAULT    1 InitaliseMemoryCard(void)
  2286: 0010b000   684 FUNC    GLOBAL DEFAULT    1 CreateDB(signed char)
  2287: 0010c418   796 FUNC    GLOBAL DEFAULT    1 system_input_init(void)
  2288: 001243a0    96 FUNC    GLOBAL DEFAULT    1 ResetDBufData(void)
  2289: 0023c518   104 FUNC    GLOBAL DEFAULT    1 EnableIntc
  2290: 0030ca4c     4 OBJECT  GLOBAL DEFAULT   13 VBlankCount
  2291: 0017d2b8   136 FUNC    GLOBAL DEFAULT    1 GS_SetRefreshRate(unsigned int, unsigned int)
  2292: 001c98c8  1460 FUNC    GLOBAL DEFAULT    1 GameFlow_Main(void)
  2293: 00121770   444 FUNC    GLOBAL DEFAULT    1 PS2SafeCleanup(void)
  2294: 0030c7b0     4 OBJECT  GLOBAL DEFAULT   13 TextureBufBase
  2295: 00109688   120 FUNC    GLOBAL DEFAULT    1 initcache(int, int)
  2296: 0011cab0   448 FUNC    GLOBAL DEFAULT    1 PS2WipeVram(void)
  2297: 001156c0   240 FUNC    GLOBAL DEFAULT    1 SFXUpdate
  2298: 0030c738     1 OBJECT  GLOBAL DEFAULT   13 CacheFrame
  2299: 001095d0   184 FUNC    GLOBAL DEFAULT    1 CacheFlipBuffers(void)
  2300: 0030c73c     4 OBJECT  GLOBAL DEFAULT   13 CacheStart
  2301: 0030c740     4 OBJECT  GLOBAL DEFAULT   13 CacheSize
  2302: 00109700   112 FUNC    GLOBAL DEFAULT    1 allocache(int *, unsigned char *, int)
  2303: 0030c744     1 OBJECT  GLOBAL DEFAULT   13 UseSPadColl
  2304: 00109da0  2852 FUNC    GLOBAL DEFAULT    1 Intersect_CylGeom(HITTEST_tag *, HITDATA_tag *)
  2305: 0010a8c8  1408 FUNC    GLOBAL DEFAULT    1 Intersect_RayGeom(HITTEST_tag *, HITDATA_tag *)
  2306: 002d9bd0    16 OBJECT  GLOBAL DEFAULT    4 DeltaP
  2307: 0030d12c     4 OBJECT  GLOBAL DEFAULT   13 BoxCnt
  2308: 001eda38   164 FUNC    GLOBAL DEFAULT    1 Intersect_BoxBox(_VECTOR const *, _VECTOR const *, _VECTOR const *, _VECTOR const *)
  2309: 002d8908  4800 OBJECT  GLOBAL DEFAULT    4 ColBoxs
  2310: 001e3000   116 FUNC    GLOBAL DEFAULT    1 Vec_Normalise(_VECTOR *, _VECTOR const *)
  2311: 00120978   132 FUNC    GLOBAL DEFAULT    1 psiCopyToSP(void *, unsigned int, unsigned int)
  2312: 001ed888   256 FUNC    GLOBAL DEFAULT    1 Collide_Filter(unsigned short, unsigned short, unsigned int, float &)
  2313: 0030c74c     4 OBJECT  GLOBAL DEFAULT   13 PS2LSActive
  2314: 0030c750     4 OBJECT  GLOBAL DEFAULT   13 ScreenBlur
  2315: 0030c754     4 OBJECT  GLOBAL DEFAULT   13 TempFloat
  2316: 0030c758     1 OBJECT  GLOBAL DEFAULT   13 PS2IsDrawing
  2317: 00244520    16 OBJECT  GLOBAL DEFAULT    4 camera_zd
  2318: 00244530    16 OBJECT  GLOBAL DEFAULT    4 camera_yd
  2319: 0030c759     1 OBJECT  GLOBAL DEFAULT   13 WipeZBuffer
  2320: 0030c75c     4 OBJECT  GLOBAL DEFAULT   13 PS2ScreenXPos
  2321: 0030c760     4 OBJECT  GLOBAL DEFAULT   13 PS2ScreenYPos
  2322: 0030c764     1 OBJECT  GLOBAL DEFAULT   13 PS2UpdateScreenPos
  2323: 0030c765     1 OBJECT  GLOBAL DEFAULT   13 FogOn
  2324: 0030c768     4 OBJECT  GLOBAL DEFAULT   13 Ps2Near1
  2325: 0030c76c     4 OBJECT  GLOBAL DEFAULT   13 Ps2Far1
  2326: 0030c770     4 OBJECT  GLOBAL DEFAULT   13 Ps2Near2
  2327: 0030c774     4 OBJECT  GLOBAL DEFAULT   13 Ps2Far2
  2328: 0030c79c     4 OBJECT  GLOBAL DEFAULT   13 ZBufBase
  2329: 0030c780     4 OBJECT  GLOBAL DEFAULT   13 PS2ScreenWidth
  2330: 0030c7ac     4 OBJECT  GLOBAL DEFAULT   13 DisplayBufBase
  2331: 0030c784     4 OBJECT  GLOBAL DEFAULT   13 PS2ScreenHeight
  2332: 0030c788     4 OBJECT  GLOBAL DEFAULT   13 PS2OffY
  2333: 0030c78c     4 OBJECT  GLOBAL DEFAULT   13 PS2OffX
  2334: 0030c778     4 OBJECT  GLOBAL DEFAULT   13 PS2DebugXDim
  2335: 0030c77c     4 OBJECT  GLOBAL DEFAULT   13 PS2DebugYDim
  2336: 0010b2b0  1500 FUNC    GLOBAL DEFAULT    1 PS2WorldViewVU1Kick2(_VU1ENVPACKET2 *, viewer_tag *)
  2337: 00244600    64 OBJECT  GLOBAL DEFAULT    4 view_screen
  2338: 0030c7a4     4 OBJECT  GLOBAL DEFAULT   13 PS2Viewer
  2339: 00244640    64 OBJECT  GLOBAL DEFAULT    4 view_clip
  2340: 002445c0    64 OBJECT  GLOBAL DEFAULT    4 world_view
  2341: 00244680    16 OBJECT  GLOBAL DEFAULT    4 CameraDirection
  2342: 00244690    16 OBJECT  GLOBAL DEFAULT    4 CameraVertical
  2343: 00244540    64 OBJECT  GLOBAL DEFAULT    4 Triv_clip
  2344: 00244580    64 OBJECT  GLOBAL DEFAULT    4 Triv_clip2
  2345: 0010b890   124 FUNC    GLOBAL DEFAULT    1 psiAdjustScreenPos(int, int)
  2346: 0010b910    20 FUNC    GLOBAL DEFAULT    1 psiSetScreenPos(int, int)
  2347: 0010b928    20 FUNC    GLOBAL DEFAULT    1 psiGetScreenPos(int *, int *)
  2348: 0010b940    20 FUNC    GLOBAL DEFAULT    1 psiRestoreScreenPos(void)
  2349: 0010b958     8 FUNC    GLOBAL DEFAULT    1 psiEndUseCamera(viewer_tag *)
  2350: 0010b960    60 FUNC    GLOBAL DEFAULT    1 psiDrawFogPass(void)
  2351: 0030c7b4     4 OBJECT  GLOBAL DEFAULT   13 RGB2APacket
  2352: 0030c7b8     4 OBJECT  GLOBAL DEFAULT   13 FogOverlayPacket
  2353: 0010b9a0    36 FUNC    GLOBAL DEFAULT    1 psiClearZ(void)
  2354: 0030c7bc     4 OBJECT  GLOBAL DEFAULT   13 ZClearPacket
  2355: 0010b9c8    48 FUNC    GLOBAL DEFAULT    1 psiFadeView(unsigned char, unsigned char, unsigned char, unsigned char)
  2356: 0010b9f8    44 FUNC    GLOBAL DEFAULT    1 psiStartLoadingScreen(void)
  2357: 0010ba28    12 FUNC    GLOBAL DEFAULT    1 psiEndLoadingScreen(void)
  2358: 0030c790     4 OBJECT  GLOBAL DEFAULT   13 Ps2FogFar
  2359: 0030c794     4 OBJECT  GLOBAL DEFAULT   13 Ps2FogNear
  2360: 0030c798     4 OBJECT  GLOBAL DEFAULT   13 draw_frame_counter
  2361: 00225430   400 FUNC    GLOBAL DEFAULT    1 sceGsResetGraph
  2362: 00225638   664 FUNC    GLOBAL DEFAULT    1 sceGsSetDefDBuff
  2363: 00225930   148 FUNC    GLOBAL DEFAULT    1 sceGsSyncV
  2364: 002258d0    92 FUNC    GLOBAL DEFAULT    1 sceGsSwapDBuff
  2365: 00232bc0   136 FUNC    GLOBAL DEFAULT    1 tanf
  2366: 0030c97c     4 OBJECT  GLOBAL DEFAULT   13 PS2SnowSizeMult
  2367: 00124610   112 FUNC    GLOBAL DEFAULT    1 MatrixBond2PS2_2(MATRIX *, _PS2MATRIX *)
  2368: 00229058   176 FUNC    GLOBAL DEFAULT    1 sceVu0CameraMatrix
  2369: 00229018    40 FUNC    GLOBAL DEFAULT    1 sceVu0UnitMatrix
  2370: 00228e90    68 FUNC    GLOBAL DEFAULT    1 sceVu0MulMatrix
  2371: 00123d68   292 FUNC    GLOBAL DEFAULT    1 AddDMAChainPacket(Q_WORDDATA *)
  2372: 001181b0  1380 FUNC    GLOBAL DEFAULT    1 CreateTotalScreenSprite(unsigned char, unsigned char, unsigned char, unsigned char)
  2373: 00123910   312 FUNC    GLOBAL DEFAULT    1 AddDMAChainSprite(Q_WORDDATA *)
  2374: 001249c0    28 FUNC    GLOBAL DEFAULT    1 ResetLoadingBlobs(void)
  2375: 002446a0  3776 OBJECT  GLOBAL DEFAULT    4 FileList
  2376: 0010ba38   524 FUNC    GLOBAL DEFAULT    1 psiFileLoad(char *, unsigned short, unsigned int *)
  2377: 00245560    36 OBJECT  GLOBAL DEFAULT    4 DVDfp
  2378: 0030c7d8     4 OBJECT  GLOBAL DEFAULT   13 DVDRmode
  2379: 0030c7d0     4 OBJECT  GLOBAL DEFAULT   13 mainfd
  2380: 0010bd08   212 FUNC    GLOBAL DEFAULT    1 psiFileOpen(char const *)
  2381: 0010bde0     8 FUNC    GLOBAL DEFAULT    1 psiFileClose(void)
  2382: 0010bdf0   304 FUNC    GLOBAL DEFAULT    1 psiFileRead(unsigned int, unsigned int, unsigned int, void *)
  2383: 0010bf20    12 FUNC    GLOBAL DEFAULT    1 psiFileSetSingleFileMode(signed char)
  2384: 00236fb8    84 FUNC    GLOBAL DEFAULT    1 strupr
  2385: 0023d570    96 FUNC    GLOBAL DEFAULT    1 scePrintf
  2386: 00231428   160 FUNC    GLOBAL DEFAULT    1 sceCdSync
  2387: 00231a50   480 FUNC    GLOBAL DEFAULT    1 sceCdRead
  2388: 00231c30   152 FUNC    GLOBAL DEFAULT    1 sceCdGetError
  2389: 0030d05c     4 OBJECT  GLOBAL DEFAULT   13 DirFileLen
  2390: 0030d058     4 OBJECT  GLOBAL DEFAULT   13 DirFileBuf
  2391: 0010bf30  1256 FUNC    GLOBAL DEFAULT    1 SkinIt(_PS2GLISTINFO *, int *, int *, int, _VECTOR3 *, int)
  2392: 002c6f50    88 OBJECT  GLOBAL DEFAULT    4 Morph_Weight
  2393: 0030cdda     1 OBJECT  GLOBAL DEFAULT   13 Morph_Count
  2394: 002c6f38    22 OBJECT  GLOBAL DEFAULT    4 Morph_Index
  2395: 0030c7e0     1 OBJECT  GLOBAL DEFAULT   13 ViewCelsSwitch
  2396: 00245680  3072 OBJECT  GLOBAL DEFAULT    4 tSlot
  2397: 0010c738   828 FUNC    GLOBAL DEFAULT    1 ps2_handle_pad(TSLOTDATA *)
  2398: 0010ca78   464 FUNC    GLOBAL DEFAULT    1 psiInput_PollDevices(void)
  2399: 0030c7ec     2 OBJECT  GLOBAL DEFAULT   13 AllButtonState
  2400: 0010cc48   312 FUNC    GLOBAL DEFAULT    1 MapPlayerToSlot(int)
  2401: 0010cd80  5620 FUNC    GLOBAL DEFAULT    1 psiInput_MapInputs(PlayerInput_tag *, unsigned short)
  2402: 0010e378    40 FUNC    GLOBAL DEFAULT    1 psiMultitapPresent(void)
  2403: 0010e3a0     8 FUNC    GLOBAL DEFAULT    1 psiInput_Init(void)
  2404: 0010e3a8   108 FUNC    GLOBAL DEFAULT    1 psiInput_RumbleStop(unsigned short)
  2405: 0010e418   140 FUNC    GLOBAL DEFAULT    1 psiStopAllRumble(void)
  2406: 0010e4a8   196 FUNC    GLOBAL DEFAULT    1 psiInput_RumbleStart(unsigned short, int, int)
  2407: 0010e578     8 FUNC    GLOBAL DEFAULT    1 psiInputReady(void)
  2408: 0010e580     8 FUNC    GLOBAL DEFAULT    1 psiFlushAllInput(void)
  2409: 00226b68   640 FUNC    GLOBAL DEFAULT    1 sceMtapInit
  2410: 00226de8   108 FUNC    GLOBAL DEFAULT    1 sceMtapPortOpen
  2411: 00227050   320 FUNC    GLOBAL DEFAULT    1 scePadInit
  2412: 00227230   484 FUNC    GLOBAL DEFAULT    1 scePadPortOpen
  2413: 002274f8   120 FUNC    GLOBAL DEFAULT    1 scePadGetState
  2414: 00227760   312 FUNC    GLOBAL DEFAULT    1 scePadInfoMode
  2415: 00227898   180 FUNC    GLOBAL DEFAULT    1 scePadSetMainMode
  2416: 002275e0    80 FUNC    GLOBAL DEFAULT    1 scePadGetReqState
  2417: 00227638   288 FUNC    GLOBAL DEFAULT    1 scePadInfoAct
  2418: 00227a10   216 FUNC    GLOBAL DEFAULT    1 scePadSetActAlign
  2419: 00227c50    92 FUNC    GLOBAL DEFAULT    1 scePadInfoPressMode
  2420: 00227cb0    84 FUNC    GLOBAL DEFAULT    1 scePadEnterPressMode
  2421: 00227478   124 FUNC    GLOBAL DEFAULT    1 scePadRead
  2422: 00226e60   108 FUNC    GLOBAL DEFAULT    1 sceMtapGetConnection
  2423: 00227950   192 FUNC    GLOBAL DEFAULT    1 scePadSetActDirect
  2424: 002a3768    88 OBJECT  GLOBAL DEFAULT    4 GameState
  2425: 0010e588   508 FUNC    GLOBAL DEFAULT    1 psiLight_SetLights(light_tag **, unsigned short, float, float, float)
  2426: 0030c7f0     4 OBJECT  GLOBAL DEFAULT   13 PS2NumLights
  2427: 0010e788     8 FUNC    GLOBAL DEFAULT    1 psiLight_Create(light_tag *)
  2428: 0010e790     8 FUNC    GLOBAL DEFAULT    1 psiLight_Delete(unsigned int)
  2429: 002650b0    16 OBJECT  GLOBAL DEFAULT    4 TColor1
  2430: 002650a0    16 OBJECT  GLOBAL DEFAULT    4 TColor0
  2431: 00265070    48 OBJECT  GLOBAL DEFAULT    4 TLight
  2432: 0010e798   192 FUNC    GLOBAL DEFAULT    1 MemCard_GET_CARD_STATUS(void)
  2433: 0010e858   292 FUNC    GLOBAL DEFAULT    1 MemCard_CHECK_FOR_CARD(void)
  2434: 002462d0    12 OBJECT  GLOBAL DEFAULT    4 PS2CardFlow
  2435: 0010e980   308 FUNC    GLOBAL DEFAULT    1 MemCard_CHECK_FOR_CARD2(void)
  2436: 0030c890     4 OBJECT  GLOBAL DEFAULT   13 NumberSaveGamesGot
  2437: 0030c888     4 OBJECT  GLOBAL DEFAULT   13 GettingSaveGames
  2438: 0010eab8   476 FUNC    GLOBAL DEFAULT    1 MemCard_FORMAT(void)
  2439: 0010ec98   200 FUNC    GLOBAL DEFAULT    1 MemCard_ASK_DELETE(void)
  2440: 0010ed60   216 FUNC    GLOBAL DEFAULT    1 MemCard_ASK_FORMAT(void)
  2441: 0010ee38   200 FUNC    GLOBAL DEFAULT    1 MemCard_ASK_OVERWRITE(void)
  2442: 0010ef00   192 FUNC    GLOBAL DEFAULT    1 MemCard_CHECK_FREE_SPACE(void)
  2443: 0010efc0   164 FUNC    GLOBAL DEFAULT    1 MemCard_FILE_CORRUPT(void)
  2444: 0010f068   204 FUNC    GLOBAL DEFAULT    1 MemCard_DELETE_ERROR(void)
  2445: 0010f138   204 FUNC    GLOBAL DEFAULT    1 MemCard_LOADERROR(void)
  2446: 0010f208   204 FUNC    GLOBAL DEFAULT    1 MemCard_FORMAT_ERROR(void)
  2447: 0010f2d8   228 FUNC    GLOBAL DEFAULT    1 MemCard_SAVEERROR(void)
  2448: 0010f3c0   228 FUNC    GLOBAL DEFAULT    1 MemCard_SAVEERROR2(void)
  2449: 0010f4a8   720 FUNC    GLOBAL DEFAULT    1 MemCard_CREATE_DIR(void)
  2450: 0010f778   652 FUNC    GLOBAL DEFAULT    1 MemCard_BOOTUP_CHECK(void)
  2451: 0010fa08  1916 FUNC    GLOBAL DEFAULT    1 MemCard_SAVE_DATA(void)
  2452: 0030c894     1 OBJECT  GLOBAL DEFAULT   13 PS2SaveGameFine
  2453: 00110188   408 FUNC    GLOBAL DEFAULT    1 MemCard_GET_SAVE_GAMES(void)
  2454: 0030c884     1 OBJECT  GLOBAL DEFAULT   13 PS2_one_codename
  2455: 00110320   792 FUNC    GLOBAL DEFAULT    1 MemCard_DELETE_DATA(void)
  2456: 00110638   564 FUNC    GLOBAL DEFAULT    1 MemCard_DELETE_DATA2(void)
  2457: 00110870   808 FUNC    GLOBAL DEFAULT    1 MemCard_LOAD_DATA(void)
  2458: 00110b98   600 FUNC    GLOBAL DEFAULT    1 HandlePS2CardState(void)
  2459: 00110df0   284 FUNC    GLOBAL DEFAULT    1 psiSaveData(unsigned char *, unsigned int, char *)
  2460: 00110fa0    28 FUNC    GLOBAL DEFAULT    1 PS2PollMemoryCard(void)
  2461: 00110fe0    88 FUNC    GLOBAL DEFAULT    1 psiStartSaveEnum(signed char)
  2462: 0030c88c     4 OBJECT  GLOBAL DEFAULT   13 SaveGamesReturned
  2463: 00111038    92 FUNC    GLOBAL DEFAULT    1 psiGetNextSave(void)
  2464: 00111098     8 FUNC    GLOBAL DEFAULT    1 psiEndSaveEnum(void)
  2465: 001110a0   180 FUNC    GLOBAL DEFAULT    1 psiLoadData(unsigned char *, unsigned int *, char *)
  2466: 00111158     8 FUNC    GLOBAL DEFAULT    1 psiLoadingData(void)
  2467: 00111160     8 FUNC    GLOBAL DEFAULT    1 psiSavingData(void)
  2468: 00111168   184 FUNC    GLOBAL DEFAULT    1 psiDeleteData(char *)
  2469: 00111220     8 FUNC    GLOBAL DEFAULT    1 psiDeletingData(void)
  2470: 00111228    72 FUNC    GLOBAL DEFAULT    1 psiDoBootupCheck(void)
  2471: 00111270    24 FUNC    GLOBAL DEFAULT    1 SetUpIconFile(unsigned char *, unsigned int)
  2472: 00228720   388 FUNC    GLOBAL DEFAULT    1 sceMcGetInfo
  2473: 00228be0   200 FUNC    GLOBAL DEFAULT    1 sceMcFormat
  2474: 002285e8   224 FUNC    GLOBAL DEFAULT    1 sceMcSync
  2475: 00228080    52 FUNC    GLOBAL DEFAULT    1 sceMcMkdir
  2476: 0011f5c0   584 FUNC    GLOBAL DEFAULT    1 amemcpy(void *, void *, unsigned int)
  2477: 00236b38   276 FUNC    GLOBAL DEFAULT    1 strcpy
  2478: 002283f8   380 FUNC    GLOBAL DEFAULT    1 sceMcWrite
  2479: 00227f48   308 FUNC    GLOBAL DEFAULT    1 sceMcOpen
  2480: 00228dd0   180 FUNC    GLOBAL DEFAULT    1 sceMcFlush
  2481: 002280b8   180 FUNC    GLOBAL DEFAULT    1 sceMcClose
  2482: 00228a90   336 FUNC    GLOBAL DEFAULT    1 sceMcChdir
  2483: 002288b0   344 FUNC    GLOBAL DEFAULT    1 sceMcGetDir
  2484: 00228ca8   296 FUNC    GLOBAL DEFAULT    1 sceMcDelete
  2485: 00228170   212 FUNC    GLOBAL DEFAULT    1 sceMcSeek
  2486: 002282d8   284 FUNC    GLOBAL DEFAULT    1 sceMcRead
  2487: 00120670    76 FUNC    GLOBAL DEFAULT    1 crc32buf(char *, unsigned int)
  2488: 00120b88   152 FUNC    GLOBAL DEFAULT    1 AsciiString2Sjis(unsigned char *, unsigned short *)
  2489: 00227d88   436 FUNC    GLOBAL DEFAULT    1 sceMcInit
  2490: 00111288     8 FUNC    GLOBAL DEFAULT    1 psiCreateParticles(unsigned int, _VECTOR *, plane_equ_tag *)
  2491: 00111290     8 FUNC    GLOBAL DEFAULT    1 psiParticleUpdate(unsigned int)
  2492: 0030c898     4 OBJECT  GLOBAL DEFAULT   13 ScrCount
  2493: 0030c89c     4 OBJECT  GLOBAL DEFAULT   13 ScrCount2
  2494: 0030c8ac     4 OBJECT  GLOBAL DEFAULT   13 dst1
  2495: 002462e0   112 OBJECT  GLOBAL DEFAULT    4 gs_simage
  2496: 00111298    36 FUNC    GLOBAL DEFAULT    1 SaveMemoryMap(void)
  2497: 00225ce0  1676 FUNC    GLOBAL DEFAULT    1 sceGsExecStoreImage
  2498: 00246350  3072 OBJECT  GLOBAL DEFAULT    4 SkinCache
  2499: 00111498   908 FUNC    GLOBAL DEFAULT    1 psiBuildMatrixPalette(obj_tag *, sAnimObject_tag *, signed char)
  2500: 00111828   676 FUNC    GLOBAL DEFAULT    1 psiDrawSkinObjectMatrix(celglist_tag *, MATRIX *, obj_tag *, MATRIX *)
  2501: 00111ad0    52 FUNC    GLOBAL DEFAULT    1 InitCacheSkin(void)
  2502: 00111b08   132 FUNC    GLOBAL DEFAULT    1 AgeSkinCache(void)
  2503: 002c6fa8   512 OBJECT  GLOBAL DEFAULT    4 pSkeletons
  2504: 001e3fa8   184 FUNC    GLOBAL DEFAULT    1 Quat_QuatTransToMat(quaternion_tag const *, _VECTOR const *, MATRIX *)
  2505: 001e29d8   412 FUNC    GLOBAL DEFAULT    1 RotTransMat(MATRIX const *, MATRIX *)
  2506: 001e03f0   528 FUNC    GLOBAL DEFAULT    1 Quat_MatToQuat(quaternion_tag *, MATRIX const *)
  2507: 001e3e80   160 FUNC    GLOBAL DEFAULT    1 Quat_QuatToMat(quaternion_tag const *, MATRIX *)
  2508: 001bf618  2112 FUNC    GLOBAL DEFAULT    1 AnimObjectHeadTrack(obj_tag *, sAnimObject_tag *, quaternion_tag *, MATRIX *, int)
  2509: 001bfe58  2400 FUNC    GLOBAL DEFAULT    1 AnimObjectAimAt(obj_tag *, sAnimObject_tag *, quaternion_tag *, MATRIX *, int)
  2510: 001e3370    40 FUNC    GLOBAL DEFAULT    1 Mat_CopyRot(MATRIX const *, MATRIX *)
  2511: 00121a60   976 FUNC    GLOBAL DEFAULT    1 CheckObjectClip(sphere_tag *, _PS2MATRIX *)
  2512: 0011f180   240 FUNC    GLOBAL DEFAULT    1 CacheAndFillNewGlistTextures(int *)
  2513: 0030d100     4 OBJECT  GLOBAL DEFAULT   13 ScriptCam
  2514: 00122928   444 FUNC    GLOBAL DEFAULT    1 psiDrawClonedObject(celglist_tag *, int *, int)
  2515: 00246f80 11152 OBJECT  GLOBAL DEFAULT    4 NumberToHashCode
  2516: 00249b10 22304 OBJECT  GLOBAL DEFAULT    4 HashCodeToString
  2517: 0024f230   484 OBJECT  GLOBAL DEFAULT    4 SFXRequestedActiveData
  2518: 00111b90   220 FUNC    GLOBAL DEFAULT    1 SFXIsSFXPlaying
  2519: 0024ff80   340 OBJECT  GLOBAL DEFAULT    4 SFXActiveData
  2520: 0024f418   192 OBJECT  GLOBAL DEFAULT    4 MapDroneData
  2521: 0030c8b0     4 OBJECT  GLOBAL DEFAULT   13 Tester1
  2522: 0030c8b4     4 OBJECT  GLOBAL DEFAULT   13 SfxNisMusicTrigger
  2523: 0024f4d8  2660 OBJECT  GLOBAL DEFAULT    4 MapMusic
  2524: 0030c8b8     4 OBJECT  GLOBAL DEFAULT   13 NisPlaying
  2525: 0030c8bc     4 OBJECT  GLOBAL DEFAULT   13 NisQuitten
  2526: 0030c8c0     4 OBJECT  GLOBAL DEFAULT   13 MapMusicData
  2527: 0030c8c4     4 OBJECT  GLOBAL DEFAULT   13 NisEndedNow
  2528: 0030c8c8     4 OBJECT  GLOBAL DEFAULT   13 MusicNowPlaying
  2529: 0030c8cc     4 OBJECT  GLOBAL DEFAULT   13 MusicLastJumpRequest
  2530: 0030c8d0     4 OBJECT  GLOBAL DEFAULT   13 MusicLastJump
  2531: 0030c8d4     4 OBJECT  GLOBAL DEFAULT   13 MusicUnderAttack
  2532: 0030c8d8     4 OBJECT  GLOBAL DEFAULT   13 MusicUnderAttackCount
  2533: 0030c8dc     4 OBJECT  GLOBAL DEFAULT   13 MusicUnderAttackCount2
  2534: 0030c8e0     4 OBJECT  GLOBAL DEFAULT   13 MusicWaitForEnd
  2535: 0030c8e4     4 OBJECT  GLOBAL DEFAULT   13 MusicWaitForNisSfxTrigger
  2536: 0030c8e8     4 OBJECT  GLOBAL DEFAULT   13 MusicUnderAttackBonusCount
  2537: 0030c8ec     4 OBJECT  GLOBAL DEFAULT   13 MusicTemp1
  2538: 0030c8f0     4 OBJECT  GLOBAL DEFAULT   13 MusicTemp2
  2539: 0030c8f4     4 OBJECT  GLOBAL DEFAULT   13 MusicTemp3
  2540: 0030c8f8     4 OBJECT  GLOBAL DEFAULT   13 MusicTemp4
  2541: 0030c8fc     4 OBJECT  GLOBAL DEFAULT   13 MusicTemp5
  2542: 0030c900     4 OBJECT  GLOBAL DEFAULT   13 MusicTemp6
  2543: 0030c904     4 OBJECT  GLOBAL DEFAULT   13 MusicTemp7
  2544: 0030c908     4 OBJECT  GLOBAL DEFAULT   13 MusicTemp8
  2545: 0030c90c     4 OBJECT  GLOBAL DEFAULT   13 MusicTemp9
  2546: 00111c70   344 FUNC    GLOBAL DEFAULT    1 PickRandomStealth(void)
  2547: 00116950   144 FUNC    GLOBAL DEFAULT    1 SFXJumpToMusicMarker
  2548: 00111dc8   272 FUNC    GLOBAL DEFAULT    1 PickRandomCombat(int)
  2549: 00111ed8   916 FUNC    GLOBAL DEFAULT    1 UpdateMFX_02MayhewA(void)
  2550: 00116e38   124 FUNC    GLOBAL DEFAULT    1 SFXFadeDown
  2551: 00112270  1212 FUNC    GLOBAL DEFAULT    1 UpdateMFX_02MayhewB(void)
  2552: 00112730  1224 FUNC    GLOBAL DEFAULT    1 UpdateMFX_02MayhewC(void)
  2553: 00112bf8   380 FUNC    GLOBAL DEFAULT    1 UpdateMFX_02MayhewD(void)
  2554: 00112d78   744 FUNC    GLOBAL DEFAULT    1 UpdateMFX_01CastleA(void)
  2555: 00113060   292 FUNC    GLOBAL DEFAULT    1 UpdateMFX_01CastleB(void)
  2556: 00113188   560 FUNC    GLOBAL DEFAULT    1 UpdateMFX_01CastleC(void)
  2557: 001133b8   416 FUNC    GLOBAL DEFAULT    1 UpdateMFX_01CastleD(void)
  2558: 00113558   600 FUNC    GLOBAL DEFAULT    1 UpdateMFX_03TowerA(void)
  2559: 001137b0   624 FUNC    GLOBAL DEFAULT    1 UpdateMFX_03TowerB(void)
  2560: 00113a20   500 FUNC    GLOBAL DEFAULT    1 UpdateMFX_03TowerC(void)
  2561: 00113c18   936 FUNC    GLOBAL DEFAULT    1 UpdateMFX_PowerStationA1(void)
  2562: 00113fc0   652 FUNC    GLOBAL DEFAULT    1 UpdateMFX_PowerStationA2(void)
  2563: 00114250   244 FUNC    GLOBAL DEFAULT    1 UpdateMFX_HT_Level_Tower2A(void)
  2564: 00114348   476 FUNC    GLOBAL DEFAULT    1 UpdateMFX_HT_Level_Tower2B(void)
  2565: 00114528   276 FUNC    GLOBAL DEFAULT    1 UpdateMFX_HT_Level_Tower2Elevator(void)
  2566: 00114640   232 FUNC    GLOBAL DEFAULT    1 UpdateMFX_HT_Level_Tower2C(void)
  2567: 00114728   780 FUNC    GLOBAL DEFAULT    1 UpdateMFX_HT_Level_EvilBase(void)
  2568: 00114a38   256 FUNC    GLOBAL DEFAULT    1 UpdateMFX_HT_Level_EvilSilo(void)
  2569: 00114b38   544 FUNC    GLOBAL DEFAULT    1 UpdateMFX_HT_Level_EvilBaseC(void)
  2570: 00114d60   272 FUNC    GLOBAL DEFAULT    1 UpdateMFX_HT_Level_SpaceStationD(void)
  2571: 0030c92c     4 OBJECT  GLOBAL DEFAULT   13 SFXPaused
  2572: 00114e70  1884 FUNC    GLOBAL DEFAULT    1 UpdateMusicalEvents(void)
  2573: 0030c970     4 OBJECT  GLOBAL DEFAULT   13 IOP_DelayUpdateTimer
  2574: 001168e8   104 FUNC    GLOBAL DEFAULT    1 SFXStopMusic
  2575: 00116858   144 FUNC    GLOBAL DEFAULT    1 SFXStartMusic
  2576: 002501e8   256 OBJECT  GLOBAL DEFAULT    4 BackupEventList
  2577: 002500e8   256 OBJECT  GLOBAL DEFAULT    4 LastEventList
  2578: 0030c930     4 OBJECT  GLOBAL DEFAULT   13 SFX_IOP_ERROR
  2579: 0024ff40    12 OBJECT  GLOBAL DEFAULT    4 Zero3Dpos
  2580: 0030c934     4 OBJECT  GLOBAL DEFAULT   13 SFXBatchPos
  2581: 0030c938     4 OBJECT  GLOBAL DEFAULT   13 SFXBatchPos2
  2582: 0030c93c     4 OBJECT  GLOBAL DEFAULT   13 LimitSFXSetupListenerCount
  2583: 0030c940     4 OBJECT  GLOBAL DEFAULT   13 AllowSkip
  2584: 0030c944     4 OBJECT  GLOBAL DEFAULT   13 SlowCommand
  2585: 0030c948     4 OBJECT  GLOBAL DEFAULT   13 LastSlowCommand
  2586: 001155d0   240 FUNC    GLOBAL DEFAULT    1 PS2_SFX_SendBatchCommandsToIOP(void)
  2587: 002502e8    40 OBJECT  GLOBAL DEFAULT    4 m_ClientData
  2588: 00250340  8192 OBJECT  GLOBAL DEFAULT    4 SFXBatchCommands
  2589: 0030c94c     4 OBJECT  GLOBAL DEFAULT   13 VBlankCount2
  2590: 0030c950     4 OBJECT  GLOBAL DEFAULT   13 LastNisPlaying
  2591: 0030c954     4 OBJECT  GLOBAL DEFAULT   13 LastNisQuitten
  2592: 0030c960     4 OBJECT  GLOBAL DEFAULT   13 SFXLanguageNumber
  2593: 0030c964     4 OBJECT  GLOBAL DEFAULT   13 SFXModeNumber
  2594: 001157b0   392 FUNC    GLOBAL DEFAULT    1 SFXInitialise
  2595: 00117078   128 FUNC    GLOBAL DEFAULT    1 SFXSetMode
  2596: 00116d98   128 FUNC    GLOBAL DEFAULT    1 SFXSetVolume
  2597: 00116cf8   128 FUNC    GLOBAL DEFAULT    1 SFXMusicSetVolume
  2598: 00116c50   164 FUNC    GLOBAL DEFAULT    1 SFXSetFilePath
  2599: 00115938   304 FUNC    GLOBAL DEFAULT    1 SFXLoadSoundBank
  2600: 00116a38   164 FUNC    GLOBAL DEFAULT    1 SFXReset2(void)
  2601: 00252340  8192 OBJECT  GLOBAL DEFAULT    4 SFXBatchCommands2
  2602: 00115a68   392 FUNC    GLOBAL DEFAULT    1 SFXStart
  2603: 00115bf0   728 FUNC    GLOBAL DEFAULT    1 SFXStart3D
  2604: 00115ec8   296 FUNC    GLOBAL DEFAULT    1 SFXPauseAllStreams
  2605: 00115ff0   296 FUNC    GLOBAL DEFAULT    1 SFXUnPauseAllStreams
  2606: 00116118   380 FUNC    GLOBAL DEFAULT    1 SFXSetPositionAndVelocity
  2607: 00116298   824 FUNC    GLOBAL DEFAULT    1 SFXSetupListener
  2608: 0030c96c     4 OBJECT  GLOBAL DEFAULT   13 SFXFileAccessSuspended
  2609: 001165d0   296 FUNC    GLOBAL DEFAULT    1 SFXSuspendFileAccess
  2610: 001166f8   296 FUNC    GLOBAL DEFAULT    1 SFXUnSuspendFileAccess
  2611: 00116a18    28 FUNC    GLOBAL DEFAULT    1 SFXReset
  2612: 00116ae0   144 FUNC    GLOBAL DEFAULT    1 SFXRemove
  2613: 00116b70   112 FUNC    GLOBAL DEFAULT    1 SFXPause
  2614: 00116be0   108 FUNC    GLOBAL DEFAULT    1 SFXUnPause
  2615: 00116d78    32 FUNC    GLOBAL DEFAULT    1 SFXMusicGetVolume
  2616: 00116e18    32 FUNC    GLOBAL DEFAULT    1 SFXGetVolume
  2617: 00116ec0   124 FUNC    GLOBAL DEFAULT    1 SFXSetNumberOfListeners
  2618: 00116fc8   144 FUNC    GLOBAL DEFAULT    1 SFXSetEnvironment
  2619: 00117058    32 FUNC    GLOBAL DEFAULT    1 SFXGetLanguage
  2620: 001170f8    32 FUNC    GLOBAL DEFAULT    1 SFXGetMode
  2621: 00117118   144 FUNC    GLOBAL DEFAULT    1 SFXPreCache
  2622: 001171a8     8 FUNC    GLOBAL DEFAULT    1 PS2Sound_Init(void)
  2623: 002d34f8   256 OBJECT  GLOBAL DEFAULT    4 EventList
  2624: 002707a0    36 OBJECT  GLOBAL DEFAULT    4 MusicVars
  2625: 0030ceac     4 OBJECT  GLOBAL DEFAULT   13 switch_CONFIG_SOUND
  2626: 0023e540    60 FUNC    GLOBAL DEFAULT    1 sceSifCheckStatRpc
  2627: 0023e350   492 FUNC    GLOBAL DEFAULT    1 sceSifCallRpc
  2628: 00236618    80 FUNC    GLOBAL DEFAULT    1 printf
  2629: 0023e180   320 FUNC    GLOBAL DEFAULT    1 sceSifBindRpc
  2630: 0030c974     4 OBJECT  GLOBAL DEFAULT   13 PS2SnowSize
  2631: 0030c978     4 OBJECT  GLOBAL DEFAULT   13 PS2ParticleSize
  2632: 0030c980     1 OBJECT  GLOBAL DEFAULT   13 PS2Filter
  2633: 001171b0   612 FUNC    GLOBAL DEFAULT    1 psiCreateEntityGfx(celglist_tag *, map_tag *, unsigned int)
  2634: 00117418  1220 FUNC    GLOBAL DEFAULT    1 psiCreateBreakableData(celglist_tag *)
  2635: 001178e0  1028 FUNC    GLOBAL DEFAULT    1 psiCreateShard(_SHATTER_VERT_LIST *)
  2636: 00117ce8  1224 FUNC    GLOBAL DEFAULT    1 CreateZClearSprite(void)
  2637: 00118718  2828 FUNC    GLOBAL DEFAULT    1 CreateMoveRG2BA(void)
  2638: 00254340    32 OBJECT  GLOBAL DEFAULT    4 fogsprite
  2639: 0030c981     1 OBJECT  GLOBAL DEFAULT   13 PS2FogR
  2640: 0030c982     1 OBJECT  GLOBAL DEFAULT   13 PS2FogG
  2641: 0030c983     1 OBJECT  GLOBAL DEFAULT   13 PS2FogB
  2642: 00119228  1764 FUNC    GLOBAL DEFAULT    1 CreateFogSprite(void)
  2643: 00119910  2124 FUNC    GLOBAL DEFAULT    1 CreatePointerSpriteListColour(_VECTOR *, int, unsigned int *, unsigned int, float)
  2644: 0011a160  1952 FUNC    GLOBAL DEFAULT    1 CreatePointerSpriteList(_VECTOR *, int, unsigned int, unsigned int)
  2645: 0011a900  1028 FUNC    GLOBAL DEFAULT    1 CreateTexTranPacket(_DCTEXTURE *)
  2646: 0011ad08  1076 FUNC    GLOBAL DEFAULT    1 CreateTexUploadPacket(_DCTEXTURE *)
  2647: 0030c984     1 OBJECT  GLOBAL DEFAULT   13 SqueezeColourIn
  2648: 0011b140  3632 FUNC    GLOBAL DEFAULT    1 CreateSqueezeFrame(int)
  2649: 0030c988     4 OBJECT  GLOBAL DEFAULT   13 SqueezeColourOut
  2650: 0011bf70  2640 FUNC    GLOBAL DEFAULT    1 CreateLoadingBlob(unsigned int)
  2651: 0011c9d8   136 FUNC    GLOBAL DEFAULT    1 psiGetTriList(obj_tag *)
  2652: 0011ca60    28 FUNC    GLOBAL DEFAULT    1 psiDeleteShard(int *)
  2653: 0011ca88     8 FUNC    GLOBAL DEFAULT    1 psiFinishedObjectShatter(void)
  2654: 0011ca98    24 FUNC    GLOBAL DEFAULT    1 psiSetScreenBlur(unsigned char)
  2655: 00254ae0 32768 OBJECT  GLOBAL DEFAULT    4 Tex
  2656: 00120928    68 FUNC    GLOBAL DEFAULT    1 CheckSizeAndShrink(int *, int *, unsigned int)
  2657: 00120880   164 FUNC    GLOBAL DEFAULT    1 psiFont_SetTexture(unsigned int)
  2658: 0030c9e8     4 OBJECT  GLOBAL DEFAULT   13 tcolours
  2659: 0025cae0 28672 OBJECT  GLOBAL DEFAULT    4 Space
  2660: 0030c9ec     4 OBJECT  GLOBAL DEFAULT   13 tspaceindex
  2661: 00120610    72 FUNC    GLOBAL DEFAULT    1 GetMinWidth2(int)
  2662: 0030c9f0     4 OBJECT  GLOBAL DEFAULT   13 ttexindex
  2663: 0011f808   348 FUNC    GLOBAL DEFAULT    1 GetBitPos(int)
  2664: 0030c9dc     4 OBJECT  GLOBAL DEFAULT   13 ptrTexture
  2665: 00120970     8 FUNC    GLOBAL DEFAULT    1 CheckSize(int *, int *, unsigned int)
  2666: 0030c9c0     4 OBJECT  GLOBAL DEFAULT   13 BlobSpaceWidth
  2667: 0030c9c4     4 OBJECT  GLOBAL DEFAULT   13 BlobTextWidth
  2668: 0030c9c8     4 OBJECT  GLOBAL DEFAULT   13 BlobTextHeight
  2669: 0030c9bc     4 OBJECT  GLOBAL DEFAULT   13 BlobTexture
  2670: 0030c9cc     4 OBJECT  GLOBAL DEFAULT   13 BlobTextOffX
  2671: 0030c9d0     4 OBJECT  GLOBAL DEFAULT   13 BlobTextOffY
  2672: 00124928    24 FUNC    GLOBAL DEFAULT    1 AddChainFreePtr(void *)
  2673: 0030c990     4 OBJECT  GLOBAL DEFAULT   13 TempTextureMemory
  2674: 0030c994     4 OBJECT  GLOBAL DEFAULT   13 nTexKill
  2675: 0030c998     4 OBJECT  GLOBAL DEFAULT   13 nTexLoad
  2676: 0011cc70   232 FUNC    GLOBAL DEFAULT    1 CacheTextureSpace(int)
  2677: 0011cd58   948 FUNC    GLOBAL DEFAULT    1 CacheTexture(int, int &, int &)
  2678: 0011d110   240 FUNC    GLOBAL DEFAULT    1 FillTextureDMA(int)
  2679: 0030c9ac     4 OBJECT  GLOBAL DEFAULT   13 NumPS2TexturesLoaded
  2680: 0011d200  1496 FUNC    GLOBAL DEFAULT    1 psiCreateMapTextures(map_tag *)
  2681: 00263ae0  4096 OBJECT  GLOBAL DEFAULT    4 TexSize
  2682: 0011e8d8   720 FUNC    GLOBAL DEFAULT    1 Conv4to32(int, int, unsigned char *, unsigned char *)
  2683: 0011eeb0   712 FUNC    GLOBAL DEFAULT    1 Conv8to32(int, int, unsigned char *, unsigned char *)
  2684: 00264ba8    12 OBJECT  GLOBAL DEFAULT    4 FontList
  2685: 0011e2e8   584 FUNC    GLOBAL DEFAULT    1 psiPreGameRun(void)
  2686: 0011e530   268 FUNC    GLOBAL DEFAULT    1 BlockConv4to32(unsigned char *, unsigned char *)
  2687: 0011e640   664 FUNC    GLOBAL DEFAULT    1 PageConv4to32(int, int, unsigned char *, unsigned char *)
  2688: 0011eba8   776 FUNC    GLOBAL DEFAULT    1 PageConv8to32(int, int, unsigned char *, unsigned char *)
  2689: 0011f270   116 FUNC    GLOBAL DEFAULT    1 psiAllocateLoadingBlobs(void)
  2690: 00264bb8    28 OBJECT  GLOBAL DEFAULT    4 LoadingBlobs
  2691: 0011f2e8   168 FUNC    GLOBAL DEFAULT    1 CacheLoadingBlobs(void)
  2692: 0011f390   132 FUNC    GLOBAL DEFAULT    1 psiResetResources(void)
  2693: 00264ae0   196 OBJECT  GLOBAL DEFAULT    4 FileBlockSize
  2694: 0011f420    72 FUNC    GLOBAL DEFAULT    1 GetTextureFromDMA(int *)
  2695: 0030c9b0     4 OBJECT  GLOBAL DEFAULT   13 FinalGeomSize
  2696: 0030c9b4     4 OBJECT  GLOBAL DEFAULT   13 FinalTextSize
  2697: 0030c9b8     4 OBJECT  GLOBAL DEFAULT   13 PS2RequestedTexture
  2698: 00124400    88 FUNC    GLOBAL DEFAULT    1 AddTextureToChain(void *)
  2699: 0030ca78     4 OBJECT  GLOBAL DEFAULT   13 PS2TexturePatch2Ptr
  2700: 0030ca74     4 OBJECT  GLOBAL DEFAULT   13 PS2TexturePatch1Ptr
  2701: 001206c0    64 FUNC    GLOBAL DEFAULT    1 ByteCompare(unsigned char *, unsigned char *, int)
  2702: 001205c8    72 FUNC    GLOBAL DEFAULT    1 GetMinWidth(int)
  2703: 0030cfbc     4 OBJECT  GLOBAL DEFAULT   13 MapHashCode
  2704: 001cffa8    16 FUNC    GLOBAL DEFAULT    1 Mem_SetMallocMethod(tMallocMethod)
  2705: 001ca5b0   148 FUNC    GLOBAL DEFAULT    1 hashtable_getitem(unsigned int)
  2706: 001ca938   100 FUNC    GLOBAL DEFAULT    1 hashtable_get_hashtype_count(unsigned int)
  2707: 001ca9a0   108 FUNC    GLOBAL DEFAULT    1 hashtable_get_hashtype_data(unsigned int, unsigned int *)
  2708: 00124458   176 FUNC    GLOBAL DEFAULT    1 AllocateNextTListPos(void)
  2709: 0030c9d4     4 OBJECT  GLOBAL DEFAULT   13 MallocBlock
  2710: 0011f470   336 FUNC    GLOBAL DEFAULT    1 psiMem_Init(unsigned char **, unsigned int *)
  2711: 0030c9f4     4 OBJECT  GLOBAL DEFAULT   13 PS2HeapSize
  2712: 0011f968   692 FUNC    GLOBAL DEFAULT    1 PS2Sinf2(float, float, float *, float *)
  2713: 0011fc20   996 FUNC    GLOBAL DEFAULT    1 PS2Sinf3(float, float, float, float *, float *, float *)
  2714: 00120008   436 FUNC    GLOBAL DEFAULT    1 RunNextModule(char const *)
  2715: 00264fd8   132 OBJECT  GLOBAL DEFAULT    4 ascii_special
  2716: 001201c0   232 FUNC    GLOBAL DEFAULT    1 Ascii2Sjis(unsigned char)
  2717: 001202a8   608 FUNC    GLOBAL DEFAULT    1 psiDecompressWoman(void)
  2718: 00120510   172 FUNC    GLOBAL DEFAULT    1 LimitRadAngle(float)
  2719: 00120668     8 FUNC    GLOBAL DEFAULT    1 psiMem_Info(MEMINFO_tag *)
  2720: 00120700   384 FUNC    GLOBAL DEFAULT    1 PS2Sinf(float)
  2721: 0030c9e0     4 OBJECT  GLOBAL DEFAULT   13 twidth
  2722: 0030c9e4     4 OBJECT  GLOBAL DEFAULT   13 theight
  2723: 00120a00   124 FUNC    GLOBAL DEFAULT    1 psiCopyFromSP(unsigned int, void *, unsigned int)
  2724: 00120a80     8 FUNC    GLOBAL DEFAULT    1 psiGetTVType(void)
  2725: 00120a88    36 FUNC    GLOBAL DEFAULT    1 psiGetDrivingData(unsigned char *)
  2726: 00120af0   148 FUNC    GLOBAL DEFAULT    1 psiLaunchDriving(void *, unsigned int)
  2727: 00120c20    36 FUNC    GLOBAL DEFAULT    1 PS2SetUpWoman(unsigned char *)
  2728: 00120c48    84 FUNC    GLOBAL DEFAULT    1 MP_NeedSkin(unsigned int)
  2729: 00120ca0    84 FUNC    GLOBAL DEFAULT    1 MP_NeedFile(unsigned int)
  2730: 002359a8    16 FUNC    GLOBAL DEFAULT    1 free
  2731: 00235980    40 FUNC    GLOBAL DEFAULT    1 malloc
  2732: 0023c410   124 FUNC    GLOBAL DEFAULT    1 SyncDCache
  2733: 0023d8a8    52 FUNC    GLOBAL DEFAULT    1 sceSifExitCmd
  2734: 0023bdc0    16 FUNC    GLOBAL DEFAULT    1 ReferThreadStatus
  2735: 0023bd70    16 FUNC    GLOBAL DEFAULT    1 TerminateThread
  2736: 0023bd50    16 FUNC    GLOBAL DEFAULT    1 DeleteThread
  2737: 0023be90    16 FUNC    GLOBAL DEFAULT    1 ReferSemaStatus
  2738: 0023be30    16 FUNC    GLOBAL DEFAULT    1 DeleteSema
  2739: 0023bf40    16 FUNC    GLOBAL DEFAULT    1 iFlushCache
  2740: 001cfa50   672 FUNC    GLOBAL DEFAULT    1 Mem_Shrink(void **, unsigned int)
  2741: 0023c4b0   104 FUNC    GLOBAL DEFAULT    1 DisableIntc
  2742: 0023bca0    16 FUNC    GLOBAL DEFAULT    1 RemoveIntcHandler
  2743: 0026d488   464 OBJECT  GLOBAL DEFAULT    4 MP_skins
  2744: 0030c9f8     1 OBJECT  GLOBAL DEFAULT   13 FlashBackground
  2745: 00120cf8   364 FUNC    GLOBAL DEFAULT    1 FillSpriteData(Q_WORDDATA *, unsigned int)
  2746: 0030c9fc     4 OBJECT  GLOBAL DEFAULT   13 TX_ADD
  2747: 0030ca00     4 OBJECT  GLOBAL DEFAULT   13 TY_ADD
  2748: 0030ca04     4 OBJECT  GLOBAL DEFAULT   13 TX2_ADD
  2749: 0030ca08     4 OBJECT  GLOBAL DEFAULT   13 TY2_ADD
  2750: 0030ca0c     4 OBJECT  GLOBAL DEFAULT   13 TW_ADD
  2751: 0030ca10     4 OBJECT  GLOBAL DEFAULT   13 TH_ADD
  2752: 0030ca14     4 OBJECT  GLOBAL DEFAULT   13 TW2_ADD
  2753: 0030ca18     4 OBJECT  GLOBAL DEFAULT   13 TH2_ADD
  2754: 00120e68  1208 FUNC    GLOBAL DEFAULT    1 psiDrawSprites(SPRITE_DRAW *, short)
  2755: 0030ca1c     4 OBJECT  GLOBAL DEFAULT   13 PS2CacheLoadingBlobs
  2756: 00121320   104 FUNC    GLOBAL DEFAULT    1 psiPostDraw(void)
  2757: 00121388    80 FUNC    GLOBAL DEFAULT    1 psiSetShardRenderStates(void)
  2758: 00121428    88 FUNC    GLOBAL DEFAULT    1 psiSwitchZBufferRead(signed char)
  2759: 00121480   120 FUNC    GLOBAL DEFAULT    1 psiSwitchZBufferWrite(signed char)
  2760: 001214f8   128 FUNC    GLOBAL DEFAULT    1 psiSetUpColourBlend(int)
  2761: 001213d8    36 FUNC    GLOBAL DEFAULT    1 psiStartSprites(void)
  2762: 00121400    36 FUNC    GLOBAL DEFAULT    1 psiEndSprites(void)
  2763: 00121578     8 FUNC    GLOBAL DEFAULT    1 psiFog(signed char, float, float, unsigned char, unsigned char, unsigned char)
  2764: 0030ca20     4 OBJECT  GLOBAL DEFAULT   13 Ps2NumPolys
  2765: 0030ca24     4 OBJECT  GLOBAL DEFAULT   13 Ps2NumPolys2
  2766: 0030ca28     4 OBJECT  GLOBAL DEFAULT   13 Ps2NumVerts2
  2767: 0030ca2c     4 OBJECT  GLOBAL DEFAULT   13 Ps2NumVerts3
  2768: 0030ca30     4 OBJECT  GLOBAL DEFAULT   13 Ps2NumVertsCliped
  2769: 0030ca34     4 OBJECT  GLOBAL DEFAULT   13 Ps2NumVertsRejected
  2770: 00121590   160 FUNC    GLOBAL DEFAULT    1 psiPreDraw(void)
  2771: 00121630    28 FUNC    GLOBAL DEFAULT    1 psiPostSolid(void)
  2772: 00123520   476 FUNC    GLOBAL DEFAULT    1 AddDMAChainRegSet(unsigned long, unsigned int)
  2773: 00124510   204 FUNC    GLOBAL DEFAULT    1 PS2EndCalcPacket(void)
  2774: 00124770   260 FUNC    GLOBAL DEFAULT    1 psiSetTweakARGB(unsigned char, unsigned char, unsigned char, unsigned char)
  2775: 0030ca68     4 OBJECT  GLOBAL DEFAULT   13 ShardTexture
  2776: 00121930   300 FUNC    GLOBAL DEFAULT    1 PS2StartCalcPacket(void)
  2777: 00123a48   800 FUNC    GLOBAL DEFAULT    1 AddDMA_IRQ(void)
  2778: 0030ca40     1 OBJECT  GLOBAL DEFAULT   13 DrawSnow
  2779: 0030ca44     4 OBJECT  GLOBAL DEFAULT   13 dmaInterrupts
  2780: 0030ca48     4 OBJECT  GLOBAL DEFAULT   13 DMAChainEnd
  2781: 00121650   288 FUNC    GLOBAL DEFAULT    1 AllocateTListPos(void)
  2782: 0030ca6c     4 OBJECT  GLOBAL DEFAULT   13 TListPos
  2783: 0030ca64     4 OBJECT  GLOBAL DEFAULT   13 DBufCalc
  2784: 0030ca70     4 OBJECT  GLOBAL DEFAULT   13 PS2TextureListPtr
  2785: 0030ca50     4 OBJECT  GLOBAL DEFAULT   13 PS2ChainFreePtr
  2786: 002650e0 33288 OBJECT  GLOBAL DEFAULT    4 DBufData
  2787: 0030ca5c     4 OBJECT  GLOBAL DEFAULT   13 DBufDraw
  2788: 0030ca58     4 OBJECT  GLOBAL DEFAULT   13 PS2DmaMemPtr
  2789: 0030ca54     4 OBJECT  GLOBAL DEFAULT   13 PS2DmaMemHead
  2790: 00121e30   968 FUNC    GLOBAL DEFAULT    1 CheckObjectClipBox(_VECTOR3 *, _VECTOR3 *, _PS2MATRIX *)
  2791: 001221f8   276 FUNC    GLOBAL DEFAULT    1 EndDMAChain(void)
  2792: 00122310  1140 FUNC    GLOBAL DEFAULT    1 FillMatrixChainRot(_PS2MATRIX *, _GLIST_BOX *, int, int)
  2793: 00124878   136 FUNC    GLOBAL DEFAULT    1 psiSetTweakA(unsigned char)
  2794: 00122788   416 FUNC    GLOBAL DEFAULT    1 FillMatrixChainSkin(_PS2MATRIX *, float, celglist_tag *)
  2795: 00122ae8   616 FUNC    GLOBAL DEFAULT    1 psiDrawShard(int, MATRIX *, unsigned int)
  2796: 00122d50   904 FUNC    GLOBAL DEFAULT    1 psiDrawParticleList(_VECTOR4 *, int, unsigned int, unsigned int, unsigned int *, signed char, float, void *)
  2797: 001230d8   784 FUNC    GLOBAL DEFAULT    1 DrawThisBox(_GLIST_BOX *, int, _PS2MATRIX *, int)
  2798: 001233e8   308 FUNC    GLOBAL DEFAULT    1 RecurseAndDrawBoxes(_GLIST_BOX *, int, _PS2MATRIX *)
  2799: 00124680   132 FUNC    GLOBAL DEFAULT    1 DrawAllChildBoxes(_GLIST_BOX *, int, _PS2MATRIX *)
  2800: 00123700   524 FUNC    GLOBAL DEFAULT    1 psiUseCamera(viewer_tag *, unsigned short)
  2801: 0030ca60     4 OBJECT  GLOBAL DEFAULT   13 DBufOldDraw
  2802: 00124950    72 FUNC    GLOBAL DEFAULT    1 FlagDMAChainDone(void)
  2803: 0030ca80     4 OBJECT  GLOBAL DEFAULT   13 RunningFrameRate
  2804: 0030ca7c     4 OBJECT  GLOBAL DEFAULT   13 RealFrameRate
  2805: 001245e8    24 FUNC    GLOBAL DEFAULT    1 EndFreeList(void)
  2806: 00124998    36 FUNC    GLOBAL DEFAULT    1 SetupIRQPointers(void)
  2807: 00124608     8 FUNC    GLOBAL DEFAULT    1 psiDrawParticles(unsigned int)
  2808: 00124708   104 FUNC    GLOBAL DEFAULT    1 psiDrawObjectMatrix(celglist_tag *, MATRIX *, unsigned int)
  2809: 00124900    32 FUNC    GLOBAL DEFAULT    1 psiStartAlpha(void)
  2810: 00124920     8 FUNC    GLOBAL DEFAULT    1 psiEndAlpha(void)
  2811: 001e2df8    72 FUNC    GLOBAL DEFAULT    1 Vec_Avg2(_VECTOR const *, _VECTOR const *, _VECTOR *)
  2812: 00229108   104 FUNC    GLOBAL DEFAULT    1 sceVu0LightColorMatrix
  2813: 001e3498    48 FUNC    GLOBAL DEFAULT    1 Mat_Identity(MATRIX *)
  2814: 0026d2f0   406 OBJECT  GLOBAL DEFAULT    4 default_bot_stats
  2815: 001249e8  1104 FUNC    GLOBAL DEFAULT    1 BOT_init(short, _VECTOR *, _VECTOR *, obj_tag *, MPBOT *, signed char)
  2816: 0026d660  7680 OBJECT  GLOBAL DEFAULT    4 BOT_vars
  2817: 001263a8    24 FUNC    GLOBAL DEFAULT    1 BOT_getDefaultStats(unsigned int)
  2818: 00124e38   372 FUNC    GLOBAL DEFAULT    1 BOT_respawn(obj_tag *, unsigned int, signed char)
  2819: 00124fb0   992 FUNC    GLOBAL DEFAULT    1 BOT_validateStateChange(DCVars_tag *, unsigned int)
  2820: 00125390  1072 FUNC    GLOBAL DEFAULT    1 BOT_setOtherPlayerInfo(DCVars_tag *)
  2821: 001257c0   524 FUNC    GLOBAL DEFAULT    1 BOT_handleOpponentHistory(Drone_tag *, obj_tag *)
  2822: 001259d0   348 FUNC    GLOBAL DEFAULT    1 BOT_fellOutMap(obj_tag *)
  2823: 00125b30   932 FUNC    GLOBAL DEFAULT    1 BOT_opponentTargetting(DCVars_tag *)
  2824: 00125ed8   784 FUNC    GLOBAL DEFAULT    1 BOT_handlePain(DCVars_tag *, float, unsigned short, short)
  2825: 00126758    68 FUNC    GLOBAL DEFAULT    1 BOT_SetHealth(Drone_tag *, float)
  2826: 001261e8   200 FUNC    GLOBAL DEFAULT    1 MP_setLoadingSkins(void)
  2827: 001262b0     8 FUNC    GLOBAL DEFAULT    1 BOT_initSys(void)
  2828: 001262b8    96 FUNC    GLOBAL DEFAULT    1 BOT_postLoadInit(Drone_tag *)
  2829: 00126318   140 FUNC    GLOBAL DEFAULT    1 BOT_setDroneStats(Drone_tag *, BOT_stats_t *)
  2830: 001263c0   136 FUNC    GLOBAL DEFAULT    1 BOT_reactToDroneAlertMsg(unsigned int, Drone_tag *, Drone_tag *)
  2831: 00126448    28 FUNC    GLOBAL DEFAULT    1 BOT_update(void)
  2832: 00126468   252 FUNC    GLOBAL DEFAULT    1 BOT_getAggressionMul(Drone_tag *)
  2833: 00126568   104 FUNC    GLOBAL DEFAULT    1 BOT_getMovementSpeedMul(Drone_tag *)
  2834: 001265d0    68 FUNC    GLOBAL DEFAULT    1 BOT_getMovePossibility(Drone_tag *, unsigned int)
  2835: 00126618   256 FUNC    GLOBAL DEFAULT    1 BOT_soundEffect(DCVars_tag *, unsigned int)
  2836: 00126718    64 FUNC    GLOBAL DEFAULT    1 BOT_setGender(Drone_tag *)
  2837: 0030ca9e     1 OBJECT  GLOBAL DEFAULT   13 Drone_bDisableSystem
  2838: 002a47a0   476 OBJECT  GLOBAL DEFAULT    4 MPSettings
  2839: 001c7de8   112 FUNC    GLOBAL DEFAULT    1 behaviour_util_setProperty(int, unsigned int *, unsigned int)
  2840: 00136be0   264 FUNC    GLOBAL DEFAULT    1 Drone_Create(_VECTOR *, _VECTOR *, level_tag *)
  2841: 002a4980   464 OBJECT  GLOBAL DEFAULT    4 MPGame
  2842: 0030d0cc     4 OBJECT  GLOBAL DEFAULT   13 FRAME_RATE_INT
  2843: 00129e48   476 FUNC    GLOBAL DEFAULT    1 BOTWEAP_InitWeapon(Drone_tag *)
  2844: 0014d890   152 FUNC    GLOBAL DEFAULT    1 NDrone2_PostLoad_Init(obj_tag *)
  2845: 001befd8  1600 FUNC    GLOBAL DEFAULT    1 AnimObjectUpdate(obj_tag *)
  2846: 00149dd0   248 FUNC    GLOBAL DEFAULT    1 NDrone2_Enable(signed char, Drone_tag *)
  2847: 002deea8   182 OBJECT  GLOBAL DEFAULT    4 mpbots
  2848: 0018bd80   204 FUNC    GLOBAL DEFAULT    1 MP_changeAssassinOrTarget(obj_tag *, obj_tag *)
  2849: 00185368   652 FUNC    GLOBAL DEFAULT    1 MP_ReSpawn(obj_tag *, unsigned short)
  2850: 001291f0    40 FUNC    GLOBAL DEFAULT    1 BOTSTATE_getStateType(unsigned int)
  2851: 00134118   216 FUNC    GLOBAL DEFAULT    1 Control_Plr2Ind(obj_tag *)
  2852: 001267a0   672 FUNC    GLOBAL DEFAULT    1 BOTSTATE_reallyWantACombatMove(DCVars_tag *, unsigned int)
  2853: 00129548    44 FUNC    GLOBAL DEFAULT    1 BOTSTATE_getActiveGoal(Drone_tag *)
  2854: 00129c58   144 FUNC    GLOBAL DEFAULT    1 BOTSTATE_isDistracted(Drone_tag *)
  2855: 00129bb8   160 FUNC    GLOBAL DEFAULT    1 BOTSTATE_increaseDistraction(Drone_tag *, float)
  2856: 0030d0d0     4 OBJECT  GLOBAL DEFAULT   13 FRAME_RATE
  2857: 001e4528   244 FUNC    GLOBAL DEFAULT    1 ATAN2_APPROX(float, float)
  2858: 001e2b78   380 FUNC    GLOBAL DEFAULT    1 Vec_AngleDifference(float, float)
  2859: 001e2e88    60 FUNC    GLOBAL DEFAULT    1 Vec_SqDist3D(_VECTOR const *, _VECTOR const *)
  2860: 001785e0   144 FUNC    GLOBAL DEFAULT    1 NDrone2_CanSeeObject(Drone_tag *, obj_tag *, unsigned int, unsigned int)
  2861: 0018a938   312 FUNC    GLOBAL DEFAULT    1 MP_playerIsDead(obj_tag *)
  2862: 001422d0   528 FUNC    GLOBAL DEFAULT    1 NDrone2_SetOpponent(Drone_tag *, obj_tag *)
  2863: 00185098   720 FUNC    GLOBAL DEFAULT    1 MP_GetSpawnPoint(unsigned short, obj_tag *)
  2864: 002a7350  3072 OBJECT  GLOBAL DEFAULT    4 SpawnPoints
  2865: 001e2cf8    40 FUNC    GLOBAL DEFAULT    1 Vec_Copy2(_VECTOR const *, _VECTOR *, _VECTOR *)
  2866: 001e2d58    24 FUNC    GLOBAL DEFAULT    1 Vec_Zero(_VECTOR *)
  2867: 0030d0f8     4 OBJECT  GLOBAL DEFAULT   13 glb_world
  2868: 001c9680   268 FUNC    GLOBAL DEFAULT    1 build_LinkToRoom(obj_tag *, signed char, world_tag *)
  2869: 001758c0   220 FUNC    GLOBAL DEFAULT    1 Drone_SM_SetState(StateMachineInfo_tag *, unsigned int, unsigned int)
  2870: 00224608   152 FUNC    GLOBAL DEFAULT    1 fptoui
  2871: 001e2f20    52 FUNC    GLOBAL DEFAULT    1 Vec_Magnitude(_VECTOR const *)
  2872: 001c9e80    48 FUNC    GLOBAL DEFAULT    1 GameFlow_GetState(void)
  2873: 0030cc40     4 OBJECT  GLOBAL DEFAULT   13 Plr_DMod_Multi
  2874: 0030cc44     4 OBJECT  GLOBAL DEFAULT   13 Plr_DMod_Head
  2875: 0030cc48     4 OBJECT  GLOBAL DEFAULT   13 Plr_DMod_LowerLimb
  2876: 0030cc4c     4 OBJECT  GLOBAL DEFAULT   13 Plr_DMod_UpperLimb
  2877: 00199620   132 FUNC    GLOBAL DEFAULT    1 PlrStat_LogHealth(float, unsigned int)
  2878: 001de3a0    52 FUNC    GLOBAL DEFAULT    1 Sound_Playing_Ref(unsigned int, unsigned int)
  2879: 001e3738    72 FUNC    GLOBAL DEFAULT    1 Rand_Rand(unsigned int)
  2880: 001de370    48 FUNC    GLOBAL DEFAULT    1 Sound_Stop_Ref(unsigned int, unsigned int)
  2881: 00141848   696 FUNC    GLOBAL DEFAULT    1 NDrone2_PlaySFX(DCVars_tag *, unsigned int, _VECTOR *, signed char, float)
  2882: 0018bed8     8 FUNC    GLOBAL DEFAULT    1 MP_pickupCountCheck(void)
  2883: 00126a40   324 FUNC    GLOBAL DEFAULT    1 BOTSTATE_checkAttackMove(DCVars_tag *, short)
  2884: 00126b88  3360 FUNC    GLOBAL DEFAULT    1 BOTSTATE_pickGoal(DCVars_tag *, unsigned int)
  2885: 00129438   132 FUNC    GLOBAL DEFAULT    1 BOTSTATE_uninitGoal(BOT_vars_t *, int)
  2886: 001297b8   196 FUNC    GLOBAL DEFAULT    1 BOTSTATE_isObjAlreadyAnotherTeamObjective(obj_tag *, unsigned int)
  2887: 00128298   760 FUNC    GLOBAL DEFAULT    1 BOTSTATE_setGoalPickPrefs(BOT_vars_t *, unsigned int, float, float, float, float, unsigned char, unsigned int)
  2888: 00129580   216 FUNC    GLOBAL DEFAULT    1 BOTSTATE_isPreferredWeapon(BOT_vars_t *, unsigned int)
  2889: 00129658    36 FUNC    GLOBAL DEFAULT    1 BOTSTATE_hasWeapon(BOT_vars_t *, unsigned int)
  2890: 001294c0    80 FUNC    GLOBAL DEFAULT    1 BOTSTATE_initGoal(BOT_vars_t *, int, int, CelPos_tag *, void *, unsigned char)
  2891: 001278a8   976 FUNC    GLOBAL DEFAULT    1 BOTSTATE_gotoGoal(DCVars_tag *, int, int)
  2892: 00129880   152 FUNC    GLOBAL DEFAULT    1 BOTSTATE_validateRoute(DCVars_tag *, unsigned int)
  2893: 00128f80   612 FUNC    GLOBAL DEFAULT    1 BOTSTATE_isPathWithinObjectRange(Drone_tag *, obj_tag *, float, int)
  2894: 00127c78  1564 FUNC    GLOBAL DEFAULT    1 BOTSTATE_processGoals(DCVars_tag *)
  2895: 00129a60   264 FUNC    GLOBAL DEFAULT    1 BOTSTATE_opponentIsMissile(Drone_tag *, obj_tag *)
  2896: 00129ce8    64 FUNC    GLOBAL DEFAULT    1 BOTSTATE_setStateChange(Drone_tag *, unsigned int)
  2897: 00128b50  1068 FUNC    GLOBAL DEFAULT    1 BOTSTATE_getPreferredTraitOpponentObjIndex(Drone_tag *)
  2898: 00129958   116 FUNC    GLOBAL DEFAULT    1 BOTSTATE_setPickupVisitTime(Drone_tag *, MP_PICKUP *)
  2899: 00128590   376 FUNC    GLOBAL DEFAULT    1 BOTSTATE_cancelGoalToObj(DCVars_tag *, obj_tag *, unsigned int)
  2900: 00128708  1092 FUNC    GLOBAL DEFAULT    1 BOTSTATE_combatWeaponChangeChoice(Drone_tag *, obj_tag *, signed char, signed char, signed char)
  2901: 001291e8     8 FUNC    GLOBAL DEFAULT    1 NDrone2_initDTYPE_BotInit(Drone_tag *)
  2902: 00129218   212 FUNC    GLOBAL DEFAULT    1 BOTSTATE_chooseCombatMove(DCVars_tag *)
  2903: 00129368   180 FUNC    GLOBAL DEFAULT    1 BOTSTATE_EvasiveMove(DCVars_tag *)
  2904: 001292f0   120 FUNC    GLOBAL DEFAULT    1 BOTSTATE_chooseUnarmedAttackAnim(DCVars_tag *)
  2905: 00129420    24 FUNC    GLOBAL DEFAULT    1 BOTSTATE_setNearestNavNode(DCVars_tag *)
  2906: 00129510    52 FUNC    GLOBAL DEFAULT    1 BOTSTATE_setGoalComplete(DCVars_tag *, unsigned int)
  2907: 00129680   168 FUNC    GLOBAL DEFAULT    1 BOTSTATE_changeWeapon(BOT_vars_t *, unsigned int, signed char, signed char)
  2908: 00129728   124 FUNC    GLOBAL DEFAULT    1 BOTSTATE_pickupWeaponChangeChoice(Drone_tag *, short, signed char, signed char)
  2909: 00129918    64 FUNC    GLOBAL DEFAULT    1 BOTSTATE_stopAnim(Drone_tag *)
  2910: 001299d0   140 FUNC    GLOBAL DEFAULT    1 BOTSTATE_startRecovery(DCVars_tag *)
  2911: 00129b68    44 FUNC    GLOBAL DEFAULT    1 BOTSTATE_reallyCloseCombatRange(Drone_tag *)
  2912: 00129b98    32 FUNC    GLOBAL DEFAULT    1 BOTSTATE_defaultCombatRange(Drone_tag *)
  2913: 001506d8  1012 FUNC    GLOBAL DEFAULT    1 NDrone2_EvasiveMove(DCVars_tag *)
  2914: 0014f9e8   504 FUNC    GLOBAL DEFAULT    1 NDrone2_CanStrafeLeft(DCVars_tag *)
  2915: 0014fbe0   532 FUNC    GLOBAL DEFAULT    1 NDrone2_CanStrafeRight(DCVars_tag *)
  2916: 0014f640   456 FUNC    GLOBAL DEFAULT    1 NDrone2_CanStepLeft(DCVars_tag *)
  2917: 0014f808   476 FUNC    GLOBAL DEFAULT    1 NDrone2_CanStepRight(DCVars_tag *)
  2918: 00150338   456 FUNC    GLOBAL DEFAULT    1 NDrone2_CanRollLeft(DCVars_tag *)
  2919: 00150500   456 FUNC    GLOBAL DEFAULT    1 NDrone2_CanRollRight(DCVars_tag *)
  2920: 001501a0   404 FUNC    GLOBAL DEFAULT    1 NDrone2_CanBackoff(DCVars_tag *)
  2921: 0018bc20    68 FUNC    GLOBAL DEFAULT    1 MP_isPosOnHill(_VECTOR *)
  2922: 0029b2f0    16 OBJECT  GLOBAL DEFAULT    4 DroneReachCheckPos
  2923: 0018b9a0    40 FUNC    GLOBAL DEFAULT    1 MP_getBaseObj(unsigned int)
  2924: 0018b978    40 FUNC    GLOBAL DEFAULT    1 MP_getFlagObj(unsigned int)
  2925: 0018b9c8   180 FUNC    GLOBAL DEFAULT    1 MP_getUplinkObj(int, unsigned int)
  2926: 0018a338   476 FUNC    GLOBAL DEFAULT    1 MP_getEsponageBaseObj(unsigned int, int)
  2927: 0018bad8    20 FUNC    GLOBAL DEFAULT    1 MP_getBlueprintObj(void)
  2928: 0018baf0    92 FUNC    GLOBAL DEFAULT    1 MP_getGoldenEyeObj(unsigned int)
  2929: 0018bc88    32 FUNC    GLOBAL DEFAULT    1 MP_getDemolitionObj_NotExt(void)
  2930: 0018bab8    12 FUNC    GLOBAL DEFAULT    1 MP_getDemolitionObj(void)
  2931: 0018bc68    32 FUNC    GLOBAL DEFAULT    1 MP_getProtectionObj_NotExt(void)
  2932: 0018bac8    12 FUNC    GLOBAL DEFAULT    1 MP_getProtectionObj(void)
  2933: 0018bb50    12 FUNC    GLOBAL DEFAULT    1 MP_getHillObj(void)
  2934: 00155798   188 FUNC    GLOBAL DEFAULT    1 NDrone2_DistanceToEmitter(CelPos_tag *, AIPath_tag *, unsigned short *, AIEmitter_tag *, obj_tag *, float *)
  2935: 002a4b50 10240 OBJECT  GLOBAL DEFAULT    4 MPpickups
  2936: 002bf150 30820 OBJECT  GLOBAL DEFAULT    4 weapon_data
  2937: 00155d78    60 FUNC    GLOBAL DEFAULT    1 NDrone2_DistanceToAIPoint(DCVars_tag *, AIPoint_tag *)
  2938: 001517d8   296 FUNC    GLOBAL DEFAULT    1 NDrone2_MoveToGoalPosition(DCVars_tag *, CelPos_tag *, float, unsigned short)
  2939: 00155020    40 FUNC    GLOBAL DEFAULT    1 NDrone2_InvalidateAttackRoute(DCVars_tag *)
  2940: 0030d0c8     4 OBJECT  GLOBAL DEFAULT   13 VIDEO_FRAME_RATE
  2941: 0015add0   152 FUNC    GLOBAL DEFAULT    1 AINetwork_SetupGoalPositionToObj(AITarget_tag *, AIPoint_tag *, obj_tag *, float, signed char)
  2942: 0015acf8   212 FUNC    GLOBAL DEFAULT    1 AINetwork_SetupGoalPosition(AITarget_tag *, AIPoint_tag *, CelPos_tag *, float, signed char)
  2943: 00188970  1532 FUNC    GLOBAL DEFAULT    1 MP_BluePrintReachedBase(obj_tag *, MPOBJECT *, signed char)
  2944: 0012afa0   108 FUNC    GLOBAL DEFAULT    1 BOTWEAP_getWeaponAmmoAmount(Drone_tag *, short)
  2945: 0012b010    36 FUNC    GLOBAL DEFAULT    1 BOTWEAP_getWeaponClipSize(Drone_tag *, short)
  2946: 0012aa80   816 FUNC    GLOBAL DEFAULT    1 BOTWEAP_listHeldLoadedWeapons(Drone_tag *, unsigned short *, unsigned int *, signed char)
  2947: 001d30a8   628 FUNC    GLOBAL DEFAULT    1 QuickSort(void *, unsigned int, unsigned int, COMP_FUNC, void *)
  2948: 0012b0f0    68 FUNC    GLOBAL DEFAULT    1 BOTWEAP_isValidWeapon(short)
  2949: 0018bb60   104 FUNC    GLOBAL DEFAULT    1 MP_sendBotMessage(obj_tag *, unsigned int, unsigned int, unsigned int)
  2950: 0018b538    32 FUNC    GLOBAL DEFAULT    1 MP_IsAssasin(obj_tag *)
  2951: 0018bd78     8 FUNC    GLOBAL DEFAULT    1 MP_getAssassinTarget(void)
  2952: 0018b608   180 FUNC    GLOBAL DEFAULT    1 MP_areObjectsOnSameTeam(obj_tag *, obj_tag *)
  2953: 0013a0a0    76 FUNC    GLOBAL DEFAULT    1 Drone_DCVfromOBJ(obj_tag *, DCVars_tag *)
  2954: 00149b88    68 FUNC    GLOBAL DEFAULT    1 NDrone2_FeetPos(obj_tag *, _VECTOR *)
  2955: 001e0960   328 FUNC    GLOBAL DEFAULT    1 Vec_LineSphereIntersection_THAT_DOESNT_WORK_FOR_TIM(_VECTOR const *, _VECTOR const *, _VECTOR const *, float, _VECTOR *)
  2956: 001549e0   152 FUNC    GLOBAL DEFAULT    1 NDrone2_CanAltAttack(DCVars_tag *, short)
  2957: 0013ab58   632 FUNC    GLOBAL DEFAULT    1 DroneAnim_CallAnim(unsigned int, unsigned int, short, unsigned int, float, signed char, DCVars_tag *)
  2958: 0012af78    36 FUNC    GLOBAL DEFAULT    1 BOTWEAP_hasWeapon(Drone_tag *, short)
  2959: 0012a028   272 FUNC    GLOBAL DEFAULT    1 BOTWEAP_changeWeapon(Drone_tag *, short)
  2960: 0012b038   184 FUNC    GLOBAL DEFAULT    1 BOTWEAP_hasLoadedWeapon(Drone_tag *, short)
  2961: 001c14f0   268 FUNC    GLOBAL DEFAULT    1 AnimScriptDelete(obj_tag *, sAnimScript_tag **)
  2962: 00129d28   284 FUNC    GLOBAL DEFAULT    1 BOTWEAP_ReloadAmmoType(obj_tag *, signed char)
  2963: 0012a138   464 FUNC    GLOBAL DEFAULT    1 BOTWEAP_EquipWeapon(Drone_tag *, short, short)
  2964: 0012aec0   176 FUNC    GLOBAL DEFAULT    1 BOTWEAP_CheckWeaponsLoaded(Drone_tag *)
  2965: 0012b140   116 FUNC    GLOBAL DEFAULT    1 BOTWEAP_getWeaponAnimSet(short)
  2966: 0012a308   360 FUNC    GLOBAL DEFAULT    1 BOTWEAP_EquipAmmo(Drone_tag *, short, short)
  2967: 0012a470   200 FUNC    GLOBAL DEFAULT    1 BOTWEAP_decrRounds(Drone_tag *, short)
  2968: 0012a538  1064 FUNC    GLOBAL DEFAULT    1 BOTWEAP_hasLoadedExplosiveForRange(Drone_tag *, float)
  2969: 0012ae40   112 FUNC    GLOBAL DEFAULT    1 BOTWEAP_AmmoInGun(Drone_tag *, short)
  2970: 0012a960   284 FUNC    GLOBAL DEFAULT    1 BOTWEAP_tooCloseForWeapon(Drone_tag *, short, float)
  2971: 0012adb0   144 FUNC    GLOBAL DEFAULT    1 BOTWEAP_WeaponHasAmmo(Drone_tag *, short)
  2972: 0012af70     8 FUNC    GLOBAL DEFAULT    1 BOTWEAP_setDroneArmour(Drone_tag *)
  2973: 0012b1b8    68 FUNC    GLOBAL DEFAULT    1 BOTWEAP_punchIsBetterIfClose(short)
  2974: 0012b200   112 FUNC    GLOBAL DEFAULT    1 BOTWEAP_reloadAnimForWeapon(short)
  2975: 002b9100   110 OBJECT  GLOBAL DEFAULT    4 PickupMatrix
  2976: 0017a6e0   180 FUNC    GLOBAL DEFAULT    1 DroneWeap_ChangeWeapon(DCVars_tag *, int)
  2977: 002c69b8   408 OBJECT  GLOBAL DEFAULT    4 ammo_data
  2978: 002a3738    48 OBJECT  GLOBAL DEFAULT    4 CheatInfo
  2979: 0012b270  1428 FUNC    GLOBAL DEFAULT    1 ShatterPolyRecurse(int, _SHATTER_VERT_LIST *, obj_tag *, HITDATA_tag *, unsigned int)
  2980: 0012b808   360 FUNC    GLOBAL DEFAULT    1 UpdateAllShards(void)
  2981: 0012bb60   484 FUNC    GLOBAL DEFAULT    1 Destroy_Smash(obj_tag *, obj_tag *, unsigned short)
  2982: 0012bd48   392 FUNC    GLOBAL DEFAULT    1 Destroy_CollisionHandler(obj_tag *)
  2983: 0012bed0    40 FUNC    GLOBAL DEFAULT    1 InitShards(void)
  2984: 0012bef8   220 FUNC    GLOBAL DEFAULT    1 DrawAllShards(void)
  2985: 0012bfd8   336 FUNC    GLOBAL DEFAULT    1 Break_Update(obj_tag *)
  2986: 0012c128    64 FUNC    GLOBAL DEFAULT    1 Break_ApplyDamage(obj_tag *, HITDATA_tag *)
  2987: 0012c168   196 FUNC    GLOBAL DEFAULT    1 Break_DoBreak(_VECTOR *)
  2988: 0012c230   232 FUNC    GLOBAL DEFAULT    1 Break_Create(_VECTOR *, _VECTOR *, celglist_tag *, level_tag *)
  2989: 0012c318   476 FUNC    GLOBAL DEFAULT    1 Destroy_Create(_VECTOR *, _VECTOR *, level_tag *, celglist_tag *, celglist_tag *)
  2990: 0012c4f8   164 FUNC    GLOBAL DEFAULT    1 Destroy_Update(obj_tag *)
  2991: 001e2d90   100 FUNC    GLOBAL DEFAULT    1 Vec_Avg3(_VECTOR const *, _VECTOR const *, _VECTOR const *, _VECTOR *)
  2992: 001e3780   144 FUNC    GLOBAL DEFAULT    1 Rand_FRand(float)
  2993: 001cca28    84 FUNC    GLOBAL DEFAULT    1 LList_Add(LLISTINFO_tag *, LLNODE_tag *)
  2994: 0030d0dc     4 OBJECT  GLOBAL DEFAULT   13 REC_FRAME_RATE
  2995: 0017d1e8   152 FUNC    GLOBAL DEFAULT    1 GS_IsPaused(short)
  2996: 002d8890    16 OBJECT  GLOBAL DEFAULT    4 WldGravity
  2997: 001ccac8   156 FUNC    GLOBAL DEFAULT    1 LList_Remove(LLISTINFO_tag *, LLNODE_tag *)
  2998: 0030d0d8     4 OBJECT  GLOBAL DEFAULT   13 FRAME_RATE_MUL
  2999: 001dd548   820 FUNC    GLOBAL DEFAULT    1 Sound_Play3D(unsigned int, _VECTOR *, float, float, float, short, unsigned int, int)
  3000: 00138588   332 FUNC    GLOBAL DEFAULT    1 Drone_BrokenObject(obj_tag *, HITDATA_tag *)
  3001: 001ed548   832 FUNC    GLOBAL DEFAULT    1 Debris_Create_Loop(COLLDATA_tag *, HITDATA_tag *, obj_tag *)
  3002: 001cc3d0     8 FUNC    GLOBAL DEFAULT    1 Light_FindMapLight(_VECTOR *, float)
  3003: 001cc588   112 FUNC    GLOBAL DEFAULT    1 Light_Delete(light_tag *)
  3004: 001cf360   156 FUNC    GLOBAL DEFAULT    1 Effect_RemoveSObjs(obj_tag *)
  3005: 00134960    80 FUNC    GLOBAL DEFAULT    1 Control_SetGList(obj_tag *, celglist_tag *)
  3006: 0026fc90   256 OBJECT  GLOBAL DEFAULT    4 switch_channels
  3007: 00198408   164 FUNC    GLOBAL DEFAULT    1 PlrStat_LogShotHitScenery(unsigned int)
  3008: 002d6210    16 OBJECT  GLOBAL DEFAULT    4 CONSTANT_UP1
  3009: 0017cbd0   492 FUNC    GLOBAL DEFAULT    1 Explode_Create(obj_tag *, _VECTOR *, _VECTOR *, float, float, unsigned int, float, unsigned char, unsigned char, unsigned char, obj_tag *, unsigned short)
  3010: 001ece30   392 FUNC    GLOBAL DEFAULT    1 Collide_FilterBullets(HITDATA_tag **, unsigned short)
  3011: 001cc958   204 FUNC    GLOBAL DEFAULT    1 LList_Init(LLISTINFO_tag *, unsigned short, unsigned short)
  3012: 001e5168   292 FUNC    GLOBAL DEFAULT    1 View_RotTransMatrix(_VECTOR const *, _VECTOR const *, MATRIX *)
  3013: 00134300    12 FUNC    GLOBAL DEFAULT    1 control_first_object(void)
  3014: 001e2368   268 FUNC    GLOBAL DEFAULT    1 RotMatrix(_VECTOR const *, MATRIX *)
  3015: 001e3398    28 FUNC    GLOBAL DEFAULT    1 Mat_GetDir(_VECTOR *, MATRIX *)
  3016: 001344e0   296 FUNC    GLOBAL DEFAULT    1 control_create_object(unsigned int, _VECTOR *, _VECTOR *, quaternion_tag *)
  3017: 0012c5a0  1540 FUNC    GLOBAL DEFAULT    1 Bullet_init(short, obj_tag *, obj_tag *, weapon_definition_tag *, _VECTOR *, _VECTOR *, unsigned short)
  3018: 0012cd98   228 FUNC    GLOBAL DEFAULT    1 Bullet_handle_object_destruction(obj_tag *, obj_tag *)
  3019: 0012ce80  2576 FUNC    GLOBAL DEFAULT    1 Bullet_CollisionHandler(obj_tag *)
  3020: 0012e660   336 FUNC    GLOBAL DEFAULT    1 Bullet_Delete(obj_tag *)
  3021: 0012e7b0  2708 FUNC    GLOBAL DEFAULT    1 Bullet_update(obj_tag *)
  3022: 0012f678  1064 FUNC    GLOBAL DEFAULT    1 Bullet_init_casing_ex(obj_tag *)
  3023: 0012faa0   676 FUNC    GLOBAL DEFAULT    1 Bullet_casing_update(obj_tag *)
  3024: 0012fd48   148 FUNC    GLOBAL DEFAULT    1 Bullet_InitCasingLists(void)
  3025: 0026f498   128 OBJECT  GLOBAL DEFAULT    4 ShellCasings
  3026: 0030ca92     2 OBJECT  GLOBAL DEFAULT   13 NextCasing
  3027: 0012fde0   228 FUNC    GLOBAL DEFAULT    1 Bullet_init_casing(obj_tag *)
  3028: 0018d8e8   280 FUNC    GLOBAL DEFAULT    1 Swoosh_Create(_VECTOR *, _VECTOR *, short, unsigned int, unsigned char)
  3029: 001e38b0   152 FUNC    GLOBAL DEFAULT    1 Rand_FRand_MVar2(float, float)
  3030: 001e3948   160 FUNC    GLOBAL DEFAULT    1 Vec_Spherical_2_Cartesian(_VECTOR *, float, float, float)
  3031: 002d6220    16 OBJECT  GLOBAL DEFAULT    4 CONSTANT_UP2
  3032: 001df2a8   516 FUNC    GLOBAL DEFAULT    1 Mat_Align2Dir(MATRIX *, _VECTOR const *, _VECTOR const *, _VECTOR const *)
  3033: 00190630   480 FUNC    GLOBAL DEFAULT    1 Player_ChangeSubState(obj_tag *, int)
  3034: 00195928   340 FUNC    GLOBAL DEFAULT    1 Player_SetCamMode(BLData *, unsigned short)
  3035: 001aacc8  1540 FUNC    GLOBAL DEFAULT    1 Gas_Init(cel_tag *, _VECTOR *, _VECTOR *, _VECTOR *, float, float, unsigned int, unsigned int, unsigned int, unsigned int, unsigned short)
  3036: 00133e88   652 FUNC    GLOBAL DEFAULT    1 Control_InheritVelocity(obj_tag *, obj_tag *, float)
  3037: 001ce688   540 FUNC    GLOBAL DEFAULT    1 Effect_Create(HITDATA_tag *, obj_tag *, unsigned short, float)
  3038: 00134a90    36 FUNC    GLOBAL DEFAULT    1 Control_ObjectReferenced(obj_tag *, signed char)
  3039: 0030d0d4     4 OBJECT  GLOBAL DEFAULT   13 FRAME_RATE_DIV
  3040: 003037c0  3128 OBJECT  GLOBAL DEFAULT   12 EffectInfo
  3041: 001cf290   108 FUNC    GLOBAL DEFAULT    1 Effect_RicochetProb(unsigned char, unsigned short)
  3042: 002d88e0    16 OBJECT  GLOBAL DEFAULT    4 glb_players
  3043: 002d88b0    44 OBJECT  GLOBAL DEFAULT    4 glb_viewer
  3044: 001df7e0   228 FUNC    GLOBAL DEFAULT    1 vecutil_calculate_closest_point_on_line(_VECTOR *, _VECTOR const *, _VECTOR const *, _VECTOR const *)
  3045: 001bc430   220 FUNC    GLOBAL DEFAULT    1 Camera_Shake(_VECTOR *, float)
  3046: 001cc3d8   432 FUNC    GLOBAL DEFAULT    1 Light_Create(_VECTOR *, unsigned char, unsigned char, unsigned char, float, unsigned short, short, unsigned char, float, unsigned short, unsigned short, unsigned short, unsigned int)
  3047: 001ec940   700 FUNC    GLOBAL DEFAULT    1 Collide_SphereIntersect(_VECTOR *, float, cel_tag const *, obj_tag const *, obj_tag const *, HITDATA_tag **, signed char, signed char, unsigned int, unsigned short)
  3048: 00195aa0   228 FUNC    GLOBAL DEFAULT    1 Player_GetHeadPos(_VECTOR *, obj_tag *, MATRIX *)
  3049: 001e2e48    64 FUNC    GLOBAL DEFAULT    1 Vec_Dist3D(_VECTOR const *, _VECTOR const *)
  3050: 00232e48   296 FUNC    GLOBAL DEFAULT    1 atan2f
  3051: 001edf50   140 FUNC    GLOBAL DEFAULT    1 Collide_LineOfSight(_VECTOR const *, _VECTOR const *, cel_tag const *, obj_tag const *, obj_tag const *, unsigned int)
  3052: 00196040    28 FUNC    GLOBAL DEFAULT    1 Player_SetFlashBang(BLData *, float, unsigned char)
  3053: 0013a438   320 FUNC    GLOBAL DEFAULT    1 Drone_MessageObjVicinity(unsigned int, obj_tag *, float, unsigned int, unsigned int)
  3054: 001816a8    44 FUNC    GLOBAL DEFAULT    1 GT_Disable(obj_tag *)
  3055: 001ede00   104 FUNC    GLOBAL DEFAULT    1 Collide_FreeHitList(HITDATA_tag **)
  3056: 0017ea80   284 FUNC    GLOBAL DEFAULT    1 Occlude_Create(_VECTOR *, short, unsigned short)
  3057: 0017ae00   640 FUNC    GLOBAL DEFAULT    1 Emitter_Create(unsigned int, _VECTOR *, _VECTOR *, float, unsigned int, unsigned int, unsigned int, float)
  3058: 002bed90    40 OBJECT  GLOBAL DEFAULT    4 SatchelDigits
  3059: 001e2820   436 FUNC    GLOBAL DEFAULT    1 MulMatrix0(MATRIX const *, MATRIX const *, MATRIX *)
  3060: 001e3478    28 FUNC    GLOBAL DEFAULT    1 Mat_SetTrans(_VECTOR *, MATRIX *)
  3061: 001ca6d8   188 FUNC    GLOBAL DEFAULT    1 hashtable_set_object_to_entity_gfx(obj_tag *, unsigned int)
  3062: 001346b8   188 FUNC    GLOBAL DEFAULT    1 control_link_object_to_cel(obj_tag *, cel_tag *)
  3063: 001de0a8    28 FUNC    GLOBAL DEFAULT    1 Sound_Stop(unsigned int)
  3064: 00195da0   100 FUNC    GLOBAL DEFAULT    1 Player_SetGrapplePoint(BLData *, _VECTOR *, obj_tag *)
  3065: 001de240    32 FUNC    GLOBAL DEFAULT    1 Sound_IsFinnished(unsigned int)
  3066: 001de108   136 FUNC    GLOBAL DEFAULT    1 Sound_SetPosition(unsigned int, _VECTOR *)
  3067: 001e7c18   100 FUNC    GLOBAL DEFAULT    1 View_SetDrawInAllViews(obj_tag *)
  3068: 001e3348    40 FUNC    GLOBAL DEFAULT    1 Mat_Copy(MATRIX const *, MATRIX *)
  3069: 0017f300   256 FUNC    GLOBAL DEFAULT    1 Input_Actionf(short, GameActions_tag, unsigned short)
  3070: 001e33f8    28 FUNC    GLOBAL DEFAULT    1 Mat_GetTrans(_VECTOR *, MATRIX *)
  3071: 001e3a70   104 FUNC    GLOBAL DEFAULT    1 vecutil_cartesian_to_spherical_acc(_VECTOR *, float, float, float)
  3072: 001e25a8   260 FUNC    GLOBAL DEFAULT    1 RotMatrixZYX(_VECTOR const *, MATRIX *)
  3073: 001e2f88   120 FUNC    GLOBAL DEFAULT    1 Vec_NormaliseLen(_VECTOR *, _VECTOR const *)
  3074: 001ec690   688 FUNC    GLOBAL DEFAULT    1 Collide_RayIntersect(_VECTOR const *, _VECTOR const *, cel_tag const *, obj_tag const *, obj_tag const *, HITDATA_tag **, signed char, unsigned int, unsigned short)
  3075: 001a9400   212 FUNC    GLOBAL DEFAULT    1 PositionBeam(obj_tag *, _VECTOR *, _VECTOR *)
  3076: 002a3830    12 OBJECT  GLOBAL DEFAULT    4 CopterList
  3077: 0017e4b8    56 FUNC    GLOBAL DEFAULT    1 Copter_GetBody(void *)
  3078: 001e7c80   100 FUNC    GLOBAL DEFAULT    1 View_SetDrawInNoViews(obj_tag *)
  3079: 001c3120   448 FUNC    GLOBAL DEFAULT    1 AnimGetBoneWorldTrans(obj_tag *, unsigned int, int, _VECTOR *, MATRIX *)
  3080: 001c7900   152 FUNC    GLOBAL DEFAULT    1 AnimDatumGetWeaponInfo(obj_tag *, unsigned int *, unsigned int *, unsigned short *)
  3081: 001c77f8    80 FUNC    GLOBAL DEFAULT    1 AnimDatumGetIndex(obj_tag *, int)
  3082: 001e4960   124 FUNC    GLOBAL DEFAULT    1 ApplyMatrixLVI(MATRIX const *, _VECTOR *)
  3083: 00134608    40 FUNC    GLOBAL DEFAULT    1 control_unlink_object(obj_tag *)
  3084: 001305b0   552 FUNC    GLOBAL DEFAULT    1 Car_Create(_VECTOR *, _VECTOR *, celglist_tag *, level_tag *)
  3085: 0030ca94     2 OBJECT  GLOBAL DEFAULT   13 NumTanks
  3086: 0026f670   512 OBJECT  GLOBAL DEFAULT    4 TankSpawns
  3087: 0026f870    32 OBJECT  GLOBAL DEFAULT    4 Tanks
  3088: 001307d8  4188 FUNC    GLOBAL DEFAULT    1 Car_Update(obj_tag *)
  3089: 00131d88   404 FUNC    GLOBAL DEFAULT    1 Car_Deactivate(obj_tag *)
  3090: 00131838  1040 FUNC    GLOBAL DEFAULT    1 Car_CollisionHandler(obj_tag *)
  3091: 00131c48   316 FUNC    GLOBAL DEFAULT    1 Car_Activate(obj_tag *, obj_tag *)
  3092: 0026f520   336 OBJECT  GLOBAL DEFAULT    4 TurretGuns
  3093: 00131f20   440 FUNC    GLOBAL DEFAULT    1 GunImp_Create(_VECTOR *, quaternion_tag *, celglist_tag *, level_tag *)
  3094: 001320d8  2876 FUNC    GLOBAL DEFAULT    1 GunImp_Update(obj_tag *)
  3095: 00132c18   348 FUNC    GLOBAL DEFAULT    1 GunImp_Deactivate(obj_tag *)
  3096: 00132d78    44 FUNC    GLOBAL DEFAULT    1 Car_Init(void)
  3097: 00132da8   204 FUNC    GLOBAL DEFAULT    1 Car_Reset(void)
  3098: 00132e78    28 FUNC    GLOBAL DEFAULT    1 Car_Delete(obj_tag *)
  3099: 00132e98   100 FUNC    GLOBAL DEFAULT    1 Car_PlayerHasDied(obj_tag *)
  3100: 00132f00   264 FUNC    GLOBAL DEFAULT    1 GunImp_Activate(obj_tag *, obj_tag *)
  3101: 00133008   100 FUNC    GLOBAL DEFAULT    1 GunImp_PlayerHasDied(obj_tag *)
  3102: 001ca798   168 FUNC    GLOBAL DEFAULT    1 hashtable_hashcode_to_celglist(unsigned int)
  3103: 001343c8   280 FUNC    GLOBAL DEFAULT    1 Control_CreateObjEx(unsigned short, _VECTOR *, _VECTOR *, MATRIX *, celglist_tag *, obj_tag *, signed char, unsigned short, float, unsigned short, unsigned char, unsigned char, unsigned char)
  3104: 0017f208   244 FUNC    GLOBAL DEFAULT    1 Input_Action(short, GameActions_tag, unsigned short)
  3105: 002330e8   316 FUNC    GLOBAL DEFAULT    1 fmodf
  3106: 001e4718   124 FUNC    GLOBAL DEFAULT    1 RotMatrixY(float, MATRIX *)
  3107: 001e4818   176 FUNC    GLOBAL DEFAULT    1 RotMatrixXY(float, float, MATRIX *)
  3108: 001e4a90   172 FUNC    GLOBAL DEFAULT    1 Concat(MATRIX const *, MATRIX *)
  3109: 001e33b8    28 FUNC    GLOBAL DEFAULT    1 Mat_GetUp(_VECTOR *, MATRIX *)
  3110: 001e4188   388 FUNC    GLOBAL DEFAULT    1 Quat_Slerp_Acc(float, quaternion_tag const *, quaternion_tag const *, quaternion_tag *)
  3111: 001df4b0   324 FUNC    GLOBAL DEFAULT    1 Mat_Align2Up(MATRIX *, _VECTOR const *, _VECTOR const *)
  3112: 001e4798   120 FUNC    GLOBAL DEFAULT    1 RotMatrixZ(float, MATRIX *)
  3113: 001e3520    88 FUNC    GLOBAL DEFAULT    1 Mat_Inverse(MATRIX *)
  3114: 00195f70    84 FUNC    GLOBAL DEFAULT    1 Player_Disable(obj_tag *, signed char)
  3115: 001a9858    76 FUNC    GLOBAL DEFAULT    1 Player_WeaponNone(obj_tag *)
  3116: 001baf70   388 FUNC    GLOBAL DEFAULT    1 Camera_CalcViewAngles(unsigned short, float)
  3117: 002ba190    16 OBJECT  GLOBAL DEFAULT    4 glb_blokes
  3118: 00195498   468 FUNC    GLOBAL DEFAULT    1 Player_Enable(obj_tag *, MATRIX *, unsigned int)
  3119: 001e34c8    76 FUNC    GLOBAL DEFAULT    1 Mat_IdentityT(MATRIX *)
  3120: 001e46a0   120 FUNC    GLOBAL DEFAULT    1 RotMatrixX(float, MATRIX *)
  3121: 00133070   260 FUNC    GLOBAL DEFAULT    1 Control_BuildWorldSph(obj_tag *)
  3122: 0017c518  1044 FUNC    GLOBAL DEFAULT    1 Explode_Propagate(_VECTOR *, float, cel_tag *, float, obj_tag *)
  3123: 0017f4a0   184 FUNC    GLOBAL DEFAULT    1 Input_SetAction(short, GameActions_tag, unsigned char)
  3124: 0030ca98     4 OBJECT  GLOBAL DEFAULT   13 DynamicObjCount
  3125: 0026f890  1020 OBJECT  GLOBAL DEFAULT    4 control_funcs
  3126: 001341f0    28 FUNC    GLOBAL DEFAULT    1 control_AnimUpdate(obj_tag *)
  3127: 00134210   240 FUNC    GLOBAL DEFAULT    1 Control_GetObjMatrix(obj_tag *, MATRIX *)
  3128: 00133178   272 FUNC    GLOBAL DEFAULT    1 control_delete_object(obj_tag *)
  3129: 00270590    12 OBJECT  GLOBAL DEFAULT    4 ForcedList
  3130: 00133288  1136 FUNC    GLOBAL DEFAULT    1 control_handle_cel_change(obj_tag *)
  3131: 001336f8  1936 FUNC    GLOBAL DEFAULT    1 control_movement_object_handler(signed char)
  3132: 002705a0   272 OBJECT  GLOBAL DEFAULT    4 DynamicObjList
  3133: 0026fe90   256 OBJECT  GLOBAL DEFAULT    4 switch_channels_hold
  3134: 0026fd90   256 OBJECT  GLOBAL DEFAULT    4 switch_channels_prev
  3135: 00134310   116 FUNC    GLOBAL DEFAULT    1 Init_SwitchChannels(void)
  3136: 00270190  1024 OBJECT  GLOBAL DEFAULT    4 switch_channels_time
  3137: 0026ff90   512 OBJECT  GLOBAL DEFAULT    4 switch_channels_MusicVars
  3138: 00134388    60 FUNC    GLOBAL DEFAULT    1 control_init_object_lists(void)
  3139: 00134630   100 FUNC    GLOBAL DEFAULT    1 control_init_object(obj_tag *)
  3140: 00134698    32 FUNC    GLOBAL DEFAULT    1 control_add_object_to_list(obj_tag *, obj_tag *)
  3141: 00134778   256 FUNC    GLOBAL DEFAULT    1 Controls_StraddleTest(obj_tag *)
  3142: 00134878     8 FUNC    GLOBAL DEFAULT    1 control_init_collision(obj_tag *)
  3143: 00134880   188 FUNC    GLOBAL DEFAULT    1 control_ClosestPlayerPnt(_VECTOR const *, _VECTOR *)
  3144: 00134940    28 FUNC    GLOBAL DEFAULT    1 Control_SetEffectType(obj_tag *, unsigned int)
  3145: 001349b0    52 FUNC    GLOBAL DEFAULT    1 Control_NextLOD(obj_tag *)
  3146: 001349e8    76 FUNC    GLOBAL DEFAULT    1 Control_DeleteAllObjectsOfType(unsigned char)
  3147: 00134a38    84 FUNC    GLOBAL DEFAULT    1 Control_ReturnNextObjectOfType(unsigned char, obj_tag *)
  3148: 0018ac90  1284 FUNC    GLOBAL DEFAULT    1 MP_objectBeingDeleted(obj_tag *)
  3149: 001bee80   344 FUNC    GLOBAL DEFAULT    1 AnimObjectDelete(obj_tag *)
  3150: 001dc958    52 FUNC    GLOBAL DEFAULT    1 SP_RemoveObj(obj_tag *, void *)
  3151: 0013a878    92 FUNC    GLOBAL DEFAULT    1 Drone_FellOutMap(obj_tag *)
  3152: 001e4e00   100 FUNC    GLOBAL DEFAULT    1 Vec_IsEqual(_VECTOR const *, _VECTOR const *, float)
  3153: 001eac98   484 FUNC    GLOBAL DEFAULT    1 Collide_StraddleCels(HITTEST_tag *, unsigned short &)
  3154: 001e0d58   440 FUNC    GLOBAL DEFAULT    1 Cel_ObjectLeftCel(cel_tag *, _VECTOR *, _VECTOR *)
  3155: 001c9500   160 FUNC    GLOBAL DEFAULT    1 build_point_in_bounding_box(_VECTOR *, cel_tag *)
  3156: 00139520  1360 FUNC    GLOBAL DEFAULT    1 Drone_InitComms(void)
  3157: 0018bf60     8 FUNC    GLOBAL DEFAULT    1 MP_DebugDraw(void)
  3158: 00135fe0   288 FUNC    GLOBAL DEFAULT    1 Doors_Calc(void)
  3159: 001b1900   372 FUNC    GLOBAL DEFAULT    1 Trigger_Calc(void)
  3160: 001cb178   360 FUNC    GLOBAL DEFAULT    1 Lights_CalcAmbientLight(obj_tag *)
  3161: 001ea398  1052 FUNC    GLOBAL DEFAULT    1 Collide_Update(obj_tag *)
  3162: 002d6200    16 OBJECT  GLOBAL DEFAULT    4 CONSTANT_ZERO_VECTOR
  3163: 001df5f8   480 FUNC    GLOBAL DEFAULT    1 Mat_Normalize(MATRIX *)
  3164: 001e35f0   136 FUNC    GLOBAL DEFAULT    1 Mat_Scale3f(MATRIX *, MATRIX *, float, float, float)
  3165: 00139268   696 FUNC    GLOBAL DEFAULT    1 Drone_Control(obj_tag *)
  3166: 00140968  1316 FUNC    GLOBAL DEFAULT    1 Drone_CollisionHandler(obj_tag *)
  3167: 00136ce8   776 FUNC    GLOBAL DEFAULT    1 Drone_Delete(obj_tag *)
  3168: 00193600  2948 FUNC    GLOBAL DEFAULT    1 Player_Update(obj_tag *)
  3169: 001949a8  1092 FUNC    GLOBAL DEFAULT    1 Player_CollisionHandler(obj_tag *)
  3170: 001aca48   180 FUNC    GLOBAL DEFAULT    1 Bubble_Update(obj_tag *)
  3171: 0018f568   108 FUNC    GLOBAL DEFAULT    1 rotor_update(obj_tag *)
  3172: 001cf528    64 FUNC    GLOBAL DEFAULT    1 Particles_Update(obj_tag *)
  3173: 001ab2d0  1676 FUNC    GLOBAL DEFAULT    1 gases_smoke(obj_tag *)
  3174: 0017c350   452 FUNC    GLOBAL DEFAULT    1 Explode_Update(obj_tag *)
  3175: 0017cde0    68 FUNC    GLOBAL DEFAULT    1 Explode_CollisionHandler(obj_tag *)
  3176: 0017cdc0    32 FUNC    GLOBAL DEFAULT    1 Explode_Delete(obj_tag *)
  3177: 001aac00   188 FUNC    GLOBAL DEFAULT    1 Debris_Update(obj_tag *)
  3178: 0018db40   180 FUNC    GLOBAL DEFAULT    1 Sunreflection_Update(obj_tag *)
  3179: 001d6e38   448 FUNC    GLOBAL DEFAULT    1 RB_Update(obj_tag *)
  3180: 001d7a80    88 FUNC    GLOBAL DEFAULT    1 RB_CollisionHandler(obj_tag *)
  3181: 001dbda8  1424 FUNC    GLOBAL DEFAULT    1 SP_Update(obj_tag *)
  3182: 001dc8b0    80 FUNC    GLOBAL DEFAULT    1 SP_Delete(obj_tag *)
  3183: 001363c8   956 FUNC    GLOBAL DEFAULT    1 Door_Update(obj_tag *)
  3184: 00135980   604 FUNC    GLOBAL DEFAULT    1 Door_ReactToHit(obj_tag *)
  3185: 001b1a78  1360 FUNC    GLOBAL DEFAULT    1 Trigger_Update(obj_tag *)
  3186: 001cb900  2624 FUNC    GLOBAL DEFAULT    1 Searchlight_Update(obj_tag *)
  3187: 00135268   100 FUNC    GLOBAL DEFAULT    1 Creature_Update(obj_tag *)
  3188: 00135230    52 FUNC    GLOBAL DEFAULT    1 Creature_Delete(obj_tag *)
  3189: 0018d768   208 FUNC    GLOBAL DEFAULT    1 cloud_update(obj_tag *)
  3190: 001a9948   780 FUNC    GLOBAL DEFAULT    1 SS_Update(obj_tag *)
  3191: 001ab960   808 FUNC    GLOBAL DEFAULT    1 Flicker_Update(obj_tag *)
  3192: 0017e5d0   668 FUNC    GLOBAL DEFAULT    1 Hurt_Update(obj_tag *)
  3193: 0017eba0    60 FUNC    GLOBAL DEFAULT    1 Occlude_Update(obj_tag *)
  3194: 001abee0   328 FUNC    GLOBAL DEFAULT    1 Leaf_Update(obj_tag *)
  3195: 0018e148  1284 FUNC    GLOBAL DEFAULT    1 Pickup_Update(obj_tag *)
  3196: 00137e68  1404 FUNC    GLOBAL DEFAULT    1 DroneSpawner_Control(obj_tag *)
  3197: 0013a338   116 FUNC    GLOBAL DEFAULT    1 DroneSpawner_Delete(obj_tag *)
  3198: 001acc48    72 FUNC    GLOBAL DEFAULT    1 LeafGen_Update(obj_tag *)
  3199: 0017b080  1668 FUNC    GLOBAL DEFAULT    1 Emitter_Update(obj_tag *)
  3200: 0017b960     8 FUNC    GLOBAL DEFAULT    1 Emitter_Kill(obj_tag *)
  3201: 0018cf68   360 FUNC    GLOBAL DEFAULT    1 Lightning_Update(obj_tag *)
  3202: 001ac028   300 FUNC    GLOBAL DEFAULT    1 Ripples_Update(obj_tag *)
  3203: 0018b198   292 FUNC    GLOBAL DEFAULT    1 MP_ObjectUpdate(obj_tag *)
  3204: 0018b2c0     8 FUNC    GLOBAL DEFAULT    1 MP_ObjectDelete(obj_tag *)
  3205: 00180498  3948 FUNC    GLOBAL DEFAULT    1 GT_Update(obj_tag *)
  3206: 00181678    48 FUNC    GLOBAL DEFAULT    1 GT_Delete(obj_tag *)
  3207: 001af618  1708 FUNC    GLOBAL DEFAULT    1 Sensor_Update(obj_tag *)
  3208: 001afcc8   912 FUNC    GLOBAL DEFAULT    1 Monitor_Update(obj_tag *)
  3209: 001adea8   320 FUNC    GLOBAL DEFAULT    1 Switch_Update(obj_tag *)
  3210: 001ae3d8  2344 FUNC    GLOBAL DEFAULT    1 Lock_Update(obj_tag *)
  3211: 0017dbb8  2224 FUNC    GLOBAL DEFAULT    1 Copter_Update(obj_tag *)
  3212: 0017e568    72 FUNC    GLOBAL DEFAULT    1 Copter_Delete(obj_tag *)
  3213: 001adfe8   528 FUNC    GLOBAL DEFAULT    1 FuseBox_Update(obj_tag *)
  3214: 001c64d8     8 FUNC    GLOBAL DEFAULT    1 Discrete_Delete(obj_tag *)
  3215: 0013a1d0    36 FUNC    GLOBAL DEFAULT    1 Drone_AIVolume_Delete(obj_tag *)
  3216: 0017c328    40 FUNC    GLOBAL DEFAULT    1 Env_Tree_Update(obj_tag *)
  3217: 001b2790   448 FUNC    GLOBAL DEFAULT    1 SoundTrigger_Update(obj_tag *)
  3218: 0018d200   436 FUNC    GLOBAL DEFAULT    1 Swoosh_Update(obj_tag *)
  3219: 00196e80   328 FUNC    GLOBAL DEFAULT    1 ThirdIcon_Update(obj_tag *)
  3220: 001b3380   260 FUNC    GLOBAL DEFAULT    1 Hint_Update(obj_tag *)
  3221: 001b31a0   168 FUNC    GLOBAL DEFAULT    1 MusicTrigger_Update(obj_tag *)
  3222: 0018da78   200 FUNC    GLOBAL DEFAULT    1 Corona_Update(obj_tag *)
  3223: 001ac2c8  1340 FUNC    GLOBAL DEFAULT    1 BodyGlow_Update(obj_tag *)
  3224: 001bc668   124 FUNC    GLOBAL DEFAULT    1 CamSubject_Update(obj_tag *)
  3225: 001aee20   496 FUNC    GLOBAL DEFAULT    1 PCQWorm_Update(obj_tag *)
  3226: 001ad200   880 FUNC    GLOBAL DEFAULT    1 Sub_Update(obj_tag *)
  3227: 001ad868     8 FUNC    GLOBAL DEFAULT    1 Sub_Collide(obj_tag *)
  3228: 001ad870     8 FUNC    GLOBAL DEFAULT    1 Sub_Delete(obj_tag *)
  3229: 0017c930   672 FUNC    GLOBAL DEFAULT    1 Mine_Update(obj_tag *)
  3230: 001e7d58   160 FUNC    GLOBAL DEFAULT    1 OneSided_Update(obj_tag *)
  3231: 00181f40   488 FUNC    GLOBAL DEFAULT    1 MiniSub_Update(obj_tag *)
  3232: 00182128     8 FUNC    GLOBAL DEFAULT    1 MiniSub_Collide(obj_tag *)
  3233: 00182268     8 FUNC    GLOBAL DEFAULT    1 MiniSub_Delete(obj_tag *)
  3234: 0017d0c0   180 FUNC    GLOBAL DEFAULT    1 Shooter_Update(obj_tag *)
  3235: 001aa118   732 FUNC    GLOBAL DEFAULT    1 SpaceMissile_Update(obj_tag *)
  3236: 001aa3f8  1216 FUNC    GLOBAL DEFAULT    1 SpaceLaser_Update(obj_tag *)
  3237: 0018d3b8   308 FUNC    GLOBAL DEFAULT    1 DynamicObject_Update(obj_tag *)
  3238: 001b30a8    52 FUNC    GLOBAL DEFAULT    1 InverterTrigger_Update(obj_tag *)
  3239: 0018d4f0   300 FUNC    GLOBAL DEFAULT    1 Apocalypse_Update(obj_tag *)
  3240: 00134ab8   568 FUNC    GLOBAL DEFAULT    1 Creature_Create(_VECTOR *, _VECTOR *, celglist_tag *, level_tag *)
  3241: 00135208    40 FUNC    GLOBAL DEFAULT    1 Creature_Init(void)
  3242: 001e3d78   260 FUNC    GLOBAL DEFAULT    1 Quat_EulerToQuat(_VECTOR const *, quaternion_tag *)
  3243: 001e3b80    36 FUNC    GLOBAL DEFAULT    1 Quat_Copy(quaternion_tag *, quaternion_tag const *)
  3244: 001e4f98    64 FUNC    GLOBAL DEFAULT    1 auxVec_AddMulR32(_VECTOR const *, _VECTOR const *, float, _VECTOR *)
  3245: 001e33d8    28 FUNC    GLOBAL DEFAULT    1 Mat_GetNorm(_VECTOR *, MATRIX *)
  3246: 001e3810   160 FUNC    GLOBAL DEFAULT    1 Rand_FRandHalf(float)
  3247: 001e4f48    52 FUNC    GLOBAL DEFAULT    1 auxVec_Sub(_VECTOR const *, _VECTOR const *, _VECTOR *)
  3248: 001e2f58    48 FUNC    GLOBAL DEFAULT    1 Vec_SqMagnitude(_VECTOR const *)
  3249: 00196060    52 FUNC    GLOBAL DEFAULT    1 Player_Hurt(obj_tag *, float, _VECTOR *)
  3250: 001e1858  2116 FUNC    GLOBAL DEFAULT    1 Spline_Interp(framelist_tag *, unsigned short, unsigned short, float, MATRIX *, quaternion_tag *, SPLINE_INTERP)
  3251: 00135be0   824 FUNC    GLOBAL DEFAULT    1 Door_Activate(obj_tag *, obj_tag *, unsigned char)
  3252: 00135f18   196 FUNC    GLOBAL DEFAULT    1 Door_DoMsg(obj_tag *)
  3253: 00136100   712 FUNC    GLOBAL DEFAULT    1 Door_Create(_VECTOR *, _VECTOR *, level_tag *, celglist_tag *)
  3254: 00136788    28 FUNC    GLOBAL DEFAULT    1 Door_Link2Portal(obj_tag *)
  3255: 001367b0    92 FUNC    GLOBAL DEFAULT    1 Door_IsClosed(obj_tag *)
  3256: 00136810    56 FUNC    GLOBAL DEFAULT    1 Door_IsLocked(obj_tag *)
  3257: 00136848    60 FUNC    GLOBAL DEFAULT    1 Door_Init(void)
  3258: 001e1140  1816 FUNC    GLOBAL DEFAULT    1 KeyFrame_Interp(framelist_tag *, unsigned short, unsigned short, float, MATRIX *)
  3259: 001e49e8   168 FUNC    GLOBAL DEFAULT    1 RotPreTransVec(MATRIX const *, _VECTOR const *, _VECTOR *)
  3260: 001cad60   172 FUNC    GLOBAL DEFAULT    1 Txt_BindLabel(unsigned int, signed char)
  3261: 001b0c30  1448 FUNC    GLOBAL DEFAULT    1 Text_AddMsg(signed char, unsigned char, TXTMSG_TYPE, char *, unsigned int, short)
  3262: 0030ca9c     1 OBJECT  GLOBAL DEFAULT   13 Drone_DebugSpr
  3263: 0030ca9d     1 OBJECT  GLOBAL DEFAULT   13 Drone_DummyPlayer
  3264: 0030ca9f     1 OBJECT  GLOBAL DEFAULT   13 Drone_bDontDraw
  3265: 00136888   172 FUNC    GLOBAL DEFAULT    1 Drone_PreLoad_Init(void)
  3266: 002706c8    12 OBJECT  GLOBAL DEFAULT    4 AIBoxList
  3267: 00136938   680 FUNC    GLOBAL DEFAULT    1 Drone_PostLoad_Init(void)
  3268: 00139a70   620 FUNC    GLOBAL DEFAULT    1 NDrone_InitDoorNodes(void)
  3269: 00139ce0   624 FUNC    GLOBAL DEFAULT    1 NDrone_InitKickNodes(void)
  3270: 0013a3b8   120 FUNC    GLOBAL DEFAULT    1 DroneSpawner_DroneDelete(obj_tag *, obj_tag *)
  3271: 00136ff0   844 FUNC    GLOBAL DEFAULT    1 Drone_CoverCornerNode(_VECTOR *, _VECTOR *, level_tag *)
  3272: 00137340   528 FUNC    GLOBAL DEFAULT    1 Drone_CoverLowNode(_VECTOR *, _VECTOR *, level_tag *)
  3273: 00137550   364 FUNC    GLOBAL DEFAULT    1 Drone_AIPoint(_VECTOR *, _VECTOR *, level_tag *)
  3274: 001376c0   528 FUNC    GLOBAL DEFAULT    1 Drone_AIVolume_Create(_VECTOR *, _VECTOR *, _VECTOR *, level_tag *, celglist_tag *)
  3275: 001378d0   464 FUNC    GLOBAL DEFAULT    1 DroneSpawner_Create(_VECTOR *, _VECTOR *, level_tag *)
  3276: 00137aa0   528 FUNC    GLOBAL DEFAULT    1 DroneSpawner_Init(obj_tag *)
  3277: 00137cb0   436 FUNC    GLOBAL DEFAULT    1 DroneSpawner_SpawnDrone(obj_tag *)
  3278: 0013a7a0   204 FUNC    GLOBAL DEFAULT    1 Drone_PositionVisible(_VECTOR *, cel_tag *)
  3279: 001383e8   412 FUNC    GLOBAL DEFAULT    1 Drone_EnableAll(signed char, unsigned int)
  3280: 0013a678   152 FUNC    GLOBAL DEFAULT    1 Drone_Message(obj_tag *, unsigned int, unsigned int, unsigned int)
  3281: 00138b10   872 FUNC    GLOBAL DEFAULT    1 Drone_BuildDynamicAwarePoints(void)
  3282: 00138e78   236 FUNC    GLOBAL DEFAULT    1 Drone_ProcessCoverNodes(void)
  3283: 00138f68   344 FUNC    GLOBAL DEFAULT    1 Drone_GetOpponentInfo(Drone_tag *, obj_tag *)
  3284: 001390c0   424 FUNC    GLOBAL DEFAULT    1 Drone_ProcessOpponents(void)
  3285: 002706b0    20 OBJECT  GLOBAL DEFAULT    4 drone_alert_txt
  3286: 0013a710   140 FUNC    GLOBAL DEFAULT    1 Drone_PauseNoDraw(signed char)
  3287: 00139f50   332 FUNC    GLOBAL DEFAULT    1 Drone_ModBulletDamage(Drone_tag *, obj_tag *, HITDATA_tag *)
  3288: 0013a0f8     8 FUNC    GLOBAL DEFAULT    1 Drone_InitOnce(void)
  3289: 0013a108   196 FUNC    GLOBAL DEFAULT    1 Drone_CoderCreate(_VECTOR *, _VECTOR *, unsigned int, unsigned int, unsigned int, unsigned int, unsigned short)
  3290: 0013a1f8   148 FUNC    GLOBAL DEFAULT    1 Drone_VisibilityForPosition(_VECTOR *, unsigned short)
  3291: 0013a290   168 FUNC    GLOBAL DEFAULT    1 Drone_PointInAnyAIBox(_VECTOR *, unsigned short)
  3292: 0013a578    28 FUNC    GLOBAL DEFAULT    1 Drone_GetSkinHash(obj_tag *)
  3293: 0013a5a8   132 FUNC    GLOBAL DEFAULT    1 Drone_LevelReset(void)
  3294: 0013a630    68 FUNC    GLOBAL DEFAULT    1 Drone_SM_SendMsg(unsigned int, unsigned int, unsigned int, unsigned int)
  3295: 0013a8d8    52 FUNC    GLOBAL DEFAULT    1 Drone_AlertStatusSet(unsigned char, DCVars_tag *)
  3296: 0013a910    48 FUNC    GLOBAL DEFAULT    1 Drone_AlertStatus(obj_tag *)
  3297: 0013a940   184 FUNC    GLOBAL DEFAULT    1 Drone_ModPlayerHitDamage(obj_tag *, HITDATA_tag *)
  3298: 0013a9f8   188 FUNC    GLOBAL DEFAULT    1 Drone_BulletHit(obj_tag *, BU_tag *, HITDATA_tag *)
  3299: 0013aab8   160 FUNC    GLOBAL DEFAULT    1 Drone_ExplosiveHit(obj_tag *, DroneImpact_tag *)
  3300: 00298e10  7440 OBJECT  GLOBAL DEFAULT    4 NPCGlobals
  3301: 00283e10 45056 OBJECT  GLOBAL DEFAULT    4 CoverNodes
  3302: 0028ee10 40960 OBJECT  GLOBAL DEFAULT    4 AIPoints
  3303: 002c7940  6840 OBJECT  GLOBAL DEFAULT    4 AINetwork
  3304: 0015b390    68 FUNC    GLOBAL DEFAULT    1 AINetwork_AllocEmitter(AIEmitter_tag *, unsigned int)
  3305: 00158cf8  1392 FUNC    GLOBAL DEFAULT    1 AINetwork_EmitPath(AIEmitter_tag *, float)
  3306: 001c8cb0  1180 FUNC    GLOBAL DEFAULT    1 build_FindCel(_VECTOR *, world_tag *)
  3307: 00149ca0   160 FUNC    GLOBAL DEFAULT    1 NDrone2_SetupGroups(void)
  3308: 0015a5c8   504 FUNC    GLOBAL DEFAULT    1 AINetwork_InitPassableBoundries(void)
  3309: 0014d7c8   196 FUNC    GLOBAL DEFAULT    1 NDrone2_CreateObj(DIVars_tag *)
  3310: 001acd50    80 FUNC    GLOBAL DEFAULT    1 BodyGlow_Delete(obj_tag *)
  3311: 001c6748   264 FUNC    GLOBAL DEFAULT    1 AnimObjectSetHeadTracking(obj_tag const *, void const *, float, float, signed char, signed char, unsigned int)
  3312: 0015b1e8   204 FUNC    GLOBAL DEFAULT    1 AINetwork_InitEmitter(obj_tag *, _VECTOR *, cel_tag *, AIEmitter_tag *, AIPath_tag *, signed char)
  3313: 00149768    36 FUNC    GLOBAL DEFAULT    1 NDrone2_Player(void)
  3314: 0013e660   272 FUNC    GLOBAL DEFAULT    1 DroneFunc_SetDeathChannel(Drone_tag *)
  3315: 001de328    36 FUNC    GLOBAL DEFAULT    1 Music_Event(unsigned int, unsigned int)
  3316: 001497e8    48 FUNC    GLOBAL DEFAULT    1 DroneFunc_ChooseSFX(unsigned int, unsigned int)
  3317: 00141b00   856 FUNC    GLOBAL DEFAULT    1 NDrone2_SpeechSFX(DCVars_tag *, unsigned int, signed char, signed char, signed char)
  3318: 00178438   224 FUNC    GLOBAL DEFAULT    1 DroneVision_CanSeePosition(obj_tag *, _VECTOR *, cel_tag *, obj_tag *)
  3319: 0015b548   424 FUNC    GLOBAL DEFAULT    1 AINetwork_SetLinksFlagInCircle(_VECTOR *, cel_tag *, float, unsigned short, unsigned short)
  3320: 001e8ec0   328 FUNC    GLOBAL DEFAULT    1 Intersect_PointOOBox(MATRIX *, _VECTOR const *, _VECTOR const *, float)
  3321: 00148db0   828 FUNC    GLOBAL DEFAULT    1 NDrone2_PreDroneControl(DCVars_tag *)
  3322: 0029aee8  1020 OBJECT  GLOBAL DEFAULT    4 DroneTypeSettings
  3323: 001490f0  1292 FUNC    GLOBAL DEFAULT    1 NDrone2_ControlSTANDARD(DCVars_tag *)
  3324: 0014aff8    96 FUNC    GLOBAL DEFAULT    1 NDrone2_PostDroneControl(DCVars_tag *)
  3325: 0013e198   148 FUNC    GLOBAL DEFAULT    1 DroneAnim_SnapRotate(Drone_tag *)
  3326: 00149f88   128 FUNC    GLOBAL DEFAULT    1 NDrone2_DoAnimation(Drone_tag *)
  3327: 0013e230     8 FUNC    GLOBAL DEFAULT    1 DroneAnim_SnapRotate2(Drone_tag *)
  3328: 0013add0   276 FUNC    GLOBAL DEFAULT    1 DroneAnim_CallHandler(DCVars_tag *)
  3329: 0030ce2c     4 OBJECT  GLOBAL DEFAULT   13 switch_NO_DRONES
  3330: 0015b498   176 FUNC    GLOBAL DEFAULT    1 AINetwork_ClearLinkFlags(unsigned short)
  3331: 00176a28  1264 FUNC    GLOBAL DEFAULT    1 DroneVision_ProcessDroneSight(void)
  3332: 00155cd8   108 FUNC    GLOBAL DEFAULT    1 NDrone2_NavNodeCache(void)
  3333: 00148a30   556 FUNC    GLOBAL DEFAULT    1 DroneFunc_HandleSoundAlerts(DCVars_tag *)
  3334: 001de2a8   128 FUNC    GLOBAL DEFAULT    1 Sound_ZeroAlertness(void)
  3335: 001759a0   148 FUNC    GLOBAL DEFAULT    1 Drone_SM_SendDelayedMsgs(void)
  3336: 001453a8   428 FUNC    GLOBAL DEFAULT    1 DroneFunc_CheckAlarmRaised(void)
  3337: 0015b6f0   320 FUNC    GLOBAL DEFAULT    1 AINetwork_ModIntersectedLinkFlags_Bounds(_VECTOR *, _VECTOR *, unsigned int, unsigned int, _VECTOR *, signed char)
  3338: 001dcc30    52 FUNC    GLOBAL DEFAULT    1 SP_getScriptInfo(obj_tag *)
  3339: 0030cb14     4 OBJECT  GLOBAL DEFAULT   13 DroneFiring_TooClose_Distance
  3340: 0030cb1c     4 OBJECT  GLOBAL DEFAULT   13 DroneFiring_TooClose_Damage
  3341: 0030cb20     4 OBJECT  GLOBAL DEFAULT   13 DroneFiring_PlayerBackShot_Damage
  3342: 001e2ef8    40 FUNC    GLOBAL DEFAULT    1 Vec_SqDist2D(_VECTOR const *, _VECTOR const *)
  3343: 001757d0   104 FUNC    GLOBAL DEFAULT    1 Drone_SM_Init(void)
  3344: 00172128   788 FUNC    GLOBAL DEFAULT    1 Drone_SM_RouteMsg(MsgObject *)
  3345: 00175a38   108 FUNC    GLOBAL DEFAULT    1 Drone_SM_SendMsgSelf(unsigned int, unsigned int, unsigned int, unsigned int, DCVars_tag *)
  3346: 00175aa8    68 FUNC    GLOBAL DEFAULT    1 Drone_SM_BroadcastMsg(unsigned int, unsigned int, unsigned int, unsigned int)
  3347: 001e89e0   100 FUNC    GLOBAL DEFAULT    1 Vision_InView(_VECTOR const *, float, viewer_tag const *)
  3348: 00178390   168 FUNC    GLOBAL DEFAULT    1 DroneVision_LineOfSightToObject(CelPos_tag *, CelPos_tag *, obj_tag *, obj_tag *, signed char, unsigned int)
  3349: 0013dfc8   184 FUNC    GLOBAL DEFAULT    1 DroneAnim_CanDoAnimState(DCVars_tag *, short, short)
  3350: 0013df38   144 FUNC    GLOBAL DEFAULT    1 DroneAnim_SetEndAnim(Drone_tag *, unsigned char)
  3351: 0013b1c8   712 FUNC    GLOBAL DEFAULT    1 DroneAnim_SetHTAnim(unsigned int, unsigned int, unsigned short, Drone_tag *, unsigned short, float)
  3352: 0013e238   136 FUNC    GLOBAL DEFAULT    1 DroneAnim_OnStartAnim(Drone_tag *)
  3353: 0013b750   656 FUNC    GLOBAL DEFAULT    1 DroneAnim_EventFunc(obj_tag *, sAnimObject_tag *, sAnimScript_tag *, unsigned short)
  3354: 0013e3e8    12 FUNC    GLOBAL DEFAULT    1 DroneAnim_AnimEndCallback(obj_tag *, sAnimObject_tag *, sAnimScript_tag *)
  3355: 0013b490   704 FUNC    GLOBAL DEFAULT    1 DroneAnim_PreTransCallback(obj_tag *, sAnimObject_tag *, _VECTOR *)
  3356: 002706d8    12 OBJECT  GLOBAL DEFAULT    4 CCModeCrouchLeanL
  3357: 002706e8    12 OBJECT  GLOBAL DEFAULT    4 CCModeCrouchLeanR
  3358: 002706f8    12 OBJECT  GLOBAL DEFAULT    4 CCModeCrouchStepL
  3359: 00270708    12 OBJECT  GLOBAL DEFAULT    4 CCModeCrouchStepR
  3360: 00270718    12 OBJECT  GLOBAL DEFAULT    4 CCModeStandLeanL
  3361: 00270728    12 OBJECT  GLOBAL DEFAULT    4 CCModeStandLeanR
  3362: 00270738    12 OBJECT  GLOBAL DEFAULT    4 CCModeStandStepL
  3363: 00270748    12 OBJECT  GLOBAL DEFAULT    4 CCModeStandStepR
  3364: 00270758    12 OBJECT  GLOBAL DEFAULT    4 CCModeAsLowCover
  3365: 00270768    40 OBJECT  GLOBAL DEFAULT    4 CCModes
  3366: 00270790    12 OBJECT  GLOBAL DEFAULT    4 LCModeCrouch
  3367: 0030caa8     4 OBJECT  GLOBAL DEFAULT   13 LCModes
  3368: 0013b9e0   344 FUNC    GLOBAL DEFAULT    1 DroneAnim_CanCrouchLean(DCVars_tag *, CoverNode_tag *)
  3369: 0013bb38   296 FUNC    GLOBAL DEFAULT    1 DroneAnim_CanCrouchStepOut(DCVars_tag *, CoverNode_tag *)
  3370: 0013bc60   388 FUNC    GLOBAL DEFAULT    1 DroneAnim_CanStandLean(DCVars_tag *, CoverNode_tag *)
  3371: 0013bde8   344 FUNC    GLOBAL DEFAULT    1 DroneAnim_CanStandStepOut(DCVars_tag *, CoverNode_tag *)
  3372: 0013c078  1796 FUNC    GLOBAL DEFAULT    1 DroneAnim_CoverAnim(DCVars_tag *, unsigned char, short)
  3373: 0013c780   308 FUNC    GLOBAL DEFAULT    1 DroneAnim_LocationDeathAnim(DCVars_tag *, short)
  3374: 0013c8b8   432 FUNC    GLOBAL DEFAULT    1 DroneAnim_LocationImpactAnim(DCVars_tag *)
  3375: 0013ca68   520 FUNC    GLOBAL DEFAULT    1 DroneAnim_SetStandIdleAnim(DCVars_tag *, signed char)
  3376: 0013cc70   392 FUNC    GLOBAL DEFAULT    1 DroneAnim_SetWalkIdleAnim(DCVars_tag *, signed char)
  3377: 0013ce00   428 FUNC    GLOBAL DEFAULT    1 DroneAnim_GetMoveQuad(float, unsigned short)
  3378: 0013cfb0  2708 FUNC    GLOBAL DEFAULT    1 DroneAnim_SetCombatMoveAnim(DCVars_tag *, float)
  3379: 0013da48   160 FUNC    GLOBAL DEFAULT    1 DroneAnim_PlayFiringAnim(DCVars_tag *)
  3380: 0013dd00   120 FUNC    GLOBAL DEFAULT    1 DroneAnim_SetEndAIState(Drone_tag *, short, unsigned int)
  3381: 0013dd78    88 FUNC    GLOBAL DEFAULT    1 DroneAnim_SetDAnimNow(unsigned short, unsigned short, signed char, DCVars_tag *)
  3382: 0013ddd0   108 FUNC    GLOBAL DEFAULT    1 DroneAnim_SetAnimD(unsigned short, unsigned short, Drone_tag *)
  3383: 0013e2c0   184 FUNC    GLOBAL DEFAULT    1 DroneAnim_OnEndAnim(Drone_tag *, unsigned int, unsigned char)
  3384: 0013e088   268 FUNC    GLOBAL DEFAULT    1 DroneAnim_SetScript(unsigned int, unsigned short, unsigned short, unsigned char, short, unsigned int, unsigned int, DCVars_tag *)
  3385: 0013e378    52 FUNC    GLOBAL DEFAULT    1 DroneAnim_CurrentMoveState(Drone_tag *)
  3386: 0013e3b0    52 FUNC    GLOBAL DEFAULT    1 DroneAnim_InTransition(Drone_tag *)
  3387: 0013e3f8    88 FUNC    GLOBAL DEFAULT    1 DroneAnim_ForceCrouchCover(DCVars_tag *, CoverNode_tag *)
  3388: 0013e450    56 FUNC    GLOBAL DEFAULT    1 DroneAnim_CanUseCornerAsLowCover(DCVars_tag *, CoverNode_tag *)
  3389: 00178768    92 FUNC    GLOBAL DEFAULT    1 NDrone2_ObjectIsArmed(obj_tag *)
  3390: 00272c68  1428 OBJECT  GLOBAL DEFAULT    4 DroneAnimStates
  3391: 00275ae0 47088 OBJECT  GLOBAL DEFAULT    4 Drone_AnimTables
  3392: 00273200 10464 OBJECT  GLOBAL DEFAULT    4 Drone_AnimInfo
  3393: 0013e4d8    64 FUNC    GLOBAL DEFAULT    1 DroneData_GetAnimFuncInfo(unsigned short)
  3394: 0013e520    64 FUNC    GLOBAL DEFAULT    1 DroneData_GetDAStateFuncInfo(unsigned short)
  3395: 001c17c0   364 FUNC    GLOBAL DEFAULT    1 AnimScriptAppendBlend(obj_tag *, unsigned int)
  3396: 001c7200     8 FUNC    GLOBAL DEFAULT    1 AnimScriptCallOnStop(sAnimScript_tag *, void (*)(obj_tag *, sAnimObject_tag *, sAnimScript_tag *))
  3397: 001c71f8     8 FUNC    GLOBAL DEFAULT    1 AnimScriptCallOnEvent(sAnimScript_tag *, void (*)(obj_tag *, sAnimObject_tag *, sAnimScript_tag *, unsigned short))
  3398: 001c7208    64 FUNC    GLOBAL DEFAULT    1 AnimScriptSetAnimRotation(sAnimScript_tag *, signed char)
  3399: 001e3218   104 FUNC    GLOBAL DEFAULT    1 Vec_DirToRot(_VECTOR const *, _VECTOR *)
  3400: 001c6d40   224 FUNC    GLOBAL DEFAULT    1 AnimScriptAdd(obj_tag *, unsigned int)
  3401: 001e4ee0    40 FUNC    GLOBAL DEFAULT    1 Vec_MulR32(_VECTOR *, _VECTOR const *, float, float, float)
  3402: 001e3578   112 FUNC    GLOBAL DEFAULT    1 Mat_Inverse(MATRIX const *, MATRIX *)
  3403: 001e48c8   148 FUNC    GLOBAL DEFAULT    1 ApplyMatrixLV(MATRIX const *, _VECTOR const *, _VECTOR *)
  3404: 00179558   488 FUNC    GLOBAL DEFAULT    1 DroneWeap_ThrowGrenade(DCVars_tag *)
  3405: 001c7848   184 FUNC    GLOBAL DEFAULT    1 AnimDatumSetEntity(obj_tag *, int, unsigned int, unsigned int)
  3406: 0017a848    28 FUNC    GLOBAL DEFAULT    1 DroneWeap_PlaceTertiary(DCVars_tag *)
  3407: 001789c0   288 FUNC    GLOBAL DEFAULT    1 DroneWeap_CloseCombatImpact(DCVars_tag *, int)
  3408: 001c7d98    76 FUNC    GLOBAL DEFAULT    1 behaviour_util_getProperty(int, unsigned int *)
  3409: 0013eff8   468 FUNC    GLOBAL DEFAULT    1 NDrone2_DeathTalk(DCVars_tag *)
  3410: 00155e90    12 FUNC    GLOBAL DEFAULT    1 DroneMove_DistanceToNextRouteNode(DCVars_tag *)
  3411: 00154568   176 FUNC    GLOBAL DEFAULT    1 DroneMove_NextRouteAngle(DCVars_tag *)
  3412: 00178f68  1520 FUNC    GLOBAL DEFAULT    1 DroneWeap_FireWeapon(DCVars_tag *)
  3413: 0030cab0     4 OBJECT  GLOBAL DEFAULT   13 DroneDamage_Easy
  3414: 0030cab4     4 OBJECT  GLOBAL DEFAULT   13 DroneDamage_Normal
  3415: 0030cab8     4 OBJECT  GLOBAL DEFAULT   13 DroneDamage_Hard
  3416: 0030cabc     4 OBJECT  GLOBAL DEFAULT   13 DroneDamage_Head
  3417: 0030cac0     4 OBJECT  GLOBAL DEFAULT   13 DroneDamage_Legs
  3418: 0030cac4     4 OBJECT  GLOBAL DEFAULT   13 DroneDamage_Arms
  3419: 0030cac8     4 OBJECT  GLOBAL DEFAULT   13 DroneDamage_Torso
  3420: 0030cacc     4 OBJECT  GLOBAL DEFAULT   13 DroneArmour_Helmet
  3421: 0030cad0     4 OBJECT  GLOBAL DEFAULT   13 DroneArmour_Combat
  3422: 0030cad4     4 OBJECT  GLOBAL DEFAULT   13 DroneArmour_Jacket
  3423: 0030cad8     4 OBJECT  GLOBAL DEFAULT   13 DroneArmour_Vest
  3424: 0030cadc     4 OBJECT  GLOBAL DEFAULT   13 DroneFiring_BurstDelay_Min
  3425: 0030cae0     4 OBJECT  GLOBAL DEFAULT   13 DroneFiring_BurstDelay_Normal
  3426: 0030cae4     4 OBJECT  GLOBAL DEFAULT   13 DroneFiring_BurstDelay_Max
  3427: 0030cae8     4 OBJECT  GLOBAL DEFAULT   13 DroneFiring_BurstDelay_MinDist
  3428: 0030caec     4 OBJECT  GLOBAL DEFAULT   13 DroneFiring_BurstDelay_MaxDist
  3429: 0030caf0     4 OBJECT  GLOBAL DEFAULT   13 DroneFiring_Accuracy_Easy
  3430: 0030caf4     4 OBJECT  GLOBAL DEFAULT   13 DroneFiring_Accuracy_Normal
  3431: 0030caf8     4 OBJECT  GLOBAL DEFAULT   13 DroneFiring_Accuracy_Hard
  3432: 0030cafc     4 OBJECT  GLOBAL DEFAULT   13 DroneFiring_NewSighting_TimeToHit
  3433: 0030cb00     4 OBJECT  GLOBAL DEFAULT   13 DroneFiring_TargetFirstMoved_TimeToHit
  3434: 0030cb04     4 OBJECT  GLOBAL DEFAULT   13 DroneFiring_TargetFirstMoved_Accuracy
  3435: 0030cb08     4 OBJECT  GLOBAL DEFAULT   13 DroneFiring_TargetMoving_Accuracy
  3436: 0030cb0c     4 OBJECT  GLOBAL DEFAULT   13 DroneFiring_TargetFirstStopped_TimeToHit
  3437: 0030cb10     4 OBJECT  GLOBAL DEFAULT   13 DroneFiring_TargetFirstStopped_Accuracy
  3438: 0030cb18     4 OBJECT  GLOBAL DEFAULT   13 DroneFiring_TooClose_Accuracy
  3439: 0030cb24     4 OBJECT  GLOBAL DEFAULT   13 DroneCaptain_Mod_BulletDamage
  3440: 0030cb28     4 OBJECT  GLOBAL DEFAULT   13 DroneCaptain_Mod_BulletAccuracy
  3441: 0030cb2c     4 OBJECT  GLOBAL DEFAULT   13 DroneCaptain_Mod_Health
  3442: 002707c8    17 OBJECT  GLOBAL DEFAULT    4 Drone_armour_values
  3443: 002707e0    16 OBJECT  GLOBAL DEFAULT    4 DroneData_AnimFunc
  3444: 0013e488    76 FUNC    GLOBAL DEFAULT    1 DAnimFunc_Run(Drone_tag *, unsigned short)
  3445: 002707f0    16 OBJECT  GLOBAL DEFAULT    4 DroneData_DAStateFunc
  3446: 0013e518     8 FUNC    GLOBAL DEFAULT    1 DAStateFunc_AimStand(Drone_tag *, unsigned short)
  3447: 00270800   720 OBJECT  GLOBAL DEFAULT    4 DASC_AAA_Undefined
  3448: 00270ad0    12 OBJECT  GLOBAL DEFAULT    4 DASC_Dead
  3449: 00270ae0    42 OBJECT  GLOBAL DEFAULT    4 DASC_AbseilHang
  3450: 00270b10    48 OBJECT  GLOBAL DEFAULT    4 DASC_AbseilSlide
  3451: 00270b40   144 OBJECT  GLOBAL DEFAULT    4 DASC_AimCrouch
  3452: 00270bd0   114 OBJECT  GLOBAL DEFAULT    4 DASC_AimCrouchSweep
  3453: 00270c48    42 OBJECT  GLOBAL DEFAULT    4 DASC_AimKneel
  3454: 00270c78    90 OBJECT  GLOBAL DEFAULT    4 DASC_AimBackoff
  3455: 00270cd8    72 OBJECT  GLOBAL DEFAULT    4 DASC_AimRun
  3456: 00270d20    66 OBJECT  GLOBAL DEFAULT    4 DASC_AimSpecial
  3457: 00270d68   270 OBJECT  GLOBAL DEFAULT    4 DASC_AimStand
  3458: 00270e78    12 OBJECT  GLOBAL DEFAULT    4 DASC_AimStandLook
  3459: 00270e88    96 OBJECT  GLOBAL DEFAULT    4 DASC_AimStrafeLeft
  3460: 00270ee8    96 OBJECT  GLOBAL DEFAULT    4 DASC_AimStrafeRight
  3461: 00270f48    96 OBJECT  GLOBAL DEFAULT    4 DASC_AimSweep
  3462: 00270fa8    96 OBJECT  GLOBAL DEFAULT    4 DASC_AimWalk
  3463: 00271008    90 OBJECT  GLOBAL DEFAULT    4 DASC_CCrouch
  3464: 00271068    66 OBJECT  GLOBAL DEFAULT    4 DASC_CCrouchLeanLeft
  3465: 002710b0    66 OBJECT  GLOBAL DEFAULT    4 DASC_CCrouchLeanRight
  3466: 002710f8    60 OBJECT  GLOBAL DEFAULT    4 DASC_CCrouchStepLeft
  3467: 00271138    60 OBJECT  GLOBAL DEFAULT    4 DASC_CCrouchStepRight
  3468: 00271178    66 OBJECT  GLOBAL DEFAULT    4 DASC_CStandLeanLeft
  3469: 002711c0    66 OBJECT  GLOBAL DEFAULT    4 DASC_CStandLeanRight
  3470: 00271208    72 OBJECT  GLOBAL DEFAULT    4 DASC_Crouch
  3471: 00271250    78 OBJECT  GLOBAL DEFAULT    4 DASC_CrouchCover
  3472: 002712a0    60 OBJECT  GLOBAL DEFAULT    4 DASC_CrouchCoverLook
  3473: 002712e0    96 OBJECT  GLOBAL DEFAULT    4 DASC_CStand
  3474: 00271340    66 OBJECT  GLOBAL DEFAULT    4 DASC_CStandStepLeft
  3475: 00271388    66 OBJECT  GLOBAL DEFAULT    4 DASC_CStandStepRight
  3476: 002713d0    42 OBJECT  GLOBAL DEFAULT    4 DASC_Prone
  3477: 00271400    66 OBJECT  GLOBAL DEFAULT    4 DASC_Run
  3478: 00271448    60 OBJECT  GLOBAL DEFAULT    4 DASC_RunFast
  3479: 00271488    60 OBJECT  GLOBAL DEFAULT    4 DASC_Smoked
  3480: 002714c8   108 OBJECT  GLOBAL DEFAULT    4 DASC_StandAlert
  3481: 00271538    60 OBJECT  GLOBAL DEFAULT    4 DASC_StandAlertLook
  3482: 00271578   186 OBJECT  GLOBAL DEFAULT    4 DASC_StandIdle1
  3483: 00271638    60 OBJECT  GLOBAL DEFAULT    4 DASC_StandIdleLook
  3484: 00271678    66 OBJECT  GLOBAL DEFAULT    4 DASC_StandFiddle
  3485: 002716c0   102 OBJECT  GLOBAL DEFAULT    4 DASC_StandIdle2
  3486: 00271728    96 OBJECT  GLOBAL DEFAULT    4 DASC_StandIdle3
  3487: 00271788    84 OBJECT  GLOBAL DEFAULT    4 DASC_StandIdle4
  3488: 002717e0    96 OBJECT  GLOBAL DEFAULT    4 DASC_StrafeDodgeLeft
  3489: 00271840    96 OBJECT  GLOBAL DEFAULT    4 DASC_StrafeDodgeRight
  3490: 002718a0    66 OBJECT  GLOBAL DEFAULT    4 DASC_StunDart1
  3491: 002718e8    66 OBJECT  GLOBAL DEFAULT    4 DASC_StunDart2
  3492: 00271930    66 OBJECT  GLOBAL DEFAULT    4 DASC_StunGrenade1
  3493: 00271978    66 OBJECT  GLOBAL DEFAULT    4 DASC_StunGrenade2
  3494: 002719c0    66 OBJECT  GLOBAL DEFAULT    4 DASC_Stunned1
  3495: 00271a08    66 OBJECT  GLOBAL DEFAULT    4 DASC_Stunned2
  3496: 00271a50    60 OBJECT  GLOBAL DEFAULT    4 DASC_Taser1
  3497: 00271a90    60 OBJECT  GLOBAL DEFAULT    4 DASC_Taser2
  3498: 00271ad0    78 OBJECT  GLOBAL DEFAULT    4 DASC_Surrendered
  3499: 00271b20    60 OBJECT  GLOBAL DEFAULT    4 DASC_Walk
  3500: 00271b60   102 OBJECT  GLOBAL DEFAULT    4 DASC_WalkAlert
  3501: 00271bc8    54 OBJECT  GLOBAL DEFAULT    4 DASC_WalkAlertLook
  3502: 00271c00    72 OBJECT  GLOBAL DEFAULT    4 DASC_WalkIdle1
  3503: 00271c48    66 OBJECT  GLOBAL DEFAULT    4 DASC_WalkIdle2
  3504: 00271c90    78 OBJECT  GLOBAL DEFAULT    4 DASC_WalkIdle3
  3505: 00271ce0    78 OBJECT  GLOBAL DEFAULT    4 DASC_WalkIdleLook
  3506: 00271d30    90 OBJECT  GLOBAL DEFAULT    4 DASC_WalkLimp
  3507: 00271d90    54 OBJECT  GLOBAL DEFAULT    4 DASC_AlarmActivate
  3508: 00271dc8    96 OBJECT  GLOBAL DEFAULT    4 DASC_AltAttack1
  3509: 00271e28    90 OBJECT  GLOBAL DEFAULT    4 DASC_Challenge
  3510: 00271e88    12 OBJECT  GLOBAL DEFAULT    4 DASC_CCrouchLook
  3511: 00271e98    12 OBJECT  GLOBAL DEFAULT    4 DASC_Death
  3512: 00271ea8    12 OBJECT  GLOBAL DEFAULT    4 DASC_DeathFall
  3513: 00271eb8    12 OBJECT  GLOBAL DEFAULT    4 DASC_DeathHead
  3514: 00271ec8    12 OBJECT  GLOBAL DEFAULT    4 DASC_DeathDir
  3515: 00271ed8    12 OBJECT  GLOBAL DEFAULT    4 DASC_DeathExplosive
  3516: 00271ee8    60 OBJECT  GLOBAL DEFAULT    4 DASC_Discard
  3517: 00271f28    66 OBJECT  GLOBAL DEFAULT    4 DASC_Draw
  3518: 00271f70    42 OBJECT  GLOBAL DEFAULT    4 DASC_Explosive
  3519: 00271fa0    60 OBJECT  GLOBAL DEFAULT    4 DASC_FireReaction
  3520: 00271fe0    60 OBJECT  GLOBAL DEFAULT    4 DASC_Grenade
  3521: 00272020    96 OBJECT  GLOBAL DEFAULT    4 DASC_GunJam
  3522: 00272080   102 OBJECT  GLOBAL DEFAULT    4 DASC_IdleAnim
  3523: 002720e8    60 OBJECT  GLOBAL DEFAULT    4 DASC_Impact
  3524: 00272128    60 OBJECT  GLOBAL DEFAULT    4 DASC_ImpactDir
  3525: 00272168    60 OBJECT  GLOBAL DEFAULT    4 DASC_Shield
  3526: 002721a8    60 OBJECT  GLOBAL DEFAULT    4 DASC_Kick
  3527: 002721e8    96 OBJECT  GLOBAL DEFAULT    4 DASC_KickAttack
  3528: 00272248    12 OBJECT  GLOBAL DEFAULT    4 DASC_KnockOut
  3529: 00272258    42 OBJECT  GLOBAL DEFAULT    4 DASC_Punched
  3530: 00272288    96 OBJECT  GLOBAL DEFAULT    4 DASC_Reload
  3531: 002722e8    60 OBJECT  GLOBAL DEFAULT    4 DASC_RollLeft
  3532: 00272328    60 OBJECT  GLOBAL DEFAULT    4 DASC_RollRight
  3533: 00272368    60 OBJECT  GLOBAL DEFAULT    4 DASC_RollLeft2Cover
  3534: 002723a8    60 OBJECT  GLOBAL DEFAULT    4 DASC_RollRight2Cover
  3535: 002723e8    96 OBJECT  GLOBAL DEFAULT    4 DASC_Shoot
  3536: 00272448    42 OBJECT  GLOBAL DEFAULT    4 DASC_SteamReaction
  3537: 00272478    96 OBJECT  GLOBAL DEFAULT    4 DASC_StepLeft
  3538: 002724d8    96 OBJECT  GLOBAL DEFAULT    4 DASC_StepRight
  3539: 00272538    66 OBJECT  GLOBAL DEFAULT    4 DASC_Surrender
  3540: 00272580    96 OBJECT  GLOBAL DEFAULT    4 DASC_TurnLeft
  3541: 002725e0    96 OBJECT  GLOBAL DEFAULT    4 DASC_TurnRight
  3542: 00272640    84 OBJECT  GLOBAL DEFAULT    4 DASC_Wave
  3543: 00272698    60 OBJECT  GLOBAL DEFAULT    4 DASC_180Alert
  3544: 002726d8    60 OBJECT  GLOBAL DEFAULT    4 DASC_180Aim
  3545: 00272718    60 OBJECT  GLOBAL DEFAULT    4 DASC_180Run
  3546: 00272758    96 OBJECT  GLOBAL DEFAULT    4 DASC_90AimLeft
  3547: 002727b8    96 OBJECT  GLOBAL DEFAULT    4 DASC_90AimRight
  3548: 00272818    66 OBJECT  GLOBAL DEFAULT    4 DASC_zNinjaAimStand
  3549: 00272860    66 OBJECT  GLOBAL DEFAULT    4 DASC_zNinjaBackflip
  3550: 002728a8    66 OBJECT  GLOBAL DEFAULT    4 DASC_zNinjaRun
  3551: 002728f0    72 OBJECT  GLOBAL DEFAULT    4 DASC_zNinjaFlipLeft
  3552: 00272938    72 OBJECT  GLOBAL DEFAULT    4 DASC_zNinjaFlipRight
  3553: 00272980    72 OBJECT  GLOBAL DEFAULT    4 DASC_zNinjaSomersault
  3554: 002729c8    78 OBJECT  GLOBAL DEFAULT    4 DASC_zNinjaStand
  3555: 00272a18    66 OBJECT  GLOBAL DEFAULT    4 DASC_zNinjaStealthRun
  3556: 00272a60    72 OBJECT  GLOBAL DEFAULT    4 DASC_zNinjaSwordAttack
  3557: 00272aa8    66 OBJECT  GLOBAL DEFAULT    4 DASC_zNinjaWalk
  3558: 00272af0    12 OBJECT  GLOBAL DEFAULT    4 DASC_Astro_Death1
  3559: 00272b00    42 OBJECT  GLOBAL DEFAULT    4 DASC_Astro_Hover
  3560: 00272b30    42 OBJECT  GLOBAL DEFAULT    4 DASC_Astro_MoveBack
  3561: 00272b60    42 OBJECT  GLOBAL DEFAULT    4 DASC_Astro_MoveForward
  3562: 00272b90    42 OBJECT  GLOBAL DEFAULT    4 DASC_Astro_MoveLeft
  3563: 00272bc0    42 OBJECT  GLOBAL DEFAULT    4 DASC_Astro_MoveRight
  3564: 00272bf0    54 OBJECT  GLOBAL DEFAULT    4 DASC_Look
  3565: 00272c28    60 OBJECT  GLOBAL DEFAULT    4 DASC_Stand
  3566: 002812d0 11072 OBJECT  GLOBAL DEFAULT    4 Drone_SfxInfo
  3567: 0013e560   256 FUNC    GLOBAL DEFAULT    1 DroneFunc_SetMissionFailReason(Drone_tag *, unsigned int)
  3568: 0029ab20   144 OBJECT  GLOBAL DEFAULT    4 PowerSfx
  3569: 0013e770   532 FUNC    GLOBAL DEFAULT    1 NDrone2_PowerstationTalk(DCVars_tag *)
  3570: 0013e988   312 FUNC    GLOBAL DEFAULT    1 NDrone2_PatrolTalk(DCVars_tag *)
  3571: 0013eac0   628 FUNC    GLOBAL DEFAULT    1 NDrone2_AttackTalk(DCVars_tag *)
  3572: 0014a008    76 FUNC    GLOBAL DEFAULT    1 DroneFunc_TargetSeen(Drone_tag *, _VECTOR *)
  3573: 0013ed38   384 FUNC    GLOBAL DEFAULT    1 NDrone2_HitTalkExtra(DCVars_tag *)
  3574: 0013eeb8   316 FUNC    GLOBAL DEFAULT    1 NDrone2_PainTalk(DCVars_tag *)
  3575: 0013f1d0   592 FUNC    GLOBAL DEFAULT    1 NDrone2_SeenPlayerTalk(DCVars_tag *)
  3576: 0013f420   304 FUNC    GLOBAL DEFAULT    1 DroneFunc_NewSightTalk(DCVars_tag *)
  3577: 0013f550   312 FUNC    GLOBAL DEFAULT    1 DroneFunc_LostSightTalk(DCVars_tag *)
  3578: 0013f900   288 FUNC    GLOBAL DEFAULT    1 NDrone2_CivilianScaredTalk(DCVars_tag *)
  3579: 0013fa20   376 FUNC    GLOBAL DEFAULT    1 DroneFunc_InjuredTalk(DCVars_tag *)
  3580: 0013fb98   364 FUNC    GLOBAL DEFAULT    1 DroneFunc_UnderCoverAimTalk(DCVars_tag *)
  3581: 0013fd08   376 FUNC    GLOBAL DEFAULT    1 DroneFunc_RunForCoverTalk(DCVars_tag *)
  3582: 0013fe80   364 FUNC    GLOBAL DEFAULT    1 DroneFunc_UnderCoverTalk(DCVars_tag *)
  3583: 00140660   776 FUNC    GLOBAL DEFAULT    1 Drone_FeetOnPoint(obj_tag *, HITTEST_tag *, float *, signed char, float *)
  3584: 00149ec8   188 FUNC    GLOBAL DEFAULT    1 NDrone2_DoCollision(DCVars_tag *)
  3585: 00141e58   204 FUNC    GLOBAL DEFAULT    1 NDrone2_DoGravity(DCVars_tag *)
  3586: 00140e90   700 FUNC    GLOBAL DEFAULT    1 NDrone2_Collision(obj_tag *)
  3587: 00141150   392 FUNC    GLOBAL DEFAULT    1 NDrone2_GetHeadPosOld(obj_tag *, _VECTOR *, float *)
  3588: 001412e0   124 FUNC    GLOBAL DEFAULT    1 NDrone2_AddToGroup(Drone_tag *, unsigned int)
  3589: 00141360   888 FUNC    GLOBAL DEFAULT    1 NDrone2_SetDronePartner(unsigned short, DCVars_tag *)
  3590: 001416d8   368 FUNC    GLOBAL DEFAULT    1 NDrone2_DoorGuardHandler(DCVars_tag *)
  3591: 0014b190    88 FUNC    GLOBAL DEFAULT    1 DroneFunc_NearPlayerCollision(Drone_tag *)
  3592: 00141f28   188 FUNC    GLOBAL DEFAULT    1 DroneFunc_AllocateTargetID(Drone_tag *, obj_tag *)
  3593: 00141fe8   744 FUNC    GLOBAL DEFAULT    1 NDrone2_SetOpponentAimPos(Drone_tag *)
  3594: 001424e0  3296 FUNC    GLOBAL DEFAULT    1 NDrone2_FindOpponent(Drone_tag *)
  3595: 001431c0  1068 FUNC    GLOBAL DEFAULT    1 DroneFunc_ConsiderExplosive(DCVars_tag *, obj_tag *, short)
  3596: 001435f0   428 FUNC    GLOBAL DEFAULT    1 DroneFunc_HandleExplosives(DCVars_tag *)
  3597: 001437a0  1736 FUNC    GLOBAL DEFAULT    1 NDrone2_ReactToDroneAlertMsg(DCVars_tag *, MsgObject *, short)
  3598: 00143e68   452 FUNC    GLOBAL DEFAULT    1 NDrone2_DroneNearPos(_VECTOR *, float, obj_tag *)
  3599: 00144030   396 FUNC    GLOBAL DEFAULT    1 NDrone2_SetupHostageKiller(DCVars_tag *)
  3600: 001441c0   380 FUNC    GLOBAL DEFAULT    1 DroneFunc_HostageSaved(DCVars_tag *)
  3601: 00144340   324 FUNC    GLOBAL DEFAULT    1 NDrone2_MonitorTalkToMissionObj(DCVars_tag *)
  3602: 00144488   548 FUNC    GLOBAL DEFAULT    1 DroneFunc_DoBondTalk(DCVars_tag *, unsigned int, unsigned int, unsigned int, signed char)
  3603: 0014ada0   308 FUNC    GLOBAL DEFAULT    1 NDrone2_HeadTrackObj(obj_tag *, unsigned int, float, DCVars_tag *)
  3604: 001446b0  2720 FUNC    GLOBAL DEFAULT    1 NDrone2_BondTalk(DCVars_tag *)
  3605: 00145150   596 FUNC    GLOBAL DEFAULT    1 NDrone2_SeenAndAttacking(DCVars_tag *)
  3606: 0029abb0   400 OBJECT  GLOBAL DEFAULT    4 pNPCPassed
  3607: 00145558   904 FUNC    GLOBAL DEFAULT    1 NDrone2_HitDamage(DCVars_tag *, float, int, int, signed char)
  3608: 001458e0   748 FUNC    GLOBAL DEFAULT    1 NDrone2_DoHitEffects(DCVars_tag *, HITDATA_tag *, float)
  3609: 00145bd0   600 FUNC    GLOBAL DEFAULT    1 DroneFunc_OnInitDeath(DCVars_tag *)
  3610: 0014b158    52 FUNC    GLOBAL DEFAULT    1 DroneFunc_DropGrenade(DCVars_tag *, unsigned short, unsigned short)
  3611: 00145e28   256 FUNC    GLOBAL DEFAULT    1 DroneFunc_SendHurtMessage(DCVars_tag *)
  3612: 00145f28   668 FUNC    GLOBAL DEFAULT    1 NDrone2_PunchImpact(DCVars_tag *, HITDATA_tag *, unsigned int, signed char)
  3613: 001461c8   692 FUNC    GLOBAL DEFAULT    1 NDrone2_BulletImpact(DCVars_tag *, HITDATA_tag *, unsigned int, signed char)
  3614: 00146480  1332 FUNC    GLOBAL DEFAULT    1 NDrone2_ExplosiveImpact(DCVars_tag *, DroneImpact_tag *, unsigned int, signed char)
  3615: 001469b8  1996 FUNC    GLOBAL DEFAULT    1 DroneFunc_HandleImpact(DCVars_tag *, MsgObject *, unsigned int, signed char)
  3616: 00147188   316 FUNC    GLOBAL DEFAULT    1 DroneFunc_RecoverTime(DCVars_tag *, HITDATA_tag *)
  3617: 001472c8   688 FUNC    GLOBAL DEFAULT    1 NDrone2_DoHeadTracking(signed char, obj_tag *, DCVars_tag *)
  3618: 00147578   924 FUNC    GLOBAL DEFAULT    1 NDrone2_DoHeadTrackingBehaviour(DCVars_tag *)
  3619: 00147918   192 FUNC    GLOBAL DEFAULT    1 NDrone2_AimTest(DCVars_tag *)
  3620: 001479d8   624 FUNC    GLOBAL DEFAULT    1 NDrone2_DoTracking(signed char, DCVars_tag *)
  3621: 00148010   804 FUNC    GLOBAL DEFAULT    1 DroneFunc_FirstAttack(DCVars_tag *)
  3622: 0014a538   172 FUNC    GLOBAL DEFAULT    1 NDrone2_DroneAlertToObject(DCVars_tag *, unsigned int, obj_tag *, float, float, float)
  3623: 0014af80   108 FUNC    GLOBAL DEFAULT    1 DroneFunc_AttackNoWeapon(DCVars_tag *)
  3624: 00148338  1784 FUNC    GLOBAL DEFAULT    1 DroneFunc_CombatState(DCVars_tag *)
  3625: 00148c60   332 FUNC    GLOBAL DEFAULT    1 DroneFunc_DoForcedAttack(DCVars_tag *)
  3626: 00149600   360 FUNC    GLOBAL DEFAULT    1 NDrone2_CreateNinjaEyes(obj_tag *)
  3627: 0014aaa0    60 FUNC    GLOBAL DEFAULT    1 NDrone2_DoorIsOpen(DCVars_tag *)
  3628: 0014aa38   104 FUNC    GLOBAL DEFAULT    1 NDrone2_OpenDoor(DCVars_tag *)
  3629: 00149798    72 FUNC    GLOBAL DEFAULT    1 Drone_IsTalking(Drone_tag *)
  3630: 00149818   264 FUNC    GLOBAL DEFAULT    1 Drone_MayhewTalk(unsigned int)
  3631: 00149920   176 FUNC    GLOBAL DEFAULT    1 DroneFunc_HeardNoiseTalk(DCVars_tag *)
  3632: 001499d0   164 FUNC    GLOBAL DEFAULT    1 DroneFunc_ClampPosToCollisionCylinder(obj_tag *, _VECTOR *)
  3633: 00149a80    36 FUNC    GLOBAL DEFAULT    1 NDrone2_FindCel(_VECTOR *)
  3634: 00149aa8   224 FUNC    GLOBAL DEFAULT    1 NDrone2_GetHeadPos(obj_tag *, _VECTOR *, float *)
  3635: 00149bd0   196 FUNC    GLOBAL DEFAULT    1 DroneFunc_GetBonePos(obj_tag *, unsigned int, _VECTOR *)
  3636: 00149d58   116 FUNC    GLOBAL DEFAULT    1 NDrone2_SpeechSFXd(Drone_tag *, unsigned int, signed char, signed char, signed char)
  3637: 0014a060   264 FUNC    GLOBAL DEFAULT    1 NDrone2_CheckSurrender(DCVars_tag *)
  3638: 0014a168   172 FUNC    GLOBAL DEFAULT    1 NDrone2_CheckUnsurrender(DCVars_tag *)
  3639: 0014a218   128 FUNC    GLOBAL DEFAULT    1 NDrone2_FadeOut(DCVars_tag *)
  3640: 0014a298    84 FUNC    GLOBAL DEFAULT    1 DroneFunc_DeadDrone(DCVars_tag *)
  3641: 0014a2f0   196 FUNC    GLOBAL DEFAULT    1 NDrone2_SetAsDead(DCVars_tag *)
  3642: 0014a3b8    88 FUNC    GLOBAL DEFAULT    1 NDrone2_SetIdleTimeOut(DCVars_tag *, unsigned int, unsigned int)
  3643: 0014a410   136 FUNC    GLOBAL DEFAULT    1 NDrone2_SendAttackMessage(DCVars_tag *)
  3644: 0014a498   160 FUNC    GLOBAL DEFAULT    1 NDrone2_DroneAlertToPosition(obj_tag *, unsigned int, _VECTOR *, cel_tag *, float, float, float)
  3645: 0014a5e8     8 FUNC    GLOBAL DEFAULT    1 DroneFunc_Using2ndBehaviour(Drone_tag *)
  3646: 0014a5f0    40 FUNC    GLOBAL DEFAULT    1 DroneFunc_Set1stBehaviour(Drone_tag *)
  3647: 0014a618    44 FUNC    GLOBAL DEFAULT    1 DroneFunc_Set2ndBehaviour(Drone_tag *)
  3648: 0014a648   160 FUNC    GLOBAL DEFAULT    1 NDrone2_ChangeToAttackMode(Drone_tag *)
  3649: 0014a6e8    36 FUNC    GLOBAL DEFAULT    1 NDrone2_NearDrone(DCVars_tag *, float)
  3650: 0014a718   228 FUNC    GLOBAL DEFAULT    1 DroneFunc_AnyoneNear(DCVars_tag *, float)
  3651: 0014a800     8 FUNC    GLOBAL DEFAULT    1 NDrone2_DroneInSights(DCVars_tag *)
  3652: 0014a808   176 FUNC    GLOBAL DEFAULT    1 NDrone2_SetupHostageExecute(DCVars_tag *)
  3653: 0014a8b8   124 FUNC    GLOBAL DEFAULT    1 NDrone2_TalkToMissionObj(DCVars_tag *)
  3654: 0014a940   192 FUNC    GLOBAL DEFAULT    1 NDrone2_FindElevatorDoor(DCVars_tag *)
  3655: 0014aa00    56 FUNC    GLOBAL DEFAULT    1 NDrone2_KickObject(DCVars_tag *)
  3656: 0014aae0    20 FUNC    GLOBAL DEFAULT    1 NDrone2_IsCivilian(DCVars_tag *)
  3657: 0014aaf8     8 FUNC    GLOBAL DEFAULT    1 NDrone2_HostageSituationActive(DCVars_tag *)
  3658: 0014ab00   156 FUNC    GLOBAL DEFAULT    1 NDrone2_LogDroneDeath(DCVars_tag *)
  3659: 0014aba8   180 FUNC    GLOBAL DEFAULT    1 NDrone2_ExplosionDir(DCVars_tag *, DroneImpact_tag *)
  3660: 0014ac60   240 FUNC    GLOBAL DEFAULT    1 DroneFunc_ReactionTime(Drone_tag *)
  3661: 0014ad50     8 FUNC    GLOBAL DEFAULT    1 NDrone2_ObstructedPatrolPath(DCVars_tag *)
  3662: 0014ad58    68 FUNC    GLOBAL DEFAULT    1 NDrone2_HasOpponent(DCVars_tag *)
  3663: 0014aed8   164 FUNC    GLOBAL DEFAULT    1 DroneFunc_SetAsAttacking(Drone_tag *)
  3664: 0014b058   156 FUNC    GLOBAL DEFAULT    1 NDrone2_ControlDTYPE_Zoe(DCVars_tag *)
  3665: 0014b0f8    48 FUNC    GLOBAL DEFAULT    1 NDrone2_ControlDTYPE_Ninja(DCVars_tag *)
  3666: 0014b128    28 FUNC    GLOBAL DEFAULT    1 NDrone2_ControlDTYPE_Astronaut(DCVars_tag *)
  3667: 00183098     8 FUNC    GLOBAL DEFAULT    1 Mission_SetFailLabel(unsigned int)
  3668: 001b0398   144 FUNC    GLOBAL DEFAULT    1 Switch_GetNearest(_VECTOR *)
  3669: 001b0430    24 FUNC    GLOBAL DEFAULT    1 Switch_GetSwitchChannel(obj_tag *)
  3670: 0017c118   148 FUNC    GLOBAL DEFAULT    1 Env_WaterRipple(HITDATA_tag *)
  3671: 001e4e90    40 FUNC    GLOBAL DEFAULT    1 Vec_MulR32(_VECTOR *, _VECTOR const *, float)
  3672: 0017ea18    56 FUNC    GLOBAL DEFAULT    1 Hurt_GetDamage(obj_tag *)
  3673: 0017ea50    48 FUNC    GLOBAL DEFAULT    1 Hurt_GetType(obj_tag *)
  3674: 001ede68   232 FUNC    GLOBAL DEFAULT    1 Coll_AddHitToList(HITDATA_tag **, float, cel_tag *, obj_tag *)
  3675: 001e4e68    40 FUNC    GLOBAL DEFAULT    1 Vec_Negate(_VECTOR const *, _VECTOR *)
  3676: 00157bd0   428 FUNC    GLOBAL DEFAULT    1 AINetwork_GetBoundsPushVectorForSphere(_VECTOR const *, cel_tag const *, float, _VECTOR *, unsigned int)
  3677: 001e4498   140 FUNC    GLOBAL DEFAULT    1 plane_from_two_vectors_and_point(plane_equ_tag *, _VECTOR const *, _VECTOR const *, _VECTOR const *)
  3678: 001c6ca8   152 FUNC    GLOBAL DEFAULT    1 AnimScriptPeekSfx(unsigned int)
  3679: 001c6490    68 FUNC    GLOBAL DEFAULT    1 AnimFacialAppend(obj_tag *, unsigned int)
  3680: 001e2d70    32 FUNC    GLOBAL DEFAULT    1 Vec_Swap(_VECTOR *, _VECTOR *)
  3681: 002a36f8    32 OBJECT  GLOBAL DEFAULT    4 Drone_View_Bones
  3682: 0018b6c0    92 FUNC    GLOBAL DEFAULT    1 MP_getObjectTeam(obj_tag *)
  3683: 001993e0    76 FUNC    GLOBAL DEFAULT    1 PlrStat_OkToUpdate(void)
  3684: 001781a8   252 FUNC    GLOBAL DEFAULT    1 DroneVision_ObjectVisibility(Drone_tag *, obj_tag *)
  3685: 001788a0   272 FUNC    GLOBAL DEFAULT    1 NDrone2_InShoutingRange(DCVars_tag *, obj_tag *)
  3686: 00199840   148 FUNC    GLOBAL DEFAULT    1 PlrStat_LogShotHitEnemy(unsigned int)
  3687: 0018b558    32 FUNC    GLOBAL DEFAULT    1 MP_IsTarget(obj_tag *)
  3688: 001857c0   460 FUNC    GLOBAL DEFAULT    1 MP_RegisterBulletHit(unsigned short, obj_tag *, float)
  3689: 001996a8   132 FUNC    GLOBAL DEFAULT    1 PlrStat_LogEnemyDispatched(unsigned int)
  3690: 00155d48    44 FUNC    GLOBAL DEFAULT    1 NDrone2_SetupAlertTarget(void)
  3691: 001c6850    40 FUNC    GLOBAL DEFAULT    1 AnimObjectIsHeadTracking(obj_tag *)
  3692: 001c6900    40 FUNC    GLOBAL DEFAULT    1 AnimObjectIsAiming(obj_tag *)
  3693: 001c6878   132 FUNC    GLOBAL DEFAULT    1 AnimObjectSetAiming(obj_tag const *, void const *, float, float, signed char, unsigned int)
  3694: 0017a4b8    72 FUNC    GLOBAL DEFAULT    1 DroneWeap_OpponentHasWeapon(DCVars_tag *)
  3695: 00154f60    56 FUNC    GLOBAL DEFAULT    1 NDrone2_BondIsFacingMe(DCVars_tag *, float)
  3696: 00150c18  1732 FUNC    GLOBAL DEFAULT    1 NDrone2_ChooseCombatMove(DCVars_tag *)
  3697: 0030ce30     4 OBJECT  GLOBAL DEFAULT   13 switch_BLIND_DRONES
  3698: 00151618   448 FUNC    GLOBAL DEFAULT    1 NDrone2_MoveToObject(DCVars_tag *, obj_tag *, float, signed char)
  3699: 00155a38   152 FUNC    GLOBAL DEFAULT    1 NDrone2_CoverAvailable(DCVars_tag *, signed char)
  3700: 00154d58   200 FUNC    GLOBAL DEFAULT    1 NDrone2_SetAngleToObj(DCVars_tag *, obj_tag *, float, signed char)
  3701: 0017a798   172 FUNC    GLOBAL DEFAULT    1 DroneWeap_CanThrowGrenade(DCVars_tag *)
  3702: 001ddc48   524 FUNC    GLOBAL DEFAULT    1 Sound_Alertness(_VECTOR *, float *, DYNAMICSOUNDS **)
  3703: 0017be00   584 FUNC    GLOBAL DEFAULT    1 Env_Breath(_VECTOR *, _VECTOR *, cel_tag *, unsigned int)
  3704: 0014eff8   328 FUNC    GLOBAL DEFAULT    1 NDrone2_Move(DCVars_tag *)
  3705: 0014f140  1276 FUNC    GLOBAL DEFAULT    1 DroneMove_SetBoundryFlags(DCVars_tag *)
  3706: 00150ad0   324 FUNC    GLOBAL DEFAULT    1 DroneMove_NoBunching(DCVars_tag *)
  3707: 0017a180   288 FUNC    GLOBAL DEFAULT    1 DroneWeap_HandleFiring(DCVars_tag *)
  3708: 0017a2a0   536 FUNC    GLOBAL DEFAULT    1 DroneWeap_DropWeapon(DCVars_tag *)
  3709: 001e39e8   136 FUNC    GLOBAL DEFAULT    1 Vec_Cartesian_2_Spherical(_VECTOR *, float, float, float)
  3710: 001dca58    52 FUNC    GLOBAL DEFAULT    1 SP_UnPause(obj_tag *)
  3711: 00154838   296 FUNC    GLOBAL DEFAULT    1 NDrone2_CanMoveToRelativePos(Drone_tag *, obj_tag *, float, float, float)
  3712: 0018dda0   936 FUNC    GLOBAL DEFAULT    1 Pickup_Create(_VECTOR *, _VECTOR *, MATRIX *, celglist_tag *, unsigned short, unsigned short, unsigned int, unsigned int, unsigned int, signed char, unsigned short, unsigned short, unsigned int)
  3713: 0018f348   368 FUNC    GLOBAL DEFAULT    1 Pickup_CreateSimple(MATRIX *, short, short, short)
  3714: 0014b1e8   276 FUNC    GLOBAL DEFAULT    1 DroneInit_Collision(Drone_tag *)
  3715: 0014b300  4864 FUNC    GLOBAL DEFAULT    1 NDrone2_DefaultInit(DIVars_tag *)
  3716: 0014c600   820 FUNC    GLOBAL DEFAULT    1 NDrone2_DoModeSettingsNEW(Drone_tag *, unsigned int, unsigned int *, DIVars_tag *)
  3717: 0014cfa0   840 FUNC    GLOBAL DEFAULT    1 NDrone2_DoModeSettingsOLD(Drone_tag *, unsigned int, unsigned int *, DIVars_tag *)
  3718: 0014d2e8   572 FUNC    GLOBAL DEFAULT    1 NDrone2_DoTypeSettingsOLD(Drone_tag *, unsigned char)
  3719: 0014d928    48 FUNC    GLOBAL DEFAULT    1 DroneInit_TakeXHits(int, float)
  3720: 0014cbd8   968 FUNC    GLOBAL DEFAULT    1 NDrone2_GetDroneTypeAttackTypeFriend(Drone_tag *)
  3721: 0029ad40   420 OBJECT  GLOBAL DEFAULT    4 DroneModeSettings
  3722: 0014d528   672 FUNC    GLOBAL DEFAULT    1 NDrone2_init_DMODE_Defaults(Drone_tag *)
  3723: 0014d958    28 FUNC    GLOBAL DEFAULT    1 NDrone2_init_DMODE_Normal(Drone_tag *)
  3724: 0014d978    28 FUNC    GLOBAL DEFAULT    1 NDrone2_init_DMODE_Guard(Drone_tag *)
  3725: 0014d998    28 FUNC    GLOBAL DEFAULT    1 NDrone2_init_DMODE_Retreater(Drone_tag *)
  3726: 0014d9b8   192 FUNC    GLOBAL DEFAULT    1 NDrone2_init_DMODE_Sniper(Drone_tag *)
  3727: 0014da78    52 FUNC    GLOBAL DEFAULT    1 NDrone2_init_DMODE_Stealth(Drone_tag *)
  3728: 0014dab0    28 FUNC    GLOBAL DEFAULT    1 NDrone2_init_DMODE_Attacker(Drone_tag *)
  3729: 0014dad0    68 FUNC    GLOBAL DEFAULT    1 NDrone2_init_DMODE_RunToPoint(Drone_tag *)
  3730: 0014db18    28 FUNC    GLOBAL DEFAULT    1 NDrone2_init_DMODE_Assassin(Drone_tag *)
  3731: 0014db38   224 FUNC    GLOBAL DEFAULT    1 NDrone2_init_DMODE_HostageKiller(Drone_tag *)
  3732: 0014dc18   112 FUNC    GLOBAL DEFAULT    1 NDrone2_init_DMODE_Hostage(Drone_tag *)
  3733: 0014dc88   112 FUNC    GLOBAL DEFAULT    1 NDrone2_init_DMODE_HostageTied(Drone_tag *)
  3734: 0014dcf8    36 FUNC    GLOBAL DEFAULT    1 NDrone2_init_DMODE_JustStand4Demo(Drone_tag *)
  3735: 0014dd20     8 FUNC    GLOBAL DEFAULT    1 NDrone2_init_DMODE_DeleteMe(Drone_tag *)
  3736: 0014dd28   288 FUNC    GLOBAL DEFAULT    1 NDrone2_init_DMODE_Civilian(Drone_tag *)
  3737: 0014de48   224 FUNC    GLOBAL DEFAULT    1 NDrone2_init_DMODE_CivilianScared(Drone_tag *)
  3738: 0014df28    64 FUNC    GLOBAL DEFAULT    1 NDrone2_init_DMODE_MissionFailer(Drone_tag *)
  3739: 0014df68    36 FUNC    GLOBAL DEFAULT    1 NDrone2_init_DMODE_Mayhew(Drone_tag *)
  3740: 0014df90     8 FUNC    GLOBAL DEFAULT    1 NDrone2_init_DMODE_Ninja(Drone_tag *)
  3741: 0014df98    68 FUNC    GLOBAL DEFAULT    1 NDrone2_init_DMODE_AlarmRaiser(Drone_tag *)
  3742: 0014dfe0    52 FUNC    GLOBAL DEFAULT    1 NDrone2_init_DMODE_SearchLight(Drone_tag *)
  3743: 0014e018    52 FUNC    GLOBAL DEFAULT    1 NDrone2_init_DMODE_Ambush(Drone_tag *)
  3744: 0014e050    68 FUNC    GLOBAL DEFAULT    1 NDrone2_init_DMODE_Zoe(Drone_tag *)
  3745: 0014e098   192 FUNC    GLOBAL DEFAULT    1 NDrone2_init_DMODE_PartyGirl(Drone_tag *)
  3746: 0014e158   224 FUNC    GLOBAL DEFAULT    1 NDrone2_init_DMODE_CivilianGuard(Drone_tag *)
  3747: 0014e238    28 FUNC    GLOBAL DEFAULT    1 NDrone2_init_DMODE_Interogator(Drone_tag *)
  3748: 0014e258   240 FUNC    GLOBAL DEFAULT    1 NDrone2_init_DMODE_CivDoorGuard(Drone_tag *)
  3749: 0014e348    36 FUNC    GLOBAL DEFAULT    1 NDrone2_init_DMODE_TruckDriver(Drone_tag *)
  3750: 0014e370    44 FUNC    GLOBAL DEFAULT    1 NDrone2_init_DMODE_CastleChatGuard1(Drone_tag *)
  3751: 0014e3a0    60 FUNC    GLOBAL DEFAULT    1 NDrone2_init_DMODE_CastleChatGuard2(Drone_tag *)
  3752: 0014e3e0   176 FUNC    GLOBAL DEFAULT    1 NDrone2_init_DMODE_SniperAlert(Drone_tag *)
  3753: 0014e490   216 FUNC    GLOBAL DEFAULT    1 NDrone2_init_DMODE_PartyGirlLooker(Drone_tag *)
  3754: 0014e568     8 FUNC    GLOBAL DEFAULT    1 NDrone2_init_DMODE_Bot(Drone_tag *)
  3755: 0014e570    16 FUNC    GLOBAL DEFAULT    1 NDrone2_initDTYPE_Sniper(Drone_tag *)
  3756: 0014e580    56 FUNC    GLOBAL DEFAULT    1 NDrone2_initDTYPE_SniperAlert(Drone_tag *)
  3757: 001be910  1388 FUNC    GLOBAL DEFAULT    1 AnimObjectNew(obj_tag *, int)
  3758: 0015aa00   132 FUNC    GLOBAL DEFAULT    1 AINetwork_ResetRoute(AIRoute_tag *, obj_tag *, obj_tag *)
  3759: 00199430    24 FUNC    GLOBAL DEFAULT    1 PlrStat_LogEnemySpawned(void)
  3760: 001ac158   368 FUNC    GLOBAL DEFAULT    1 BodyGlow_Create(obj_tag *)
  3761: 001c7a98   764 FUNC    GLOBAL DEFAULT    1 behaviour_util_get(_BehaviourStruct *, unsigned int *)
  3762: 001c7e58    32 FUNC    GLOBAL DEFAULT    1 behaviour_util_getStats(int, int)
  3763: 00158488   540 FUNC    GLOBAL DEFAULT    1 AINetwork_NavPathForPosition(_VECTOR *, cel_tag *, signed char)
  3764: 00175838   132 FUNC    GLOBAL DEFAULT    1 Drone_SM_InitObject(obj_tag *)
  3765: 0014e5b8   312 FUNC    GLOBAL DEFAULT    1 SphereSphereSweep(float, _VECTOR const &, _VECTOR const &, float, _VECTOR const &, _VECTOR const &, float &, float &)
  3766: 0014eba8  1100 FUNC    GLOBAL DEFAULT    1 NDrone2_Steer(DCVars_tag *, float)
  3767: 00155330   376 FUNC    GLOBAL DEFAULT    1 NDrone2_MoveTest(CelPos_tag *, CelPos_tag *, obj_tag *, obj_tag *, _VECTOR *, signed char, signed char)
  3768: 0014fdf8   456 FUNC    GLOBAL DEFAULT    1 NDrone2_CanStrafeDodgeLeft(DCVars_tag *)
  3769: 0014ffc0   476 FUNC    GLOBAL DEFAULT    1 NDrone2_CanStrafeDodgeRight(DCVars_tag *)
  3770: 001512e0   504 FUNC    GLOBAL DEFAULT    1 NDrone2_AnimForDist(DCVars_tag *, float)
  3771: 001514d8   320 FUNC    GLOBAL DEFAULT    1 NDrone2_UpdatePatrolRoute(DCVars_tag *)
  3772: 00155be0   244 FUNC    GLOBAL DEFAULT    1 NDrone2_FollowRoute(AIRoute_tag *, DCVars_tag *)
  3773: 001550c8   248 FUNC    GLOBAL DEFAULT    1 NDrone2_MoveTarget_IsRouteNode(short, AIRoute_tag *, DCVars_tag *, signed char)
  3774: 00151900   224 FUNC    GLOBAL DEFAULT    1 NDrone2_SetAngleToCover(DCVars_tag *, float)
  3775: 001519e0   312 FUNC    GLOBAL DEFAULT    1 NDrone2_MoveTo_RouteNode(DCVars_tag *, short, AIRoute_tag *)
  3776: 00155db8    80 FUNC    GLOBAL DEFAULT    1 NDrone2_GetAnglesToMoveTarget(DCVars_tag *, _VECTOR *)
  3777: 00151b18   588 FUNC    GLOBAL DEFAULT    1 NDrone2_ClosestAIPoint(DCVars_tag *, unsigned short, _VECTOR *, cel_tag *)
  3778: 00155958   160 FUNC    GLOBAL DEFAULT    1 NDrone2_NearestNodeDCV(DCVars_tag *)
  3779: 001558d8   124 FUNC    GLOBAL DEFAULT    1 NDrone2_NearestNode(CelPos_tag *, AIPath_tag *, obj_tag *)
  3780: 00151d68   704 FUNC    GLOBAL DEFAULT    1 NDrone2_CoverNodeOK(DCVars_tag *, CoverNode_tag *, unsigned short, signed char)
  3781: 00152028   552 FUNC    GLOBAL DEFAULT    1 NDrone2_GetPosForCornerCover(CoverNode_tag *, unsigned int, _VECTOR *, _VECTOR *, signed char)
  3782: 00152250   756 FUNC    GLOBAL DEFAULT    1 DroneMove_FindSafetyFromScaryPosition(DCVars_tag *, _VECTOR *, obj_tag *, float)
  3783: 00155ad0    92 FUNC    GLOBAL DEFAULT    1 NDrone2_CanReachGoalPosition(DCVars_tag *)
  3784: 00152548  1040 FUNC    GLOBAL DEFAULT    1 NDrone2_FindCover(DCVars_tag *, signed char)
  3785: 00152958  1708 FUNC    GLOBAL DEFAULT    1 NDrone2_FindAmbushCover(DCVars_tag *)
  3786: 00153008   348 FUNC    GLOBAL DEFAULT    1 NDrone2_FindAlarmPoint(DCVars_tag *)
  3787: 00153168   484 FUNC    GLOBAL DEFAULT    1 NDrone2_FindRunToPoint(DCVars_tag *)
  3788: 00153358   964 FUNC    GLOBAL DEFAULT    1 NDrone2_ReachedDestNode(AIRoute_tag *, DCVars_tag *)
  3789: 00153720   784 FUNC    GLOBAL DEFAULT    1 NDrone2_InitAIPath(DCVars_tag *, AIPath_tag *, NODE_tag *)
  3790: 00153a30  1308 FUNC    GLOBAL DEFAULT    1 NDrone2_ReFindMissionPath(DCVars_tag *)
  3791: 00153f50   576 FUNC    GLOBAL DEFAULT    1 DroneMove_ObjectMissionPathDistance(DCVars_tag *, obj_tag *, float)
  3792: 00154190   612 FUNC    GLOBAL DEFAULT    1 NDrone2_AssignAIPath(DCVars_tag *, unsigned int)
  3793: 001543f8   364 FUNC    GLOBAL DEFAULT    1 NDrone2_SetGoalToDroneWithLosToOpponent(DCVars_tag *)
  3794: 00154618   540 FUNC    GLOBAL DEFAULT    1 DroneMove_AstronautCombat(DCVars_tag *)
  3795: 00154960   128 FUNC    GLOBAL DEFAULT    1 NDrone2_CanAimCrouch(DCVars_tag *)
  3796: 00154a80    36 FUNC    GLOBAL DEFAULT    1 NDrone2_UpdateMissionRoute(DCVars_tag *)
  3797: 00154aa8   120 FUNC    GLOBAL DEFAULT    1 NDrone2_SetSoundAlertRoute(DCVars_tag *)
  3798: 00154b20   132 FUNC    GLOBAL DEFAULT    1 NDrone2_SetDroneAlertRoute(DCVars_tag *)
  3799: 00154ba8    40 FUNC    GLOBAL DEFAULT    1 NDrone2_MoveToAlertPosition(DCVars_tag *)
  3800: 00154bd0   220 FUNC    GLOBAL DEFAULT    1 NDrone2_SlideToPosition(_VECTOR *, float, signed char, DCVars_tag *)
  3801: 00154cb0   164 FUNC    GLOBAL DEFAULT    1 DroneMove_TurnToObj(DCVars_tag *, obj_tag *, float, float)
  3802: 00154e20   108 FUNC    GLOBAL DEFAULT    1 NDrone2_SetAngleToDest(DCVars_tag *, float)
  3803: 00154e90   108 FUNC    GLOBAL DEFAULT    1 NDrone2_SetAngleToAlert(DCVars_tag *, float)
  3804: 00154f00    84 FUNC    GLOBAL DEFAULT    1 NDrone2_GetAngleDifferenceToAlert(DCVars_tag *)
  3805: 00154f98   132 FUNC    GLOBAL DEFAULT    1 NDrone2_BondWithinAngle(DCVars_tag *, float)
  3806: 00155050   100 FUNC    GLOBAL DEFAULT    1 NDrone2_AtDest(DCVars_tag *)
  3807: 001551c0   364 FUNC    GLOBAL DEFAULT    1 NDrone2_MoveTest(_VECTOR const *, cel_tag const *, _VECTOR const *, cel_tag const *, obj_tag *, obj_tag *, _VECTOR *, signed char, signed char)
  3808: 001554a8   376 FUNC    GLOBAL DEFAULT    1 NDrone2_MoveTestFromNode(MAPNODE_tag *, CelPos_tag *, obj_tag *, obj_tag *, _VECTOR *, signed char, signed char)
  3809: 00155620   376 FUNC    GLOBAL DEFAULT    1 NDrone2_MoveTestToNode(CelPos_tag *, MAPNODE_tag *, obj_tag *, obj_tag *, _VECTOR *, signed char, signed char)
  3810: 00155858   104 FUNC    GLOBAL DEFAULT    1 NDrone2_DisownCover(DCVars_tag *)
  3811: 001559f8    60 FUNC    GLOBAL DEFAULT    1 DroneMove_FindSafetyFromScaryObject(DCVars_tag *)
  3812: 00155b30   172 FUNC    GLOBAL DEFAULT    1 NDrone2_SetRunToPosition(DCVars_tag *, CelPos_tag *, float)
  3813: 00155e10   128 FUNC    GLOBAL DEFAULT    1 NDrone2_SetGoalToCloserPosition(DCVars_tag *)
  3814: 00155ea0   212 FUNC    GLOBAL DEFAULT    1 DroneMove_AstronautAnim(DCVars_tag *)
  3815: 00155f78   144 FUNC    GLOBAL DEFAULT    1 DroneMove_AstronautHitMove(DCVars_tag *)
  3816: 00156008   128 FUNC    GLOBAL DEFAULT    1 DroneMove_AstronautDeathMove(DCVars_tag *)
  3817: 0017a500   160 FUNC    GLOBAL DEFAULT    1 DroneWeap_OpponentIsAimingAtMe(DCVars_tag *, float)
  3818: 0015ae68   128 FUNC    GLOBAL DEFAULT    1 AINetwork_VerifyRouteTarget(obj_tag *, obj_tag *, AITarget_tag *, AIPoint_tag *, float, AIRoute_tag *)
  3819: 0015a7c0    28 FUNC    GLOBAL DEFAULT    1 AINetwork_RouteIsValid(AIRoute_tag *)
  3820: 0015aee8   248 FUNC    GLOBAL DEFAULT    1 AINetwork_CalcRouteToObject(obj_tag *, obj_tag *, AIRoute_tag *, AITarget_tag *, AIPoint_tag *, float, unsigned short)
  3821: 001e2ec8    44 FUNC    GLOBAL DEFAULT    1 Vec_Dist2D(_VECTOR const *, _VECTOR const *)
  3822: 00156320   544 FUNC    GLOBAL DEFAULT    1 AINetwork_GetRouteDistance(AIRoute_tag *)
  3823: 0015afe0   300 FUNC    GLOBAL DEFAULT    1 AINetwork_CalcRouteToPosition(obj_tag *, CelPos_tag *, AIRoute_tag *, AITarget_tag *, AIPoint_tag *, float, unsigned short)
  3824: 0015a820   184 FUNC    GLOBAL DEFAULT    1 AINetwork_RouteNodeOffset(short, short, AIRoute_tag *)
  3825: 0015b2b8   212 FUNC    GLOBAL DEFAULT    1 AINetwork_InitEmitter2(obj_tag *, _VECTOR *, cel_tag *, AIEmitter_tag *, AIPath_tag *, signed char)
  3826: 0015aa88   236 FUNC    GLOBAL DEFAULT    1 AINetwork_NodeSearch(AINodeSearch_tag *)
  3827: 00159268  1024 FUNC    GLOBAL DEFAULT    1 AINetwork_Emitter_GetNodeAtDistance(short, float, AIEmitter_tag *, MAPNODE_tag **)
  3828: 0015a7e0    28 FUNC    GLOBAL DEFAULT    1 AINetwork_InvalidateRoute(AIRoute_tag *)
  3829: 0015a8d8   296 FUNC    GLOBAL DEFAULT    1 AINetwork_FurthestPosition(_VECTOR *, _VECTOR *, _VECTOR *)
  3830: 00157d80   956 FUNC    GLOBAL DEFAULT    1 AINetwork_BoundsTest(_VECTOR const *, cel_tag const *, _VECTOR const *, cel_tag const *, _VECTOR *, signed char, signed char *)
  3831: 0015a800    28 FUNC    GLOBAL DEFAULT    1 AINetwork_ValidateRoute(AIRoute_tag *)
  3832: 00159b10   436 FUNC    GLOBAL DEFAULT    1 LinkCreep_Calc(AIRoute_tag *, signed char)
  3833: 0015b420   120 FUNC    GLOBAL DEFAULT    1 LinkCreep_Dest(AIRoute_tag *, short, CelPos_tag *)
  3834: 00156160   448 FUNC    GLOBAL DEFAULT    1 AINetwork_GetRouteDistanceBetweenNodes(AIRoute_tag *, short, short)
  3835: 00232c48   252 FUNC    GLOBAL DEFAULT    1 acosf
  3836: 0015ac78   124 FUNC    GLOBAL DEFAULT    1 AINetwork_BuildAITarget(AITarget_tag *, obj_tag *, float)
  3837: 0015b110   216 FUNC    GLOBAL DEFAULT    1 AINetwork_FollowRoute(AIRoute_tag *, DCVars_tag *)
  3838: 00156540   544 FUNC    GLOBAL DEFAULT    1 AINetwork_GetRouteDistance3D(AIRoute_tag *)
  3839: 00159cc8   264 FUNC    GLOBAL DEFAULT    1 LinkCreep_CalcToRouteEnd(AIRoute_tag *)
  3840: 00157780   524 FUNC    GLOBAL DEFAULT    1 AINetwork_HitBoundry(_VECTOR *, BLINK_tag const *, _VECTOR const *, float, float *, unsigned int)
  3841: 00157990   572 FUNC    GLOBAL DEFAULT    1 AINetwork_LineIntersectsBoundry(BLINK_tag const *, _VECTOR const *, _VECTOR const *, _VECTOR *, float *, signed char)
  3842: 00158140   840 FUNC    GLOBAL DEFAULT    1 AINetwork_BoundsNodeTest(_VECTOR const *, cel_tag const *, _VECTOR const *, cel_tag const *, float, _VECTOR *, signed char *)
  3843: 001586a8   672 FUNC    GLOBAL DEFAULT    1 AINetwork_NodesForPosition(AITarget_tag *, CelPos_tag *, obj_tag *, float)
  3844: 00158948   452 FUNC    GLOBAL DEFAULT    1 AINetwork_SetupRouteToObject(obj_tag *, obj_tag *, AITarget_tag *, AIPoint_tag *, float, AIRoute_tag *)
  3845: 00159810   764 FUNC    GLOBAL DEFAULT    1 LinkCreep_ForNodes(AIRoute_tag *, int, int, signed char)
  3846: 00159dd0   340 FUNC    GLOBAL DEFAULT    1 LinkCreep_AtSpecialNode(AIRoute_tag *)
  3847: 0015a490   308 FUNC    GLOBAL DEFAULT    1 AINetwork_UpdateLinksUsedCount(AIRoute_tag *)
  3848: 0015ab78   248 FUNC    GLOBAL DEFAULT    1 AINetwork_TestRayCels(_VECTOR const *, cel_tag const *, _VECTOR const *, cel_tag const *)
  3849: 0015b3d8    72 FUNC    GLOBAL DEFAULT    1 AINetwork_FreeEmitter(AIEmitter_tag *)
  3850: 001ed988   176 FUNC    GLOBAL DEFAULT    1 Intersect_SphereBox(_VECTOR const *, float, _VECTOR const *, _VECTOR const *)
  3851: 001e0aa8   676 FUNC    GLOBAL DEFAULT    1 vecutil_intersect_line_line_2d(_VECTOR const *, _VECTOR const *, _VECTOR const *, _VECTOR const *, _VECTOR *)
  3852: 0015b830   300 FUNC    GLOBAL DEFAULT    1 NDrone2_DSTATE_Global(DCVars_tag *, Drone_tag *, obj_tag *, MsgObject *)
  3853: 0015b960   260 FUNC    GLOBAL DEFAULT    1 NDrone2_DSTATE_WaitSwitch(DCVars_tag *, Drone_tag *, obj_tag *, MsgObject *)
  3854: 0015ba68  1200 FUNC    GLOBAL DEFAULT    1 NDrone2_DSTATE_PlayScript(DCVars_tag *, Drone_tag *, obj_tag *, MsgObject *)
  3855: 0015bf18   816 FUNC    GLOBAL DEFAULT    1 NDrone2_DSTATE_Idle(DCVars_tag *, Drone_tag *, obj_tag *, MsgObject *)
  3856: 0015c248   592 FUNC    GLOBAL DEFAULT    1 NDrone2_DSTATE_Alert(DCVars_tag *, Drone_tag *, obj_tag *, MsgObject *)
  3857: 0015c498   652 FUNC    GLOBAL DEFAULT    1 NDrone2_DSTATE_Patrol(DCVars_tag *, Drone_tag *, obj_tag *, MsgObject *)
  3858: 0015c728   536 FUNC    GLOBAL DEFAULT    1 NDrone2_DSTATE_HostageKiller(DCVars_tag *, Drone_tag *, obj_tag *, MsgObject *)
  3859: 0015c940   568 FUNC    GLOBAL DEFAULT    1 NDrone2_DSTATE_HostageKillerAttack(DCVars_tag *, Drone_tag *, obj_tag *, MsgObject *)
  3860: 0015cb78   372 FUNC    GLOBAL DEFAULT    1 NDrone2_DSTATE_Hostage(DCVars_tag *, Drone_tag *, obj_tag *, MsgObject *)
  3861: 0015ccf0   364 FUNC    GLOBAL DEFAULT    1 NDrone2_DSTATE_HostageSaved(DCVars_tag *, Drone_tag *, obj_tag *, MsgObject *)
  3862: 0015ce60   380 FUNC    GLOBAL DEFAULT    1 NDrone2_DSTATE_HostageIdle(DCVars_tag *, Drone_tag *, obj_tag *, MsgObject *)
  3863: 0015cfe0   308 FUNC    GLOBAL DEFAULT    1 NDrone2_DSTATE_HostageHide(DCVars_tag *, Drone_tag *, obj_tag *, MsgObject *)
  3864: 0015d118   644 FUNC    GLOBAL DEFAULT    1 NDrone2_DSTATE_Civilian(DCVars_tag *, Drone_tag *, obj_tag *, MsgObject *)
  3865: 0015d3a0   384 FUNC    GLOBAL DEFAULT    1 NDrone2_DSTATE_CivilianScared(DCVars_tag *, Drone_tag *, obj_tag *, MsgObject *)
  3866: 0015d520   236 FUNC    GLOBAL DEFAULT    1 NDrone2_DSTATE_CivilianHiding(DCVars_tag *, Drone_tag *, obj_tag *, MsgObject *)
  3867: 0015d610   592 FUNC    GLOBAL DEFAULT    1 NDrone2_DSTATE_CivilianPatrol(DCVars_tag *, Drone_tag *, obj_tag *, MsgObject *)
  3868: 0015d860   844 FUNC    GLOBAL DEFAULT    1 NDrone2_DSTATE_CivilianMission(DCVars_tag *, Drone_tag *, obj_tag *, MsgObject *)
  3869: 0015dbb0   884 FUNC    GLOBAL DEFAULT    1 NDrone2_DSTATE_CivilianMissionWait(DCVars_tag *, Drone_tag *, obj_tag *, MsgObject *)
  3870: 0015df28   428 FUNC    GLOBAL DEFAULT    1 NDrone2_DSTATE_KikoMission(DCVars_tag *, Drone_tag *, obj_tag *, MsgObject *)
  3871: 0015e0d8   268 FUNC    GLOBAL DEFAULT    1 NDrone2_DSTATE_KikoMissionRun(DCVars_tag *, Drone_tag *, obj_tag *, MsgObject *)
  3872: 0015e1e8   772 FUNC    GLOBAL DEFAULT    1 NDrone2_DSTATE_EnemyMission(DCVars_tag *, Drone_tag *, obj_tag *, MsgObject *)
  3873: 0015e4f0   420 FUNC    GLOBAL DEFAULT    1 NDrone2_DSTATE_AllyLeadInit(DCVars_tag *, Drone_tag *, obj_tag *, MsgObject *)
  3874: 0015e698   908 FUNC    GLOBAL DEFAULT    1 NDrone2_DSTATE_AllyLead(DCVars_tag *, Drone_tag *, obj_tag *, MsgObject *)
  3875: 0015ea28   476 FUNC    GLOBAL DEFAULT    1 NDrone2_DSTATE_AllyLeadPlayerInWay(DCVars_tag *, Drone_tag *, obj_tag *, MsgObject *)
  3876: 0015ec08   412 FUNC    GLOBAL DEFAULT    1 NDrone2_DSTATE_AllyLeadHide(DCVars_tag *, Drone_tag *, obj_tag *, MsgObject *)
  3877: 0015eda8   540 FUNC    GLOBAL DEFAULT    1 NDrone2_DSTATE_AllyLeadWait(DCVars_tag *, Drone_tag *, obj_tag *, MsgObject *)
  3878: 0015efc8   340 FUNC    GLOBAL DEFAULT    1 NDrone2_DSTATE_AllyLeadMissionWait(DCVars_tag *, Drone_tag *, obj_tag *, MsgObject *)
  3879: 0015f120   452 FUNC    GLOBAL DEFAULT    1 NDrone2_DSTATE_AllyLeadBondCombat(DCVars_tag *, Drone_tag *, obj_tag *, MsgObject *)
  3880: 0015f2e8   220 FUNC    GLOBAL DEFAULT    1 NDrone2_DSTATE_AllyLeadDone(DCVars_tag *, Drone_tag *, obj_tag *, MsgObject *)
  3881: 0015f3c8   280 FUNC    GLOBAL DEFAULT    1 NDrone2_DSTATE_AllyFollowInit(DCVars_tag *, Drone_tag *, obj_tag *, MsgObject *)
  3882: 0015f4e0   444 FUNC    GLOBAL DEFAULT    1 NDrone2_DSTATE_AllyFollow(DCVars_tag *, Drone_tag *, obj_tag *, MsgObject *)
  3883: 0015f6a0   436 FUNC    GLOBAL DEFAULT    1 NDrone2_DSTATE_AllyFollowWait(DCVars_tag *, Drone_tag *, obj_tag *, MsgObject *)
  3884: 0015f858   220 FUNC    GLOBAL DEFAULT    1 NDrone2_DSTATE_AllyFollowDone(DCVars_tag *, Drone_tag *, obj_tag *, MsgObject *)
  3885: 0015f938   372 FUNC    GLOBAL DEFAULT    1 NDrone2_DSTATE_AllyGoToGoalPosition(DCVars_tag *, Drone_tag *, obj_tag *, MsgObject *)
  3886: 0015fab0   360 FUNC    GLOBAL DEFAULT    1 NDrone2_DSTATE_SniperIdle(DCVars_tag *, Drone_tag *, obj_tag *, MsgObject *)
  3887: 0015fc18   364 FUNC    GLOBAL DEFAULT    1 NDrone2_DSTATE_SniperAim(DCVars_tag *, Drone_tag *, obj_tag *, MsgObject *)
  3888: 0015fd88   504 FUNC    GLOBAL DEFAULT    1 NDrone2_DSTATE_SniperFire(DCVars_tag *, Drone_tag *, obj_tag *, MsgObject *)
  3889: 0015ff80   444 FUNC    GLOBAL DEFAULT    1 NDrone2_DSTATE_SniperReload(DCVars_tag *, Drone_tag *, obj_tag *, MsgObject *)
  3890: 00160140   612 FUNC    GLOBAL DEFAULT    1 NDrone2_DSTATE_PartyGirl(DCVars_tag *, Drone_tag *, obj_tag *, MsgObject *)
  3891: 001603a8   672 FUNC    GLOBAL DEFAULT    1 NDrone2_DSTATE_CivilianGuard(DCVars_tag *, Drone_tag *, obj_tag *, MsgObject *)
  3892: 00160648  1416 FUNC    GLOBAL DEFAULT    1 NDrone2_DSTATE_CivilianDoorGuard(DCVars_tag *, Drone_tag *, obj_tag *, MsgObject *)
  3893: 00160bd0   456 FUNC    GLOBAL DEFAULT    1 NDrone2_DSTATE_TruckDriverInit(DCVars_tag *, Drone_tag *, obj_tag *, MsgObject *)
  3894: 00160d98   312 FUNC    GLOBAL DEFAULT    1 NDrone2_DSTATE_TruckDriverInitAlert(DCVars_tag *, Drone_tag *, obj_tag *, MsgObject *)
  3895: 00160ed0   348 FUNC    GLOBAL DEFAULT    1 NDrone2_DSTATE_TruckDriverIdle(DCVars_tag *, Drone_tag *, obj_tag *, MsgObject *)
  3896: 00161030   688 FUNC    GLOBAL DEFAULT    1 NDrone2_DSTATE_TruckDriverMission(DCVars_tag *, Drone_tag *, obj_tag *, MsgObject *)
  3897: 001612e0   636 FUNC    GLOBAL DEFAULT    1 NDrone2_DSTATE_CastleChatGuard1(DCVars_tag *, Drone_tag *, obj_tag *, MsgObject *)
  3898: 00161560   352 FUNC    GLOBAL DEFAULT    1 NDrone2_DSTATE_AmbushWait(DCVars_tag *, Drone_tag *, obj_tag *, MsgObject *)
  3899: 001616c0   416 FUNC    GLOBAL DEFAULT    1 NDrone2_DSTATE_InterogateAssist(DCVars_tag *, Drone_tag *, obj_tag *, MsgObject *)
  3900: 00161860   476 FUNC    GLOBAL DEFAULT    1 NDrone2_DSTATE_InterogateAssistWait(DCVars_tag *, Drone_tag *, obj_tag *, MsgObject *)
  3901: 00161a40  2296 FUNC    GLOBAL DEFAULT    1 NDrone2_DSTATE_Interogate(DCVars_tag *, Drone_tag *, obj_tag *, MsgObject *)
  3902: 00162338   540 FUNC    GLOBAL DEFAULT    1 NDrone2_DSTATE_InterogateWalk(DCVars_tag *, Drone_tag *, obj_tag *, MsgObject *)
  3903: 00162558   328 FUNC    GLOBAL DEFAULT    1 NDrone2_DSTATE_CivilianChallenge(DCVars_tag *, Drone_tag *, obj_tag *, MsgObject *)
  3904: 001626a0   684 FUNC    GLOBAL DEFAULT    1 NDrone2_DSTATE_Surrender_Anim(DCVars_tag *, Drone_tag *, obj_tag *, MsgObject *)
  3905: 00162950   284 FUNC    GLOBAL DEFAULT    1 NDrone2_DSTATE_Surrendered(DCVars_tag *, Drone_tag *, obj_tag *, MsgObject *)
  3906: 00162a70   292 FUNC    GLOBAL DEFAULT    1 NDrone2_DSTATE_Unsurrender_Anim(DCVars_tag *, Drone_tag *, obj_tag *, MsgObject *)
  3907: 00162b98   792 FUNC    GLOBAL DEFAULT    1 NDrone2_DSTATE_Taser(DCVars_tag *, Drone_tag *, obj_tag *, MsgObject *)
  3908: 00162eb0   520 FUNC    GLOBAL DEFAULT    1 NDrone2_DSTATE_Stunned(DCVars_tag *, Drone_tag *, obj_tag *, MsgObject *)
  3909: 001630b8   264 FUNC    GLOBAL DEFAULT    1 NDrone2_DSTATE_Stunned_Recover(DCVars_tag *, Drone_tag *, obj_tag *, MsgObject *)
  3910: 001631c0   400 FUNC    GLOBAL DEFAULT    1 NDrone2_DSTATE_StunGrenadeLoop(DCVars_tag *, Drone_tag *, obj_tag *, MsgObject *)
  3911: 00163350   224 FUNC    GLOBAL DEFAULT    1 NDrone2_DSTATE_StunGrenadeRecover(DCVars_tag *, Drone_tag *, obj_tag *, MsgObject *)
  3912: 00163430   320 FUNC    GLOBAL DEFAULT    1 NDrone2_DSTATE_StunDartImpact(DCVars_tag *, Drone_tag *, obj_tag *, MsgObject *)
  3913: 00163570   400 FUNC    GLOBAL DEFAULT    1 NDrone2_DSTATE_StunDartLoop(DCVars_tag *, Drone_tag *, obj_tag *, MsgObject *)
  3914: 00163700   248 FUNC    GLOBAL DEFAULT    1 NDrone2_DSTATE_StunDartRecover(DCVars_tag *, Drone_tag *, obj_tag *, MsgObject *)
  3915: 001637f8   648 FUNC    GLOBAL DEFAULT    1 NDrone2_DSTATE_Death_Anim(DCVars_tag *, Drone_tag *, obj_tag *, MsgObject *)
  3916: 00163a80   484 FUNC    GLOBAL DEFAULT    1 NDrone2_DSTATE_DeathByExplosion(DCVars_tag *, Drone_tag *, obj_tag *, MsgObject *)
  3917: 00163c68   896 FUNC    GLOBAL DEFAULT    1 NDrone2_DSTATE_SpecialDeath_Anim(DCVars_tag *, Drone_tag *, obj_tag *, MsgObject *)
  3918: 00163fe8   548 FUNC    GLOBAL DEFAULT    1 NDrone2_DSTATE_Dead(DCVars_tag *, Drone_tag *, obj_tag *, MsgObject *)
  3919: 00164210   468 FUNC    GLOBAL DEFAULT    1 NDrone2_DSTATE_Attack(DCVars_tag *, Drone_tag *, obj_tag *, MsgObject *)
  3920: 001643e8   680 FUNC    GLOBAL DEFAULT    1 NDrone2_DSTATE_CombatNoMove(DCVars_tag *, Drone_tag *, obj_tag *, MsgObject *)
  3921: 00164690   420 FUNC    GLOBAL DEFAULT    1 NDrone2_DSTATE_CombatOutOfRange(DCVars_tag *, Drone_tag *, obj_tag *, MsgObject *)
  3922: 00164838   296 FUNC    GLOBAL DEFAULT    1 NDrone2_DSTATE_CombatNoSight(DCVars_tag *, Drone_tag *, obj_tag *, MsgObject *)
  3923: 00164960   676 FUNC    GLOBAL DEFAULT    1 NDrone2_DSTATE_CombatWait(DCVars_tag *, Drone_tag *, obj_tag *, MsgObject *)
  3924: 00164c08  1172 FUNC    GLOBAL DEFAULT    1 NDrone2_DSTATE_CombatNoRoute(DCVars_tag *, Drone_tag *, obj_tag *, MsgObject *)
  3925: 001650a0   460 FUNC    GLOBAL DEFAULT    1 NDrone2_DSTATE_NoOpponent(DCVars_tag *, Drone_tag *, obj_tag *, MsgObject *)
  3926: 00165270   976 FUNC    GLOBAL DEFAULT    1 NDrone2_DSTATE_AlertToPosition(DCVars_tag *, Drone_tag *, obj_tag *, MsgObject *)
  3927: 00165640  1064 FUNC    GLOBAL DEFAULT    1 NDrone2_DSTATE_GoToGoalPosition(DCVars_tag *, Drone_tag *, obj_tag *, MsgObject *)
  3928: 00165a68   388 FUNC    GLOBAL DEFAULT    1 NDrone2_DSTATE_HostageGoToGoalPosition(DCVars_tag *, Drone_tag *, obj_tag *, MsgObject *)
  3929: 00165bf0   768 FUNC    GLOBAL DEFAULT    1 NDrone2_DSTATE_SearchArea(DCVars_tag *, Drone_tag *, obj_tag *, MsgObject *)
  3930: 00165ef0   268 FUNC    GLOBAL DEFAULT    1 NDrone2_DSTATE_DroneStuck(DCVars_tag *, Drone_tag *, obj_tag *, MsgObject *)
  3931: 00166000   372 FUNC    GLOBAL DEFAULT    1 NDrone2_DSTATE_DrawWeapon(DCVars_tag *, Drone_tag *, obj_tag *, MsgObject *)
  3932: 00166178   428 FUNC    GLOBAL DEFAULT    1 NDrone2_DSTATE_AimStand(DCVars_tag *, Drone_tag *, obj_tag *, MsgObject *)
  3933: 00166328   940 FUNC    GLOBAL DEFAULT    1 NDrone2_DSTATE_AimStandFire(DCVars_tag *, Drone_tag *, obj_tag *, MsgObject *)
  3934: 001666d8   360 FUNC    GLOBAL DEFAULT    1 NDrone2_DSTATE_AimStandReload(DCVars_tag *, Drone_tag *, obj_tag *, MsgObject *)
  3935: 00166840   256 FUNC    GLOBAL DEFAULT    1 NDrone2_DSTATE_AimStandDiscard(DCVars_tag *, Drone_tag *, obj_tag *, MsgObject *)
  3936: 00166940   228 FUNC    GLOBAL DEFAULT    1 NDrone2_DSTATE_Prone(DCVars_tag *, Drone_tag *, obj_tag *, MsgObject *)
  3937: 00166a28   364 FUNC    GLOBAL DEFAULT    1 NDrone2_DSTATE_ProneFire(DCVars_tag *, Drone_tag *, obj_tag *, MsgObject *)
  3938: 00166b98   500 FUNC    GLOBAL DEFAULT    1 NDrone2_DSTATE_AimBackoff(DCVars_tag *, Drone_tag *, obj_tag *, MsgObject *)
  3939: 00166d90   404 FUNC    GLOBAL DEFAULT    1 NDrone2_DSTATE_CrouchCover(DCVars_tag *, Drone_tag *, obj_tag *, MsgObject *)
  3940: 00166f28   312 FUNC    GLOBAL DEFAULT    1 NDrone2_DSTATE_AimCrouch(DCVars_tag *, Drone_tag *, obj_tag *, MsgObject *)
  3941: 00167060   784 FUNC    GLOBAL DEFAULT    1 NDrone2_DSTATE_AimCrouchFire(DCVars_tag *, Drone_tag *, obj_tag *, MsgObject *)
  3942: 00167370   276 FUNC    GLOBAL DEFAULT    1 NDrone2_DSTATE_AimCrouchReload(DCVars_tag *, Drone_tag *, obj_tag *, MsgObject *)
  3943: 00167488   264 FUNC    GLOBAL DEFAULT    1 NDrone2_DSTATE_AltAttack(DCVars_tag *, Drone_tag *, obj_tag *, MsgObject *)
  3944: 00167590   272 FUNC    GLOBAL DEFAULT    1 NDrone2_DSTATE_StepAimLeft(DCVars_tag *, Drone_tag *, obj_tag *, MsgObject *)
  3945: 001676a0   272 FUNC    GLOBAL DEFAULT    1 NDrone2_DSTATE_StepAimRight(DCVars_tag *, Drone_tag *, obj_tag *, MsgObject *)
  3946: 001677b0   460 FUNC    GLOBAL DEFAULT    1 NDrone2_DSTATE_StrafeAimLeft(DCVars_tag *, Drone_tag *, obj_tag *, MsgObject *)
  3947: 00167980   460 FUNC    GLOBAL DEFAULT    1 NDrone2_DSTATE_StrafeAimRight(DCVars_tag *, Drone_tag *, obj_tag *, MsgObject *)
  3948: 00167b50   416 FUNC    GLOBAL DEFAULT    1 NDrone2_DSTATE_StrafeDodgeLeft(DCVars_tag *, Drone_tag *, obj_tag *, MsgObject *)
  3949: 00167cf0   416 FUNC    GLOBAL DEFAULT    1 NDrone2_DSTATE_StrafeDodgeRight(DCVars_tag *, Drone_tag *, obj_tag *, MsgObject *)
  3950: 00167e90   236 FUNC    GLOBAL DEFAULT    1 NDrone2_DSTATE_RollLeftCrouch(DCVars_tag *, Drone_tag *, obj_tag *, MsgObject *)
  3951: 00167f80   236 FUNC    GLOBAL DEFAULT    1 NDrone2_DSTATE_RollRightCrouch(DCVars_tag *, Drone_tag *, obj_tag *, MsgObject *)
  3952: 00168070   392 FUNC    GLOBAL DEFAULT    1 NDrone2_DSTATE_Investigate(DCVars_tag *, Drone_tag *, obj_tag *, MsgObject *)
  3953: 001681f8   712 FUNC    GLOBAL DEFAULT    1 NDrone2_DSTATE_OpenDoor(DCVars_tag *, Drone_tag *, obj_tag *, MsgObject *)
  3954: 001684c0   360 FUNC    GLOBAL DEFAULT    1 NDrone2_DSTATE_KickObject(DCVars_tag *, Drone_tag *, obj_tag *, MsgObject *)
  3955: 00168628   404 FUNC    GLOBAL DEFAULT    1 NDrone2_DSTATE_ActionAnim(DCVars_tag *, Drone_tag *, obj_tag *, MsgObject *)
  3956: 001687c0   332 FUNC    GLOBAL DEFAULT    1 NDrone2_DSTATE_StandFiddle(DCVars_tag *, Drone_tag *, obj_tag *, MsgObject *)
  3957: 00168910   408 FUNC    GLOBAL DEFAULT    1 NDrone2_DSTATE_EnemyRunToPoint(DCVars_tag *, Drone_tag *, obj_tag *, MsgObject *)
  3958: 00168aa8   624 FUNC    GLOBAL DEFAULT    1 NDrone2_DSTATE_RunAwayFromObject(DCVars_tag *, Drone_tag *, obj_tag *, MsgObject *)
  3959: 00168d18   396 FUNC    GLOBAL DEFAULT    1 NDrone2_DSTATE_HideFromScaryObject(DCVars_tag *, Drone_tag *, obj_tag *, MsgObject *)
  3960: 00168ea8   668 FUNC    GLOBAL DEFAULT    1 NDrone2_DSTATE_PressAlarm(DCVars_tag *, Drone_tag *, obj_tag *, MsgObject *)
  3961: 00169150   824 FUNC    GLOBAL DEFAULT    1 NDrone2_DSTATE_RunForCover(DCVars_tag *, Drone_tag *, obj_tag *, MsgObject *)
  3962: 00169488   388 FUNC    GLOBAL DEFAULT    1 NDrone2_DSTATE_ElevatorJumper(DCVars_tag *, Drone_tag *, obj_tag *, MsgObject *)
  3963: 00169610   288 FUNC    GLOBAL DEFAULT    1 NDrone2_DSTATE_AbseilInit(DCVars_tag *, Drone_tag *, obj_tag *, MsgObject *)
  3964: 00169730   524 FUNC    GLOBAL DEFAULT    1 NDrone2_DSTATE_AbseilSlide(DCVars_tag *, Drone_tag *, obj_tag *, MsgObject *)
  3965: 00169940   484 FUNC    GLOBAL DEFAULT    1 NDrone2_DSTATE_AbseilHang(DCVars_tag *, Drone_tag *, obj_tag *, MsgObject *)
  3966: 00169b28   408 FUNC    GLOBAL DEFAULT    1 NDrone2_DSTATE_AbseilDeath(DCVars_tag *, Drone_tag *, obj_tag *, MsgObject *)
  3967: 00169cc0   404 FUNC    GLOBAL DEFAULT    1 NDrone2_DSTATE_UnderCoverInit(DCVars_tag *, Drone_tag *, obj_tag *, MsgObject *)
  3968: 00169e58  1144 FUNC    GLOBAL DEFAULT    1 NDrone2_DSTATE_UnderCoverIdle(DCVars_tag *, Drone_tag *, obj_tag *, MsgObject *)
  3969: 0016a2d0   272 FUNC    GLOBAL DEFAULT    1 NDrone2_DSTATE_UnderCoverAim(DCVars_tag *, Drone_tag *, obj_tag *, MsgObject *)
  3970: 0016a3e0   560 FUNC    GLOBAL DEFAULT    1 NDrone2_DSTATE_UnderCoverFire(DCVars_tag *, Drone_tag *, obj_tag *, MsgObject *)
  3971: 0016a610   672 FUNC    GLOBAL DEFAULT    1 NDrone2_DSTATE_UnderCoverSniperFire(DCVars_tag *, Drone_tag *, obj_tag *, MsgObject *)
  3972: 0016a8b0   272 FUNC    GLOBAL DEFAULT    1 NDrone2_DSTATE_UnderCoverSniperReload(DCVars_tag *, Drone_tag *, obj_tag *, MsgObject *)
  3973: 0016a9c0   376 FUNC    GLOBAL DEFAULT    1 NDrone2_DSTATE_UnderCoverReturn(DCVars_tag *, Drone_tag *, obj_tag *, MsgObject *)
  3974: 0016ab38   404 FUNC    GLOBAL DEFAULT    1 NDrone2_DSTATE_UnderCoverLeaveNow(DCVars_tag *, Drone_tag *, obj_tag *, MsgObject *)
  3975: 0016acd0   272 FUNC    GLOBAL DEFAULT    1 NDrone2_DSTATE_SeenDeadBody(DCVars_tag *, Drone_tag *, obj_tag *, MsgObject *)
  3976: 0016ade0   316 FUNC    GLOBAL DEFAULT    1 NDrone2_DSTATE_SeenSurrenderedDrone(DCVars_tag *, Drone_tag *, obj_tag *, MsgObject *)
  3977: 0016af20   444 FUNC    GLOBAL DEFAULT    1 NDrone2_DSTATE_HeardNoiseAware(DCVars_tag *, Drone_tag *, obj_tag *, MsgObject *)
  3978: 0016b0e0  1116 FUNC    GLOBAL DEFAULT    1 NDrone2_DSTATE_HeardNoiseSuspect(DCVars_tag *, Drone_tag *, obj_tag *, MsgObject *)
  3979: 0016b540   820 FUNC    GLOBAL DEFAULT    1 NDrone2_DSTATE_HeardNoiseAlert(DCVars_tag *, Drone_tag *, obj_tag *, MsgObject *)
  3980: 0016b878   276 FUNC    GLOBAL DEFAULT    1 NDrone2_DSTATE_SmokedOut_Loop(DCVars_tag *, Drone_tag *, obj_tag *, MsgObject *)
  3981: 0016b990   448 FUNC    GLOBAL DEFAULT    1 NDrone2_DSTATE_NinjaStand(DCVars_tag *, Drone_tag *, obj_tag *, MsgObject *)
  3982: 0016bb50  1136 FUNC    GLOBAL DEFAULT    1 NDrone2_DSTATE_NinjaAttack(DCVars_tag *, Drone_tag *, obj_tag *, MsgObject *)
  3983: 0016bfc0   648 FUNC    GLOBAL DEFAULT    1 NDrone2_DSTATE_NinjaAttackLongRange(DCVars_tag *, Drone_tag *, obj_tag *, MsgObject *)
  3984: 0016c248  1032 FUNC    GLOBAL DEFAULT    1 NDrone2_DSTATE_NinjaAttackMidRange(DCVars_tag *, Drone_tag *, obj_tag *, MsgObject *)
  3985: 0016c650  1312 FUNC    GLOBAL DEFAULT    1 NDrone2_DSTATE_NinjaAttackShortRange(DCVars_tag *, Drone_tag *, obj_tag *, MsgObject *)
  3986: 0016cb70   608 FUNC    GLOBAL DEFAULT    1 NDrone2_DSTATE_NinjaGetCloseToPlayer(DCVars_tag *, Drone_tag *, obj_tag *, MsgObject *)
  3987: 0016cdd0   408 FUNC    GLOBAL DEFAULT    1 NDrone2_DSTATE_NinjaSideflipLeft(DCVars_tag *, Drone_tag *, obj_tag *, MsgObject *)
  3988: 0016cf68   408 FUNC    GLOBAL DEFAULT    1 NDrone2_DSTATE_NinjaSideflipRight(DCVars_tag *, Drone_tag *, obj_tag *, MsgObject *)
  3989: 0016d100   404 FUNC    GLOBAL DEFAULT    1 NDrone2_DSTATE_NinjaSword(DCVars_tag *, Drone_tag *, obj_tag *, MsgObject *)
  3990: 0016d298   408 FUNC    GLOBAL DEFAULT    1 NDrone2_DSTATE_NinjaSomersault(DCVars_tag *, Drone_tag *, obj_tag *, MsgObject *)
  3991: 0016d430   392 FUNC    GLOBAL DEFAULT    1 NDrone2_DSTATE_NinjaBackflip(DCVars_tag *, Drone_tag *, obj_tag *, MsgObject *)
  3992: 0016d5b8   704 FUNC    GLOBAL DEFAULT    1 NDrone2_DSTATE_NinjaStandFire(DCVars_tag *, Drone_tag *, obj_tag *, MsgObject *)
  3993: 0016d878   788 FUNC    GLOBAL DEFAULT    1 NDrone2_DSTATE_NinjaNoRoute(DCVars_tag *, Drone_tag *, obj_tag *, MsgObject *)
  3994: 0016db90   408 FUNC    GLOBAL DEFAULT    1 NDrone2_DSTATE_Tester1(DCVars_tag *, Drone_tag *, obj_tag *, MsgObject *)
  3995: 0016dd28   440 FUNC    GLOBAL DEFAULT    1 NDrone2_DSTATE_AstronautLaunch(DCVars_tag *, Drone_tag *, obj_tag *, MsgObject *)
  3996: 0016dee0   384 FUNC    GLOBAL DEFAULT    1 NDrone2_DSTATE_SpaceDrake(DCVars_tag *, Drone_tag *, obj_tag *, MsgObject *)
  3997: 0016e060  4404 FUNC    GLOBAL DEFAULT    1 NDrone2_DSTATE_BotGlobal(DCVars_tag *, Drone_tag *, obj_tag *, MsgObject *)
  3998: 0016f198   504 FUNC    GLOBAL DEFAULT    1 NDrone2_DSTATE_BotAttack(DCVars_tag *, Drone_tag *, obj_tag *, MsgObject *)
  3999: 0016f390   596 FUNC    GLOBAL DEFAULT    1 NDrone2_DSTATE_BotAttackRun(DCVars_tag *, Drone_tag *, obj_tag *, MsgObject *)
  4000: 0016f5e8   616 FUNC    GLOBAL DEFAULT    1 NDrone2_DSTATE_BotAttackFire(DCVars_tag *, Drone_tag *, obj_tag *, MsgObject *)
  4001: 0016f850   360 FUNC    GLOBAL DEFAULT    1 NDrone2_DSTATE_BotAttackStrafeAimLeft(DCVars_tag *, Drone_tag *, obj_tag *, MsgObject *)
  4002: 0016f9b8   360 FUNC    GLOBAL DEFAULT    1 NDrone2_DSTATE_BotAttackStrafeAimRight(DCVars_tag *, Drone_tag *, obj_tag *, MsgObject *)
  4003: 0016fb20   268 FUNC    GLOBAL DEFAULT    1 NDrone2_DSTATE_BotAttackRunChangePosition(DCVars_tag *, Drone_tag *, obj_tag *, MsgObject *)
  4004: 0016fc30   588 FUNC    GLOBAL DEFAULT    1 NDrone2_DSTATE_BotAttackBackoff(DCVars_tag *, Drone_tag *, obj_tag *, MsgObject *)
  4005: 0016fe80   784 FUNC    GLOBAL DEFAULT    1 NDrone2_DSTATE_BotAttackCrouch(DCVars_tag *, Drone_tag *, obj_tag *, MsgObject *)
  4006: 00170190   336 FUNC    GLOBAL DEFAULT    1 NDrone2_DSTATE_BotAttackReload(DCVars_tag *, Drone_tag *, obj_tag *, MsgObject *)
  4007: 001702e0   360 FUNC    GLOBAL DEFAULT    1 NDrone2_DSTATE_BotCoverRunTo(DCVars_tag *, Drone_tag *, obj_tag *, MsgObject *)
  4008: 00170448   356 FUNC    GLOBAL DEFAULT    1 NDrone2_DSTATE_BotCoverInit(DCVars_tag *, Drone_tag *, obj_tag *, MsgObject *)
  4009: 001705b0   824 FUNC    GLOBAL DEFAULT    1 NDrone2_DSTATE_BotCoverIdle(DCVars_tag *, Drone_tag *, obj_tag *, MsgObject *)
  4010: 001708e8   232 FUNC    GLOBAL DEFAULT    1 NDrone2_DSTATE_BotCoverAim(DCVars_tag *, Drone_tag *, obj_tag *, MsgObject *)
  4011: 001709d0   448 FUNC    GLOBAL DEFAULT    1 NDrone2_DSTATE_BotCoverFire(DCVars_tag *, Drone_tag *, obj_tag *, MsgObject *)
  4012: 00170b90   364 FUNC    GLOBAL DEFAULT    1 NDrone2_DSTATE_BotCoverReturn(DCVars_tag *, Drone_tag *, obj_tag *, MsgObject *)
  4013: 00170d00   288 FUNC    GLOBAL DEFAULT    1 NDrone2_DSTATE_BotCoverTypeChange(DCVars_tag *, Drone_tag *, obj_tag *, MsgObject *)
  4014: 00170e20   280 FUNC    GLOBAL DEFAULT    1 NDrone2_DSTATE_BotCoverLeave(DCVars_tag *, Drone_tag *, obj_tag *, MsgObject *)
  4015: 00170f38   272 FUNC    GLOBAL DEFAULT    1 NDrone2_DSTATE_BotCoverLeaveNow(DCVars_tag *, Drone_tag *, obj_tag *, MsgObject *)
  4016: 00171048   500 FUNC    GLOBAL DEFAULT    1 NDrone2_DSTATE_BotAlertToPosition(DCVars_tag *, Drone_tag *, obj_tag *, MsgObject *)
  4017: 00171240   432 FUNC    GLOBAL DEFAULT    1 NDrone2_DSTATE_BotGotoGoalPosition(DCVars_tag *, Drone_tag *, obj_tag *, MsgObject *)
  4018: 001713f0   296 FUNC    GLOBAL DEFAULT    1 NDrone2_DSTATE_BotImpactBullet(DCVars_tag *, Drone_tag *, obj_tag *, MsgObject *)
  4019: 00171518   440 FUNC    GLOBAL DEFAULT    1 NDrone2_DSTATE_BotDead(DCVars_tag *, Drone_tag *, obj_tag *, MsgObject *)
  4020: 001716d0   528 FUNC    GLOBAL DEFAULT    1 NDrone2_DSTATE_BotDoorOpen(DCVars_tag *, Drone_tag *, obj_tag *, MsgObject *)
  4021: 001718e0   668 FUNC    GLOBAL DEFAULT    1 NDrone2_DSTATE_BotGuardFriendFollow(DCVars_tag *, Drone_tag *, obj_tag *, MsgObject *)
  4022: 00171b80   632 FUNC    GLOBAL DEFAULT    1 NDrone2_DSTATE_BotIdle(DCVars_tag *, Drone_tag *, obj_tag *, MsgObject *)
  4023: 0029b300  1000 OBJECT  GLOBAL DEFAULT    4 NDrone2_StateFuncs
  4024: 00172440   176 FUNC    GLOBAL DEFAULT    1 NDrone2_DSTATE_Disabled(DCVars_tag *, Drone_tag *, obj_tag *, MsgObject *)
  4025: 001724f0   176 FUNC    GLOBAL DEFAULT    1 NDrone2_DSTATE_InitPatrol(DCVars_tag *, Drone_tag *, obj_tag *, MsgObject *)
  4026: 001725a0   136 FUNC    GLOBAL DEFAULT    1 NDrone2_DSTATE_HostageDie(DCVars_tag *, Drone_tag *, obj_tag *, MsgObject *)
  4027: 00172628   260 FUNC    GLOBAL DEFAULT    1 NDrone2_DSTATE_HostageDead(DCVars_tag *, Drone_tag *, obj_tag *, MsgObject *)
  4028: 00172730   220 FUNC    GLOBAL DEFAULT    1 NDrone2_DSTATE_CivilianInit(DCVars_tag *, Drone_tag *, obj_tag *, MsgObject *)
  4029: 00172810    92 FUNC    GLOBAL DEFAULT    1 NDrone2_DSTATE_ReturnToPatrolPath(DCVars_tag *, Drone_tag *, obj_tag *, MsgObject *)
  4030: 00172870    76 FUNC    GLOBAL DEFAULT    1 NDrone2_DSTATE_StandBlind(DCVars_tag *, Drone_tag *, obj_tag *, MsgObject *)
  4031: 00173480   236 FUNC    GLOBAL DEFAULT    1 NDrone2_DSTATE_GrenadeThrow(DCVars_tag *, Drone_tag *, obj_tag *, MsgObject *)
  4032: 001728c0   160 FUNC    GLOBAL DEFAULT    1 NDrone2_DSTATE_PartyGirlInit(DCVars_tag *, Drone_tag *, obj_tag *, MsgObject *)
  4033: 00172960   140 FUNC    GLOBAL DEFAULT    1 NDrone2_DSTATE_AmbushInit(DCVars_tag *, Drone_tag *, obj_tag *, MsgObject *)
  4034: 001729f0    60 FUNC    GLOBAL DEFAULT    1 NDrone2_DSTATE_Interogator(DCVars_tag *, Drone_tag *, obj_tag *, MsgObject *)
  4035: 00172a30   280 FUNC    GLOBAL DEFAULT    1 NDrone2_DSTATE_KnockedOut_Anim(DCVars_tag *, Drone_tag *, obj_tag *, MsgObject *)
  4036: 00172b48   104 FUNC    GLOBAL DEFAULT    1 NDrone2_DSTATE_Knocked_Out(DCVars_tag *, Drone_tag *, obj_tag *, MsgObject *)
  4037: 00172cd8   252 FUNC    GLOBAL DEFAULT    1 NDrone2_DSTATE_Fade(DCVars_tag *, Drone_tag *, obj_tag *, MsgObject *)
  4038: 00172dd8   260 FUNC    GLOBAL DEFAULT    1 NDrone2_DSTATE_FadeFast(DCVars_tag *, Drone_tag *, obj_tag *, MsgObject *)
  4039: 00172bb0   296 FUNC    GLOBAL DEFAULT    1 NDrone2_DSTATE_StunGrenadeImpact(DCVars_tag *, Drone_tag *, obj_tag *, MsgObject *)
  4040: 00172ee0   208 FUNC    GLOBAL DEFAULT    1 NDrone2_DSTATE_PunchImpact(DCVars_tag *, Drone_tag *, obj_tag *, MsgObject *)
  4041: 00172fb0   228 FUNC    GLOBAL DEFAULT    1 NDrone2_DSTATE_ExplosiveImpact(DCVars_tag *, Drone_tag *, obj_tag *, MsgObject *)
  4042: 00173098   224 FUNC    GLOBAL DEFAULT    1 NDrone2_DSTATE_BulletImpact(DCVars_tag *, Drone_tag *, obj_tag *, MsgObject *)
  4043: 00173178    60 FUNC    GLOBAL DEFAULT    1 NDrone2_DSTATE_Alerted1stEncounter(DCVars_tag *, Drone_tag *, obj_tag *, MsgObject *)
  4044: 001731b8   196 FUNC    GLOBAL DEFAULT    1 NDrone2_DSTATE_Combat(DCVars_tag *, Drone_tag *, obj_tag *, MsgObject *)
  4045: 00173280   180 FUNC    GLOBAL DEFAULT    1 NDrone2_DSTATE_CombatNewSighting(DCVars_tag *, Drone_tag *, obj_tag *, MsgObject *)
  4046: 00173338    84 FUNC    GLOBAL DEFAULT    1 NDrone2_DSTATE_CombatTooClose(DCVars_tag *, Drone_tag *, obj_tag *, MsgObject *)
  4047: 00173390   236 FUNC    GLOBAL DEFAULT    1 NDrone2_DSTATE_Obstructed(DCVars_tag *, Drone_tag *, obj_tag *, MsgObject *)
  4048: 00173c50   224 FUNC    GLOBAL DEFAULT    1 NDrone2_DSTATE_SmokedOut(DCVars_tag *, Drone_tag *, obj_tag *, MsgObject *)
  4049: 00173d30   212 FUNC    GLOBAL DEFAULT    1 NDrone2_DSTATE_SmokedOut_Recover(DCVars_tag *, Drone_tag *, obj_tag *, MsgObject *)
  4050: 00173570   228 FUNC    GLOBAL DEFAULT    1 NDrone2_DSTATE_HoldItRightThere(DCVars_tag *, Drone_tag *, obj_tag *, MsgObject *)
  4051: 00173658   160 FUNC    GLOBAL DEFAULT    1 NDrone2_DSTATE_RecoverFromScaryObject(DCVars_tag *, Drone_tag *, obj_tag *, MsgObject *)
  4052: 001736f8   212 FUNC    GLOBAL DEFAULT    1 NDrone2_DSTATE_RunToAlarm(DCVars_tag *, Drone_tag *, obj_tag *, MsgObject *)
  4053: 001737d0   248 FUNC    GLOBAL DEFAULT    1 NDrone2_DSTATE_DonePressAlarm(DCVars_tag *, Drone_tag *, obj_tag *, MsgObject *)
  4054: 001738e0   216 FUNC    GLOBAL DEFAULT    1 NDrone2_DSTATE_AbseilStepOff(DCVars_tag *, Drone_tag *, obj_tag *, MsgObject *)
  4055: 001739b8   260 FUNC    GLOBAL DEFAULT    1 NDrone2_DSTATE_UnderCoverTypeChange(DCVars_tag *, Drone_tag *, obj_tag *, MsgObject *)
  4056: 00173ac0   116 FUNC    GLOBAL DEFAULT    1 NDrone2_DSTATE_UnderCoverLeave(DCVars_tag *, Drone_tag *, obj_tag *, MsgObject *)
  4057: 00173b38    60 FUNC    GLOBAL DEFAULT    1 NDrone2_DSTATE_SeenOpponent(DCVars_tag *, Drone_tag *, obj_tag *, MsgObject *)
  4058: 00173b78    60 FUNC    GLOBAL DEFAULT    1 NDrone2_DSTATE_SeenDroneShot(DCVars_tag *, Drone_tag *, obj_tag *, MsgObject *)
  4059: 00173bb8    48 FUNC    GLOBAL DEFAULT    1 NDrone2_DSTATE_SeenExplosive(DCVars_tag *, Drone_tag *, obj_tag *, MsgObject *)
  4060: 00173be8   100 FUNC    GLOBAL DEFAULT    1 NDrone2_DSTATE_HeardNoise(DCVars_tag *, Drone_tag *, obj_tag *, MsgObject *)
  4061: 00173e08   244 FUNC    GLOBAL DEFAULT    1 NDrone2_DSTATE_NinjaSideflip(DCVars_tag *, Drone_tag *, obj_tag *, MsgObject *)
  4062: 00173f00   100 FUNC    GLOBAL DEFAULT    1 NDrone2_DSTATE_DeleteMe(DCVars_tag *, Drone_tag *, obj_tag *, MsgObject *)
  4063: 00173f68    88 FUNC    GLOBAL DEFAULT    1 NDrone2_DSTATE_FailMission(DCVars_tag *, Drone_tag *, obj_tag *, MsgObject *)
  4064: 00173fc0   396 FUNC    GLOBAL DEFAULT    1 NDrone2_DSTATE_JustStand(DCVars_tag *, Drone_tag *, obj_tag *, MsgObject *)
  4065: 00174150   116 FUNC    GLOBAL DEFAULT    1 NDrone2_DSTATE_Tester2(DCVars_tag *, Drone_tag *, obj_tag *, MsgObject *)
  4066: 001741c8   272 FUNC    GLOBAL DEFAULT    1 NDrone2_DSTATE_Tester3(DCVars_tag *, Drone_tag *, obj_tag *, MsgObject *)
  4067: 001742d8   256 FUNC    GLOBAL DEFAULT    1 NDrone2_DSTATE_Tester4(DCVars_tag *, Drone_tag *, obj_tag *, MsgObject *)
  4068: 001743d8    84 FUNC    GLOBAL DEFAULT    1 NDrone2_DSTATE_HangUp(DCVars_tag *, Drone_tag *, obj_tag *, MsgObject *)
  4069: 00174430    36 FUNC    GLOBAL DEFAULT    1 NDrone2_DSTATE_WaitForever(DCVars_tag *, Drone_tag *, obj_tag *, MsgObject *)
  4070: 00174690   296 FUNC    GLOBAL DEFAULT    1 NDrone2_DSTATE_AstronautHit(DCVars_tag *, Drone_tag *, obj_tag *, MsgObject *)
  4071: 001747b8   268 FUNC    GLOBAL DEFAULT    1 NDrone2_DSTATE_AstronautDeath(DCVars_tag *, Drone_tag *, obj_tag *, MsgObject *)
  4072: 00174458   244 FUNC    GLOBAL DEFAULT    1 NDrone2_DSTATE_AstronautCombat(DCVars_tag *, Drone_tag *, obj_tag *, MsgObject *)
  4073: 00174550   320 FUNC    GLOBAL DEFAULT    1 NDrone2_DSTATE_AstronautCombatMove(DCVars_tag *, Drone_tag *, obj_tag *, MsgObject *)
  4074: 001748c8   112 FUNC    GLOBAL DEFAULT    1 NDrone2_DSTATE_BotInit(DCVars_tag *, Drone_tag *, obj_tag *, MsgObject *)
  4075: 00174938    68 FUNC    GLOBAL DEFAULT    1 NDrone2_DSTATE_BotRespawn(DCVars_tag *, Drone_tag *, obj_tag *, MsgObject *)
  4076: 00174980   164 FUNC    GLOBAL DEFAULT    1 NDrone2_DSTATE_BotCollector(DCVars_tag *, Drone_tag *, obj_tag *, MsgObject *)
  4077: 00174a28    72 FUNC    GLOBAL DEFAULT    1 NDrone2_DSTATE_BotGuardian(DCVars_tag *, Drone_tag *, obj_tag *, MsgObject *)
  4078: 00174a70    72 FUNC    GLOBAL DEFAULT    1 NDrone2_DSTATE_BotTeamPlayer(DCVars_tag *, Drone_tag *, obj_tag *, MsgObject *)
  4079: 00174ab8    72 FUNC    GLOBAL DEFAULT    1 NDrone2_DSTATE_BotBully(DCVars_tag *, Drone_tag *, obj_tag *, MsgObject *)
  4080: 00174b00    72 FUNC    GLOBAL DEFAULT    1 NDrone2_DSTATE_BotBerserker(DCVars_tag *, Drone_tag *, obj_tag *, MsgObject *)
  4081: 00174b48    72 FUNC    GLOBAL DEFAULT    1 NDrone2_DSTATE_BotGreedy(DCVars_tag *, Drone_tag *, obj_tag *, MsgObject *)
  4082: 00174b90    72 FUNC    GLOBAL DEFAULT    1 NDrone2_DSTATE_BotVengeful(DCVars_tag *, Drone_tag *, obj_tag *, MsgObject *)
  4083: 00174bd8    72 FUNC    GLOBAL DEFAULT    1 NDrone2_DSTATE_BotJudge(DCVars_tag *, Drone_tag *, obj_tag *, MsgObject *)
  4084: 00174c20    72 FUNC    GLOBAL DEFAULT    1 NDrone2_DSTATE_BotAssassin(DCVars_tag *, Drone_tag *, obj_tag *, MsgObject *)
  4085: 00174c68   100 FUNC    GLOBAL DEFAULT    1 NDrone2_DSTATE_BotAttackNoRoute(DCVars_tag *, Drone_tag *, obj_tag *, MsgObject *)
  4086: 00174cd0    72 FUNC    GLOBAL DEFAULT    1 NDrone2_DSTATE_BotAttackNoOpponent(DCVars_tag *, Drone_tag *, obj_tag *, MsgObject *)
  4087: 00174d18   184 FUNC    GLOBAL DEFAULT    1 NDrone2_DSTATE_BotAttackRollLeftCrouch(DCVars_tag *, Drone_tag *, obj_tag *, MsgObject *)
  4088: 00174dd0   184 FUNC    GLOBAL DEFAULT    1 NDrone2_DSTATE_BotAttackRollRightCrouch(DCVars_tag *, Drone_tag *, obj_tag *, MsgObject *)
  4089: 00174e88   284 FUNC    GLOBAL DEFAULT    1 NDrone2_DSTATE_BotAttackStepAimLeft(DCVars_tag *, Drone_tag *, obj_tag *, MsgObject *)
  4090: 00174fa8   284 FUNC    GLOBAL DEFAULT    1 NDrone2_DSTATE_BotAttackStepAimRight(DCVars_tag *, Drone_tag *, obj_tag *, MsgObject *)
  4091: 001750c8   188 FUNC    GLOBAL DEFAULT    1 NDrone2_DSTATE_BotAttackChangeWeapon(DCVars_tag *, Drone_tag *, obj_tag *, MsgObject *)
  4092: 00175188   152 FUNC    GLOBAL DEFAULT    1 NDrone2_DSTATE_BotAttackUnarmed(DCVars_tag *, Drone_tag *, obj_tag *, MsgObject *)
  4093: 00175220    72 FUNC    GLOBAL DEFAULT    1 NDrone2_DSTATE_BotStuck(DCVars_tag *, Drone_tag *, obj_tag *, MsgObject *)
  4094: 00175268    72 FUNC    GLOBAL DEFAULT    1 NDrone2_DSTATE_BotSeenOpponent(DCVars_tag *, Drone_tag *, obj_tag *, MsgObject *)
  4095: 001752b0    72 FUNC    GLOBAL DEFAULT    1 NDrone2_DSTATE_BotSeenDroneShot(DCVars_tag *, Drone_tag *, obj_tag *, MsgObject *)
  4096: 001752f8    12 FUNC    GLOBAL DEFAULT    1 NDrone2_DSTATE_BotHeardNoise(DCVars_tag *, Drone_tag *, obj_tag *, MsgObject *)
  4097: 00175308   124 FUNC    GLOBAL DEFAULT    1 NDrone2_DSTATE_BotImpactExplosive(DCVars_tag *, Drone_tag *, obj_tag *, MsgObject *)
  4098: 00175388   144 FUNC    GLOBAL DEFAULT    1 NDrone2_DSTATE_BotImpactPunch(DCVars_tag *, Drone_tag *, obj_tag *, MsgObject *)
  4099: 00175508   156 FUNC    GLOBAL DEFAULT    1 NDrone2_DSTATE_BotDeathAnim(DCVars_tag *, Drone_tag *, obj_tag *, MsgObject *)
  4100: 001755a8   216 FUNC    GLOBAL DEFAULT    1 NDrone2_DSTATE_BotDeathByExplosion(DCVars_tag *, Drone_tag *, obj_tag *, MsgObject *)
  4101: 00175418   236 FUNC    GLOBAL DEFAULT    1 NDrone2_DSTATE_BotImpactStunGrenade(DCVars_tag *, Drone_tag *, obj_tag *, MsgObject *)
  4102: 00175680   248 FUNC    GLOBAL DEFAULT    1 NDrone2_DSTATE_BotGuardFriendIdle(DCVars_tag *, Drone_tag *, obj_tag *, MsgObject *)
  4103: 0029b6e8    16 OBJECT  GLOBAL DEFAULT    4 Drone_SM_LLDelayed
  4104: 00175778    72 FUNC    GLOBAL DEFAULT    1 NDrone2_ProcessStateMachine(DCVars_tag *, unsigned int, MsgObject *)
  4105: 0029b6f8 32768 OBJECT  GLOBAL DEFAULT    4 Drone_SM_LLItems
  4106: 00177ed0   472 FUNC    GLOBAL DEFAULT    1 DroneVision_EnemyLookForOpponent(DCVars_tag *)
  4107: 00177c18   692 FUNC    GLOBAL DEFAULT    1 DroneVision_EnemyAlerts(DCVars_tag *, MsgObject *)
  4108: 001787c8   212 FUNC    GLOBAL DEFAULT    1 NDrone2_NearArmedPerson(DCVars_tag *, float)
  4109: 00177420   540 FUNC    GLOBAL DEFAULT    1 NDrone2_NearArmedDrone(DCVars_tag *, float, signed char)
  4110: 00177640   444 FUNC    GLOBAL DEFAULT    1 NDrone2_NotNearArmedDrone(DCVars_tag *, float)
  4111: 00178ae0   360 FUNC    GLOBAL DEFAULT    1 DroneWeap_AimTarget_IsOpponent(signed char, signed char, DCVars_tag *)
  4112: 0017a8c0   112 FUNC    GLOBAL DEFAULT    1 DroneWeap_Fire(signed char, DCVars_tag *)
  4113: 00178678   236 FUNC    GLOBAL DEFAULT    1 NDrone2_NearArmedBond(DCVars_tag *, float)
  4114: 00178308    16 FUNC    GLOBAL DEFAULT    1 DroneVision_SetInterogateAssist(Drone_tag *)
  4115: 00178348    72 FUNC    GLOBAL DEFAULT    1 DroneVision_TestEndInterogationAssist(Drone_tag *)
  4116: 00178318    44 FUNC    GLOBAL DEFAULT    1 DroneVision_EndInterogateAssist(Drone_tag *)
  4117: 001782a8    28 FUNC    GLOBAL DEFAULT    1 DroneVision_BeginInterogate(Drone_tag *)
  4118: 001782c8    60 FUNC    GLOBAL DEFAULT    1 DroneVision_EndInterogate(Drone_tag *)
  4119: 001997b8   132 FUNC    GLOBAL DEFAULT    1 PlrStat_LogEnemySurrender(unsigned int)
  4120: 001770f0   816 FUNC    GLOBAL DEFAULT    1 NDrone2_ReactToOpponentSighted(DCVars_tag *, short)
  4121: 0018be50    68 FUNC    GLOBAL DEFAULT    1 MP_resetPickupBotVisitTimes(unsigned short)
  4122: 0018bf08    88 FUNC    GLOBAL DEFAULT    1 MP_PlayerOrBotInd(obj_tag *)
  4123: 00199730   132 FUNC    GLOBAL DEFAULT    1 PlrStat_LogEnemyDisabled(unsigned int)
  4124: 0018bbc8    88 FUNC    GLOBAL DEFAULT    1 MP_sendTeamBotMessage(unsigned int, unsigned int, unsigned int, unsigned int, unsigned int)
  4125: 00188f70  1984 FUNC    GLOBAL DEFAULT    1 MP_PlayerKilled(obj_tag *)
  4126: 00178520   192 FUNC    GLOBAL DEFAULT    1 DroneVision_GunThroughWall(Drone_tag *)
  4127: 00176f18   472 FUNC    GLOBAL DEFAULT    1 DroneVision_CanSeeObjectFrom(Drone_tag *, obj_tag *, unsigned int, _VECTOR *, cel_tag *, unsigned int)
  4128: 001780a8   252 FUNC    GLOBAL DEFAULT    1 DroneVision_LogSeenOpponent(Drone_tag *)
  4129: 001760b0   412 FUNC    GLOBAL DEFAULT    1 DroneVision_DroneCanSeeDrone(Drone_tag *, Drone_tag *, signed char *)
  4130: 00199960   128 FUNC    GLOBAL DEFAULT    1 PlrStat_LogEnemyDetectedPlayer(unsigned int)
  4131: 0017a5a0   316 FUNC    GLOBAL DEFAULT    1 DroneWeap_GetWeaponInfo(Drone_tag *, int *, unsigned int *, unsigned short *, _VECTOR *, _VECTOR *)
  4132: 00178c48   800 FUNC    GLOBAL DEFAULT    1 DroneWeap_Ready2Fire(DCVars_tag *)
  4133: 00179740   772 FUNC    GLOBAL DEFAULT    1 DroneWeap_DoBulletAccuracy(DCVars_tag *)
  4134: 00179a48   352 FUNC    GLOBAL DEFAULT    1 DroneWeap_DoOpponentTargetting(DCVars_tag *)
  4135: 00181560   276 FUNC    GLOBAL DEFAULT    1 GT_DeployMiniGun(_VECTOR *, MATRIX *, obj_tag *)
  4136: 001def70   268 FUNC    GLOBAL DEFAULT    1 Mat_Rotate(_VECTOR *, MATRIX *)
  4137: 001e26b0   364 FUNC    GLOBAL DEFAULT    1 MulMatrix2(MATRIX const *, MATRIX *)
  4138: 0017a938   520 FUNC    GLOBAL DEFAULT    1 ColourGetValue(KEYED_CLR *, float, KEYED_CLR *, int)
  4139: 0017ab40   704 FUNC    GLOBAL DEFAULT    1 Emitter_LoadDefs(unsigned char *)
  4140: 0017b708   320 FUNC    GLOBAL DEFAULT    1 Emitter_Draw(obj_tag *, viewer_tag *)
  4141: 0017b848   276 FUNC    GLOBAL DEFAULT    1 Emitter_CreatePlist(MATRIX *, level_tag *)
  4142: 001e8b10    56 FUNC    GLOBAL DEFAULT    1 BIN_GetDWord(unsigned char **)
  4143: 001e8af0    32 FUNC    GLOBAL DEFAULT    1 BIN_GetWord(unsigned char **)
  4144: 001e8b48    60 FUNC    GLOBAL DEFAULT    1 BIN_GetFloat(unsigned char **)
  4145: 001ca060   336 FUNC    GLOBAL DEFAULT    1 hashtable_additem(unsigned int, void const *)
  4146: 001e4b78   276 FUNC    GLOBAL DEFAULT    1 Vec_MakeOrthonormalBasis(_VECTOR *, _VECTOR *, _VECTOR *)
  4147: 001e3418    28 FUNC    GLOBAL DEFAULT    1 Mat_SetDir(_VECTOR *, MATRIX *)
  4148: 001e3458    28 FUNC    GLOBAL DEFAULT    1 Mat_SetNorm(_VECTOR *, MATRIX *)
  4149: 001e3438    28 FUNC    GLOBAL DEFAULT    1 Mat_SetUp(_VECTOR *, MATRIX *)
  4150: 0017b968   800 FUNC    GLOBAL DEFAULT    1 Env_Create(_VECTOR *, _VECTOR *, celglist_tag *, level_tag *)
  4151: 0030cb4c     4 OBJECT  GLOBAL DEFAULT   13 GlobalEnv
  4152: 0017bc88   376 FUNC    GLOBAL DEFAULT    1 Env_Update(void)
  4153: 0017c048   208 FUNC    GLOBAL DEFAULT    1 Env_GetWindVel(cel_tag *, _VECTOR *, _VECTOR *)
  4154: 0017c1b0    76 FUNC    GLOBAL DEFAULT    1 Env_Reset(void)
  4155: 0017c200   296 FUNC    GLOBAL DEFAULT    1 Env_Tree_Create(_VECTOR *, _VECTOR *, level_tag *)
  4156: 0018bf68   784 FUNC    GLOBAL DEFAULT    1 InitDrops(unsigned char)
  4157: 002d88a0    16 OBJECT  GLOBAL DEFAULT    4 SunVector
  4158: 0018c580  1552 FUNC    GLOBAL DEFAULT    1 UpdateDrops(void)
  4159: 002d6270  1376 OBJECT  GLOBAL DEFAULT    4 GfxList
  4160: 0018d838     8 FUNC    GLOBAL DEFAULT    1 InitRainBox(void)
  4161: 001e36f0    72 FUNC    GLOBAL DEFAULT    1 Rand_Random(void)
  4162: 0017ce28   520 FUNC    GLOBAL DEFAULT    1 Mine_Create(_VECTOR *, _VECTOR *, level_tag *, celglist_tag *)
  4163: 0017d030   140 FUNC    GLOBAL DEFAULT    1 Shooter_Create(_VECTOR *, _VECTOR *, level_tag *, celglist_tag *)
  4164: 001da998   736 FUNC    GLOBAL DEFAULT    1 Script_Update(SCRIPTINFO *)
  4165: 001db630    56 FUNC    GLOBAL DEFAULT    1 Script_IsPlaying(SCRIPTINFO *)
  4166: 001da880   276 FUNC    GLOBAL DEFAULT    1 Script_Free(SCRIPTINFO *)
  4167: 001ac808   576 FUNC    GLOBAL DEFAULT    1 Debris_CreateEx(_VECTOR *, _VECTOR *, _VECTOR *, float, unsigned int, unsigned int, cel_tag *, unsigned int *, unsigned int)
  4168: 0018b2c8   112 FUNC    GLOBAL DEFAULT    1 MP_ApplyDamage(obj_tag *, float, obj_tag *)
  4169: 001816d8    20 FUNC    GLOBAL DEFAULT    1 GT_ApplyDamage(obj_tag *, float)
  4170: 001b08a8     8 FUNC    GLOBAL DEFAULT    1 Sensor_ApplyDamage(obj_tag *, float)
  4171: 001b0968     8 FUNC    GLOBAL DEFAULT    1 Monitor_ApplyDamage(obj_tag *, float)
  4172: 001ad570   332 FUNC    GLOBAL DEFAULT    1 Sub_ApplyDammage(obj_tag *, float)
  4173: 001d8248   764 FUNC    GLOBAL DEFAULT    1 Script_Load(unsigned int, _VECTOR *, _VECTOR *, unsigned char *, void *, void (*)(obj_tag *, unsigned short, void *), void *)
  4174: 001db588   168 FUNC    GLOBAL DEFAULT    1 Script_Play(SCRIPTINFO *, unsigned char)
  4175: 0017d178   112 FUNC    GLOBAL DEFAULT    1 GS_PauseGame(signed char)
  4176: 0017d280    52 FUNC    GLOBAL DEFAULT    1 GS_PausePlayer(signed char, unsigned short)
  4177: 002a37c0    16 OBJECT  GLOBAL DEFAULT    4 DrawInfo
  4178: 0030cb50     4 OBJECT  GLOBAL DEFAULT   13 SoundInfo
  4179: 002a37d0    24 OBJECT  GLOBAL DEFAULT    4 GlobalVars
  4180: 00199520    44 FUNC    GLOBAL DEFAULT    1 PlarStat_LogTimerPause(unsigned int)
  4181: 00199550    80 FUNC    GLOBAL DEFAULT    1 PlarStat_LogTimerUnpause(unsigned int)
  4182: 0017d340   740 FUNC    GLOBAL DEFAULT    1 Copter_Create(_VECTOR *, _VECTOR *, level_tag *)
  4183: 0017e4f0    60 FUNC    GLOBAL DEFAULT    1 Copter_Init(void)
  4184: 0017e5b0    32 FUNC    GLOBAL DEFAULT    1 global constructors keyed to Copter_Create(_VECTOR *, _VECTOR *, level_tag *)
  4185: 001dc7e0   208 FUNC    GLOBAL DEFAULT    1 SP_Create(_VECTOR *, _VECTOR *, unsigned int, unsigned int, unsigned int, unsigned int, obj_tag *, void (*)(obj_tag *, unsigned short, void *), void *, unsigned int)
  4186: 001dcbf0    64 FUNC    GLOBAL DEFAULT    1 SP_HideObj(obj_tag *, signed char)
  4187: 001dc9e8   108 FUNC    GLOBAL DEFAULT    1 SP_SetPosRot(obj_tag *, MATRIX *)
  4188: 001df088   536 FUNC    GLOBAL DEFAULT    1 Mat_LookAt(MATRIX *, _VECTOR const *, _VECTOR const *, _VECTOR const *, _VECTOR const *)
  4189: 001ee100   288 FUNC    GLOBAL DEFAULT    1 Intersect_ConeSphere(_VECTOR const *, _VECTOR const *, float, float, sphere_tag const *)
  4190: 0017e870   420 FUNC    GLOBAL DEFAULT    1 Hurt_Create(_VECTOR *, _VECTOR *, level_tag *, celglist_tag *)
  4191: 0030cb5c     1 OBJECT  GLOBAL DEFAULT   13 FreezeGame
  4192: 0030cb5d     1 OBJECT  GLOBAL DEFAULT   13 debug_scanmode
  4193: 0030cb5e     1 OBJECT  GLOBAL DEFAULT   13 debug_clipmode
  4194: 0030cb5f     1 OBJECT  GLOBAL DEFAULT   13 AnimDebugDisplay
  4195: 0030cb60     4 OBJECT  GLOBAL DEFAULT   13 debug_cam_ry
  4196: 0030cb64     4 OBJECT  GLOBAL DEFAULT   13 debug_cam_zoom
  4197: 0030cb68     4 OBJECT  GLOBAL DEFAULT   13 debug_cam_posx
  4198: 0030cb6c     4 OBJECT  GLOBAL DEFAULT   13 debug_cam_posy
  4199: 0030cb70     4 OBJECT  GLOBAL DEFAULT   13 debug_cam_posz
  4200: 0030cb74     4 OBJECT  GLOBAL DEFAULT   13 debug_posx
  4201: 0030cb78     4 OBJECT  GLOBAL DEFAULT   13 debug_posy
  4202: 0030cb7c     4 OBJECT  GLOBAL DEFAULT   13 debug_posz
  4203: 0030cb80     2 OBJECT  GLOBAL DEFAULT   13 sloflag
  4204: 0030cb84     4 OBJECT  GLOBAL DEFAULT   13 debug_keys_active
  4205: 0030cb88     4 OBJECT  GLOBAL DEFAULT   13 debug_decal_zoom
  4206: 0030cb8c     2 OBJECT  GLOBAL DEFAULT   13 slowmo
  4207: 0030cb8e     2 OBJECT  GLOBAL DEFAULT   13 slowmotime
  4208: 002a38c8  1376 OBJECT  GLOBAL DEFAULT    4 PlayerSetting
  4209: 0017edd8   176 FUNC    GLOBAL DEFAULT    1 Input_Init(void)
  4210: 0017ee88   816 FUNC    GLOBAL DEFAULT    1 Input_Update(void)
  4211: 0017f1c0    60 FUNC    GLOBAL DEFAULT    1 Input_Ready(void)
  4212: 0017f558   148 FUNC    GLOBAL DEFAULT    1 Input_ClearAllActions(short)
  4213: 0017f400   160 FUNC    GLOBAL DEFAULT    1 Input_ClearAction(short, GameActions_tag)
  4214: 0017f5f0   200 FUNC    GLOBAL DEFAULT    1 Input_ChangeControllerStyle(unsigned short, GameContStyle_tag)
  4215: 0017f6b8    88 FUNC    GLOBAL DEFAULT    1 Input_RumbleStart(unsigned short, int, int)
  4216: 0017f710    56 FUNC    GLOBAL DEFAULT    1 Input_RumblePause(void)
  4217: 0017f748    76 FUNC    GLOBAL DEFAULT    1 Input_RumbleStop(unsigned short)
  4218: 001cccb8   164 FUNC    GLOBAL DEFAULT    1 DList_MoveFromFree2InUse(DLISTINFO_tag *)
  4219: 001cc778   236 FUNC    GLOBAL DEFAULT    1 DList_Init(DLISTINFO_tag *, unsigned short, unsigned short)
  4220: 0017f9c8  1492 FUNC    GLOBAL DEFAULT    1 GT_Track(GUNTURRET *, obj_tag *)
  4221: 0017ffa0   936 FUNC    GLOBAL DEFAULT    1 GT_Create(_VECTOR *, _VECTOR *, quaternion_tag *, level_tag *, celglist_tag *, obj_tag *)
  4222: 00181408   304 FUNC    GLOBAL DEFAULT    1 GT_LoseControl(obj_tag *)
  4223: 001816f0    76 FUNC    GLOBAL DEFAULT    1 GT_Activate(obj_tag *, obj_tag *)
  4224: 00181740   200 FUNC    GLOBAL DEFAULT    1 GT_TakeControl(obj_tag *, obj_tag *)
  4225: 00181808   124 FUNC    GLOBAL DEFAULT    1 GT_PlayerHasDied(obj_tag *)
  4226: 001db688    84 FUNC    GLOBAL DEFAULT    1 Script_GetObj(SCRIPTINFO *, unsigned short)
  4227: 001e4cc8    52 FUNC    GLOBAL DEFAULT    1 Vec_Min(_VECTOR const *, _VECTOR const *, _VECTOR *)
  4228: 001e4c90    52 FUNC    GLOBAL DEFAULT    1 Vec_Max(_VECTOR const *, _VECTOR const *, _VECTOR *)
  4229: 001e4060   188 FUNC    GLOBAL DEFAULT    1 Quat_Normalise(quaternion_tag *)
  4230: 001ee220   120 FUNC    GLOBAL DEFAULT    1 Collide_GetDamageNObjects(HITDATA_tag *, obj_tag **, unsigned short *, unsigned short)
  4231: 001db920   136 FUNC    GLOBAL DEFAULT    1 Script_SetPosRot(SCRIPTINFO *, MATRIX *)
  4232: 001998d8   132 FUNC    GLOBAL DEFAULT    1 PlrStat_LogShotFired(unsigned int)
  4233: 001ecfb8  1420 FUNC    GLOBAL DEFAULT    1 Collide_PlaceObject(_VECTOR *, MATRIX *, float, float, obj_tag *)
  4234: 00182130   308 FUNC    GLOBAL DEFAULT    1 MiniSub_Create(_VECTOR *, _VECTOR *, celglist_tag *, level_tag *)
  4235: 001c6c10   148 FUNC    GLOBAL DEFAULT    1 AnimScriptPeekSeq(unsigned int)
  4236: 002a3e28    24 OBJECT  GLOBAL DEFAULT    4 Castle_Exterior
  4237: 002a3e40    24 OBJECT  GLOBAL DEFAULT    4 Castle_CourtYards
  4238: 002a3e58    48 OBJECT  GLOBAL DEFAULT    4 Castle_Indoors1
  4239: 002a3e88    48 OBJECT  GLOBAL DEFAULT    4 Castle_Indoors2
  4240: 002a3eb8    24 OBJECT  GLOBAL DEFAULT    4 Henderson_a
  4241: 002a3ed0    72 OBJECT  GLOBAL DEFAULT    4 Henderson_b
  4242: 002a3f18    72 OBJECT  GLOBAL DEFAULT    4 Henderson_c
  4243: 002a3f60    24 OBJECT  GLOBAL DEFAULT    4 Henderson_d
  4244: 002a3f78    72 OBJECT  GLOBAL DEFAULT    4 Tower_A
  4245: 002a3fc0    72 OBJECT  GLOBAL DEFAULT    4 Tower_B
  4246: 002a4008   120 OBJECT  GLOBAL DEFAULT    4 Tower_C
  4247: 002a4080    72 OBJECT  GLOBAL DEFAULT    4 PowerStation_A1
  4248: 002a40c8    72 OBJECT  GLOBAL DEFAULT    4 PowerStation_A2
  4249: 002a4110    96 OBJECT  GLOBAL DEFAULT    4 PowerStation_B1
  4250: 002a4170    24 OBJECT  GLOBAL DEFAULT    4 PowerStation_B2
  4251: 002a4188    48 OBJECT  GLOBAL DEFAULT    4 Tower_2A
  4252: 002a41b8    48 OBJECT  GLOBAL DEFAULT    4 Tower_2B
  4253: 002a41e8    24 OBJECT  GLOBAL DEFAULT    4 Tower_2Elevator
  4254: 002a4200    24 OBJECT  GLOBAL DEFAULT    4 Tower_2C
  4255: 002a4218    72 OBJECT  GLOBAL DEFAULT    4 Caves
  4256: 002a4260   120 OBJECT  GLOBAL DEFAULT    4 Evil_Base
  4257: 002a42d8    24 OBJECT  GLOBAL DEFAULT    4 Evil_Silo
  4258: 002a42f0    48 OBJECT  GLOBAL DEFAULT    4 EvilBase_ShuttleBay
  4259: 002a4320    48 OBJECT  GLOBAL DEFAULT    4 Space_Station_D
  4260: 002a4350   960 OBJECT  GLOBAL DEFAULT    4 MissionData
  4261: 00182270   716 FUNC    GLOBAL DEFAULT    1 Mission_Init(unsigned int, unsigned short)
  4262: 001830d8     8 FUNC    GLOBAL DEFAULT    1 Mission_SetStatus(MISSION_STATE)
  4263: 00182540   240 FUNC    GLOBAL DEFAULT    1 Mission_NumVisObjectives(void)
  4264: 00182630   420 FUNC    GLOBAL DEFAULT    1 Mission_ObjectiveState(OBJ_STATE *, unsigned short)
  4265: 00182c60  1076 FUNC    GLOBAL DEFAULT    1 Mission_Update(void)
  4266: 001830a0    32 FUNC    GLOBAL DEFAULT    1 Mission_BaseMapHCode(void)
  4267: 001830c0     8 FUNC    GLOBAL DEFAULT    1 Mission_SetMapHCode(unsigned int)
  4268: 001830c8     8 FUNC    GLOBAL DEFAULT    1 Mission_FailLabel(void)
  4269: 001830d0     8 FUNC    GLOBAL DEFAULT    1 Mission_Status(void)
  4270: 001993a0    60 FUNC    GLOBAL DEFAULT    1 PlrStat_ResetForMission(void)
  4271: 001caa10   192 FUNC    GLOBAL DEFAULT    1 Txt_GetStringFromHeap(signed char)
  4272: 001960b8    96 FUNC    GLOBAL DEFAULT    1 Player_SetHealth(BLData *, float)
  4273: 0021b908  2472 FUNC    GLOBAL DEFAULT    1 MenuManager_Create(unsigned int, unsigned int, short, unsigned char, GameActions_tag, signed char, unsigned int)
  4274: 002023e8    56 FUNC    GLOBAL DEFAULT    1 Menu_GetLevelIndex(unsigned int)
  4275: 001d3800   636 FUNC    GLOBAL DEFAULT    1 ResetMap_LevelToLoad(unsigned int, signed char, signed char)
  4276: 001c9f38   292 FUNC    GLOBAL DEFAULT    1 GameFlow_PushState(unsigned int, float, unsigned int)
  4277: 00183438   732 FUNC    GLOBAL DEFAULT    1 MP_Init(void)
  4278: 002a7f50   256 OBJECT  GLOBAL DEFAULT    4 MPObjects
  4279: 00183718   824 FUNC    GLOBAL DEFAULT    1 MP_PostLoad_Init(void)
  4280: 0018b578   140 FUNC    GLOBAL DEFAULT    1 MP_Pickup_PostLoadInit(int)
  4281: 00183a50  1392 FUNC    GLOBAL DEFAULT    1 MP_Start(void)
  4282: 00184bd0   848 FUNC    GLOBAL DEFAULT    1 MP_Update(void)
  4283: 0018a168   164 FUNC    GLOBAL DEFAULT    1 MP_Pickup_Process(void)
  4284: 00184f20   376 FUNC    GLOBAL DEFAULT    1 MP_RegisterSpawnPoint(_VECTOR *, _VECTOR *, unsigned short)
  4285: 001855f8   452 FUNC    GLOBAL DEFAULT    1 MP_EquipPlayer(obj_tag *)
  4286: 00185990  1108 FUNC    GLOBAL DEFAULT    1 MP_RegisterMPObject(_VECTOR *, _VECTOR *, level_tag *, celglist_tag *)
  4287: 0018a518  1052 FUNC    GLOBAL DEFAULT    1 MP_setPlayerStatus(obj_tag *, unsigned short, unsigned int, unsigned int, void *, signed char)
  4288: 0018bee0    40 FUNC    GLOBAL DEFAULT    1 MPSound_Play(unsigned int)
  4289: 0018abc0   208 FUNC    GLOBAL DEFAULT    1 MP_isPlayerOrBotDead(obj_tag *)
  4290: 0018bca8   208 FUNC    GLOBAL DEFAULT    1 MP_getObjExtObj(MP_OBJ_EXT *)
  4291: 00189730   268 FUNC    GLOBAL DEFAULT    1 MP_GetPlayerScore(unsigned short)
  4292: 00189840  1340 FUNC    GLOBAL DEFAULT    1 MP_GetRadarObjects(obj_tag *, RADAROBJ **)
  4293: 00189d80   728 FUNC    GLOBAL DEFAULT    1 MP_RegisterPickup(obj_tag *)
  4294: 0018a058   272 FUNC    GLOBAL DEFAULT    1 MP_UnregisterPickup(obj_tag *)
  4295: 0018b338   244 FUNC    GLOBAL DEFAULT    1 MP_GetTeamScore(unsigned short)
  4296: 0018b430    56 FUNC    GLOBAL DEFAULT    1 MP_HasTeamFlag(obj_tag *, unsigned short)
  4297: 0018b468    36 FUNC    GLOBAL DEFAULT    1 MP_HasEsponage(obj_tag *)
  4298: 0018b4a0   152 FUNC    GLOBAL DEFAULT    1 MP_ObjTeamHasGEObj(obj_tag *, unsigned int)
  4299: 0018b720   128 FUNC    GLOBAL DEFAULT    1 MP_isObjectOnTeam(obj_tag *, unsigned int)
  4300: 0018ba80    56 FUNC    GLOBAL DEFAULT    1 MP_getUplinkStatus(short)
  4301: 0018be98    64 FUNC    GLOBAL DEFAULT    1 MP_getMPpickupFromPickupinfo(PICKUPINFO *)
  4302: 0018f098   280 FUNC    GLOBAL DEFAULT    1 Pickup_MakeRandomWeaponSet(void)
  4303: 001910f8  1464 FUNC    GLOBAL DEFAULT    1 Player_Init(short, _VECTOR *, _VECTOR *, level_tag *)
  4304: 001de3d8   552 FUNC    GLOBAL DEFAULT    1 Sprite_Create2(SpriteInfo *)
  4305: 001de698   128 FUNC    GLOBAL DEFAULT    1 Sprite_SetText(sprite *, char *, unsigned short)
  4306: 0030cec0     4 OBJECT  GLOBAL DEFAULT   13 switch_MP4EVER
  4307: 001deaa8   400 FUNC    GLOBAL DEFAULT    1 Timer_Seconds2String(int, unsigned int)
  4308: 001c95a8   216 FUNC    GLOBAL DEFAULT    1 build_PointOnFloor(cel_tag *, obj_tag *, _VECTOR *, float, _VECTOR *)
  4309: 001a0e60    60 FUNC    GLOBAL DEFAULT    1 HUD_Enable(HUDINFO_tag *, HUD_PANE_IND, signed char, unsigned short)
  4310: 001bbbf8   104 FUNC    GLOBAL DEFAULT    1 Camera_Set(viewer_tag *, _VECTOR *, _VECTOR *)
  4311: 00195be8     8 FUNC    GLOBAL DEFAULT    1 Player_ChangeState(obj_tag *, int)
  4312: 00190d88   584 FUNC    GLOBAL DEFAULT    1 Player_StandAtNewPosition(obj_tag *, _VECTOR *, _VECTOR *, unsigned short)
  4313: 001a17f8   228 FUNC    GLOBAL DEFAULT    1 Player_InitAmmoWeapons(obj_tag *)
  4314: 001a9040   260 FUNC    GLOBAL DEFAULT    1 Upgrade_MPWeapon(short, unsigned int)
  4315: 001a8a58   704 FUNC    GLOBAL DEFAULT    1 Player_EquipWeapon(BLData *, short, short)
  4316: 001a8d18   532 FUNC    GLOBAL DEFAULT    1 Player_EquipAmmo(BLData *, short, short)
  4317: 001a97c8   144 FUNC    GLOBAL DEFAULT    1 Player_CheckWeaponsLoaded(BLData *)
  4318: 001e7ba0   116 FUNC    GLOBAL DEFAULT    1 View_SetDrawInOtherViewsOnly(obj_tag *, unsigned int)
  4319: 001dca90    72 FUNC    GLOBAL DEFAULT    1 SP_SetColour(obj_tag *, unsigned char, unsigned char, unsigned char)
  4320: 001dc5f8   488 FUNC    GLOBAL DEFAULT    1 SP_GetHitDamage(obj_tag *, obj_tag **, unsigned short, unsigned short *, unsigned short, signed char *)
  4321: 001dcad8   276 FUNC    GLOBAL DEFAULT    1 SP_SwitchToScript(obj_tag *, unsigned short, void (*)(obj_tag *, unsigned short, void *))
  4322: 001dc990    88 FUNC    GLOBAL DEFAULT    1 SP_SetPos(obj_tag *, _VECTOR *)
  4323: 001dc900    88 FUNC    GLOBAL DEFAULT    1 SP_GetState(obj_tag *)
  4324: 00196098    32 FUNC    GLOBAL DEFAULT    1 Player_Kill(obj_tag *)
  4325: 001d6be8     8 FUNC    GLOBAL DEFAULT    1 IsMapLoaded(void)
  4326: 001dd880   492 FUNC    GLOBAL DEFAULT    1 Sound_Play(unsigned int, float, short, unsigned int)
  4327: 002b8100  4096 OBJECT  GLOBAL DEFAULT    4 DropState
  4328: 002a8100 65536 OBJECT  GLOBAL DEFAULT    4 DropVector
  4329: 0018c278   772 FUNC    GLOBAL DEFAULT    1 AddDrop(short, int, unsigned char *, _VECTOR4 *)
  4330: 0030cc20     4 OBJECT  GLOBAL DEFAULT   13 UpdateDropsTime
  4331: 0018d0d0   304 FUNC    GLOBAL DEFAULT    1 RainBox_Clip(void)
  4332: 0018cb90   600 FUNC    GLOBAL DEFAULT    1 DrawDrops(void)
  4333: 0018cde8   384 FUNC    GLOBAL DEFAULT    1 Lightning_Create(_VECTOR *, _VECTOR *, level_tag *, celglist_tag *)
  4334: 0018d620   328 FUNC    GLOBAL DEFAULT    1 Cloud_Create(_VECTOR *, _VECTOR *, level_tag *, celglist_tag *)
  4335: 0018d840   164 FUNC    GLOBAL DEFAULT    1 RainBox_Create(_VECTOR *, _VECTOR *, level_tag *, celglist_tag *)
  4336: 0018da00   116 FUNC    GLOBAL DEFAULT    1 Corona_Create(_VECTOR *, _VECTOR *, level_tag *, celglist_tag *)
  4337: 0018dbf8   200 FUNC    GLOBAL DEFAULT    1 DynamicObject_Create(_VECTOR *, _VECTOR *, level_tag *, celglist_tag *)
  4338: 0018dcc0   224 FUNC    GLOBAL DEFAULT    1 Apocalypse_Create(_VECTOR *, _VECTOR *, level_tag *, celglist_tag *)
  4339: 0030d0b8     1 OBJECT  GLOBAL DEFAULT   13 SuperHappyLightningFlag
  4340: 0030d0ba     1 OBJECT  GLOBAL DEFAULT   13 Reflicker
  4341: 001a94d8   424 FUNC    GLOBAL DEFAULT    1 FractalThing(obj_tag **, short, short, _VECTOR *, _VECTOR *, unsigned char)
  4342: 001e79a0   296 FUNC    GLOBAL DEFAULT    1 View_AddSkyObj(unsigned short, celglist_tag *, _VECTOR *, _VECTOR *, obj_tag *, signed char, unsigned short, unsigned short, signed char)
  4343: 002b9170    54 OBJECT  GLOBAL DEFAULT    4 UseableGuns
  4344: 00199a40    48 FUNC    GLOBAL DEFAULT    1 PlrStats_HasGoldMedal(void)
  4345: 001a8f30   272 FUNC    GLOBAL DEFAULT    1 Upgrade_Weapon(unsigned int)
  4346: 001a97a0    20 FUNC    GLOBAL DEFAULT    1 Player_EquipKey(BLData *, unsigned short)
  4347: 001999e0    92 FUNC    GLOBAL DEFAULT    1 PlrStat_LogBondBonus(void)
  4348: 001cad58     8 FUNC    GLOBAL DEFAULT    1 Txt_GetLanguage(void)
  4349: 0018f4b8   172 FUNC    GLOBAL DEFAULT    1 rotor_init(_VECTOR *, _VECTOR *, celglist_tag *, unsigned short, unsigned char, unsigned char)
  4350: 0030cc30     4 OBJECT  GLOBAL DEFAULT   13 laddercel
  4351: 0030cc34     4 OBJECT  GLOBAL DEFAULT   13 ContinueHealthBoostEasy
  4352: 0030cc38     4 OBJECT  GLOBAL DEFAULT   13 ContinueHealthBoostMedium
  4353: 0030cc3c     4 OBJECT  GLOBAL DEFAULT   13 ContinueHealthBoostHard
  4354: 0018f5d8  1792 FUNC    GLOBAL DEFAULT    1 Player_PositionCamera(obj_tag *, void *)
  4355: 0030cc5c     1 OBJECT  GLOBAL DEFAULT   13 surfaced
  4356: 0018fcd8   452 FUNC    GLOBAL DEFAULT    1 PlayerAnimSetInitNormal(obj_tag *)
  4357: 0018fea0   452 FUNC    GLOBAL DEFAULT    1 PlayerAnimSetInitCrouch(obj_tag *)
  4358: 00190068   304 FUNC    GLOBAL DEFAULT    1 PlayerAnimCrouch2Stand(obj_tag *)
  4359: 00190198   304 FUNC    GLOBAL DEFAULT    1 PlayerAnimStand2Crouch(obj_tag *)
  4360: 0030cc50     4 OBJECT  GLOBAL DEFAULT   13 Plr_DMod_Easy
  4361: 0030cc54     4 OBJECT  GLOBAL DEFAULT   13 Plr_DMod_Normal
  4362: 0030cc58     4 OBJECT  GLOBAL DEFAULT   13 Plr_DMod_Hard
  4363: 00190810   924 FUNC    GLOBAL DEFAULT    1 Player_CheckForDeath(obj_tag *, unsigned int)
  4364: 00195e08    64 FUNC    GLOBAL DEFAULT    1 Player_ClearInertia(obj_tag *)
  4365: 00190fd0   292 FUNC    GLOBAL DEFAULT    1 Player_Start(void)
  4366: 0030cc60     4 OBJECT  GLOBAL DEFAULT   13 player_start_positions_index
  4367: 002ba1a0  7168 OBJECT  GLOBAL DEFAULT    4 player_start
  4368: 00191dd0  1340 FUNC    GLOBAL DEFAULT    1 Player_Move(BLData *, obj_tag *, float)
  4369: 00193498   360 FUNC    GLOBAL DEFAULT    1 Player_InShadow(BLData *, obj_tag *)
  4370: 00194df0  1704 FUNC    GLOBAL DEFAULT    1 Player_Collision(obj_tag *)
  4371: 00194188   716 FUNC    GLOBAL DEFAULT    1 Player_FeetOnPoint(obj_tag *, HITTEST_tag *, float *, signed char)
  4372: 00195670   308 FUNC    GLOBAL DEFAULT    1 Player_RamSave(BLData *)
  4373: 002b9440  3408 OBJECT  GLOBAL DEFAULT    4 RamSave
  4374: 001957a8   380 FUNC    GLOBAL DEFAULT    1 Player_RamLoad(BLData *, signed char)
  4375: 00195a88    16 FUNC    GLOBAL DEFAULT    1 Player_ResetWalkAnim(obj_tag *)
  4376: 00195b90    84 FUNC    GLOBAL DEFAULT    1 PlayerAnimSetInit(obj_tag *)
  4377: 0030cc64     4 OBJECT  GLOBAL DEFAULT   13 player_start_position
  4378: 00195bf0    16 FUNC    GLOBAL DEFAULT    1 Player_ResetStartPos(void)
  4379: 00195c00   264 FUNC    GLOBAL DEFAULT    1 Player_AddNewStartPos(_VECTOR *, _VECTOR *, unsigned short, level_tag *)
  4380: 00195fc8   120 FUNC    GLOBAL DEFAULT    1 Player_Cam2Mode(unsigned short, unsigned int)
  4381: 001e7b30   108 FUNC    GLOBAL DEFAULT    1 View_DrawInThisViewOnly(obj_tag *, unsigned int)
  4382: 001bc048   120 FUNC    GLOBAL DEFAULT    1 Camera_SetToPlayer(obj_tag *, viewer_tag *)
  4383: 001bc260   256 FUNC    GLOBAL DEFAULT    1 camera_track_XZ_pos_behind(_VECTOR *, _VECTOR *, viewer_tag *, float, float)
  4384: 001bc1f0   112 FUNC    GLOBAL DEFAULT    1 camera_track_Y_pos(obj_tag *, viewer_tag *, float, float)
  4385: 001bc0c0   132 FUNC    GLOBAL DEFAULT    1 Camera_PosYRot(_VECTOR *, viewer_tag *, float)
  4386: 001bc148   164 FUNC    GLOBAL DEFAULT    1 Camera_PosXRot(_VECTOR *, viewer_tag *, float)
  4387: 001b9c00  1480 FUNC    GLOBAL DEFAULT    1 camera_chasecam(obj_tag *, viewer_tag *)
  4388: 001ba1c8   796 FUNC    GLOBAL DEFAULT    1 camera_freechase(obj_tag *, viewer_tag *)
  4389: 001ba4e8   248 FUNC    GLOBAL DEFAULT    1 camera_fixed(obj_tag *, viewer_tag *)
  4390: 001ba5e0  1176 FUNC    GLOBAL DEFAULT    1 camera_tracking(obj_tag *, viewer_tag *)
  4391: 001baa78   804 FUNC    GLOBAL DEFAULT    1 camera_snake(obj_tag *, viewer_tag *)
  4392: 001bb828   524 FUNC    GLOBAL DEFAULT    1 Camera_Orbit(viewer_tag *, CAM_ORBIT *)
  4393: 001c07b8   380 FUNC    GLOBAL DEFAULT    1 AnimSetAppend(obj_tag *, unsigned int *, float, float)
  4394: 001c6928   224 FUNC    GLOBAL DEFAULT    1 AnimSetDeleteAll(obj_tag *)
  4395: 001de0c8    60 FUNC    GLOBAL DEFAULT    1 Sound_StopAllWithId(unsigned int)
  4396: 0019a088   452 FUNC    GLOBAL DEFAULT    1 HUD_Update(BLData *, obj_tag *)
  4397: 001a0d08    48 FUNC    GLOBAL DEFAULT    1 HUD_DisableAll(BLData *)
  4398: 001a0ea8    44 FUNC    GLOBAL DEFAULT    1 HUD_State(HUDINFO_tag *, HUD_PANE_IND)
  4399: 0021df30     8 FUNC    GLOBAL DEFAULT    1 Menu_PlayerHasQuitOrRestarted(void)
  4400: 001a9790    16 FUNC    GLOBAL DEFAULT    1 Player_ClearAimInertia(obj_tag *)
  4401: 001b9920   464 FUNC    GLOBAL DEFAULT    1 Camera_Enable(unsigned short, signed char, signed char, _VECTOR *)
  4402: 001bbdd8   360 FUNC    GLOBAL DEFAULT    1 Camera_SetFade(unsigned short, float, unsigned int, signed char)
  4403: 001bcfa8   896 FUNC    GLOBAL DEFAULT    1 AnimDebugCreate(void)
  4404: 00199e88   508 FUNC    GLOBAL DEFAULT    1 HUD_Init(BLData *, obj_tag *)
  4405: 001a7ef8  2908 FUNC    GLOBAL DEFAULT    1 Player_InitWeapon(BLData *, obj_tag *, level_tag *)
  4406: 001bc370    52 FUNC    GLOBAL DEFAULT    1 Camera_SetUpdator(unsigned short, obj_tag *, void (*)(obj_tag *, void *))
  4407: 00197130  1320 FUNC    GLOBAL DEFAULT    1 Player_CollWire(obj_tag *, BLData *, obj_tag *)
  4408: 0030cd34     4 OBJECT  GLOBAL DEFAULT   13 Plr_NoAimTurnSpeed_X
  4409: 0030cd38     4 OBJECT  GLOBAL DEFAULT   13 Plr_NoAimTurnSpeed_X_Mul
  4410: 0030cd3c     4 OBJECT  GLOBAL DEFAULT   13 Plr_NoAimTurnSpeed_X_Steps
  4411: 001a9218   196 FUNC    GLOBAL DEFAULT    1 AccelFunc0(float, float *, float, float, float, float, float)
  4412: 001c70d8   132 FUNC    GLOBAL DEFAULT    1 AnimScriptIsStopped(obj_tag *)
  4413: 001c0938  1672 FUNC    GLOBAL DEFAULT    1 AnimSetUpdate(obj_tag *, sAnimSet_tag *, float, float, float, float, float)
  4414: 001e0600   544 FUNC    GLOBAL DEFAULT    1 Quat_MatrixToQuaternion(quaternion_tag *, MATRIX const *)
  4415: 001e02a0   324 FUNC    GLOBAL DEFAULT    1 Quat_QuaternionToMatrix(MATRIX *, quaternion_tag const *)
  4416: 001cb2e0   532 FUNC    GLOBAL DEFAULT    1 Lights_CalcClosestLights(sphere_tag *, unsigned short, unsigned short *)
  4417: 001995a0   124 FUNC    GLOBAL DEFAULT    1 PlarStat_LogUpdateElapsedTime(unsigned int)
  4418: 0030ce28     1 OBJECT  GLOBAL DEFAULT   13 benchmark
  4419: 00196310   936 FUNC    GLOBAL DEFAULT    1 Player_Climb(BLData *, obj_tag *)
  4420: 00197658  2292 FUNC    GLOBAL DEFAULT    1 Player_Wire(obj_tag *)
  4421: 00197f50   648 FUNC    GLOBAL DEFAULT    1 Player_Zipline(obj_tag *)
  4422: 001969d0  1196 FUNC    GLOBAL DEFAULT    1 Player_Creep(BLData *, obj_tag *)
  4423: 001a1d28  1948 FUNC    GLOBAL DEFAULT    1 Player_Aiming(obj_tag *)
  4424: 001a92e8    68 FUNC    GLOBAL DEFAULT    1 Player_ViewClamping(obj_tag *)
  4425: 0030d104     1 OBJECT  GLOBAL DEFAULT   13 GlobalBlur
  4426: 001a3de8   504 FUNC    GLOBAL DEFAULT    1 Player_WeaponRecoil(obj_tag *)
  4427: 001a24c8  1760 FUNC    GLOBAL DEFAULT    1 Player_Weapon(obj_tag *)
  4428: 001a5460  4468 FUNC    GLOBAL DEFAULT    1 Player_WeaponFiring(obj_tag *, signed char)
  4429: 001bbf40   264 FUNC    GLOBAL DEFAULT    1 Camera_ApplySwing(viewer_tag *, float)
  4430: 00196118   504 FUNC    GLOBAL DEFAULT    1 Player_CollLadder(obj_tag *, BLData *, obj_tag *)
  4431: 001a3b40   300 FUNC    GLOBAL DEFAULT    1 Player_PositionGun(obj_tag *, BLData *)
  4432: 001a65d8  1016 FUNC    GLOBAL DEFAULT    1 Player_LaserPointer(obj_tag *)
  4433: 001a4298   708 FUNC    GLOBAL DEFAULT    1 Player_MuzzleFlash(obj_tag *, _VECTOR *)
  4434: 001a3fe0   696 FUNC    GLOBAL DEFAULT    1 Draw_MuzzleFlash(obj_tag *)
  4435: 001a69d0  1244 FUNC    GLOBAL DEFAULT    1 Player_SetWatch(obj_tag *)
  4436: 00196758   628 FUNC    GLOBAL DEFAULT    1 Player_CollCreepWall(obj_tag *, BLData *, obj_tag *)
  4437: 002befd0    40 OBJECT  GLOBAL DEFAULT    4 SSysItems
  4438: 002bcc20   448 OBJECT  GLOBAL DEFAULT    4 PlrMissionStats
  4439: 002bcde0    20 OBJECT  GLOBAL DEFAULT    4 BondMoments
  4440: 0030d001     1 OBJECT  GLOBAL DEFAULT   13 IsWarmReset
  4441: 001b0208   160 FUNC    GLOBAL DEFAULT    1 SSys_RamLoad(SSYS *)
  4442: 001a0d38   292 FUNC    GLOBAL DEFAULT    1 HUD_Reset(BLData *)
  4443: 001966c0   148 FUNC    GLOBAL DEFAULT    1 Ladder_Create(_VECTOR *, _VECTOR *, level_tag *, celglist_tag *)
  4444: 00196fc8   168 FUNC    GLOBAL DEFAULT    1 CreepWall_Create(_VECTOR *, _VECTOR *, level_tag *, celglist_tag *)
  4445: 00197070   188 FUNC    GLOBAL DEFAULT    1 ThirdIcon_Create(_VECTOR *, _VECTOR *, level_tag *, celglist_tag *)
  4446: 0030cc68     4 OBJECT  GLOBAL DEFAULT   13 oldhash
  4447: 001981d8   188 FUNC    GLOBAL DEFAULT    1 Wire_Create(_VECTOR *, _VECTOR *, level_tag *, celglist_tag *)
  4448: 00198298   124 FUNC    GLOBAL DEFAULT    1 Grapple_Create(_VECTOR *, _VECTOR *, level_tag *, celglist_tag *)
  4449: 001c73d0   140 FUNC    GLOBAL DEFAULT    1 AnimGetFrameTransRaw(unsigned int, int, _VECTOR *)
  4450: 002bc910    12 OBJECT  GLOBAL DEFAULT    4 ScoringTableDifMul
  4451: 002bc920   768 OBJECT  GLOBAL DEFAULT    4 RewardsTable
  4452: 0030cc6c     4 OBJECT  GLOBAL DEFAULT   13 NewScoresRef
  4453: 0030cc74     4 OBJECT  GLOBAL DEFAULT   13 medal_from_cheat
  4454: 00198318   236 FUNC    GLOBAL DEFAULT    1 PlrStat_Init(void)
  4455: 001984b0  2928 FUNC    GLOBAL DEFAULT    1 PlrStat_GetScore(unsigned char)
  4456: 00199020   188 FUNC    GLOBAL DEFAULT    1 PlrStats_ResetScoring(void)
  4457: 001990e0   300 FUNC    GLOBAL DEFAULT    1 PlrStats_SetupScoreTable(SCORETABLE *, unsigned int)
  4458: 00199210   396 FUNC    GLOBAL DEFAULT    1 PlrStarts_ProcessRewardCounter(unsigned long *, unsigned int, unsigned int, signed char, REWARDINFO_tag *)
  4459: 00199448   212 FUNC    GLOBAL DEFAULT    1 PlrStat_DoneBondMoment(unsigned int, unsigned short)
  4460: 00199a70    52 FUNC    GLOBAL DEFAULT    1 PlrStats_GetLevelTotals(unsigned int)
  4461: 00199aa8    20 FUNC    GLOBAL DEFAULT    1 PlrStats_GetScoreTable(unsigned int *)
  4462: 00199ac0     8 FUNC    GLOBAL DEFAULT    1 PlrStats_DoneBetter(void)
  4463: 00199ac8    76 FUNC    GLOBAL DEFAULT    1 PlrStats_GetDrivingData(unsigned int *, unsigned int *)
  4464: 00199b18    76 FUNC    GLOBAL DEFAULT    1 PlrStats_SetDrivingData(unsigned int *, unsigned int *)
  4465: 00199b68     8 FUNC    GLOBAL DEFAULT    1 PlrStarts_GetRewardsTableSize(void)
  4466: 00202580   120 FUNC    GLOBAL DEFAULT    1 Menu_HasMedal(unsigned int, unsigned int, unsigned char)
  4467: 0019a250   836 FUNC    GLOBAL DEFAULT    1 HUD_ValidateXY(short *, short *, unsigned short, unsigned short, unsigned short, unsigned short)
  4468: 0019a598   272 FUNC    GLOBAL DEFAULT    1 HUD_CalcWidthHeight(HUDPANECREATE_tag *, short *, short *)
  4469: 0030cce8     2 OBJECT  GLOBAL DEFAULT   13 ThirdIconTimer
  4470: 0030cce6     2 OBJECT  GLOBAL DEFAULT   13 CrouchIconTimer
  4471: 002bec48   162 OBJECT  GLOBAL DEFAULT    4 HUDCrossCoords
  4472: 0030ccea     1 OBJECT  GLOBAL DEFAULT   13 FuckOffSprite3
  4473: 001a16a0    32 FUNC    GLOBAL DEFAULT    1 global constructors keyed to HUD_Init(BLData *, obj_tag *)
  4474: 001cae68    76 FUNC    GLOBAL DEFAULT    1 Txt_LockString(char *)
  4475: 001de918    20 FUNC    GLOBAL DEFAULT    1 Sprite_Link2Viewer(sprite *, unsigned short)
  4476: 001a9148    72 FUNC    GLOBAL DEFAULT    1 Player_AmmoIndex(short)
  4477: 001e7708   232 FUNC    GLOBAL DEFAULT    1 View_3DPoint2Screen(_VECTOR const *, _VECTOR *, unsigned short)
  4478: 0030ce7c     4 OBJECT  GLOBAL DEFAULT   13 switch_SHOW_COORDS
  4479: 002246d0    64 FUNC    GLOBAL DEFAULT    1 fptodp
  4480: 001ca3d8   220 FUNC    GLOBAL DEFAULT    1 hashtable_set_sprite(sprite *, unsigned int)
  4481: 001b11d8   352 FUNC    GLOBAL DEFAULT    1 Text_UpdateMsg(signed char, TXTMSG_TYPE, TXT_MSG **)
  4482: 001de628   108 FUNC    GLOBAL DEFAULT    1 Sprite_SetFmt(sprite *, char *, unsigned short)
  4483: 0030cd70     8 OBJECT  GLOBAL DEFAULT   13 MissileDeploy
  4484: 001de880   152 FUNC    GLOBAL DEFAULT    1 Sprite_CreateLink(unsigned short)
  4485: 001de7b0    88 FUNC    GLOBAL DEFAULT    1 Sprite_SetParams(sprite *, short, short, short, unsigned int, unsigned int)
  4486: 001ef588   220 FUNC    GLOBAL DEFAULT    1 Font_GetTextExtent(char *, char *, GPOINT *, GPOINT *, int)
  4487: 002bf108    56 OBJECT  GLOBAL DEFAULT    4 TextMsgFormats
  4488: 001a16c0   312 FUNC    GLOBAL DEFAULT    1 Player_WeaponHasAmmo(BLData *, short)
  4489: 001a9190    96 FUNC    GLOBAL DEFAULT    1 Player_AmmoInGun(BLData *, short)
  4490: 001a18e0   164 FUNC    GLOBAL DEFAULT    1 Player_RoundToFire(obj_tag *, unsigned char, unsigned char)
  4491: 001a1988   228 FUNC    GLOBAL DEFAULT    1 Player_ReloadAmmoType(obj_tag *, signed char)
  4492: 001a1a70   696 FUNC    GLOBAL DEFAULT    1 Player_Zoom(obj_tag *)
  4493: 0030cd0c     4 OBJECT  GLOBAL DEFAULT   13 Plr_AimSpeed_X
  4494: 0030cd10     4 OBJECT  GLOBAL DEFAULT   13 Plr_AimSpeed_Y
  4495: 0030cd14     4 OBJECT  GLOBAL DEFAULT   13 Plr_AimTurnSpeed_X
  4496: 0030cd18     4 OBJECT  GLOBAL DEFAULT   13 Plr_AimTurnSpeed_Y
  4497: 0030cd1c     4 OBJECT  GLOBAL DEFAULT   13 Plr_ScopeSpeed_X
  4498: 0030cd20     4 OBJECT  GLOBAL DEFAULT   13 Plr_ScopeSpeed_X_Mul
  4499: 0030cd24     4 OBJECT  GLOBAL DEFAULT   13 Plr_ScopeSpeed_X_Steps
  4500: 0030cd28     4 OBJECT  GLOBAL DEFAULT   13 Plr_ScopeSpeed_Y
  4501: 0030cd2c     4 OBJECT  GLOBAL DEFAULT   13 Plr_ScopeSpeed_Y_Mul
  4502: 0030cd30     4 OBJECT  GLOBAL DEFAULT   13 Plr_ScopeSpeed_Y_Steps
  4503: 0030cd40     4 OBJECT  GLOBAL DEFAULT   13 Plr_NoAimTurnSpeed_Y
  4504: 0030cd44     4 OBJECT  GLOBAL DEFAULT   13 Plr_NoAimTurnSpeed_Y_Mul
  4505: 0030cd48     4 OBJECT  GLOBAL DEFAULT   13 Plr_NoAimTurnSpeed_Y_Steps
  4506: 001a6f80  1144 FUNC    GLOBAL DEFAULT    1 Player_WeaponChange(obj_tag *, short, unsigned char)
  4507: 001a7c98   604 FUNC    GLOBAL DEFAULT    1 Player_AutoAim(obj_tag *)
  4508: 001a2ba8   276 FUNC    GLOBAL DEFAULT    1 Player_HandleHasNoAmmo(obj_tag *)
  4509: 001a9680   268 FUNC    GLOBAL DEFAULT    1 Player_GetBestWeapon(obj_tag *)
  4510: 001a2cc0   372 FUNC    GLOBAL DEFAULT    1 Player_WeaponSelect(obj_tag *)
  4511: 001a2e38  3332 FUNC    GLOBAL DEFAULT    1 Player_SetWeaponAnimObj(obj_tag *, _VECTOR *)
  4512: 001a9338   200 FUNC    GLOBAL DEFAULT    1 Player_SetWeaponAnim(obj_tag *)
  4513: 001a4560   328 FUNC    GLOBAL DEFAULT    1 Draw_LaserBeam(BLData *, _VECTOR *)
  4514: 001a46a8  1008 FUNC    GLOBAL DEFAULT    1 Draw_TaserBeam(BLData *, _VECTOR *)
  4515: 001a4a98   344 FUNC    GLOBAL DEFAULT    1 Player_GetAimingPoint(obj_tag *, _VECTOR *)
  4516: 002bedb8    40 OBJECT  GLOBAL DEFAULT    4 PdaDigits
  4517: 0030cd68     4 OBJECT  GLOBAL DEFAULT   13 FlashMod
  4518: 002bede0    36 OBJECT  GLOBAL DEFAULT    4 BestWeapon
  4519: 001a6eb0   204 FUNC    GLOBAL DEFAULT    1 Player_IsBetterWeapon(obj_tag *, short)
  4520: 0030cd4c     4 OBJECT  GLOBAL DEFAULT   13 Autoaim_Angle_H
  4521: 0030cd50     4 OBJECT  GLOBAL DEFAULT   13 Autoaim_Angle_V
  4522: 0030cd54     4 OBJECT  GLOBAL DEFAULT   13 Autoaim_Range
  4523: 0030cd58     4 OBJECT  GLOBAL DEFAULT   13 Autoaim_LockOnMul
  4524: 0030cd5c     4 OBJECT  GLOBAL DEFAULT   13 Autoaim_EasyMul
  4525: 0030cd60     4 OBJECT  GLOBAL DEFAULT   13 Autoaim_NormalMul
  4526: 0030cd64     4 OBJECT  GLOBAL DEFAULT   13 Autoaim_HardMul
  4527: 001a73f8  1044 FUNC    GLOBAL DEFAULT    1 Check_AutoAim(obj_tag *, obj_tag *, float *)
  4528: 001a7810  1160 FUNC    GLOBAL DEFAULT    1 Check_Target(obj_tag *)
  4529: 002bee08    16 OBJECT  GLOBAL DEFAULT    4 UpgradedHandguns
  4530: 002bee18    16 OBJECT  GLOBAL DEFAULT    4 UpgradedLasers
  4531: 002bee28    16 OBJECT  GLOBAL DEFAULT    4 UpgradedSnipers
  4532: 002bee38    16 OBJECT  GLOBAL DEFAULT    4 UpgradedSilencedSnipers
  4533: 002bee48    16 OBJECT  GLOBAL DEFAULT    4 UpgradedTasers
  4534: 002bee58    16 OBJECT  GLOBAL DEFAULT    4 UpgradedPDAs
  4535: 002bee68    16 OBJECT  GLOBAL DEFAULT    4 UpgradedDartGuns
  4536: 002beea8    36 OBJECT  GLOBAL DEFAULT    4 Upgrades
  4537: 002bee78    16 OBJECT  GLOBAL DEFAULT    4 UpgradedPPK_MP
  4538: 002bee88    16 OBJECT  GLOBAL DEFAULT    4 UpgradedP99_MP
  4539: 002bee98    16 OBJECT  GLOBAL DEFAULT    4 UpgradedGrapple_MP
  4540: 001a97b8    16 FUNC    GLOBAL DEFAULT    1 Player_UnEquipKey(BLData *, unsigned short)
  4541: 001a98a8    84 FUNC    GLOBAL DEFAULT    1 Set_Upgrade(unsigned char, short, short)
  4542: 001a9900    68 FUNC    GLOBAL DEFAULT    1 ResetUpgrade(unsigned char)
  4543: 001c6e20   244 FUNC    GLOBAL DEFAULT    1 AnimScriptAddSpeed(obj_tag *, unsigned int, float)
  4544: 001c6f18   232 FUNC    GLOBAL DEFAULT    1 AnimScriptAddReverse(obj_tag *, unsigned int)
  4545: 001c0fc0   980 FUNC    GLOBAL DEFAULT    1 AnimListBuild(obj_tag *, unsigned int, unsigned int, void (*)(obj_tag *, sAnimScript_tag *), unsigned int)
  4546: 001c7168   140 FUNC    GLOBAL DEFAULT    1 AnimScriptSetPlayDirection(obj_tag *, AnimScriptPlayDir)
  4547: 001e4620   112 FUNC    GLOBAL DEFAULT    1 MatrixScale(MATRIX *, float)
  4548: 001dc338   308 FUNC    GLOBAL DEFAULT    1 SP_Activate(obj_tag *, obj_tag *)
  4549: 001a9ea8    68 FUNC    GLOBAL DEFAULT    1 SS_Activate(obj_tag *, obj_tag *)
  4550: 001b2318   780 FUNC    GLOBAL DEFAULT    1 Trigger_Activate(obj_tag *, obj_tag *)
  4551: 001b0840    40 FUNC    GLOBAL DEFAULT    1 PCQWorm_Activate(obj_tag *, obj_tag *)
  4552: 001aed00   284 FUNC    GLOBAL DEFAULT    1 Lock_Activate(obj_tag *, obj_tag *)
  4553: 001b0058   340 FUNC    GLOBAL DEFAULT    1 Monitor_Activate(obj_tag *, obj_tag *)
  4554: 0030d0fc     4 OBJECT  GLOBAL DEFAULT   13 MAX_VIEW_CONE
  4555: 00232d48   252 FUNC    GLOBAL DEFAULT    1 asinf
  4556: 001b2fa8    28 FUNC    GLOBAL DEFAULT    1 Trigger_Type(obj_tag *)
  4557: 001b2fc8   116 FUNC    GLOBAL DEFAULT    1 Trigger_Locked(obj_tag *)
  4558: 001c6610   168 FUNC    GLOBAL DEFAULT    1 AnimObjectSetSleeveType(obj_tag *, unsigned int)
  4559: 001a9c58   416 FUNC    GLOBAL DEFAULT    1 SS_Create(_VECTOR *, _VECTOR *, level_tag *, celglist_tag *)
  4560: 001a9ef0   552 FUNC    GLOBAL DEFAULT    1 Create_SpaceMissile(_VECTOR *, _VECTOR *, level_tag *)
  4561: 001aa8b8   300 FUNC    GLOBAL DEFAULT    1 Create_SpaceLaser(_VECTOR *, _VECTOR *, level_tag *)
  4562: 001aaa00   512 FUNC    GLOBAL DEFAULT    1 Debris_Create(HITDATA_tag *, HEINFO_tag const *, cel_tag *, unsigned short)
  4563: 001abc88   596 FUNC    GLOBAL DEFAULT    1 Leaf_Create(obj_tag *, unsigned short)
  4564: 002beed0    15 OBJECT  GLOBAL DEFAULT    4 GlowBones
  4565: 001acb00   208 FUNC    GLOBAL DEFAULT    1 Flicker_Create(_VECTOR *, _VECTOR *, level_tag *, celglist_tag *, celglist_tag *)
  4566: 001acbd0   116 FUNC    GLOBAL DEFAULT    1 LeafGen_Create(_VECTOR *, _VECTOR *, level_tag *, celglist_tag *)
  4567: 001acc90   188 FUNC    GLOBAL DEFAULT    1 Ripples_Create(_VECTOR *, _VECTOR *, level_tag *, celglist_tag *)
  4568: 001dfef0   480 FUNC    GLOBAL DEFAULT    1 Rand_FRandHalf_Vec(_VECTOR *, float)
  4569: 001cf478   172 FUNC    GLOBAL DEFAULT    1 Particles_Create(unsigned int, _VECTOR *, plane_equ_tag *)
  4570: 001e7ac8   100 FUNC    GLOBAL DEFAULT    1 View_SetViewMask(obj_tag *, unsigned short)
  4571: 001ad6c0   424 FUNC    GLOBAL DEFAULT    1 Sub_Create(_VECTOR *, _VECTOR *, level_tag *, celglist_tag *)
  4572: 001e00d0   464 FUNC    GLOBAL DEFAULT    1 Rand_FRand_MVar2_Vec(_VECTOR *, float, float)
  4573: 001ad998   804 FUNC    GLOBAL DEFAULT    1 SSys_Monitor(void)
  4574: 0030cd94     4 OBJECT  GLOBAL DEFAULT   13 SSysDelayTimer
  4575: 001adcc0   488 FUNC    GLOBAL DEFAULT    1 Switch_Create(_VECTOR *, _VECTOR *, level_tag *, celglist_tag *)
  4576: 002bf0f8    12 OBJECT  GLOBAL DEFAULT    4 SwitchList
  4577: 001ae1f8   476 FUNC    GLOBAL DEFAULT    1 Lock_Create(_VECTOR *, _VECTOR *, level_tag *, celglist_tag *)
  4578: 001b0650   252 FUNC    GLOBAL DEFAULT    1 Lock_Unlock(obj_tag *, obj_tag *, unsigned char)
  4579: 002beff8   255 OBJECT  GLOBAL DEFAULT    4 KeyCodes
  4580: 001b0750    84 FUNC    GLOBAL DEFAULT    1 Lock_ReLock(obj_tag *, obj_tag *)
  4581: 001af010   904 FUNC    GLOBAL DEFAULT    1 Sensor_Create(_VECTOR *, _VECTOR *, level_tag *, celglist_tag *)
  4582: 001af4f0   296 FUNC    GLOBAL DEFAULT    1 Sensor_InCone(obj_tag *, obj_tag *, SENSOR *)
  4583: 001b01b0    84 FUNC    GLOBAL DEFAULT    1 SSys_Init(void)
  4584: 001b02a8   240 FUNC    GLOBAL DEFAULT    1 Switch_Activate(obj_tag *, obj_tag *)
  4585: 001b0448   256 FUNC    GLOBAL DEFAULT    1 FuseBox_Create(_VECTOR *, _VECTOR *, level_tag *, celglist_tag *)
  4586: 001b0548   260 FUNC    GLOBAL DEFAULT    1 Locks_Init(void)
  4587: 001b07a8   152 FUNC    GLOBAL DEFAULT    1 PCQWorm_Create(_VECTOR *, _VECTOR *, level_tag *, celglist_tag *)
  4588: 001b0868    60 FUNC    GLOBAL DEFAULT    1 Sensor_Init(void)
  4589: 001b08b0   180 FUNC    GLOBAL DEFAULT    1 Monitor_Create(_VECTOR *, _VECTOR *, level_tag *, celglist_tag *, celglist_tag *)
  4590: 0021de90    32 FUNC    GLOBAL DEFAULT    1 MenuManager_Exists(unsigned char)
  4591: 0021def0    32 FUNC    GLOBAL DEFAULT    1 MenuManager_Enable(signed char, unsigned char)
  4592: 0021c2b0   292 FUNC    GLOBAL DEFAULT    1 MenuManager_Delete(unsigned char)
  4593: 001e20a0   708 FUNC    GLOBAL DEFAULT    1 Vec_Track(float, _VECTOR *, _VECTOR *, MATRIX *, quaternion_tag *)
  4594: 001e3ae8   148 FUNC    GLOBAL DEFAULT    1 Quat_IsEqual(quaternion_tag const *, quaternion_tag const *, float)
  4595: 0030cda8     4 OBJECT  GLOBAL DEFAULT   13 SubTitleStr
  4596: 0030cdac     4 OBJECT  GLOBAL DEFAULT   13 SubTitleStr2
  4597: 001b09f0   576 FUNC    GLOBAL DEFAULT    1 Text_Update2Line(void)
  4598: 002bf140    16 OBJECT  GLOBAL DEFAULT    4 ReceivedMsgs
  4599: 001b1640   192 FUNC    GLOBAL DEFAULT    1 Text_DelMsg(TXT_MSG *)
  4600: 001b1428   228 FUNC    GLOBAL DEFAULT    1 Text_Init(signed char)
  4601: 001b1510   184 FUNC    GLOBAL DEFAULT    1 Text_Update(void)
  4602: 001b15c8   116 FUNC    GLOBAL DEFAULT    1 Text_FlushAllSubtitles(void)
  4603: 001b1700    32 FUNC    GLOBAL DEFAULT    1 global constructors keyed to SubTitleStr
  4604: 001ef178  1040 FUNC    GLOBAL DEFAULT    1 Font_WordWrapString(char **, unsigned short, char *, unsigned int, GPOINT *)
  4605: 001de718   152 FUNC    GLOBAL DEFAULT    1 Sprite_SetTextNFmt(sprite *, char *, char *, unsigned short)
  4606: 001cd040   152 FUNC    GLOBAL DEFAULT    1 CirBuf_Add(CIRBUF_INFO *, int)
  4607: 001cae10    84 FUNC    GLOBAL DEFAULT    1 Txt_UnlockString(char *)
  4608: 00236738   300 FUNC    GLOBAL DEFAULT    1 strcat
  4609: 001ccd60   216 FUNC    GLOBAL DEFAULT    1 DList_AllocnNodes(DLISTINFO_tag *, unsigned int)
  4610: 001cc600   372 FUNC    GLOBAL DEFAULT    1 LList_InsertAt(LLISTINFO_tag *, LLNODE_tag *, signed char, int (*)(void const *, void const *))
  4611: 001d3400    44 FUNC    GLOBAL DEFAULT    1 CompMsgTxt(void const *, void const *)
  4612: 001ccb68   120 FUNC    GLOBAL DEFAULT    1 LList_Insert(LLISTINFO_tag *, LLNODE_tag *, LLNODE_tag *)
  4613: 001ccfb8   132 FUNC    GLOBAL DEFAULT    1 CirBuf_Init(CIRBUF_INFO *, unsigned short, int *)
  4614: 001cc868   240 FUNC    GLOBAL DEFAULT    1 DList_RemoveFromInUse2Free(DLISTINFO_tag *, LLNODE_tag *)
  4615: 001b1720   480 FUNC    GLOBAL DEFAULT    1 Trigger_Create(_VECTOR *, _VECTOR *, level_tag *, celglist_tag *)
  4616: 001b2628   360 FUNC    GLOBAL DEFAULT    1 SoundTrigger_Create(_VECTOR *, _VECTOR *, level_tag *, celglist_tag *)
  4617: 001b2950   184 FUNC    GLOBAL DEFAULT    1 Trigger_LoadLevelCreate(_VECTOR *, _VECTOR *, level_tag *, celglist_tag *)
  4618: 001b2a08   160 FUNC    GLOBAL DEFAULT    1 Trigger_MoviePlayer(_VECTOR *, _VECTOR *, level_tag *, celglist_tag *)
  4619: 001b2aa8   224 FUNC    GLOBAL DEFAULT    1 Trigger_Touch(_VECTOR *, _VECTOR *, level_tag *, celglist_tag *)
  4620: 001b2b88   224 FUNC    GLOBAL DEFAULT    1 Trigger_TouchOnce(_VECTOR *, _VECTOR *, level_tag *, celglist_tag *)
  4621: 001b2c68   208 FUNC    GLOBAL DEFAULT    1 Trigger_MultiplexIn(_VECTOR *, _VECTOR *, level_tag *, celglist_tag *)
  4622: 001b2d38   208 FUNC    GLOBAL DEFAULT    1 Trigger_MultiplexOrIn(_VECTOR *, _VECTOR *, level_tag *, celglist_tag *)
  4623: 001b2e08   208 FUNC    GLOBAL DEFAULT    1 Trigger_MultiplexSIn(_VECTOR *, _VECTOR *, level_tag *, celglist_tag *)
  4624: 001b2ed8   208 FUNC    GLOBAL DEFAULT    1 Trigger_MultiplexOut(_VECTOR *, _VECTOR *, level_tag *, celglist_tag *)
  4625: 001b3040   100 FUNC    GLOBAL DEFAULT    1 InverterTrigger_Create(level_tag *)
  4626: 001b30e0   188 FUNC    GLOBAL DEFAULT    1 MusicTrigger_Create(_VECTOR *, _VECTOR *, level_tag *, celglist_tag *)
  4627: 001b3248   312 FUNC    GLOBAL DEFAULT    1 Hint_Create(_VECTOR *, _VECTOR *, level_tag *, celglist_tag *)
  4628: 001b9900    32 FUNC    GLOBAL DEFAULT    1 global constructors keyed to weapon_data
  4629: 001b9af0   272 FUNC    GLOBAL DEFAULT    1 Camera_Reset(viewer_tag *)
  4630: 002c6ba8    64 OBJECT  GLOBAL DEFAULT    4 ThirdPersonCameras
  4631: 001bc590    68 FUNC    GLOBAL DEFAULT    1 ThirdCam_GetPos(obj_tag *, float, MATRIX *)
  4632: 001bada0   240 FUNC    GLOBAL DEFAULT    1 Camera_UpdateGlbVars(unsigned short)
  4633: 001bae90   224 FUNC    GLOBAL DEFAULT    1 Camera_CheckLocation(unsigned short)
  4634: 001bb0f8   444 FUNC    GLOBAL DEFAULT    1 Camera_Create(unsigned int, world_tag *, signed char, unsigned short, unsigned short, unsigned short, unsigned short)
  4635: 001bb2b8  1056 FUNC    GLOBAL DEFAULT    1 Camera_CreateCameras(void)
  4636: 001bb6d8   332 FUNC    GLOBAL DEFAULT    1 Camera_Update(unsigned short)
  4637: 001bba38   444 FUNC    GLOBAL DEFAULT    1 Camera_Shear(viewer_tag *)
  4638: 001bbc60   108 FUNC    GLOBAL DEFAULT    1 Camera_PushStates(void)
  4639: 001bbcd0   148 FUNC    GLOBAL DEFAULT    1 Camera_PopStates(void)
  4640: 001bbd68   112 FUNC    GLOBAL DEFAULT    1 Camera_UpdateAll(void)
  4641: 001bc3a8   132 FUNC    GLOBAL DEFAULT    1 Cameras_PostLoad(void)
  4642: 001bc510   124 FUNC    GLOBAL DEFAULT    1 ThirdCam_Create(_VECTOR *, _VECTOR *, level_tag *, celglist_tag *)
  4643: 001bc5d8   144 FUNC    GLOBAL DEFAULT    1 CamSubject_Create(_VECTOR *, _VECTOR *, level_tag *, celglist_tag *)
  4644: 001cce38   120 FUNC    GLOBAL DEFAULT    1 Stack_Init(STACKINFO *, unsigned short, int *)
  4645: 001c9378    76 FUNC    GLOBAL DEFAULT    1 build_alloc_viewer(unsigned int)
  4646: 001c94d8    28 FUNC    GLOBAL DEFAULT    1 build_link_world_to_viewer(viewer_tag *, world_tag *)
  4647: 001c93f8   220 FUNC    GLOBAL DEFAULT    1 build_alloc_cel(cel_tag *)
  4648: 001c93c8    44 FUNC    GLOBAL DEFAULT    1 build_alloc_world(void)
  4649: 001e3280   196 FUNC    GLOBAL DEFAULT    1 Mat_World2ViewMat(MATRIX *, MATRIX *)
  4650: 001ccf18    80 FUNC    GLOBAL DEFAULT    1 Stack_Push(STACKINFO *, int)
  4651: 001cceb0    28 FUNC    GLOBAL DEFAULT    1 Stack_IsEmpty(STACKINFO *)
  4652: 001ccf68    80 FUNC    GLOBAL DEFAULT    1 Stack_Pop(STACKINFO *)
  4653: 0030cdd8     1 OBJECT  GLOBAL DEFAULT   13 bCharacterLight
  4654: 0030cdd9     1 OBJECT  GLOBAL DEFAULT   13 bShadowCharacter
  4655: 0030cddc     4 OBJECT  GLOBAL DEFAULT   13 AnimColRad
  4656: 0030cde0     1 OBJECT  GLOBAL DEFAULT   13 ScriptFootstepFoot
  4657: 001bc6e8  2240 FUNC    GLOBAL DEFAULT    1 AnimDebugHandler(void)
  4658: 001c63b0     8 FUNC    GLOBAL DEFAULT    1 AnimCacheDump(void)
  4659: 001c7000   204 FUNC    GLOBAL DEFAULT    1 AnimScriptAppend(obj_tag *, unsigned int)
  4660: 001bd328   172 FUNC    GLOBAL DEFAULT    1 AnimSkeletonProcess(void *)
  4661: 001bdf40   612 FUNC    GLOBAL DEFAULT    1 AnimLoadFile(unsigned int, signed char)
  4662: 002c7230    28 OBJECT  GLOBAL DEFAULT    4 AnimFileSizes
  4663: 001be1a8   356 FUNC    GLOBAL DEFAULT    1 AnimPostLoadInit(void)
  4664: 001c6b98   120 FUNC    GLOBAL DEFAULT    1 AnimListDelete(obj_tag *)
  4665: 0030ce10     1 OBJECT  GLOBAL DEFAULT   13 ScriptFootstepType
  4666: 001c66f8    80 FUNC    GLOBAL DEFAULT    1 AnimObjectIsClose(obj_tag const *, unsigned int)
  4667: 001c32e0   788 FUNC    GLOBAL DEFAULT    1 AnimGetBoneWorldTrans2(obj_tag *, unsigned int, int, _VECTOR *, MATRIX *)
  4668: 001c77c0    52 FUNC    GLOBAL DEFAULT    1 AnimTagGetUnique(void)
  4669: 002c71a8   132 OBJECT  GLOBAL DEFAULT    4 GlbAnimList
  4670: 001c5668  3340 FUNC    GLOBAL DEFAULT    1 AnimFrameCopy(void *, sAnimSeq_tag *, sAnimSkin_tag const *, float)
  4671: 001c4490  1584 FUNC    GLOBAL DEFAULT    1 AnimObjectDraw(obj_tag *, viewer_tag *, unsigned char, unsigned char, unsigned char, signed char)
  4672: 001c4ac8   532 FUNC    GLOBAL DEFAULT    1 AnimGetCollData(obj_tag *, unsigned short *)
  4673: 002c6ef8    64 OBJECT  GLOBAL DEFAULT    4 IKInfo
  4674: 001c6390     8 FUNC    GLOBAL DEFAULT    1 AnimCacheInit(void)
  4675: 001c6398     8 FUNC    GLOBAL DEFAULT    1 AnimCacheEnable(void)
  4676: 001c63a0     8 FUNC    GLOBAL DEFAULT    1 AnimCacheDisable(void)
  4677: 001c63b8   216 FUNC    GLOBAL DEFAULT    1 AnimPreLoadInit(signed char)
  4678: 001c66b8    64 FUNC    GLOBAL DEFAULT    1 AnimGetNDiscreteObj(obj_tag *, unsigned int)
  4679: 001c7348   132 FUNC    GLOBAL DEFAULT    1 AnimGetFirstTrans(sAnimScript_tag *, _VECTOR *)
  4680: 001c7998     8 FUNC    GLOBAL DEFAULT    1 AnimSeqGetHdrBuf(signed char)
  4681: 00236438   260 FUNC    GLOBAL DEFAULT    1 memmove
  4682: 001ca648   140 FUNC    GLOBAL DEFAULT    1 hashtable_modify(unsigned int, void const *)
  4683: 001ca840    80 FUNC    GLOBAL DEFAULT    1 hashtable_celglist_to_hashcode(celglist_tag *)
  4684: 001de210    16 FUNC    GLOBAL DEFAULT    1 Sound_SetAlertness(unsigned int, float)
  4685: 001e3cb0   180 FUNC    GLOBAL DEFAULT    1 Quat_Rot_Vec(quaternion_tag const *, _VECTOR const *, _VECTOR *)
  4686: 001e2d28    48 FUNC    GLOBAL DEFAULT    1 Vec_UnitVector(_VECTOR *, _VECTOR const *, _VECTOR const *)
  4687: 001e3078   132 FUNC    GLOBAL DEFAULT    1 Vec_CrossNormalise(_VECTOR const *, _VECTOR const *, _VECTOR *)
  4688: 001df8d0   228 FUNC    GLOBAL DEFAULT    1 Plane_PlaneEq(plane_equ_tag *, _VECTOR const *, _VECTOR const *, _VECTOR const *)
  4689: 001e3698    84 FUNC    GLOBAL DEFAULT    1 Plane_PutPntOnPlane(_VECTOR *, _VECTOR const *, plane_equ_tag const *)
  4690: 001e3100   172 FUNC    GLOBAL DEFAULT    1 Vec_ScalarTripleProduct(_VECTOR const *, _VECTOR const *, _VECTOR const *)
  4691: 001e0f10   560 FUNC    GLOBAL DEFAULT    1 Ang_RotateToBearing(float, float, float, float)
  4692: 001e3f20   128 FUNC    GLOBAL DEFAULT    1 Quat_AxisAngleToQuat(quaternion_tag const *, quaternion_tag *)
  4693: 001e0820   320 FUNC    GLOBAL DEFAULT    1 Vec_LineSphereIntersection(_VECTOR const *, _VECTOR const *, _VECTOR const *, float, _VECTOR *)
  4694: 001e4120   100 FUNC    GLOBAL DEFAULT    1 Quat_Slerp(float, quaternion_tag const *, quaternion_tag const *, quaternion_tag *)
  4695: 001e78b0    88 FUNC    GLOBAL DEFAULT    1 View_SetupRenderModes(viewer_tag const *, obj_tag *)
  4696: 001e7908   148 FUNC    GLOBAL DEFAULT    1 View_SetupRenderModes2(viewer_tag const *, obj_tag *)
  4697: 001e77f8    76 FUNC    GLOBAL DEFAULT    1 View_DrawGlist(celglist_tag *, _VECTOR &, _VECTOR &, _VECTOR &, unsigned int)
  4698: 001e4b40    52 FUNC    GLOBAL DEFAULT    1 Vec_Mul(_VECTOR *, _VECTOR const *)
  4699: 001c7e78   796 FUNC    GLOBAL DEFAULT    1 bootup_bootup(void)
  4700: 001c8198   968 FUNC    GLOBAL DEFAULT    1 Boot_GetPTPData(unsigned char **, unsigned int *)
  4701: 001c8560   968 FUNC    GLOBAL DEFAULT    1 Boot_LoadPTPData(void)
  4702: 002d6230    64 OBJECT  GLOBAL DEFAULT    4 CONSTANT_MAT_IDENT
  4703: 002e1ad0    68 OBJECT  GLOBAL DEFAULT    4 ls
  4704: 0030d2a7     1 OBJECT  GLOBAL DEFAULT   13 menu_unlock_everything
  4705: 00202360    64 FUNC    GLOBAL DEFAULT    1 Menu_GetNightfireStatus(void)
  4706: 00202430    28 FUNC    GLOBAL DEFAULT    1 Menu_GetBonus(unsigned char)
  4707: 002e1b18   112 OBJECT  GLOBAL DEFAULT    4 def_codename
  4708: 002024e8   148 FUNC    GLOBAL DEFAULT    1 Menu_GetBestMedal(unsigned int, unsigned char)
  4709: 001ce1c8   148 FUNC    GLOBAL DEFAULT    1 LS_LoadFromBuffer(unsigned char *, unsigned int)
  4710: 002023a0    72 FUNC    GLOBAL DEFAULT    1 Menu_SetNightfireStatus(unsigned int)
  4711: 001ff898   376 FUNC    GLOBAL DEFAULT    1 Menu_SetBonus(unsigned long, unsigned char, signed char)
  4712: 001cad38    32 FUNC    GLOBAL DEFAULT    1 Txt_SetLanguage(tLANGUAGE)
  4713: 001c8928   412 FUNC    GLOBAL DEFAULT    1 build_alloc_portal(portal_tag &, portal_tag *, cel_tag *, signed char)
  4714: 001c8ac8   484 FUNC    GLOBAL DEFAULT    1 build_LinkDoors2Portals(cel_tag *, obj_tag *)
  4715: 001c9150   548 FUNC    GLOBAL DEFAULT    1 build_link_objects_to_rooms(cel_tag *)
  4716: 001c94f8     8 FUNC    GLOBAL DEFAULT    1 build_MakeCelOverlapBox(world_tag *)
  4717: 001df9b8   272 FUNC    GLOBAL DEFAULT    1 vecutil_point_on_poly(_VECTOR *, _VECTOR const *, _VECTOR const *, _VECTOR const *, plane_equ_tag const *)
  4718: 0030d108     4 OBJECT  GLOBAL DEFAULT   13 gbl_room_cels
  4719: 0030ce34     4 OBJECT  GLOBAL DEFAULT   13 switch_DRAW_BONES
  4720: 0030ce38     4 OBJECT  GLOBAL DEFAULT   13 switch_DRAW_WEAPON_DATUMS
  4721: 0030ce3c     4 OBJECT  GLOBAL DEFAULT   13 switch_NODRAW_SKIN
  4722: 0030ce40     4 OBJECT  GLOBAL DEFAULT   13 switch_FILL_POLYGONS
  4723: 0030ce44     4 OBJECT  GLOBAL DEFAULT   13 switch_SHOW_COLL
  4724: 0030ce48     4 OBJECT  GLOBAL DEFAULT   13 switch_SHOW_COLLBOX
  4725: 0030ce4c     4 OBJECT  GLOBAL DEFAULT   13 switch_FORCE_FILL_POLYGONS
  4726: 0030ce50     4 OBJECT  GLOBAL DEFAULT   13 switch_SHOW_PORTAL_CLIP
  4727: 0030ce54     4 OBJECT  GLOBAL DEFAULT   13 switch_ENABLE_CLIPPING_REGIONS
  4728: 0030ce58     4 OBJECT  GLOBAL DEFAULT   13 switch_SHOW_DEBUG_AXIS
  4729: 0030ce5c     4 OBJECT  GLOBAL DEFAULT   13 switch_SHOW_SPRITES
  4730: 0030ce60     4 OBJECT  GLOBAL DEFAULT   13 switch_DEBUG_GFX_LIST
  4731: 0030ce64     4 OBJECT  GLOBAL DEFAULT   13 switch_BOUNDING_SPHERE
  4732: 0030ce68     1 OBJECT  GLOBAL DEFAULT   13 switch_BLOKE_BOUNDING_SPHERE
  4733: 0030ce6c     4 OBJECT  GLOBAL DEFAULT   13 switch_BACKFACECULL
  4734: 0030ce70     4 OBJECT  GLOBAL DEFAULT   13 switch_COLTRIS
  4735: 0030ce74     4 OBJECT  GLOBAL DEFAULT   13 switch_SHOW_RAINBOX
  4736: 0030ce78     4 OBJECT  GLOBAL DEFAULT   13 switch_PC_NOAUDIO
  4737: 0030ce80     4 OBJECT  GLOBAL DEFAULT   13 switch_SHOWPUSH
  4738: 0030ce84     1 OBJECT  GLOBAL DEFAULT   13 switch_SHOW_LIGHTS
  4739: 0030ce85     1 OBJECT  GLOBAL DEFAULT   13 switch_SHOW_SCRIPT_SOUNDS
  4740: 0030ce88     4 OBJECT  GLOBAL DEFAULT   13 switch_CONFIG_WINDOWED
  4741: 0030ce8c     4 OBJECT  GLOBAL DEFAULT   13 switch_CONFIG_BITDEPTH
  4742: 0030ce90     4 OBJECT  GLOBAL DEFAULT   13 switch_CONFIG_WIDESCREEN
  4743: 0030ce94     4 OBJECT  GLOBAL DEFAULT   13 switch_CONFIG_PROGRESSIVE_SCAN
  4744: 0030ce98     4 OBJECT  GLOBAL DEFAULT   13 switch_CONFIG_BROWSE_TEX
  4745: 0030ce9c     4 OBJECT  GLOBAL DEFAULT   13 switch_CONFIG_LOADSCREEN
  4746: 0030cea0     4 OBJECT  GLOBAL DEFAULT   13 switch_SAFE_BORDERS
  4747: 0030cea4     4 OBJECT  GLOBAL DEFAULT   13 switch_DEBUG_INFO
  4748: 0030cea8     4 OBJECT  GLOBAL DEFAULT   13 switch_SC_DISPLAY
  4749: 0030ceb0     4 OBJECT  GLOBAL DEFAULT   13 switch_COLLINFO
  4750: 0030ceb4     4 OBJECT  GLOBAL DEFAULT   13 switch_SKINCOL
  4751: 0030ceb8     4 OBJECT  GLOBAL DEFAULT   13 switch_SHOW_BULLETS
  4752: 0030cebc     4 OBJECT  GLOBAL DEFAULT   13 switch_CONTROLLER
  4753: 0030cec4     4 OBJECT  GLOBAL DEFAULT   13 switch_ForceDrawAll
  4754: 0030cec8     1 OBJECT  GLOBAL DEFAULT   13 pen_r
  4755: 0030cec9     1 OBJECT  GLOBAL DEFAULT   13 pen_g
  4756: 0030ceca     1 OBJECT  GLOBAL DEFAULT   13 pen_b
  4757: 001c9790   308 FUNC    GLOBAL DEFAULT    1 Game_Run(void)
  4758: 001c9eb0   136 FUNC    GLOBAL DEFAULT    1 GameFlow_PopState(void)
  4759: 0030d2a5     1 OBJECT  GLOBAL DEFAULT   13 switch_AllowFreeze
  4760: 001dd278   716 FUNC    GLOBAL DEFAULT    1 Sound_UpdateListeners(void)
  4761: 0021c3d8  1152 FUNC    GLOBAL DEFAULT    1 MenuManager_Update(void)
  4762: 0021d508  2428 FUNC    GLOBAL DEFAULT    1 MenuManager_Monitor(void)
  4763: 001cafb8   444 FUNC    GLOBAL DEFAULT    1 Light_Update(void)
  4764: 001d6958    68 FUNC    GLOBAL DEFAULT    1 Reset_MapLoadSettings(void)
  4765: 001e6f50  1976 FUNC    GLOBAL DEFAULT    1 Game_Draw(void)
  4766: 001d6360  1524 FUNC    GLOBAL DEFAULT    1 ResetMap_Load(void)
  4767: 001ca1b0   248 FUNC    GLOBAL DEFAULT    1 hashtable_deleteitem(unsigned int)
  4768: 001ca2a8   300 FUNC    GLOBAL DEFAULT    1 hashtable_create_sections(void)
  4769: 001ca4b8   100 FUNC    GLOBAL DEFAULT    1 hashtable_initialise(void)
  4770: 001ca520   140 FUNC    GLOBAL DEFAULT    1 hashtable_delete_hashtype(unsigned int)
  4771: 001ca890   168 FUNC    GLOBAL DEFAULT    1 hashtable_set_sub_object_to_entity_gfx(Effect_tag *, unsigned int)
  4772: 001cad00    56 FUNC    GLOBAL DEFAULT    1 Txt_LanguageInit(signed char)
  4773: 001caeb8   256 FUNC    GLOBAL DEFAULT    1 Light_SetAmbientRadiators(unsigned char *)
  4774: 002c74c0    24 OBJECT  GLOBAL DEFAULT    4 LightList
  4775: 001cb4f8  1028 FUNC    GLOBAL DEFAULT    1 Searchlight_Create(_VECTOR *, _VECTOR *, level_tag *, celglist_tag *)
  4776: 001cc340   144 FUNC    GLOBAL DEFAULT    1 Light_Init(void)
  4777: 001e8a48   140 FUNC    GLOBAL DEFAULT    1 ClrStep(float, float, float)
  4778: 001cca80    68 FUNC    GLOBAL DEFAULT    1 LList_Cut(LLISTINFO_tag *)
  4779: 001ccbe0   216 FUNC    GLOBAL DEFAULT    1 LList_AllocnNodes(LLISTINFO_tag *, unsigned int)
  4780: 001cced0    68 FUNC    GLOBAL DEFAULT    1 Stack_Top(STACKINFO *)
  4781: 002c74d8    96 OBJECT  GLOBAL DEFAULT    4 SaveIFFBlocks
  4782: 0030cf10     4 OBJECT  GLOBAL DEFAULT   13 NumSaveBlocks
  4783: 001cdfc0   256 FUNC    GLOBAL DEFAULT    1 LS_Load(char *, unsigned short, unsigned short)
  4784: 001ce0c0   240 FUNC    GLOBAL DEFAULT    1 LS_Save(char *, unsigned short, unsigned short)
  4785: 001ce1b0    12 FUNC    GLOBAL DEFAULT    1 LS_FlushStates(void)
  4786: 001ce668    32 FUNC    GLOBAL DEFAULT    1 global constructors keyed to SaveIFFBlocks
  4787: 001e8b88   132 FUNC    GLOBAL DEFAULT    1 BIN_PushBits(unsigned char *, unsigned int *, unsigned int, unsigned char)
  4788: 001e8ca0   136 FUNC    GLOBAL DEFAULT    1 BIN_PullBits(unsigned char *, unsigned int *, unsigned char *, unsigned char)
  4789: 001e8e38   136 FUNC    GLOBAL DEFAULT    1 BIN_PullBits(unsigned char *, unsigned int *, short *, unsigned char)
  4790: 001e8db0   136 FUNC    GLOBAL DEFAULT    1 BIN_PullBits(unsigned char *, unsigned int *, unsigned int *, unsigned char)
  4791: 001e8c18   136 FUNC    GLOBAL DEFAULT    1 BIN_PullBits(unsigned char *, unsigned int *, int *, unsigned char)
  4792: 001e8d28   136 FUNC    GLOBAL DEFAULT    1 BIN_PullBits(unsigned char *, unsigned int *, unsigned short *, unsigned char)
  4793: 001cf268    40 FUNC    GLOBAL DEFAULT    1 Effect_InitLists(void)
  4794: 001e31b0   104 FUNC    GLOBAL DEFAULT    1 Vec_NormToRot(_VECTOR const *, _VECTOR *)
  4795: 001de220    28 FUNC    GLOBAL DEFAULT    1 Sound_ModAlertness(unsigned int, float)
  4796: 0030cf90     4 OBJECT  GLOBAL DEFAULT   13 PtrHeap
  4797: 0030cf94     4 OBJECT  GLOBAL DEFAULT   13 PtrHeapEnd
  4798: 001cfde8   280 FUNC    GLOBAL DEFAULT    1 Mem_PrintAllInfo(void)
  4799: 001cfcf0   248 FUNC    GLOBAL DEFAULT    1 Mem_Info(void)
  4800: 002c77e0   320 OBJECT  GLOBAL DEFAULT    4 memnames
  4801: 002c7920    28 OBJECT  GLOBAL DEFAULT    4 MemStats
  4802: 001cffb8   232 FUNC    GLOBAL DEFAULT    1 Mem_ShrinkToEndOfBlock(void **)
  4803: 001d00c0  1072 FUNC    GLOBAL DEFAULT    1 parseentity_fixup_entity(cel_tag *, unsigned int *, level_tag *)
  4804: 001d04f0  2752 FUNC    GLOBAL DEFAULT    1 parsemap_create_dynamic_objects(_TARG23_PLACEMENT *, level_tag *, unsigned int, celglist_tag *, framelist_tag *, celglist_tag *, unsigned char)
  4805: 001d0fb0   112 FUNC    GLOBAL DEFAULT    1 parseentity_transform_bounding_box(cel_tag *)
  4806: 001db9a8   608 FUNC    GLOBAL DEFAULT    1 SP_CreateScriptPlayer(_VECTOR *, _VECTOR *, level_tag *, obj_tag *, void (*)(obj_tag *, unsigned short, void *), void *)
  4807: 001d6bf0   580 FUNC    GLOBAL DEFAULT    1 RB_Create(_VECTOR *, _VECTOR *, celglist_tag *, level_tag *)
  4808: 001e7ce8   112 FUNC    GLOBAL DEFAULT    1 OneSided_Create(_VECTOR *, _VECTOR *, celglist_tag *)
  4809: 0030cfa0     4 OBJECT  GLOBAL DEFAULT   13 FileBase
  4810: 0030cfa4     4 OBJECT  GLOBAL DEFAULT   13 FileNextBlock
  4811: 0030cfa8     4 OBJECT  GLOBAL DEFAULT   13 FileLastBlock
  4812: 0030cfac     4 OBJECT  GLOBAL DEFAULT   13 FileDiscard
  4813: 0030cfcc     4 OBJECT  GLOBAL DEFAULT   13 MemType
  4814: 001d1020   708 FUNC    GLOBAL DEFAULT    1 parsemap_handle_block_id(signed char)
  4815: 0030cfe8     8 OBJECT  GLOBAL DEFAULT   13 DynamicBH
  4816: 0030cff0     4 OBJECT  GLOBAL DEFAULT   13 DynamicPtr
  4817: 001d12e8   324 FUNC    GLOBAL DEFAULT    1 parsemap_parsenextblock(signed char)
  4818: 0030cfd4     4 OBJECT  GLOBAL DEFAULT   13 OldCollisionSize
  4819: 001d1b68   388 FUNC    GLOBAL DEFAULT    1 parsemap_block_map_data_dynamic(block_header_tag &, unsigned char *, unsigned char)
  4820: 001d1cf0   392 FUNC    GLOBAL DEFAULT    1 parsemap_parsemap(unsigned int, signed char)
  4821: 001d2550    64 FUNC    GLOBAL DEFAULT    1 parsemap_reset_to_block_memory_discard(void)
  4822: 001d2598  1372 FUNC    GLOBAL DEFAULT    1 AIPath_Parse(unsigned char *)
  4823: 001ddff8   168 FUNC    GLOBAL DEFAULT    1 Sound_LoadMapSounds(unsigned char *)
  4824: 001d6b68   124 FUNC    GLOBAL DEFAULT    1 LoaderShrink(void **, unsigned int)
  4825: 001d69a0    72 FUNC    GLOBAL DEFAULT    1 isLoadable(unsigned int)
  4826: 001d2af8   456 FUNC    GLOBAL DEFAULT    1 AIPath_BindNodes(void)
  4827: 001d2ea8    32 FUNC    GLOBAL DEFAULT    1 AIPath_Init(void)
  4828: 001d3320    44 FUNC    GLOBAL DEFAULT    1 CompSpr(void const *, void const *)
  4829: 001d33c0    64 FUNC    GLOBAL DEFAULT    1 CompHitData(void const *, void const *)
  4830: 001d3430    36 FUNC    GLOBAL DEFAULT    1 CompDrawCels(void const *, void const *)
  4831: 001d3458    56 FUNC    GLOBAL DEFAULT    1 CompAlphaObj(void const *, void const *)
  4832: 001d3490    56 FUNC    GLOBAL DEFAULT    1 CompTargetObj(void const *, void const *)
  4833: 001d34c8    36 FUNC    GLOBAL DEFAULT    1 CompMenuCtrl(void const *, void const *)
  4834: 001d34f0    40 FUNC    GLOBAL DEFAULT    1 CompStrings(void const *, void const *)
  4835: 001d3390    44 FUNC    GLOBAL DEFAULT    1 CompBoxList(void const *, void const *)
  4836: 0030cff8     4 OBJECT  GLOBAL DEFAULT   13 Comp
  4837: 001d3350    64 FUNC    GLOBAL DEFAULT    1 CompLight(void const *, void const *)
  4838: 0030d000     1 OBJECT  GLOBAL DEFAULT   13 PS2_Sound_Ready
  4839: 001d3560   672 FUNC    GLOBAL DEFAULT    1 GetLevelToLoadFromMovieCode(unsigned int)
  4840: 0030d008     4 OBJECT  GLOBAL DEFAULT   13 Euro_Decomp_Buf_End
  4841: 0030d00c     4 OBJECT  GLOBAL DEFAULT   13 pCommonFileDataBase
  4842: 0030d060     4 OBJECT  GLOBAL DEFAULT   13 DirFileType
  4843: 0030d064     4 OBJECT  GLOBAL DEFAULT   13 DirFileHash
  4844: 001d4a00  1660 FUNC    GLOBAL DEFAULT    1 LoaderLoad(tLoaderType, unsigned int, unsigned char *, unsigned int)
  4845: 002c9428    64 OBJECT  GLOBAL DEFAULT    4 DirFileName
  4846: 001d5080   468 FUNC    GLOBAL DEFAULT    1 ResetMap_GameInit(void)
  4847: 001d69e8   196 FUNC    GLOBAL DEFAULT    1 LoadableLoad(unsigned int, unsigned int)
  4848: 001d6ab0   148 FUNC    GLOBAL DEFAULT    1 LoadableReload(unsigned int)
  4849: 001d6b48    28 FUNC    GLOBAL DEFAULT    1 LoaderLoadAnims(tLoaderType, unsigned int, unsigned char *, unsigned int)
  4850: 00202750    84 FUNC    GLOBAL DEFAULT    1 Menu_IsDrivingLevel(unsigned int)
  4851: 0021de88     8 FUNC    GLOBAL DEFAULT    1 MenuManager_Load(unsigned int, unsigned char *)
  4852: 001dceb8   604 FUNC    GLOBAL DEFAULT    1 Sound_Ready(void)
  4853: 0030d611     1 OBJECT  GLOBAL DEFAULT   13 mf_menu
  4854: 001daea8    20 FUNC    GLOBAL DEFAULT    1 Script_Init(void)
  4855: 001e77f0     8 FUNC    GLOBAL DEFAULT    1 View_Init(void)
  4856: 001de600    40 FUNC    GLOBAL DEFAULT    1 Sprite_InitLists(void)
  4857: 001edda0    92 FUNC    GLOBAL DEFAULT    1 Coll_ResetHitHeap(void)
  4858: 0021b570   156 FUNC    GLOBAL DEFAULT    1 MenuManager_Init(void)
  4859: 001de368     8 FUNC    GLOBAL DEFAULT    1 Sound_SetLogSfxFile(void)
  4860: 001de970   308 FUNC    GLOBAL DEFAULT    1 Sprite_BuildList(unsigned short, unsigned int *, unsigned int *, unsigned int *)
  4861: 001e5290  1528 FUNC    GLOBAL DEFAULT    1 View_DrawSprites(viewer_tag *, sprite **, unsigned int, unsigned int)
  4862: 001ddfd0    40 FUNC    GLOBAL DEFAULT    1 Sound_Kill(void)
  4863: 001ddf88    68 FUNC    GLOBAL DEFAULT    1 Sound_Init(void)
  4864: 001daec0    60 FUNC    GLOBAL DEFAULT    1 Script_FreeFromHashTable(unsigned int)
  4865: 001d7ad8   196 FUNC    GLOBAL DEFAULT    1 RB_Init(RIGIDBODY *, unsigned short)
  4866: 001d7ba0   216 FUNC    GLOBAL DEFAULT    1 RB_Build(RIGIDBODY *, _VECTOR const *, float const *, float)
  4867: 001d7da0    36 FUNC    GLOBAL DEFAULT    1 RB_SetState(RIGIDBODY *)
  4868: 001d7d40    20 FUNC    GLOBAL DEFAULT    1 RB_AddImpulsiveForce(RIGIDBODY *, _VECTOR const *)
  4869: 001d7c78   196 FUNC    GLOBAL DEFAULT    1 RB_ApplyWind(RIGIDBODY *, obj_tag *)
  4870: 001d7810   620 FUNC    GLOBAL DEFAULT    1 RB_EulerEvolve(RIGIDBODY *, float, int)
  4871: 001d6ff8   364 FUNC    GLOBAL DEFAULT    1 RB_ApplyImpulses(RIGIDBODY *)
  4872: 001d7168   568 FUNC    GLOBAL DEFAULT    1 RB_RestingContact(obj_tag *, RIGIDBODY *, HITDATA_tag *)
  4873: 001d7658   436 FUNC    GLOBAL DEFAULT    1 RB_CalcTorque(RIGIDBODY *, HITDATA_tag *)
  4874: 001d73a0   692 FUNC    GLOBAL DEFAULT    1 RB_RestingContactRot(obj_tag *, RIGIDBODY *, HITDATA_tag *)
  4875: 001d7d58    72 FUNC    GLOBAL DEFAULT    1 RB_AddImpulsiveForceAtPoint(RIGIDBODY *, _VECTOR const *, _VECTOR const *)
  4876: 001d7dc8    76 FUNC    GLOBAL DEFAULT    1 RB_CuboidMomentsOfInertia(float *, float, float, float, float)
  4877: 001d7eb8   148 FUNC    GLOBAL DEFAULT    1 RB_ToBody(_VECTOR *, _VECTOR const *, MATRIX const *)
  4878: 001d7e18   148 FUNC    GLOBAL DEFAULT    1 RB_ToWorld(_VECTOR *, _VECTOR const *, MATRIX const *)
  4879: 001ecc00   560 FUNC    GLOBAL DEFAULT    1 Collide_CylinderIntersect(HITTEST_tag *, HITDATA_tag **, signed char, unsigned short)
  4880: 00232f70   372 FUNC    GLOBAL DEFAULT    1 expf
  4881: 001d8038    76 FUNC    GLOBAL DEFAULT    1 RB_VecSpecial(_VECTOR *, float, _VECTOR const *, _VECTOR const *, float)
  4882: 001d7f50   228 FUNC    GLOBAL DEFAULT    1 RB_apply_omega(quaternion_tag *, _VECTOR const *, float)
  4883: 001e3ba8   260 FUNC    GLOBAL DEFAULT    1 Quat_QuaternionMultiply(quaternion_tag const *, quaternion_tag const *, quaternion_tag *)
  4884: 001d8088   444 FUNC    GLOBAL DEFAULT    1 GetSplineWeights(int *, float *, float, KEYED_POSROT const *, int)
  4885: 001dac78   488 FUNC    GLOBAL DEFAULT    1 Script_FFwd(SCRIPTINFO *, signed char)
  4886: 001dae60    72 FUNC    GLOBAL DEFAULT    1 Script_IsDeathNIS(unsigned int)
  4887: 001daf00    96 FUNC    GLOBAL DEFAULT    1 Script_Set2Start(SCRIPTINFO *)
  4888: 001db668    28 FUNC    GLOBAL DEFAULT    1 Script_Stop(SCRIPTINFO *)
  4889: 001db6e0   144 FUNC    GLOBAL DEFAULT    1 Script_RemoveObj(obj_tag *, SCRIPTINFO *)
  4890: 001db770   152 FUNC    GLOBAL DEFAULT    1 Script_SetColour(SCRIPTINFO *, unsigned char, unsigned char, unsigned char)
  4891: 001db808   276 FUNC    GLOBAL DEFAULT    1 Script_HideObj(SCRIPTINFO *, signed char)
  4892: 001e8ad8    20 FUNC    GLOBAL DEFAULT    1 BIN_GetByte(unsigned char **)
  4893: 001de930    60 FUNC    GLOBAL DEFAULT    1 Sprite_Delete(sprite *)
  4894: 001de190   128 FUNC    GLOBAL DEFAULT    1 Sound_SetVolume(unsigned int, float)
  4895: 001e4eb8    40 FUNC    GLOBAL DEFAULT    1 Vec_MulR32(_VECTOR4 *, _VECTOR4 const *, float)
  4896: 001e4330   340 FUNC    GLOBAL DEFAULT    1 Spline_Eval3D(_VECTOR const *, _VECTOR const *, _VECTOR const *, _VECTOR const *, float, _VECTOR *)
  4897: 001de260    60 FUNC    GLOBAL DEFAULT    1 Sound_IsLooping(unsigned int)
  4898: 001de350    24 FUNC    GLOBAL DEFAULT    1 Get_Music_Event(unsigned int)
  4899: 002c94a0 37176 OBJECT  GLOBAL DEFAULT    4 SFXOutputData
  4900: 002d25d8  3872 OBJECT  GLOBAL DEFAULT    4 Snd2Lbl
  4901: 002d3600    16 OBJECT  GLOBAL DEFAULT    4 GlobalListenerPos
  4902: 0030d07c     4 OBJECT  GLOBAL DEFAULT   13 GNumMapSounds
  4903: 001dd118   352 FUNC    GLOBAL DEFAULT    1 HandleMapSoundAllocation(void)
  4904: 002d3610  1600 OBJECT  GLOBAL DEFAULT    4 GMapSounds
  4905: 002d3c50    50 OBJECT  GLOBAL DEFAULT    4 GMapSoundActive
  4906: 002d3c88   200 OBJECT  GLOBAL DEFAULT    4 GMapSoundHandle
  4907: 0030d080     4 OBJECT  GLOBAL DEFAULT   13 Sound_FrameDelay
  4908: 0030d084     4 OBJECT  GLOBAL DEFAULT   13 g_fSubtitleDurationModification
  4909: 001de808   116 FUNC    GLOBAL DEFAULT    1 Sprite_Create(void)
  4910: 002d3df0  1148 OBJECT  GLOBAL DEFAULT    4 huffsize
  4911: 002d4270  1148 OBJECT  GLOBAL DEFAULT    4 huffcode
  4912: 002d46f0  1148 OBJECT  GLOBAL DEFAULT    4 huffval
  4913: 002d57f8  1536 OBJECT  GLOBAL DEFAULT    4 hcadr
  4914: 002d4bf8  3072 OBJECT  GLOBAL DEFAULT    4 hllen
  4915: 002d4b70   132 OBJECT  GLOBAL DEFAULT    4 bl_count
  4916: 002d5df8  1024 OBJECT  GLOBAL DEFAULT    4 maxlen
  4917: 001dec78   152 FUNC    GLOBAL DEFAULT    1 SeparateNumber(unsigned int, char *)
  4918: 001ded10   604 FUNC    GLOBAL DEFAULT    1 Vec_MatToEuler(_VECTOR *, MATRIX const *, RotOrder)
  4919: 001dfac8   480 FUNC    GLOBAL DEFAULT    1 vecutil_Dist2Tri_PointGeom(_VECTOR const *, _VECTOR *, _VECTOR *, _VECTOR *, plane_equ_tag *, float, _VECTOR *)
  4920: 001dfca8   580 FUNC    GLOBAL DEFAULT    1 vecutil_Dist2Tri(_VECTOR const *, _VECTOR *, _VECTOR *, _VECTOR *, plane_equ_tag *, unsigned short *, _VECTOR *)
  4921: 001e4d00   100 FUNC    GLOBAL DEFAULT    1 Vec_MinMax(_VECTOR const *, _VECTOR const *, _VECTOR *, _VECTOR *)
  4922: 001e2478   304 FUNC    GLOBAL DEFAULT    1 RotTransMatrix(_VECTOR const *, _VECTOR const *, MATRIX *)
  4923: 001e4f10    52 FUNC    GLOBAL DEFAULT    1 auxVec_Add(_VECTOR const *, _VECTOR const *, _VECTOR *)
  4924: 001e4d68   148 FUNC    GLOBAL DEFAULT    1 Vec_MinMax3(_VECTOR const *, _VECTOR const *, _VECTOR const *, _VECTOR *, _VECTOR *)
  4925: 001edfe0   284 FUNC    GLOBAL DEFAULT    1 Collide_RayTriangle(_VECTOR const *, _VECTOR const *, _VECTOR const *, _VECTOR const *, _VECTOR const *, float &)
  4926: 0030d0b4     2 OBJECT  GLOBAL DEFAULT   13 OnlyScaleZ
  4927: 0030d0b6     2 OBJECT  GLOBAL DEFAULT   13 FlipScale
  4928: 001e4ff0   376 FUNC    GLOBAL DEFAULT    1 View_RotTransScaleMatrix(_VECTOR const *, _VECTOR const *, _VECTOR const *, MATRIX *)
  4929: 001e5888   584 FUNC    GLOBAL DEFAULT    1 View_SetupRenderModes_Tweak(viewer_tag const *, obj_tag *)
  4930: 0030d0b9     1 OBJECT  GLOBAL DEFAULT   13 LightningType
  4931: 001e6780   544 FUNC    GLOBAL DEFAULT    1 View_DrawObjectGlist(obj_tag *, viewer_tag *)
  4932: 001e7848   100 FUNC    GLOBAL DEFAULT    1 View_AddSprite(unsigned short)
  4933: 001eee48   816 FUNC    GLOBAL DEFAULT    1 Font_DrawText(float, float, unsigned int, unsigned int, unsigned int, char *, char *, GPOINT *, unsigned int, int, float)
  4934: 001e89a8    56 FUNC    GLOBAL DEFAULT    1 Vision_Init_Portal_Recurse(viewer_tag *)
  4935: 001e86e8   348 FUNC    GLOBAL DEFAULT    1 Vision_Portal_Recurse(viewer_tag *)
  4936: 001e8908   132 FUNC    GLOBAL DEFAULT    1 Vision_AddCelToDraw(cel_tag *, unsigned int)
  4937: 001e8848   192 FUNC    GLOBAL DEFAULT    1 vision_generate_display_list(viewer_tag *)
  4938: 001e8990    20 FUNC    GLOBAL DEFAULT    1 vision_GetCamPos(_VECTOR *)
  4939: 001e7df8   420 FUNC    GLOBAL DEFAULT    1 Vision_Calculate_View_Fustrum(viewer_tag *)
  4940: 002d67d0    80 OBJECT  GLOBAL DEFAULT    4 ViewPoints
  4941: 002d6a90  7680 OBJECT  GLOBAL DEFAULT    4 PortalPlanes
  4942: 002d69d0   192 OBJECT  GLOBAL DEFAULT    4 NumPortalPlanes
  4943: 001e7fa0   832 FUNC    GLOBAL DEFAULT    1 ClipPortalWithPlane(plane_equ_tag *, _PORTAL *, _PORTAL *)
  4944: 002d6820    10 OBJECT  GLOBAL DEFAULT    4 PortalPointIn
  4945: 001e82e0  1028 FUNC    GLOBAL DEFAULT    1 Vision_Recurse(cel_tag *, int)
  4946: 0030d0c0     4 OBJECT  GLOBAL DEFAULT   13 VisionRecurseCount
  4947: 002d6830   208 OBJECT  GLOBAL DEFAULT    4 PortalsIn
  4948: 002d6900   208 OBJECT  GLOBAL DEFAULT    4 PortalsOut
  4949: 0030d0f0     8 OBJECT  GLOBAL DEFAULT   13 time_format
  4950: 001e9008   720 FUNC    GLOBAL DEFAULT    1 Intersect_RayBox(HITTEST_tag const *, _VECTOR *, _VECTOR *, float &)
  4951: 001e92d8  1940 FUNC    GLOBAL DEFAULT    1 Intersect_PointGeom(HITTEST_tag *, HITDATA_tag *)
  4952: 001eb320  1928 FUNC    GLOBAL DEFAULT    1 Collide_Pick(HITTEST_tag *)
  4953: 001ea7b8  1248 FUNC    GLOBAL DEFAULT    1 Intersect_Portal(HITTEST_tag *, portal_tag *)
  4954: 002d9be0   252 OBJECT  GLOBAL DEFAULT    4 KernNFont2
  4955: 002d9ce0  3576 OBJECT  GLOBAL DEFAULT    4 FontDataNFont2
  4956: 002daad8  2652 OBJECT  GLOBAL DEFAULT    4 KernMedium
  4957: 002db538  3576 OBJECT  GLOBAL DEFAULT    4 FontDataMedium
  4958: 002dc330  1926 OBJECT  GLOBAL DEFAULT    4 KernSerpLight
  4959: 002dcab8  3576 OBJECT  GLOBAL DEFAULT    4 FontDataSerpLight
  4960: 002dd8d8   408 OBJECT  GLOBAL DEFAULT    4 specialchar
  4961: 001ee3e0   436 FUNC    GLOBAL DEFAULT    1 Font_ParseFormat(char *, unsigned int &, GPOINT &)
  4962: 001ef668   188 FUNC    GLOBAL DEFAULT    1 Font_GetTextCountExtent(char *, char *, GPOINT *, float)
  4963: 001ef728   116 FUNC    GLOBAL DEFAULT    1 Font_GetAlignment(char *)
  4964: 001ef7a0   420 FUNC    GLOBAL DEFAULT    1 Button_SendMessage(M_BUTTON *, unsigned int, int, int)
  4965: 001ef948   840 FUNC    GLOBAL DEFAULT    1 Button_Update(M_MANAGER *, M_PAGE *, M_BUTTON *)
  4966: 001efc90   216 FUNC    GLOBAL DEFAULT    1 Button_Init(M_BUTTON *, NEW_CONTROL *, M_CONTROL *)
  4967: 002213d0    44 FUNC    GLOBAL DEFAULT    1 Script_ExitLoop(M_CONTROL *)
  4968: 00218890  1064 FUNC    GLOBAL DEFAULT    1 Label_SendMessage(M_LABEL *, unsigned int, int, int)
  4969: 001f12e0   136 FUNC    GLOBAL DEFAULT    1 Component_Free(M_CONTROL *)
  4970: 00220f30   128 FUNC    GLOBAL DEFAULT    1 Script_DelAllScripts(M_CONTROL *)
  4971: 001f3028    28 FUNC    GLOBAL DEFAULT    1 Menu_Free(void **, MENUMALLOCTYPE)
  4972: 002212a8   292 FUNC    GLOBAL DEFAULT    1 Script_Play(M_CONTROL *, unsigned int, signed char)
  4973: 00221250    84 FUNC    GLOBAL DEFAULT    1 Script_Select(M_CONTROL *, unsigned int)
  4974: 001f0950  1764 FUNC    GLOBAL DEFAULT    1 Component_SetupInstance(M_CONTROL *, unsigned int, int, int, int, int)
  4975: 001f13c8   304 FUNC    GLOBAL DEFAULT    1 Menu_CursorOverMe(M_MANAGER *, M_CONTROL *)
  4976: 00218cb8  1476 FUNC    GLOBAL DEFAULT    1 Label_Update(M_MANAGER *, M_PAGE *, M_LABEL *, signed char)
  4977: 001f1268   116 FUNC    GLOBAL DEFAULT    1 Component_GetHandle(M_CONTROL *)
  4978: 001f2e30    20 FUNC    GLOBAL DEFAULT    1 Menu_ResizeControl(M_CONTROL *, short, short, short, short)
  4979: 001f1f40  1440 FUNC    GLOBAL DEFAULT    1 Menu_InputAction(short, GameActions_tag, unsigned short)
  4980: 001f3278   176 FUNC    GLOBAL DEFAULT    1 Menu_PlaySound(MENU_SOUND)
  4981: 001f1c18   420 FUNC    GLOBAL DEFAULT    1 __Menu_SendMessage(M_CONTROL *, unsigned int, int, int)
  4982: 00218638   600 FUNC    GLOBAL DEFAULT    1 Label_Init(M_LABEL *, NEW_CONTROL *, M_CONTROL *)
  4983: 00220ed8    84 FUNC    GLOBAL DEFAULT    1 Script_PrepareScripting(M_CONTROL *)
  4984: 001efd68   396 FUNC    GLOBAL DEFAULT    1 Checkbox_SendMessage(M_CHECKBOX *, unsigned int, int, int)
  4985: 001efef8   536 FUNC    GLOBAL DEFAULT    1 Checkbox_Update(M_MANAGER *, M_PAGE *, M_CHECKBOX *)
  4986: 001f0110   312 FUNC    GLOBAL DEFAULT    1 Checkbox_Init(M_CHECKBOX *, NEW_CONTROL *, M_CONTROL *)
  4987: 001f0248   592 FUNC    GLOBAL DEFAULT    1 Combo_Init(M_COMBO *, NEW_CONTROL *, M_CONTROL *)
  4988: 001f0498   972 FUNC    GLOBAL DEFAULT    1 Combo_Update(M_MANAGER *, M_PAGE *, M_COMBO *)
  4989: 001f0868   232 FUNC    GLOBAL DEFAULT    1 Combo_SendMessage(M_COMBO *, unsigned int, int, int)
  4990: 00219488   608 FUNC    GLOBAL DEFAULT    1 List_Init(M_LISTBOX *, NEW_CONTROL *, M_CONTROL *)
  4991: 002196e8  3760 FUNC    GLOBAL DEFAULT    1 List_SendMessage(M_LISTBOX *, unsigned int, int, int)
  4992: 0021a598  3704 FUNC    GLOBAL DEFAULT    1 List_Update(M_MANAGER *, M_PAGE *, M_LISTBOX *)
  4993: 002dda70    16 OBJECT  GLOBAL DEFAULT    4 component_list
  4994: 001f1038    36 FUNC    GLOBAL DEFAULT    1 Component_InitComponents(void)
  4995: 001f1060   132 FUNC    GLOBAL DEFAULT    1 Component_AddSet(unsigned char, unsigned short)
  4996: 001f10e8   172 FUNC    GLOBAL DEFAULT    1 Component_DestroyAll(unsigned char)
  4997: 001f1368    92 FUNC    GLOBAL DEFAULT    1 Component_Destroy(M_COMPONENTLIST *)
  4998: 001f1198   100 FUNC    GLOBAL DEFAULT    1 Component_AddComponent(M_COMPONENT *, short, short, short, short, unsigned int, short)
  4999: 001f1200   100 FUNC    GLOBAL DEFAULT    1 Component_InitInstance(MenuSpriteInfo *, short, short, short, short, unsigned short, unsigned short, unsigned short, unsigned short, unsigned int, unsigned int, float, float)
  5000: 001f27f8   120 FUNC    GLOBAL DEFAULT    1 Menu_GetPage(M_CONTROL *)
  5001: 001f3008    32 FUNC    GLOBAL DEFAULT    1 Menu_Malloc(unsigned int, MENUMALLOCTYPE)
  5002: 001f2fa8    60 FUNC    GLOBAL DEFAULT    1 Menu_CreateSprite(SpriteInfo *, MENUSPRITETYPE)
  5003: 001f31e8     8 FUNC    GLOBAL DEFAULT    1 Menu_AlphaGet(void)
  5004: 001f31e0     8 FUNC    GLOBAL DEFAULT    1 Menu_AlphaReset(void)
  5005: 001f2870   332 FUNC    GLOBAL DEFAULT    1 Menu_InitializeSprite(sprite *, short, short, short, short, short, char *, unsigned int, unsigned int, unsigned int, unsigned short, unsigned short, unsigned short, unsigned short, unsigned int)
  5006: 00219280    32 FUNC    GLOBAL DEFAULT    1 LinkedList_Init(LINKEDLIST *, unsigned int)
  5007: 002192c0    88 FUNC    GLOBAL DEFAULT    1 LinkedList_Add(LINKEDLIST *, void *, void *)
  5008: 002193b0   116 FUNC    GLOBAL DEFAULT    1 LinkedList_Remove(LINKEDLIST *, void *, void *)
  5009: 001f2fe8    32 FUNC    GLOBAL DEFAULT    1 Menu_DeleteSprite(sprite *, MENUSPRITETYPE)
  5010: 001f14f8   480 FUNC    GLOBAL DEFAULT    1 Menu_GetControl(M_MANAGER *, signed char)
  5011: 001f2708   236 FUNC    GLOBAL DEFAULT    1 Menu_GetFirstControl(M_MANAGER *)
  5012: 001f16d8  1344 FUNC    GLOBAL DEFAULT    1 Menu_FindControl(M_MANAGER *, unsigned char)
  5013: 001f1dc0   380 FUNC    GLOBAL DEFAULT    1 Menu_Update(M_MANAGER *, M_PAGE *, M_CONTROL *)
  5014: 0030d178     4 OBJECT  GLOBAL DEFAULT   13 menu_counter
  5015: 0030d184     4 OBJECT  GLOBAL DEFAULT   13 enabled_sound_flags
  5016: 001f24e0   548 FUNC    GLOBAL DEFAULT    1 __Menu_SendDelayed(unsigned int, unsigned char, unsigned int, unsigned int, int, int)
  5017: 001f2f18   140 FUNC    GLOBAL DEFAULT    1 Menu_Assert(M_CONTROL *)
  5018: 001f29c0   336 FUNC    GLOBAL DEFAULT    1 __Menu_Send(unsigned char, unsigned int, unsigned int, int, int)
  5019: 001f2b10   460 FUNC    GLOBAL DEFAULT    1 __Menu_SendEx(unsigned char, unsigned int, unsigned int, unsigned int, int, int)
  5020: 001f2ce0   332 FUNC    GLOBAL DEFAULT    1 __Menu_SendEx2(unsigned char, unsigned int, unsigned int, unsigned int, int, int)
  5021: 001f2e48    36 FUNC    GLOBAL DEFAULT    1 Menu_ResizeControl(M_CONTROL *, M_CONTROL *)
  5022: 001f2e70   168 FUNC    GLOBAL DEFAULT    1 Menu_ClipString(sprite *, int, char *)
  5023: 001f3048   140 FUNC    GLOBAL DEFAULT    1 Menu_SetAction(short, GameActions_tag, unsigned char)
  5024: 001f30d8     8 FUNC    GLOBAL DEFAULT    1 Menu_GetLastController(void)
  5025: 001f30e0    16 FUNC    GLOBAL DEFAULT    1 Menu_GetNoInputCount(void)
  5026: 001f30f0    12 FUNC    GLOBAL DEFAULT    1 Menu_ResetNoInputCount(void)
  5027: 001f3100   112 FUNC    GLOBAL DEFAULT    1 Menu_ChangeControllerStyle(short, GameContStyle_tag)
  5028: 001f3170   112 FUNC    GLOBAL DEFAULT    1 Menu_AlphaUpdate(void)
  5029: 001f31f0   132 FUNC    GLOBAL DEFAULT    1 Menu_EnableSounds(unsigned int)
  5030: 001f3328   108 FUNC    GLOBAL DEFAULT    1 Menu_UpdateTextFmt(void)
  5031: 001f3398    36 FUNC    GLOBAL DEFAULT    1 Menu_GetNormalTextFmt(sprite *)
  5032: 001f33c0   208 FUNC    GLOBAL DEFAULT    1 __Menu_SendDelayedMessage(unsigned int, M_CONTROL *, unsigned int, int, int)
  5033: 001f3490   116 FUNC    GLOBAL DEFAULT    1 Menu_ProcessDelayedMessages(void)
  5034: 001f3508    52 FUNC    GLOBAL DEFAULT    1 Menu_ClearDelayedMessages(void)
  5035: 001f3540     8 FUNC    GLOBAL DEFAULT    1 Menu_StringInit(int)
  5036: 001f3548     8 FUNC    GLOBAL DEFAULT    1 Menu_StringKill(void)
  5037: 0021c858  3248 FUNC    GLOBAL DEFAULT    1 Manager_SendMessage(M_MANAGER *, unsigned int, int, int)
  5038: 0021e108   904 FUNC    GLOBAL DEFAULT    1 Memo_SendMessage(M_MEMOBOX *, unsigned int, int, int)
  5039: 0021ec68   352 FUNC    GLOBAL DEFAULT    1 Page_SendMessage(M_PAGE *, unsigned int, int, int)
  5040: 0021fa50  1324 FUNC    GLOBAL DEFAULT    1 Radio_SendMessage(M_RADIO *, unsigned int, int, int)
  5041: 00221810   780 FUNC    GLOBAL DEFAULT    1 Scroll_SendMessage(M_SCROLL *, unsigned int, int, int)
  5042: 002226d8   624 FUNC    GLOBAL DEFAULT    1 Spin_SendMessage(M_SPIN *, unsigned int, int, int)
  5043: 00223600   456 FUNC    GLOBAL DEFAULT    1 Text_SendMessage(M_TEXTBOX *, unsigned int, int, int)
  5044: 00224190   224 FUNC    GLOBAL DEFAULT    1 Window_SendMessage(M_WINDOW *, unsigned int, int, int)
  5045: 0021e490  2004 FUNC    GLOBAL DEFAULT    1 Memo_Update(M_MANAGER *, M_PAGE *, M_MEMOBOX *)
  5046: 0021edc8  1012 FUNC    GLOBAL DEFAULT    1 Page_Update(M_MANAGER *, M_PAGE *, unsigned int)
  5047: 0021ff80   428 FUNC    GLOBAL DEFAULT    1 Radio_Update(M_MANAGER *, M_PAGE *, M_RADIO *)
  5048: 00221b20  2468 FUNC    GLOBAL DEFAULT    1 Scroll_Update(M_MANAGER *, M_PAGE *, M_SCROLL *)
  5049: 00222948   564 FUNC    GLOBAL DEFAULT    1 Spin_Update(M_MANAGER *, M_PAGE *, M_SPIN *)
  5050: 002237c8  2256 FUNC    GLOBAL DEFAULT    1 TextBox_Update(M_MANAGER *, M_PAGE *, M_TEXTBOX *)
  5051: 00224270     8 FUNC    GLOBAL DEFAULT    1 Window_Update(M_MANAGER *, M_PAGE *, M_WINDOW *)
  5052: 0021deb0    60 FUNC    GLOBAL DEFAULT    1 MenuManager_GetStatus(void)
  5053: 002e3cd8  2360 OBJECT  GLOBAL DEFAULT    4 manager
  5054: 001f3558  3964 FUNC    GLOBAL DEFAULT    1 Menu_DisplayControllerStyle(unsigned char, unsigned int)
  5055: 001f44d8 13308 FUNC    GLOBAL DEFAULT    1 Menu_DisplayControllerStyleList(unsigned char, unsigned int)
  5056: 0030d294     1 OBJECT  GLOBAL DEFAULT   13 cont_str_count
  5057: 002de548   448 OBJECT  GLOBAL DEFAULT    4 cont_string
  5058: 001f78d8   228 FUNC    GLOBAL DEFAULT    1 Menu_MPAreWeReady(unsigned char)
  5059: 001f79c0   440 FUNC    GLOBAL DEFAULT    1 Menu_PutCodenamesIntoControl(M_CONTROL *)
  5060: 0030d22c     4 OBJECT  GLOBAL DEFAULT   13 enum_state
  5061: 001f7b78   624 FUNC    GLOBAL DEFAULT    1 Menu_EnumSaves(unsigned char, signed char)
  5062: 001f7de8   444 FUNC    GLOBAL DEFAULT    1 Menu_UpdateMessageBox(unsigned char, unsigned short, unsigned char)
  5063: 001f7fa8   620 FUNC    GLOBAL DEFAULT    1 Menu_MapDefaultCodename(unsigned char, unsigned char, unsigned int)
  5064: 001f8218   368 FUNC    GLOBAL DEFAULT    1 Menu_UpdateDefaultCodename(unsigned char, unsigned char)
  5065: 001f8388  1636 FUNC    GLOBAL DEFAULT    1 Menu_UpdateWheel(unsigned char, M_CONTROL *, M_ITEM *, unsigned int, unsigned int, unsigned int, unsigned int, signed char)
  5066: 002027a8    36 FUNC    GLOBAL DEFAULT    1 Menu_IsBotGood(unsigned int)
  5067: 001f91a8   224 FUNC    GLOBAL DEFAULT    1 Menu_StartIris(MENU_IRISOPS, unsigned char, unsigned int)
  5068: 001f89f0   924 FUNC    GLOBAL DEFAULT    1 Menu_UpdateCodenameWheel(unsigned char, M_CONTROL *, unsigned int, unsigned int, unsigned int, unsigned int, signed char)
  5069: 001f8d90  1048 FUNC    GLOBAL DEFAULT    1 Menu_UpdateMPControllers(unsigned char, unsigned char, unsigned char)
  5070: 001f9288   536 FUNC    GLOBAL DEFAULT    1 Menu_PlayIris(signed char, unsigned char, unsigned int)
  5071: 001f94a0   360 FUNC    GLOBAL DEFAULT    1 Menu_PrepareBots(void)
  5072: 001f9608   808 FUNC    GLOBAL DEFAULT    1 Menu_CreateOptionBox(unsigned char, char *, unsigned int, unsigned char, unsigned char)
  5073: 001f9930   340 FUNC    GLOBAL DEFAULT    1 Menu_IsValidCodename(char *)
  5074: 0030d268     4 OBJECT  GLOBAL DEFAULT   13 ptr_credits
  5075: 001f9a88 22640 FUNC    GLOBAL DEFAULT    1 Menu_SetupCredits(unsigned int *)
  5076: 001ff2f8   924 FUNC    GLOBAL DEFAULT    1 Menu_UnlockMPSkins(unsigned char)
  5077: 001ff698   508 FUNC    GLOBAL DEFAULT    1 Menu_UnlockMPSettings(void)
  5078: 001ffa10   380 FUNC    GLOBAL DEFAULT    1 Menu_SetLevelBonus(unsigned int, unsigned int, unsigned char)
  5079: 0030d28c     1 OBJECT  GLOBAL DEFAULT   13 RUN_MINI_MISSION
  5080: 001ffb90   264 FUNC    GLOBAL DEFAULT    1 Menu_RunMiniMission(unsigned char)
  5081: 001ffc98   512 FUNC    GLOBAL DEFAULT    1 Menu_GetMPSkins(unsigned char, unsigned char, unsigned char, unsigned char)
  5082: 001ffe98   332 FUNC    GLOBAL DEFAULT    1 Menu_GetLevelBonuses(unsigned int)
  5083: 00200238  5856 FUNC    GLOBAL DEFAULT    1 Menu_SpecialCodenameCheck(char *)
  5084: 00201918   760 FUNC    GLOBAL DEFAULT    1 Menu_GetBotShortName(unsigned int)
  5085: 00201c10   480 FUNC    GLOBAL DEFAULT    1 Menu_AddRow(unsigned char, unsigned int, unsigned int, unsigned int, unsigned int, signed char, signed char)
  5086: 00201df0   452 FUNC    GLOBAL DEFAULT    1 Menu_AddRowPercentage(unsigned char, unsigned int, unsigned int, unsigned int, unsigned int, signed char)
  5087: 00201fc0    60 FUNC    GLOBAL DEFAULT    1 Menu_MPFadeWhenReady(M_CONTROL *)
  5088: 00202000     8 FUNC    GLOBAL DEFAULT    1 Menu_FlushEnum(void)
  5089: 00202008   236 FUNC    GLOBAL DEFAULT    1 Menu_AddItemsToControl(M_CONTROL *, M_ITEM *, unsigned short, unsigned short, unsigned char)
  5090: 002020f8   152 FUNC    GLOBAL DEFAULT    1 Menu_SelectItemInControl(M_CONTROL *, M_ITEM *, unsigned short, unsigned int)
  5091: 00202190   128 FUNC    GLOBAL DEFAULT    1 Menu_ChangePageCloseIris(unsigned int, unsigned char, unsigned int)
  5092: 00202218   104 FUNC    GLOBAL DEFAULT    1 Menu_CreateOptionBox(unsigned char, unsigned int, unsigned int, unsigned char, unsigned char)
  5093: 00202280    28 FUNC    GLOBAL DEFAULT    1 Menu_UpdateOptionBox(unsigned int *)
  5094: 002022a0   188 FUNC    GLOBAL DEFAULT    1 C_LBMSGOPTIONS_Handler(unsigned char, M_CONTROL *, unsigned int, unsigned int, int, int)
  5095: 00202420     8 FUNC    GLOBAL DEFAULT    1 Menu_InitCredits(void)
  5096: 00202428     8 FUNC    GLOBAL DEFAULT    1 Menu_KillCredits(void)
  5097: 00202450   152 FUNC    GLOBAL DEFAULT    1 Menu_WillRunMiniMission(void)
  5098: 002025f8   284 FUNC    GLOBAL DEFAULT    1 Menu_GetObjectUpgradeLevel(unsigned int, unsigned char)
  5099: 00202718    56 FUNC    GLOBAL DEFAULT    1 Menu_GetItemFromHash(M_ITEM *, unsigned int, unsigned int)
  5100: 002027d0   120 FUNC    GLOBAL DEFAULT    1 Menu_StoreMPSettings(void)
  5101: 002dec68   476 OBJECT  GLOBAL DEFAULT    4 mp_settings
  5102: 002de708  1376 OBJECT  GLOBAL DEFAULT    4 player_setting
  5103: 00202848   140 FUNC    GLOBAL DEFAULT    1 Menu_RestoreMPSettings(void)
  5104: 002028d8   260 FUNC    GLOBAL DEFAULT    1 Menu_SelectCodenameInControl(unsigned char, char *, unsigned int)
  5105: 002dee68    64 OBJECT  GLOBAL DEFAULT    4 mpjoin
  5106: 002e1c58  8256 OBJECT  GLOBAL DEFAULT    4 codename_buf
  5107: 00217bd8  2396 FUNC    GLOBAL DEFAULT    1 PS2_DoCardFlow(M_MANAGER *, unsigned int, MENU_LS *)
  5108: 002def60   892 OBJECT  GLOBAL DEFAULT    4 mp_stuff
  5109: 002e1c30    20 OBJECT  GLOBAL DEFAULT    4 menu_iris
  5110: 00236f48   108 FUNC    GLOBAL DEFAULT    1 strstr
  5111: 002e1b88   168 OBJECT  GLOBAL DEFAULT    4 bonus
  5112: 002df640   696 OBJECT  GLOBAL DEFAULT    4 mp_characters
  5113: 002df8f8   696 OBJECT  GLOBAL DEFAULT    4 mp_characters_small
  5114: 002df2e0   288 OBJECT  GLOBAL DEFAULT    4 sp_level
  5115: 002df508   312 OBJECT  GLOBAL DEFAULT    4 mp_scenario
  5116: 0021f7a8   180 FUNC    GLOBAL DEFAULT    1 Process_Create(M_CONTROL *, M_MESSAGE *, unsigned int, unsigned int)
  5117: 0030d2a6     1 OBJECT  GLOBAL DEFAULT   13 bSkipAttract
  5118: 0030d2b0     4 OBJECT  GLOBAL DEFAULT   13 bDebugLockup
  5119: 0030d2b4     4 OBJECT  GLOBAL DEFAULT   13 bTweakBrightness
  5120: 0030d2b8     4 OBJECT  GLOBAL DEFAULT   13 bDebugControls
  5121: 002029e0  4376 FUNC    GLOBAL DEFAULT    1 Handler_HandleMessage(unsigned char, M_CONTROL *, unsigned int, int, int)
  5122: 00203c28  2016 FUNC    GLOBAL DEFAULT    1 P_PAUSE_Handler(unsigned char, M_CONTROL *, unsigned int, unsigned int, int, int)
  5123: 00204408  6916 FUNC    GLOBAL DEFAULT    1 C_GCPAUSE_Handler(unsigned char, M_CONTROL *, unsigned int, unsigned int, int, int)
  5124: 00215ac8   292 FUNC    GLOBAL DEFAULT    1 C_LBPMMAP_Handler(unsigned char, M_CONTROL *, unsigned int, unsigned int, int, int)
  5125: 00215bf0   124 FUNC    GLOBAL DEFAULT    1 C_CHCHMUSIC_Handler(unsigned char, M_CONTROL *, unsigned int, unsigned int, int, int)
  5126: 00215c70   128 FUNC    GLOBAL DEFAULT    1 C_CHCHFLY_Handler(unsigned char, M_CONTROL *, unsigned int, unsigned int, int, int)
  5127: 00215cf0   108 FUNC    GLOBAL DEFAULT    1 C_CHCHDRONES_Handler(unsigned char, M_CONTROL *, unsigned int, unsigned int, int, int)
  5128: 00215d60   100 FUNC    GLOBAL DEFAULT    1 C_CHCHBLIND_Handler(unsigned char, M_CONTROL *, unsigned int, unsigned int, int, int)
  5129: 00215dc8   280 FUNC    GLOBAL DEFAULT    1 C_CHCHWEAP_Handler(unsigned char, M_CONTROL *, unsigned int, unsigned int, int, int)
  5130: 00215ee0   100 FUNC    GLOBAL DEFAULT    1 C_CHCHHEALTH_Handler(unsigned char, M_CONTROL *, unsigned int, unsigned int, int, int)
  5131: 00215f48   332 FUNC    GLOBAL DEFAULT    1 C_CHCHHUD_Handler(unsigned char, M_CONTROL *, unsigned int, unsigned int, int, int)
  5132: 00216098   100 FUNC    GLOBAL DEFAULT    1 C_CHCHDEBUG_Handler(unsigned char, M_CONTROL *, unsigned int, unsigned int, int, int)
  5133: 00216100   100 FUNC    GLOBAL DEFAULT    1 C_CHCHCOORDS_Handler(unsigned char, M_CONTROL *, unsigned int, unsigned int, int, int)
  5134: 00216168   236 FUNC    GLOBAL DEFAULT    1 C_CHCHWS_Handler(unsigned char, M_CONTROL *, unsigned int, unsigned int, int, int)
  5135: 00216258    92 FUNC    GLOBAL DEFAULT    1 C_CHCHALLOWFREEZE_Handler(unsigned char, M_CONTROL *, unsigned int, unsigned int, int, int)
  5136: 002162b8   100 FUNC    GLOBAL DEFAULT    1 C_CHCHDUMMY_Handler(unsigned char, M_CONTROL *, unsigned int, unsigned int, int, int)
  5137: 00216320   100 FUNC    GLOBAL DEFAULT    1 C_CHCHDRAWALL_Handler(unsigned char, M_CONTROL *, unsigned int, unsigned int, int, int)
  5138: 00216388   116 FUNC    GLOBAL DEFAULT    1 C_CHCHZEROG_Handler(unsigned char, M_CONTROL *, unsigned int, unsigned int, int, int)
  5139: 00216400    92 FUNC    GLOBAL DEFAULT    1 C_CHCHLOCKUP_Handler(unsigned char, M_CONTROL *, unsigned int, unsigned int, int, int)
  5140: 00216460    92 FUNC    GLOBAL DEFAULT    1 C_CHCHBRIGHT_Handler(unsigned char, M_CONTROL *, unsigned int, unsigned int, int, int)
  5141: 002164c0    92 FUNC    GLOBAL DEFAULT    1 C_CHCHUNLOCK_Handler(unsigned char, M_CONTROL *, unsigned int, unsigned int, int, int)
  5142: 00216520    92 FUNC    GLOBAL DEFAULT    1 C_CHCHCONTROLS_Handler(unsigned char, M_CONTROL *, unsigned int, unsigned int, int, int)
  5143: 00216580   152 FUNC    GLOBAL DEFAULT    1 P_NIS_Handler(unsigned char, M_CONTROL *, unsigned int, unsigned int, int, int)
  5144: 00205f10  2228 FUNC    GLOBAL DEFAULT    1 C_NIS_Handler(unsigned char, M_CONTROL *, unsigned int, unsigned int, int, int)
  5145: 002067c8  4488 FUNC    GLOBAL DEFAULT    1 P_TWEAKS_Handler(unsigned char, M_CONTROL *, unsigned int, unsigned int, int, int)
  5146: 00207950  3424 FUNC    GLOBAL DEFAULT    1 P_TWEAKS2_Handler(unsigned char, M_CONTROL *, unsigned int, unsigned int, int, int)
  5147: 002086b0   380 FUNC    GLOBAL DEFAULT    1 P_CHEATMEDAL_Handler(unsigned char, M_CONTROL *, unsigned int, unsigned int, int, int)
  5148: 00216618   500 FUNC    GLOBAL DEFAULT    1 P_ENDMISSION_Handler(unsigned char, M_CONTROL *, unsigned int, unsigned int, int, int)
  5149: 00216810   308 FUNC    GLOBAL DEFAULT    1 C_KEYPAD_Handler(unsigned char, M_CONTROL *, unsigned int, unsigned int, int, int)
  5150: 00208830  1080 FUNC    GLOBAL DEFAULT    1 P_LANGUAGE_Handler(unsigned char, M_CONTROL *, unsigned int, unsigned int, int, int)
  5151: 00208c68   524 FUNC    GLOBAL DEFAULT    1 C_LANGUAGE_Handler(unsigned char, M_CONTROL *, unsigned int, unsigned int, int, int)
  5152: 002169b0     8 FUNC    GLOBAL DEFAULT    1 P_FMV_Handler(unsigned char, M_CONTROL *, unsigned int, unsigned int, int, int)
  5153: 00209e88   472 FUNC    GLOBAL DEFAULT    1 P_INTRO_Handler(unsigned char, M_CONTROL *, unsigned int, unsigned int, int, int)
  5154: 0020a060   396 FUNC    GLOBAL DEFAULT    1 P_ESTHERO_Handler(unsigned char, M_CONTROL *, unsigned int, unsigned int, int, int)
  5155: 0020a1f0   532 FUNC    GLOBAL DEFAULT    1 P_ATTRACT_Handler(unsigned char, M_CONTROL *, unsigned int, unsigned int, int, int)
  5156: 0020a7b0   440 FUNC    GLOBAL DEFAULT    1 P_MAIN_Handler(unsigned char, M_CONTROL *, unsigned int, unsigned int, int, int)
  5157: 002169b8   188 FUNC    GLOBAL DEFAULT    1 C_GONIGHTFIRE_Handler(unsigned char, M_CONTROL *, unsigned int, unsigned int, int, int)
  5158: 00216a78   188 FUNC    GLOBAL DEFAULT    1 C_GOMULTIPLAYER_Handler(unsigned char, M_CONTROL *, unsigned int, unsigned int, int, int)
  5159: 00216b38   188 FUNC    GLOBAL DEFAULT    1 C_GOCODENAMES_Handler(unsigned char, M_CONTROL *, unsigned int, unsigned int, int, int)
  5160: 0020a968   968 FUNC    GLOBAL DEFAULT    1 P_FMVTEST_Handler(unsigned char, M_CONTROL *, unsigned int, unsigned int, int, int)
  5161: 0020ad30   396 FUNC    GLOBAL DEFAULT    1 P_FMVPLAYER_Handler(unsigned char, M_CONTROL *, unsigned int, unsigned int, int, int)
  5162: 0020a408   576 FUNC    GLOBAL DEFAULT    1 P_START_Handler(unsigned char, M_CONTROL *, unsigned int, unsigned int, int, int)
  5163: 0020a648   356 FUNC    GLOBAL DEFAULT    1 P_PARISENUM_Handler(unsigned char, M_CONTROL *, unsigned int, unsigned int, int, int)
  5164: 00208e78  2040 FUNC    GLOBAL DEFAULT    1 P_NFRESULTS_Handler(unsigned char, M_CONTROL *, unsigned int, unsigned int, int, int)
  5165: 00209670   712 FUNC    GLOBAL DEFAULT    1 P_NFBONUS_Handler(unsigned char, M_CONTROL *, unsigned int, unsigned int, int, int)
  5166: 00209938  1356 FUNC    GLOBAL DEFAULT    1 P_NFSTATS_Handler(unsigned char, M_CONTROL *, unsigned int, unsigned int, int, int)
  5167: 0020aec0  1228 FUNC    GLOBAL DEFAULT    1 P_NFSELECT_Handler(unsigned char, M_CONTROL *, unsigned int, unsigned int, int, int)
  5168: 0020b390   628 FUNC    GLOBAL DEFAULT    1 C_SBNFCN_Handler(unsigned char, M_CONTROL *, unsigned int, unsigned int, int, int)
  5169: 0020b608   720 FUNC    GLOBAL DEFAULT    1 P_NFMAP_Handler(unsigned char, M_CONTROL *, unsigned int, unsigned int, int, int)
  5170: 0020b8d8   472 FUNC    GLOBAL DEFAULT    1 C_SBNFMAP_Handler(unsigned char, M_CONTROL *, unsigned int, unsigned int, int, int)
  5171: 00216de0   204 FUNC    GLOBAL DEFAULT    1 P_DOSSIER_Handler(unsigned char, M_CONTROL *, unsigned int, unsigned int, int, int)
  5172: 00216eb0   392 FUNC    GLOBAL DEFAULT    1 C_SBDOSSIER_Handler(unsigned char, M_CONTROL *, unsigned int, unsigned int, int, int)
  5173: 00217038   340 FUNC    GLOBAL DEFAULT    1 P_DSWEAPONS_Handler(unsigned char, M_CONTROL *, unsigned int, unsigned int, int, int)
  5174: 0020bab0   528 FUNC    GLOBAL DEFAULT    1 C_SBDSWPSCROLL_Handler(unsigned char, M_CONTROL *, unsigned int, unsigned int, int, int)
  5175: 00217190   184 FUNC    GLOBAL DEFAULT    1 P_DSGADGETS_Handler(unsigned char, M_CONTROL *, unsigned int, unsigned int, int, int)
  5176: 0020bcc0   576 FUNC    GLOBAL DEFAULT    1 C_SBDSGTSCROLL_Handler(unsigned char, M_CONTROL *, unsigned int, unsigned int, int, int)
  5177: 00217248   124 FUNC    GLOBAL DEFAULT    1 P_DSRECORDS_Handler(unsigned char, M_CONTROL *, unsigned int, unsigned int, int, int)
  5178: 0020bf00   836 FUNC    GLOBAL DEFAULT    1 C_RBDSRECORDS_Handler(unsigned char, M_CONTROL *, unsigned int, unsigned int, int, int)
  5179: 002172c8   124 FUNC    GLOBAL DEFAULT    1 P_DSREWARDS_Handler(unsigned char, M_CONTROL *, unsigned int, unsigned int, int, int)
  5180: 0020c248   948 FUNC    GLOBAL DEFAULT    1 C_RBDSREWARDS_Handler(unsigned char, M_CONTROL *, unsigned int, unsigned int, int, int)
  5181: 00216bf8   176 FUNC    GLOBAL DEFAULT    1 P_NFDFCTY_Handler(unsigned char, M_CONTROL *, unsigned int, unsigned int, int, int)
  5182: 00216ca8   308 FUNC    GLOBAL DEFAULT    1 C_SBNFDFCTY_Handler(unsigned char, M_CONTROL *, unsigned int, unsigned int, int, int)
  5183: 0020ca00  1604 FUNC    GLOBAL DEFAULT    1 P_MPJOIN_Handler(unsigned char, M_CONTROL *, unsigned int, unsigned int, int, int)
  5184: 0020d048  1024 FUNC    GLOBAL DEFAULT    1 C_RBMPSTART_Handler(unsigned char, M_CONTROL *, unsigned int, unsigned int, int, int)
  5185: 0020d448   860 FUNC    GLOBAL DEFAULT    1 C_RBMPCNAME_Handler(unsigned char, M_CONTROL *, unsigned int, unsigned int, int, int)
  5186: 0020d7a8   924 FUNC    GLOBAL DEFAULT    1 P_MPSETUP_Handler(unsigned char, M_CONTROL *, unsigned int, unsigned int, int, int)
  5187: 0020db48   784 FUNC    GLOBAL DEFAULT    1 C_RBMPFINISH_Handler(unsigned char, M_CONTROL *, unsigned int, unsigned int, int, int)
  5188: 0020de58  2496 FUNC    GLOBAL DEFAULT    1 C_RBMPSETUP_Handler(unsigned char, M_CONTROL *, unsigned int, unsigned int, int, int)
  5189: 00217468   204 FUNC    GLOBAL DEFAULT    1 P_MPMAP_Handler(unsigned char, M_CONTROL *, unsigned int, unsigned int, int, int)
  5190: 00217538   316 FUNC    GLOBAL DEFAULT    1 C_SBMPMAP_Handler(unsigned char, M_CONTROL *, unsigned int, unsigned int, int, int)
  5191: 00217348   288 FUNC    GLOBAL DEFAULT    1 P_MPSCENARIO_Handler(unsigned char, M_CONTROL *, unsigned int, unsigned int, int, int)
  5192: 0020c600  1024 FUNC    GLOBAL DEFAULT    1 C_SBMPSCEN_Handler(unsigned char, M_CONTROL *, unsigned int, unsigned int, int, int)
  5193: 00217678   276 FUNC    GLOBAL DEFAULT    1 P_MPOPTIONS_Handler(unsigned char, M_CONTROL *, unsigned int, unsigned int, int, int)
  5194: 0020ec00  2956 FUNC    GLOBAL DEFAULT    1 P_MPCONFIRM_Handler(unsigned char, M_CONTROL *, unsigned int, unsigned int, int, int)
  5195: 0020e818  1000 FUNC    GLOBAL DEFAULT    1 C_SBMPOPTIONS_Handler(unsigned char, M_CONTROL *, unsigned int, unsigned int, int, int)
  5196: 0020f790  2208 FUNC    GLOBAL DEFAULT    1 P_MPRULES_Handler(unsigned char, M_CONTROL *, unsigned int, unsigned int, int, int)
  5197: 00210030  1184 FUNC    GLOBAL DEFAULT    1 P_MPENVIROMODS_Handler(unsigned char, M_CONTROL *, unsigned int, unsigned int, int, int)
  5198: 002104d0  1336 FUNC    GLOBAL DEFAULT    1 P_MPPLAYERMODS_Handler(unsigned char, M_CONTROL *, unsigned int, unsigned int, int, int)
  5199: 00217790   204 FUNC    GLOBAL DEFAULT    1 P_MPBOTS_Handler(unsigned char, M_CONTROL *, unsigned int, unsigned int, int, int)
  5200: 00210a08   716 FUNC    GLOBAL DEFAULT    1 C_SBBOTS_Handler(unsigned char, M_CONTROL *, unsigned int, unsigned int, int, int)
  5201: 00210cd8   560 FUNC    GLOBAL DEFAULT    1 P_MPBOTCHOOSE_Handler(unsigned char, M_CONTROL *, unsigned int, unsigned int, int, int)
  5202: 00210f08   872 FUNC    GLOBAL DEFAULT    1 C_SBMPBTCHOOSE_Handler(unsigned char, M_CONTROL *, unsigned int, unsigned int, int, int)
  5203: 00211270  3880 FUNC    GLOBAL DEFAULT    1 P_MPBOTSETUP_Handler(unsigned char, M_CONTROL *, unsigned int, unsigned int, int, int)
  5204: 00212198  2360 FUNC    GLOBAL DEFAULT    1 P_MPDEBRIEFING_Handler(unsigned char, M_CONTROL *, unsigned int, unsigned int, int, int)
  5205: 00217860   168 FUNC    GLOBAL DEFAULT    1 C_MPDBG_Handler(unsigned char, M_CONTROL *, unsigned int, unsigned int, int, int)
  5206: 00212ad0  1156 FUNC    GLOBAL DEFAULT    1 P_CNSELECT_Handler(unsigned char, M_CONTROL *, unsigned int, unsigned int, int, int)
  5207: 00212f58   812 FUNC    GLOBAL DEFAULT    1 C_SBCNSELECT_Handler(unsigned char, M_CONTROL *, unsigned int, unsigned int, int, int)
  5208: 00213288   672 FUNC    GLOBAL DEFAULT    1 P_CNMENU_Handler(unsigned char, M_CONTROL *, unsigned int, unsigned int, int, int)
  5209: 00213528   616 FUNC    GLOBAL DEFAULT    1 C_SBCNOPTIONS_Handler(unsigned char, M_CONTROL *, unsigned int, unsigned int, int, int)
  5210: 00213790   776 FUNC    GLOBAL DEFAULT    1 P_CNNAME_Handler(unsigned char, M_CONTROL *, unsigned int, unsigned int, int, int)
  5211: 00213a98   568 FUNC    GLOBAL DEFAULT    1 C_KEYBOARD_Handler(unsigned char, M_CONTROL *, unsigned int, unsigned int, int, int)
  5212: 00213cd0   568 FUNC    GLOBAL DEFAULT    1 P_CNCONTROLS_Handler(unsigned char, M_CONTROL *, unsigned int, unsigned int, int, int)
  5213: 00217908   336 FUNC    GLOBAL DEFAULT    1 C_RBCONTROL_Handler(unsigned char, M_CONTROL *, unsigned int, unsigned int, int, int)
  5214: 00213f08  1488 FUNC    GLOBAL DEFAULT    1 P_CNOPTIONS_Handler(unsigned char, M_CONTROL *, unsigned int, unsigned int, int, int)
  5215: 002144d8   832 FUNC    GLOBAL DEFAULT    1 P_CNMPOPTIONS_Handler(unsigned char, M_CONTROL *, unsigned int, unsigned int, int, int)
  5216: 00214818  1784 FUNC    GLOBAL DEFAULT    1 P_CNAVOPTIONS_Handler(unsigned char, M_CONTROL *, unsigned int, unsigned int, int, int)
  5217: 00214f10   496 FUNC    GLOBAL DEFAULT    1 P_TRAILER_Handler(unsigned char, M_CONTROL *, unsigned int, unsigned int, int, int)
  5218: 00217a58   176 FUNC    GLOBAL DEFAULT    1 P_SCREENADJUST_Handler(unsigned char, M_CONTROL *, unsigned int, unsigned int, int, int)
  5219: 00217b08   204 FUNC    GLOBAL DEFAULT    1 C_SBSCREEN_Handler(unsigned char, M_CONTROL *, unsigned int, unsigned int, int, int)
  5220: 00215100   428 FUNC    GLOBAL DEFAULT    1 P_WINGAME_Handler(unsigned char, M_CONTROL *, unsigned int, unsigned int, int, int)
  5221: 002152b0  1708 FUNC    GLOBAL DEFAULT    1 P_CREDITS_Handler(unsigned char, M_CONTROL *, unsigned int, unsigned int, int, int)
  5222: 002e1c48    12 OBJECT  GLOBAL DEFAULT    4 menu_movie
  5223: 00203af8   304 FUNC    GLOBAL DEFAULT    1 Menu_GetMPScore(unsigned char)
  5224: 0030d338     4 OBJECT  GLOBAL DEFAULT   13 FlagsToDisplay
  5225: 0030d33c     4 OBJECT  GLOBAL DEFAULT   13 DefaultFlags
  5226: 0030d340     4 OBJECT  GLOBAL DEFAULT   13 score_table
  5227: 0030d344     1 OBJECT  GLOBAL DEFAULT   13 just_completed
  5228: 00215970    32 FUNC    GLOBAL DEFAULT    1 Menu_UpdateMovieCounter(void)
  5229: 00215990   180 FUNC    GLOBAL DEFAULT    1 Menu_PlayMovie(unsigned int, signed char, signed char, signed char, signed char, unsigned int)
  5230: 00215a50   120 FUNC    GLOBAL DEFAULT    1 Menu_StopMovie(unsigned char)
  5231: 00216948   100 FUNC    GLOBAL DEFAULT    1 ConvLanguageToFlagIndex(unsigned int)
  5232: 0030d578     4 OBJECT  GLOBAL DEFAULT   13 PS2OldX
  5233: 0030d57c     4 OBJECT  GLOBAL DEFAULT   13 PS2OldY
  5234: 00218538   176 FUNC    GLOBAL DEFAULT    1 P_PS2MEMCARDINIT_Handler(unsigned char, M_CONTROL *, unsigned int, unsigned int, int, int)
  5235: 002185e8    80 FUNC    GLOBAL DEFAULT    1 C_LBERROPTIONS_Handler(unsigned char, M_CONTROL *, unsigned int, unsigned int, int, int)
  5236: 0030d60c     1 OBJECT  GLOBAL DEFAULT   13 user_restarted_or_quit
  5237: 0021f860   128 FUNC    GLOBAL DEFAULT    1 Process_Destroy(M_CONTROL *)
  5238: 002192a0    28 FUNC    GLOBAL DEFAULT    1 LinkedList_ReInit(LINKEDLIST *)
  5239: 00219318   152 FUNC    GLOBAL DEFAULT    1 LinkedList_Insert(LINKEDLIST *, void *, void *, void *)
  5240: 00219428    92 FUNC    GLOBAL DEFAULT    1 LinkedList_GetIndex(LINKEDLIST *, unsigned int)
  5241: 0021b470    84 FUNC    GLOBAL DEFAULT    1 List_GetIndex_RealItem(M_LISTBOX *, LINKEDLIST *, LIST_ROW *)
  5242: 0021b520    80 FUNC    GLOBAL DEFAULT    1 List_SetIndex_RealItem(M_LISTBOX *, LINKEDLIST *, int)
  5243: 002214f0   796 FUNC    GLOBAL DEFAULT    1 Scroll_Init(M_SCROLL *, NEW_CONTROL *, M_CONTROL *)
  5244: 002e3c98    44 OBJECT  GLOBAL DEFAULT    4 CursorInfo
  5245: 0021b610   408 FUNC    GLOBAL DEFAULT    1 FixupResolution(NEW_CONTROL *)
  5246: 0021b7a8   352 FUNC    GLOBAL DEFAULT    1 FixupResolution(M_KEYFRAME *)
  5247: 0021df10    28 FUNC    GLOBAL DEFAULT    1 Manager_HandleMessage(unsigned char, M_CONTROL *, unsigned int, int, int)
  5248: 0021f250   104 FUNC    GLOBAL DEFAULT    1 Page_FindHelpControl(M_PAGE *)
  5249: 00220fb0   180 FUNC    GLOBAL DEFAULT    1 Script_AddScript(M_CONTROL *, unsigned int)
  5250: 002201c8   388 FUNC    GLOBAL DEFAULT    1 Script_AddKeyFrame(M_SCRIPT *, M_KEYFRAME *)
  5251: 00221198   120 FUNC    GLOBAL DEFAULT    1 Script_AddMessage(M_KEYFRAME *, M_MESSAGE *)
  5252: 00220350   560 FUNC    GLOBAL DEFAULT    1 Script_PlayDefault(M_CONTROL *, unsigned int)
  5253: 0021df38   464 FUNC    GLOBAL DEFAULT    1 Memo_Init(M_MEMOBOX *, NEW_CONTROL *, M_CONTROL *)
  5254: 0021f8e0   368 FUNC    GLOBAL DEFAULT    1 Radio_Init(M_RADIO *, NEW_CONTROL *, M_CONTROL *)
  5255: 002224c8   524 FUNC    GLOBAL DEFAULT    1 Spin_Init(M_SPIN *, NEW_CONTROL *, M_CONTROL *)
  5256: 00222b80  2688 FUNC    GLOBAL DEFAULT    1 Text_Init(M_TEXTBOX *, NEW_CONTROL *, M_CONTROL *)
  5257: 00224110   124 FUNC    GLOBAL DEFAULT    1 Window_Init(M_WINDOW *, NEW_CONTROL *, M_CONTROL *)
  5258: 0021f1c0   144 FUNC    GLOBAL DEFAULT    1 Page_Init(M_PAGE *, unsigned int, M_CONTROL *)
  5259: 00224278    36 FUNC    GLOBAL DEFAULT    1 Window_Get(M_PAGE *)
  5260: 00221400    16 FUNC    GLOBAL DEFAULT    1 Script_Stop(M_CONTROL *)
  5261: 0021f2b8   200 FUNC    GLOBAL DEFAULT    1 Page_SetHelpText(M_PAGE *)
  5262: 002e4610  1560 OBJECT  GLOBAL DEFAULT    4 help_table
  5263: 00220580   820 FUNC    GLOBAL DEFAULT    1 Script_RunFrame(M_MANAGER *, M_CONTROL *)
  5264: 0021f380  1024 FUNC    GLOBAL DEFAULT    1 Process_RunFrame(M_CONTROL *)
  5265: 0021f780    36 FUNC    GLOBAL DEFAULT    1 Process_Init(M_CONTROL *)
  5266: 002208b8   784 FUNC    GLOBAL DEFAULT    1 Script_InterpolateSpline(M_CONTROL *, M_SCRIPT *, float)
  5267: 00220bc8   784 FUNC    GLOBAL DEFAULT    1 Script_InterpolateLine(M_CONTROL *, M_SCRIPT *, float)
  5268: 00221410   184 FUNC    GLOBAL DEFAULT    1 Script_CalculateSpline(int, int, int, int, float)
  5269: 002214c8    40 FUNC    GLOBAL DEFAULT    1 Script_CalculateLine(int, int, int, int, float)
  5270: 00221068   152 FUNC    GLOBAL DEFAULT    1 Script_DelScript(M_CONTROL *, M_SCRIPT *)
  5271: 00221100   152 FUNC    GLOBAL DEFAULT    1 Script_DelKeyFrame(M_SCRIPT *, M_KEYFRAME *)
  5272: 00221210    60 FUNC    GLOBAL DEFAULT    1 Script_DelMessage(M_KEYFRAME *, M_MESSAGE *)
  5273: 002242a8   172 FUNC    GLOBAL DEFAULT    1 _start
  5274: 00224350     8 FUNC    GLOBAL DEFAULT    1 _exit
  5275: 0023fc28    40 FUNC    GLOBAL DEFAULT    1 Exit
  5276: 00224368   176 FUNC    GLOBAL DEFAULT    1 __do_global_ctors
  5277: 002e813c    28 OBJECT  GLOBAL DEFAULT    4 __CTOR_LIST__
  5278: 002e8158     8 OBJECT  GLOBAL DEFAULT    4 __DTOR_LIST__
  5279: 00224438   268 FUNC    GLOBAL DEFAULT    1 __pack_f
  5280: 00224548   144 FUNC    GLOBAL DEFAULT    1 __unpack_f
  5281: 002246a0    44 FUNC    GLOBAL DEFAULT    1 __make_fp
  5282: 00225348    44 FUNC    GLOBAL DEFAULT    1 __make_dp
  5283: 00224710   300 FUNC    GLOBAL DEFAULT    1 __pack_d
  5284: 00224840   156 FUNC    GLOBAL DEFAULT    1 __unpack_d
  5285: 00224b20    88 FUNC    GLOBAL DEFAULT    1 dpadd
  5286: 00224b78   100 FUNC    GLOBAL DEFAULT    1 dpsub
  5287: 00224be0   680 FUNC    GLOBAL DEFAULT    1 dpmul
  5288: 00224e88   360 FUNC    GLOBAL DEFAULT    1 dpdiv
  5289: 00224ff0   276 FUNC    GLOBAL DEFAULT    1 __fpcmp_parts_d
  5290: 00225108    76 FUNC    GLOBAL DEFAULT    1 dpcmp
  5291: 00225158   184 FUNC    GLOBAL DEFAULT    1 litodp
  5292: 00225210   148 FUNC    GLOBAL DEFAULT    1 dptoli
  5293: 002252a8   160 FUNC    GLOBAL DEFAULT    1 dptoul
  5294: 00225378    84 FUNC    GLOBAL DEFAULT    1 dptofp
  5295: 002253d0    96 FUNC    GLOBAL DEFAULT    1 __muldi3
  5296: 002255c0    12 FUNC    GLOBAL DEFAULT    1 sceGsGetGParam
  5297: 0023bf70    16 FUNC    GLOBAL DEFAULT    1 GsPutIMR
  5298: 0023bc50    16 FUNC    GLOBAL DEFAULT    1 SetGsCrt
  5299: 00226370   624 FUNC    GLOBAL DEFAULT    1 sceGsSetDefDispEnv
  5300: 00226768   484 FUNC    GLOBAL DEFAULT    1 sceGsSetDefDrawEnv
  5301: 00226950   260 FUNC    GLOBAL DEFAULT    1 sceGsSetDefClear
  5302: 002266a0   200 FUNC    GLOBAL DEFAULT    1 sceGszbufaddr
  5303: 002265e0   188 FUNC    GLOBAL DEFAULT    1 sceGsPutDispEnv
  5304: 00226a58   232 FUNC    GLOBAL DEFAULT    1 sceGsPutDrawEnv
  5305: 0023c058   144 FUNC    GLOBAL DEFAULT    1 VSync
  5306: 0023c0e8   164 FUNC    GLOBAL DEFAULT    1 VSync2
  5307: 0023bf60    16 FUNC    GLOBAL DEFAULT    1 GsGetIMR
  5308: 00226ed0   100 FUNC    GLOBAL DEFAULT    1 sceMtapGetModVersion
  5309: 002358b0   176 FUNC    GLOBAL DEFAULT    1 exit
  5310: 0023be20    16 FUNC    GLOBAL DEFAULT    1 CreateSema
  5311: 0023be60    16 FUNC    GLOBAL DEFAULT    1 WaitSema
  5312: 0023be40    16 FUNC    GLOBAL DEFAULT    1 SignalSema
  5313: 0023be70    16 FUNC    GLOBAL DEFAULT    1 PollSema
  5314: 0023dc18   176 FUNC    GLOBAL DEFAULT    1 sceSifWriteBackDCache
  5315: 0023c698   148 FUNC    GLOBAL DEFAULT    1 iWakeupThread
  5316: 0023bdb0    16 FUNC    GLOBAL DEFAULT    1 GetThreadId
  5317: 0023bd20    16 FUNC    GLOBAL DEFAULT    1 SetAlarm
  5318: 0023bdd0    16 FUNC    GLOBAL DEFAULT    1 SleepThread
  5319: 00228ed8    28 FUNC    GLOBAL DEFAULT    1 sceVu0OuterProduct
  5320: 00228f00    60 FUNC    GLOBAL DEFAULT    1 sceVu0Normalize
  5321: 00228f48   108 FUNC    GLOBAL DEFAULT    1 sceVu0InversMatrix
  5322: 00228fd0    44 FUNC    GLOBAL DEFAULT    1 sceVu0TransMatrix
  5323: 00229000    12 FUNC    GLOBAL DEFAULT    1 sceVu0CopyVector
  5324: 002e4d4c     4 OBJECT  GLOBAL DEFAULT    4 _sce_sdr_transIntr0Arg
  5325: 002e4d40     4 OBJECT  GLOBAL DEFAULT    4 _sce_sdr_transIntr0Hdr
  5326: 002e4d50     4 OBJECT  GLOBAL DEFAULT    4 _sce_sdr_transIntr1Arg
  5327: 002e4d44     4 OBJECT  GLOBAL DEFAULT    4 _sce_sdr_transIntr1Hdr
  5328: 002e4d54     4 OBJECT  GLOBAL DEFAULT    4 _sce_sdr_spu2IntrArg
  5329: 002e4d48     4 OBJECT  GLOBAL DEFAULT    4 _sce_sdr_spu2IntrHdr
  5330: 002e4d34     4 OBJECT  GLOBAL DEFAULT    4 _sce_sdr_gDMA0CB
  5331: 002e4d38     4 OBJECT  GLOBAL DEFAULT    4 _sce_sdr_gDMA1CB
  5332: 002e4d3c     4 OBJECT  GLOBAL DEFAULT    4 _sce_sdr_gIRQCB
  5333: 002e4d58   160 OBJECT  GLOBAL DEFAULT    4 _strmap
  5334: 00229530   136 FUNC    GLOBAL DEFAULT    1 _type2id
  5335: 002295c0   760 FUNC    GLOBAL DEFAULT    1 sceMpegDemuxPssRing
  5336: 002299d0   336 FUNC    GLOBAL DEFAULT    1 _pack_header
  5337: 00229b90  1456 FUNC    GLOBAL DEFAULT    1 _PES_packet
  5338: 00229b20   108 FUNC    GLOBAL DEFAULT    1 _system_header
  5339: 00230960    52 FUNC    GLOBAL DEFAULT    1 _sysbitInit
  5340: 00230998    28 FUNC    GLOBAL DEFAULT    1 _sysbitNext
  5341: 00230b40    44 FUNC    GLOBAL DEFAULT    1 _sysbitPtr
  5342: 00230a50    76 FUNC    GLOBAL DEFAULT    1 _sysbitGet
  5343: 00230aa0    68 FUNC    GLOBAL DEFAULT    1 _sysbitMarker
  5344: 0022ad18    84 FUNC    GLOBAL DEFAULT    1 _Error
  5345: 00230ae8    84 FUNC    GLOBAL DEFAULT    1 _sysbitJump
  5346: 0022a5e0    20 FUNC    GLOBAL DEFAULT    1 _alalcInit
  5347: 0022a618   108 FUNC    GLOBAL DEFAULT    1 _alalcAlloc
  5348: 0022a4b0    84 FUNC    GLOBAL DEFAULT    1 sceMpegClearRefBuff
  5349: 0022a5f8    12 FUNC    GLOBAL DEFAULT    1 _alalcSetDynamic
  5350: 0022a530    80 FUNC    GLOBAL DEFAULT    1 _dispatchMpegCallback
  5351: 0022a580    36 FUNC    GLOBAL DEFAULT    1 _dispatchMpegCbNodata
  5352: 0022a608    12 FUNC    GLOBAL DEFAULT    1 _alalcFree
  5353: 0022aab8   104 FUNC    GLOBAL DEFAULT    1 _sceMpegFlush
  5354: 0023fbb8    72 FUNC    GLOBAL DEFAULT    1 DIntr
  5355: 0023fc00    24 FUNC    GLOBAL DEFAULT    1 EIntr
  5356: 00232988   568 FUNC    GLOBAL DEFAULT    1 sceIpuInit
  5357: 0022b518    12 FUNC    GLOBAL DEFAULT    1 _defStopDMA
  5358: 0022b528    12 FUNC    GLOBAL DEFAULT    1 _defRestartDMA
  5359: 0022abb0    96 FUNC    GLOBAL DEFAULT    1 _clearOnce
  5360: 0022ac10   188 FUNC    GLOBAL DEFAULT    1 _clearEach
  5361: 0022ab20    12 FUNC    GLOBAL DEFAULT    1 _initSeqAgain
  5362: 0022ace0    52 FUNC    GLOBAL DEFAULT    1 _Error1
  5363: 0022eb90   268 FUNC    GLOBAL DEFAULT    1 _nextHeader
  5364: 0022f590   692 FUNC    GLOBAL DEFAULT    1 _updateRefImage
  5365: 0022f430   204 FUNC    GLOBAL DEFAULT    1 _decPicture
  5366: 0022f500   144 FUNC    GLOBAL DEFAULT    1 _outputFrame
  5367: 0022ab30   124 FUNC    GLOBAL DEFAULT    1 _lastFrame
  5368: 0022acd0    16 FUNC    GLOBAL DEFAULT    1 _ErrMessage
  5369: 0022ad90   292 FUNC    GLOBAL DEFAULT    1 _sequenceHeader
  5370: 0022aeb8   680 FUNC    GLOBAL DEFAULT    1 _initSeq
  5371: 0022b318   304 FUNC    GLOBAL DEFAULT    1 _sequenceExtension
  5372: 0022b448   140 FUNC    GLOBAL DEFAULT    1 _sequenceDisplayExtension
  5373: 0022b4d8    12 FUNC    GLOBAL DEFAULT    1 _sequenceScalableExtension
  5374: 0022b4e8    12 FUNC    GLOBAL DEFAULT    1 _unknown_extension
  5375: 0022b4f8    12 FUNC    GLOBAL DEFAULT    1 _pictureSpatialScalableExtension
  5376: 0022b508    12 FUNC    GLOBAL DEFAULT    1 _pictureTemporalScalableExtension
  5377: 0022d288    40 FUNC    GLOBAL DEFAULT    1 _ipuSetMPEG1
  5378: 0022fd10   272 FUNC    GLOBAL DEFAULT    1 _dispRefImage
  5379: 0022fe20   440 FUNC    GLOBAL DEFAULT    1 _dispRefImageField
  5380: 002328b8   104 FUNC    GLOBAL DEFAULT    1 sceIpuSync
  5381: 0022e958   336 FUNC    GLOBAL DEFAULT    1 _nextBit
  5382: 0022e490   164 FUNC    GLOBAL DEFAULT    1 _waitIpuIdle
  5383: 0022e460    44 FUNC    GLOBAL DEFAULT    1 _sendIpuCommand
  5384: 002e4e40    64 OBJECT  GLOBAL DEFAULT    4 _defIQM
  5385: 002e4e80    64 OBJECT  GLOBAL DEFAULT    4 _defNIQM
  5386: 0022ed68   296 FUNC    GLOBAL DEFAULT    1 _extensionAndUserData
  5387: 00232680   228 FUNC    GLOBAL DEFAULT    1 sceIpuStopDMA
  5388: 00232768   336 FUNC    GLOBAL DEFAULT    1 sceIpuRestartDMA
  5389: 0022b790  1796 FUNC    GLOBAL DEFAULT    1 _getAllRefs
  5390: 0022be98  1052 FUNC    GLOBAL DEFAULT    1 _getRef0
  5391: 0022d4c0   388 FUNC    GLOBAL DEFAULT    1 _dualPrimeVector
  5392: 0022c4d8   116 FUNC    GLOBAL DEFAULT    1 _rix_000
  5393: 0022c5e8   180 FUNC    GLOBAL DEFAULT    1 _rix_001
  5394: 0022c770   172 FUNC    GLOBAL DEFAULT    1 _rix_010
  5395: 0022c8d8   248 FUNC    GLOBAL DEFAULT    1 _rix_011
  5396: 0022cad0   156 FUNC    GLOBAL DEFAULT    1 _rix_100
  5397: 0022cc20   220 FUNC    GLOBAL DEFAULT    1 _rix_101
  5398: 0022cde8   212 FUNC    GLOBAL DEFAULT    1 _rix_110
  5399: 0022cf90   288 FUNC    GLOBAL DEFAULT    1 _rix_111
  5400: 0022c550   148 FUNC    GLOBAL DEFAULT    1 _ri0_000
  5401: 0022c6a0   204 FUNC    GLOBAL DEFAULT    1 _ri0_001
  5402: 0022c820   184 FUNC    GLOBAL DEFAULT    1 _ri0_010
  5403: 0022c9d0   252 FUNC    GLOBAL DEFAULT    1 _ri0_011
  5404: 0022cb70   172 FUNC    GLOBAL DEFAULT    1 _ri0_100
  5405: 0022cd00   228 FUNC    GLOBAL DEFAULT    1 _ri0_101
  5406: 0022cec0   208 FUNC    GLOBAL DEFAULT    1 _ri0_110
  5407: 0022d0b0   276 FUNC    GLOBAL DEFAULT    1 _ri0_111
  5408: 0022d228    96 FUNC    GLOBAL DEFAULT    1 _copyRefImage
  5409: 0022d1c8    92 FUNC    GLOBAL DEFAULT    1 _copyAddRefImage
  5410: 0022d2b0   496 FUNC    GLOBAL DEFAULT    1 _waitBdecOut
  5411: 0022d4a0    28 FUNC    GLOBAL DEFAULT    1 _dmVector
  5412: 0022e5e8   376 FUNC    GLOBAL DEFAULT    1 _ipuVdec
  5413: 0022d648   272 FUNC    GLOBAL DEFAULT    1 _mbAddressIncrement
  5414: 0022e760   264 FUNC    GLOBAL DEFAULT    1 _peepBit
  5415: 0022e868   240 FUNC    GLOBAL DEFAULT    1 _flushBuf
  5416: 0022d758   264 FUNC    GLOBAL DEFAULT    1 _pictureData0
  5417: 0022eaa8   124 FUNC    GLOBAL DEFAULT    1 _nextStartCode
  5418: 0022eb28   100 FUNC    GLOBAL DEFAULT    1 _sliceB
  5419: 0022e170   412 FUNC    GLOBAL DEFAULT    1 _motionVectors
  5420: 0022e310   332 FUNC    GLOBAL DEFAULT    1 _motionVector
  5421: 002e4f00    40 OBJECT  GLOBAL DEFAULT    4 _isDirty
  5422: 0022e538   176 FUNC    GLOBAL DEFAULT    1 _waitIpuIdle64
  5423: 0022f080    72 FUNC    GLOBAL DEFAULT    1 _extrainfo
  5424: 0022f140   160 FUNC    GLOBAL DEFAULT    1 _groupOfPicturesHeader
  5425: 0022eca0   196 FUNC    GLOBAL DEFAULT    1 _pictureHeader
  5426: 0022f1e0   196 FUNC    GLOBAL DEFAULT    1 _quantMatrixExtension
  5427: 0022f3a0   144 FUNC    GLOBAL DEFAULT    1 _copyrightExtension
  5428: 0022f2a8   244 FUNC    GLOBAL DEFAULT    1 _pictureDisplayExtension
  5429: 0022ee90   496 FUNC    GLOBAL DEFAULT    1 _pictureCodingExtension
  5430: 0022f8e8   624 FUNC    GLOBAL DEFAULT    1 _cpr8
  5431: 002e4f28    64 OBJECT  GLOBAL DEFAULT    4 _showCount
  5432: 002306e8   628 FUNC    GLOBAL DEFAULT    1 _csc_storeRefImage
  5433: 0023bcc0    16 FUNC    GLOBAL DEFAULT    1 AddDmacHandler2
  5434: 0023c5e8   104 FUNC    GLOBAL DEFAULT    1 EnableDmac
  5435: 0023c580   104 FUNC    GLOBAL DEFAULT    1 DisableDmac
  5436: 0023bcd0    16 FUNC    GLOBAL DEFAULT    1 RemoveDmacHandler
  5437: 002e4f90     4 OBJECT  GLOBAL DEFAULT    4 SCE_CD_debug
  5438: 002e4fa8     4 OBJECT  GLOBAL DEFAULT    4 _sceCd_ncmd_semid
  5439: 002e4fac     4 OBJECT  GLOBAL DEFAULT    4 _sceCd_scmd_semid
  5440: 002e4fb0     4 OBJECT  GLOBAL DEFAULT    4 _sceCd_c_cb_sem
  5441: 002e4fb4     4 OBJECT  GLOBAL DEFAULT    4 _sceCd_ee_read_mode
  5442: 00230b98   104 FUNC    GLOBAL DEFAULT    1 sceCdDelayThread
  5443: 00230c08   160 FUNC    GLOBAL DEFAULT    1 _sceCd_cd_callback
  5444: 002e4fd4     4 OBJECT  GLOBAL DEFAULT    4 sceCdCbfunc_num
  5445: 002e4fd8     4 OBJECT  GLOBAL DEFAULT    4 sceCdCbfunc_number
  5446: 00230cb8   160 FUNC    GLOBAL DEFAULT    1 _sceCd_cd_read_intr
  5447: 00231220   368 FUNC    GLOBAL DEFAULT    1 _sceCd_ncmd_prechk
  5448: 002e6150    40 OBJECT  GLOBAL DEFAULT    4 _sceCd_cd_ncmd
  5449: 00231390   152 FUNC    GLOBAL DEFAULT    1 sceCdNcmdDiskReady
  5450: 002e5000    96 OBJECT  GLOBAL DEFAULT    4 _sceCd_ncmdrdata
  5451: 002314c8   108 FUNC    GLOBAL DEFAULT    1 sceCdSyncS
  5452: 002e69c8    40 OBJECT  GLOBAL DEFAULT    4 _sceCd_cd_scmd
  5453: 00231538   368 FUNC    GLOBAL DEFAULT    1 _sceCd_scmd_prechk
  5454: 002e6180  1056 OBJECT  GLOBAL DEFAULT    4 _sceCd_scmdrdata
  5455: 002e65c0  1032 OBJECT  GLOBAL DEFAULT    4 _sceCd_scmdsdata
  5456: 002e5080  4096 OBJECT  GLOBAL DEFAULT    4 _sceCd_ncmdsdata
  5457: 002e6080   144 OBJECT  GLOBAL DEFAULT    4 _sceCd_rd_intr_data
  5458: 002e6140    16 OBJECT  GLOBAL DEFAULT    4 _sceCd_Read_cur_pos
  5459: 0023be50    16 FUNC    GLOBAL DEFAULT    1 iSignalSema
  5460: 0023d910    40 FUNC    GLOBAL DEFAULT    1 sceSifRemoveCmdHandler
  5461: 0023d8e0    44 FUNC    GLOBAL DEFAULT    1 sceSifAddCmdHandler
  5462: 00231f08   360 FUNC    GLOBAL DEFAULT    1 sceCdStream
  5463: 002e69f8    40 OBJECT  GLOBAL DEFAULT    4 dch
  5464: 002e6a20     4 OBJECT  GLOBAL DEFAULT    4 sceDmaDebugMode
  5465: 00232188   472 FUNC    GLOBAL DEFAULT    1 sceDmaPutEnv
  5466: 002e6a90    20 OBJECT  GLOBAL DEFAULT    4 sceDmaCurrentEnv
  5467: 002323b0    96 FUNC    GLOBAL DEFAULT    1 sceDevVu0Pause
  5468: 00232488    96 FUNC    GLOBAL DEFAULT    1 sceDevVu1Pause
  5469: 002341e8   992 FUNC    GLOBAL DEFAULT    1 __ieee754_rem_pio2f
  5470: 00235050   660 FUNC    GLOBAL DEFAULT    1 __kernel_tanf
  5471: 00233228  1072 FUNC    GLOBAL DEFAULT    1 __ieee754_acosf
  5472: 0030ba00     4 OBJECT  GLOBAL DEFAULT   12 __fdlib_version
  5473: 002356e8    36 FUNC    GLOBAL DEFAULT    1 isnanf
  5474: 002355b8    28 FUNC    GLOBAL DEFAULT    1 fabsf
  5475: 002352e8    36 FUNC    GLOBAL DEFAULT    1 matherr
  5476: 002358a0    12 FUNC    GLOBAL DEFAULT    1 __errno
  5477: 00233658   924 FUNC    GLOBAL DEFAULT    1 __ieee754_asinf
  5478: 002339f8   744 FUNC    GLOBAL DEFAULT    1 __ieee754_atan2f
  5479: 00233ce0   692 FUNC    GLOBAL DEFAULT    1 __ieee754_expf
  5480: 002355d8    36 FUNC    GLOBAL DEFAULT    1 finitef
  5481: 0030b9f8     8 OBJECT  GLOBAL DEFAULT   12 __infinity
  5482: 00233f98   592 FUNC    GLOBAL DEFAULT    1 __ieee754_fmodf
  5483: 002345c8   312 FUNC    GLOBAL DEFAULT    1 __ieee754_sqrtf
  5484: 00235310   680 FUNC    GLOBAL DEFAULT    1 atanf
  5485: 00234700  2380 FUNC    GLOBAL DEFAULT    1 __kernel_rem_pio2f
  5486: 00235710   352 FUNC    GLOBAL DEFAULT    1 scalbnf
  5487: 00235600   228 FUNC    GLOBAL DEFAULT    1 floorf
  5488: 00235870    48 FUNC    GLOBAL DEFAULT    1 copysignf
  5489: 002e6e1c     4 OBJECT  GLOBAL DEFAULT    4 _impure_ptr
  5490: 00236864   400 FUNC    GLOBAL DEFAULT    1 strchr
  5491: 00235c10  1912 FUNC    GLOBAL DEFAULT    1 _malloc_r
  5492: 0023a030   796 FUNC    GLOBAL DEFAULT    1 _free_r
  5493: 002e6e20  1032 OBJECT  GLOBAL DEFAULT    4 __malloc_av_
  5494: 002e7228     8 OBJECT  GLOBAL DEFAULT    4 __malloc_trim_threshold
  5495: 002e7230     8 OBJECT  GLOBAL DEFAULT    4 __malloc_top_pad
  5496: 002e7238     4 OBJECT  GLOBAL DEFAULT    4 __malloc_sbrk_base
  5497: 002e7240     8 OBJECT  GLOBAL DEFAULT    4 __malloc_max_sbrked_mem
  5498: 002e7248     8 OBJECT  GLOBAL DEFAULT    4 __malloc_max_total_mem
  5499: 002e7250    40 OBJECT  GLOBAL DEFAULT    4 __malloc_current_mallinfo
  5500: 00236668    92 FUNC    GLOBAL DEFAULT    1 _sbrk_r
  5501: 00236600     8 FUNC    GLOBAL DEFAULT    1 __malloc_lock
  5502: 00236608     8 FUNC    GLOBAL DEFAULT    1 __malloc_unlock
  5503: 00237188  5400 FUNC    GLOBAL DEFAULT    1 _vfprintf_r
  5504: 00237110   120 FUNC    GLOBAL DEFAULT    1 vfprintf
  5505: 0030d8fc     4 OBJECT  GLOBAL DEFAULT   14 errno
  5506: 0023c298   172 FUNC    GLOBAL DEFAULT    1 sbrk
  5507: 0023a4c0   984 FUNC    GLOBAL DEFAULT    1 __sfvwrite
  5508: 00239e28   260 FUNC    GLOBAL DEFAULT    1 fflush
  5509: 00239fa0   140 FUNC    GLOBAL DEFAULT    1 __sinit
  5510: 0023a950    36 FUNC    GLOBAL DEFAULT    1 localeconv
  5511: 00238930   268 FUNC    GLOBAL DEFAULT    1 __swsetup
  5512: 002e7278     4 OBJECT  GLOBAL DEFAULT    4 __mb_cur_max
  5513: 0023aac8    60 FUNC    GLOBAL DEFAULT    1 _mbtowc_r
  5514: 0023b788    72 FUNC    GLOBAL DEFAULT    1 isinf
  5515: 0023b7d0    56 FUNC    GLOBAL DEFAULT    1 isnan
  5516: 0023ab04   224 FUNC    GLOBAL DEFAULT    1 memchr
  5517: 00241650  1344 FUNC    GLOBAL DEFAULT    1 __umoddi3
  5518: 00241080  1488 FUNC    GLOBAL DEFAULT    1 __udivdi3
  5519: 00238c58  4556 FUNC    GLOBAL DEFAULT    1 _dtoa_r
  5520: 0023a978   336 FUNC    GLOBAL DEFAULT    1 __smakebuf
  5521: 0023b400   104 FUNC    GLOBAL DEFAULT    1 __mcmp
  5522: 0023ac90    44 FUNC    GLOBAL DEFAULT    1 _Bfree
  5523: 0023b600   380 FUNC    GLOBAL DEFAULT    1 _d2b
  5524: 0030be40   200 OBJECT  GLOBAL DEFAULT   12 __mprec_tens
  5525: 0023abe8   168 FUNC    GLOBAL DEFAULT    1 _Balloc
  5526: 0030bf08    40 OBJECT  GLOBAL DEFAULT   12 __mprec_bigtens
  5527: 0023af20    56 FUNC    GLOBAL DEFAULT    1 _i2b
  5528: 0023b188   256 FUNC    GLOBAL DEFAULT    1 _pow5mult
  5529: 0023af58   556 FUNC    GLOBAL DEFAULT    1 _multiply
  5530: 0023add8   132 FUNC    GLOBAL DEFAULT    1 _hi0bits
  5531: 0023b288   376 FUNC    GLOBAL DEFAULT    1 _lshift
  5532: 0023acc0   276 FUNC    GLOBAL DEFAULT    1 _multadd
  5533: 0023b468   400 FUNC    GLOBAL DEFAULT    1 __mdiff
  5534: 0023a898   148 FUNC    GLOBAL DEFAULT    1 _fwalk
  5535: 00239f88    12 FUNC    GLOBAL DEFAULT    1 _cleanup_r
  5536: 0023b808   100 FUNC    GLOBAL DEFAULT    1 __sread
  5537: 0023b870   128 FUNC    GLOBAL DEFAULT    1 __swrite
  5538: 0023b8f0   104 FUNC    GLOBAL DEFAULT    1 __sseek
  5539: 0023b958    32 FUNC    GLOBAL DEFAULT    1 __sclose
  5540: 0023a350   364 FUNC    GLOBAL DEFAULT    1 _malloc_trim_r
  5541: 0023a938    12 FUNC    GLOBAL DEFAULT    1 _localeconv_r
  5542: 0023baf0    92 FUNC    GLOBAL DEFAULT    1 _fstat_r
  5543: 0023c348     8 FUNC    GLOBAL DEFAULT    1 isatty
  5544: 0023ae60   192 FUNC    GLOBAL DEFAULT    1 _lo0bits
  5545: 0030bf30    40 OBJECT  GLOBAL DEFAULT   12 __mprec_tinytens
  5546: 0023b9d8   188 FUNC    GLOBAL DEFAULT    1 _calloc_r
  5547: 0023bbb0    96 FUNC    GLOBAL DEFAULT    1 _read_r
  5548: 0023bb50    96 FUNC    GLOBAL DEFAULT    1 _lseek_r
  5549: 0023b978    96 FUNC    GLOBAL DEFAULT    1 _write_r
  5550: 0023ba98    88 FUNC    GLOBAL DEFAULT    1 _close_r
  5551: 0023c190   124 FUNC    GLOBAL DEFAULT    1 write
  5552: 0023c288     8 FUNC    GLOBAL DEFAULT    1 close
  5553: 0023c350    20 FUNC    GLOBAL DEFAULT    1 fstat
  5554: 0023c290     8 FUNC    GLOBAL DEFAULT    1 lseek
  5555: 0023c210   116 FUNC    GLOBAL DEFAULT    1 read
  5556: 002e7290     0 OBJECT  GLOBAL DEFAULT    4 __ps2_klibinfo__
  5557: 0023bc60    16 FUNC    GLOBAL DEFAULT    1 _Exit
  5558: 0023bcb0    16 FUNC    GLOBAL DEFAULT    1 AddDmacHandler
  5559: 0023bce0    16 FUNC    GLOBAL DEFAULT    1 _EnableIntc
  5560: 0023bcf0    16 FUNC    GLOBAL DEFAULT    1 _DisableIntc
  5561: 0023bd00    16 FUNC    GLOBAL DEFAULT    1 _EnableDmac
  5562: 0023bd10    16 FUNC    GLOBAL DEFAULT    1 _DisableDmac
  5563: 0023bde0    16 FUNC    GLOBAL DEFAULT    1 _iWakeupThread
  5564: 0023be10    16 FUNC    GLOBAL DEFAULT    1 EndOfHeap
  5565: 0023bf90    16 FUNC    GLOBAL DEFAULT    1 SetVSyncFlag
  5566: 0023bfc0    16 FUNC    GLOBAL DEFAULT    1 isceSifSetDma
  5567: 0023bfd0    16 FUNC    GLOBAL DEFAULT    1 sceSifSetDChain
  5568: 0023bfe0    16 FUNC    GLOBAL DEFAULT    1 isceSifSetDChain
  5569: 0023bff0    16 FUNC    GLOBAL DEFAULT    1 sceSifSetReg
  5570: 0023c000    16 FUNC    GLOBAL DEFAULT    1 sceSifGetReg
  5571: 0023c020    16 FUNC    GLOBAL DEFAULT    1 Deci2Call
  5572: 0023c030    16 FUNC    GLOBAL DEFAULT    1 GetMemorySize
  5573: 0023c040    16 FUNC    GLOBAL DEFAULT    1 _InitTLB
  5574: 0023cb98   188 FUNC    GLOBAL DEFAULT    1 sceTtyInit
  5575: 0023c978   336 FUNC    GLOBAL DEFAULT    1 sceTtyWrite
  5576: 0023cac8   208 FUNC    GLOBAL DEFAULT    1 sceTtyRead
  5577: 0023c368   164 FUNC    GLOBAL DEFAULT    1 _sceSDC
  5578: 0023d538    56 FUNC    GLOBAL DEFAULT    1 kprintf
  5579: 0023fcf8    52 FUNC    GLOBAL DEFAULT    1 sceDeci2ExRecv
  5580: 0023fd30    52 FUNC    GLOBAL DEFAULT    1 sceDeci2ExSend
  5581: 0023fca0    48 FUNC    GLOBAL DEFAULT    1 sceDeci2ReqSend
  5582: 0023fcd0    36 FUNC    GLOBAL DEFAULT    1 sceDeci2Poll
  5583: 0023fc50    68 FUNC    GLOBAL DEFAULT    1 sceDeci2Open
  5584: 0023cf70  1480 FUNC    GLOBAL DEFAULT    1 _printf
  5585: 0023fd78    36 FUNC    GLOBAL DEFAULT    1 kputs
  5586: 00240890   236 FUNC    GLOBAL DEFAULT    1 __fixunsdfdi
  5587: 00240a18  1640 FUNC    GLOBAL DEFAULT    1 __moddi3
  5588: 002401a0  1772 FUNC    GLOBAL DEFAULT    1 __divdi3
  5589: 0023d600    24 FUNC    GLOBAL DEFAULT    1 sceSifGetSreg
  5590: 0023d628   640 FUNC    GLOBAL DEFAULT    1 sceSifInitCmd
  5591: 0023da70    60 FUNC    GLOBAL DEFAULT    1 sceSifSendCmd
  5592: 0023dab0    60 FUNC    GLOBAL DEFAULT    1 isceSifSendCmd
  5593: 002e7a68   128 OBJECT  GLOBAL DEFAULT    4 _sceFs_q
  5594: 0023eb70   456 FUNC    GLOBAL DEFAULT    1 sceFsInit
  5595: 00241b90   148 FUNC    GLOBAL DEFAULT    1 memcmp
  5596: 0023fb20   120 FUNC    GLOBAL DEFAULT    1 sceSifFreeSysMemory
  5597: 0023fdf8    64 FUNC    GLOBAL DEFAULT    1 InitTLB
  5598: 002e7e28     4 OBJECT  GLOBAL DEFAULT    4 _kTLBRefillHandler
  5599: 002e7e30    64 OBJECT  GLOBAL DEFAULT    4 _kDebugHandler
  5600: 002e8120    28 OBJECT  GLOBAL DEFAULT    4 TLBInfo
  5601: 00240080   244 FUNC    GLOBAL DEFAULT    1 _kExitTLBHandler
  5602: 00240980   152 FUNC    GLOBAL DEFAULT    1 __floatdidf
