level,index,skin,mode,secMode,weapon,combatRange,behClass,mode1,mode2,hdr1,hdr2,props1,props2,stats
07000001,158,0x5000036,100,100,14,0,2,0,0,0x5b0003,0x5b0003,1 2 3 7 a c f 11 12 14 17 18 1d 1f 20=3 21 24 25 26 27 28 29 2c 2f 30=1 31 32 33 34 37 38 3a 3b 3c 42 43 45 46 48 4c 4f 51 5a,1 2 3 7 a c f 11 12 14 17 18 1d 1f 20=3 21 24 25 26 27 28 29 2c 2f 30=1 31 32 33 34 37 38 3a 3b 3c 42 43 45 46 48 4c 4f 51 5a,"[[9, 0, 12, 60, 2, 60, 60, 0], [8, 1, 12, 80, 3, 80, 80, 1], [7, 2, 12, 100, 3, 100, 100, 0]]"
07000001,161,0x500004f,100,100,1,0,12,0,0,0x5b0003,0x5b0003,0 2 6 7 a b c d e f 11 12 13 14 17 18 19 1b 1c 1d 1f 20=1 24 25 2a 2b 2c 2e 30=1 34 35 37 3a 3b 3c 3d 3e 3f 41 42 45 48 4c 50 54 5a,0 2 6 7 a b c d e f 11 12 13 14 17 18 19 1b 1c 1d 1f 20=3 24 25 2a 2b 2c 2e 30=1 34 35 37 3a 3b 3c 3d 3e 3f 41 42 45 48 4c 50 54 5a,"[[10, 0, 10, 60, 2, 60, 60, 0], [9, 1, 10, 80, 3, 80, 80, 1], [8, 2, 10, 100, 3, 100, 100, 0]]"
07000001,162,0x5000036,100,100,18,0,2,2,2,0x5b0003,0x5b0003,7 12 17 18 1f 20=2 26 27 28 29 2f 31 32 33 34 37 38 3c 40 43 46 4f 51 5a,7 12 17 18 1f 20=3 26 27 28 29 2f 31 32 33 34 37 38 3c 40 43 46 4f 51 5a,
07000001,163,0x5000036,100,100,18,0,2,0,0,0x5b0003,0x5b0003,1 2 3 5 7 8 a c f 11 12 14 17 18 1d 1f 20=2 21 24 25 26 27 28 29 2c 2f 30=1 31 32 33 34 37 38 3a 3b 3c 42 43 45 46 48 4c 4f 51 5a,1 2 3 7 a c f 11 12 14 17 18 1d 1f 20=3 21 24 25 26 27 28 29 2c 2f 30=1 31 32 33 34 37 38 3a 3b 3c 42 43 45 46 48 4c 4f 51 5a,
07000001,164,0x500003a,100,101,18,0,2,0,0,0x5b0003,0x5b0003,1 2 3 7 a c f 11 12 14 17 18 1d 1f 20=2 21 24 25 26 27 28 29 2c 2f 30=1 31 32 33 34 37 38 3a 3b 3c 42 43 45 46 48 4c 4f 51 5a,1 2 3 7 a c f 11 12 14 17 18 1d 1f 20=3 21 24 25 26 27 28 29 2c 2f 30=1 31 32 33 34 37 38 3a 3b 3c 42 43 45 46 48 4c 4f 51 5a,
07000001,165,0x5000039,100,100,28,0,2,0,0,0x5b0003,0x5b0003,1 2 3 7 8 a c f 11 12 14 17 18 1d 1f 20=3 21 24 25 26 27 28 29 2c 2f 30=1 31 32 33 34 37 38 3a 3b 3c 42 43 45 46 48 4c 4f 51 5a,1 2 3 7 a c f 11 12 14 17 18 1d 1f 20=3 21 24 25 26 27 28 29 2c 2f 30=1 31 32 33 34 37 38 3a 3b 3c 42 43 45 46 48 4c 4f 51 5a,
07000001,166,0x5000036,100,100,28,0,2,0,0,0x5b0003,0x5b0003,1 2 3 7 a c f 11 12 14 17 18 1d 1f 20=1 21 24 25 26 27 28 29 2c 2f 30=1 31 32 33 34 37 38 3a 3b 3c 42 43 45 46 48 4c 4f 51 5a,1 2 3 7 a c f 11 12 14 17 18 1d 1f 20=3 21 24 25 26 27 28 29 2c 2f 30=1 31 32 33 34 37 38 3a 3b 3c 42 43 45 46 48 4c 4f 51 5a,
07000001,167,0x5000036,100,100,28,0,2,0,0,0x5b0003,0x5b0003,1 2 3 5 7 8 9 a c f 11 12 14 17 18 1d 1f 20=3 21 24 25 26 27 28 29 2c 2f 30=1 31 32 33 34 37 38 3a 3b 3c 42 43 45 46 48 4c 4f 51 5a,1 2 3 7 a c f 11 12 14 17 18 1d 1f 20=3 21 24 25 26 27 28 29 2c 2f 30=1 31 32 33 34 37 38 3a 3b 3c 42 43 45 46 48 4c 4f 51 5a,
07000001,168,0x5000039,100,100,18,0,2,0,0,0x5b0003,0x5b0003,1 2 3 7 a c f 11 12 14 17 18 1d 1f 20=3 21 24 25 26 27 28 29 2c 2f 30=1 31 32 33 34 37 38 3a 3b 3c 42 43 45 46 48 4c 4f 51 5a,1 2 3 7 a c f 11 12 14 17 18 1d 1f 20=3 21 24 25 26 27 28 29 2c 2f 30=1 31 32 33 34 37 38 3a 3b 3c 42 43 45 46 48 4c 4f 51 5a,
07000001,169,0x500003a,100,100,14,0,2,0,0,0x5b0003,0x5b0003,1 2 3 7 a c f 11 12 14 17 18 1d 1f 20=3 21 24 25 26 27 28 29 2c 2f 30=1 31 32 33 34 37 38 3a 3b 3c 42 43 45 46 48 4c 4f 51 5a,1 2 3 7 a c f 11 12 14 17 18 1d 1f 20=3 21 24 25 26 27 28 29 2c 2f 30=1 31 32 33 34 37 38 3a 3b 3c 42 43 45 46 48 4c 4f 51 5a,
07000001,182,0x5000039,100,100,18,0,2,0,0,0x5b0003,0x5b0003,1 2 3 7 a c f 11 12 14 17 18 1d 1f 20=3 21 24 25 26 27 28 29 2c 2f 30=1 31 32 33 34 35 37 38 3a 3b 3c 42 43 45 46 48 4c 4f 51 5a,1 2 3 7 a c f 11 12 14 17 18 1d 1f 20=3 21 24 25 26 27 28 29 2c 2f 30=1 31 32 33 34 35 37 38 3a 3b 3c 42 43 45 46 48 4c 4f 51 5a,
07000001,249,0x500003a,100,100,14,0,2,0,0,0x5b0003,0x5b0003,1 2 3 7 a c f 11 12 14 17 18 1d 1f 20=3 21 24 25 26 27 28 29 2c 2f 30=1 31 32 33 34 37 38 3a 3b 3c 42 43 45 46 48 4c 4f 51 5a,1 2 3 7 a c f 11 12 14 17 18 1d 1f 20=3 21 24 25 26 27 28 29 2c 2f 30=1 31 32 33 34 37 38 3a 3b 3c 42 43 45 46 48 4c 4f 51 5a,
07000001,250,0x5000036,100,100,18,0,2,0,0,0x5b0003,0x5b0003,1 2 3 7 a c f 11 12 14 17 18 1d 1f 20=3 21 24 25 26 27 28 29 2c 2f 30=1 31 32 33 34 37 38 3a 3b 3c 42 43 45 46 48 4c 4f 51 5a,1 2 3 7 a c f 11 12 14 17 18 1d 1f 20=3 21 24 25 26 27 28 29 2c 2f 30=1 31 32 33 34 37 38 3a 3b 3c 42 43 45 46 48 4c 4f 51 5a,
07000001,261,0x5000039,100,100,18,0,2,0,0,0x5b0003,0x5b0003,1 2 3 7 a c f 11 12 14 17 18 1d 1f 20=3 21 24 25 26 27 28 29 2c 2f 30=1 31 32 33 34 37 38 3a 3b 3c 42 43 45 46 48 4c 4f 51 5a,1 2 3 7 a c f 11 12 14 17 18 1d 1f 20=3 21 24 25 26 27 28 29 2c 2f 30=1 31 32 33 34 37 38 3a 3b 3c 42 43 45 46 48 4c 4f 51 5a,
07000001,270,0x5000039,100,100,14,0,2,0,0,0x5b0003,0x5b0003,1 2 3 4 7 a c e 11 12 14 17 18 1d 1f 20=3 21 24 25 26 27 28 29 2c 2f 30=1 31 32 33 34 37 38 3b 3c 42 43 46 48 4c 4f 51 5a,1 2 3 4 7 a c e 11 12 14 17 18 1d 1f 20=3 21 24 25 26 27 28 29 2c 2f 30=1 31 32 33 34 37 38 3b 3c 42 43 46 48 4c 4f 51 5a,
07000001,271,0x5000036,100,100,14,0,2,0,0,0x5b0003,0x5b0003,1 2 3 7 a c f 11 12 14 17 18 1d 1f 20=3 21 24 25 26 27 28 29 2c 2f 30=1 31 32 33 34 37 38 3a 3b 3c 42 43 45 46 48 4c 4f 51 5a,1 2 3 7 a c f 11 12 14 17 18 1d 1f 20=3 21 24 25 26 27 28 29 2c 2f 30=1 31 32 33 34 37 38 3a 3b 3c 42 43 45 46 48 4c 4f 51 5a,
07000001,278,0x500003a,100,100,18,0,2,0,0,0x5b0003,0x5b0003,1 2 3 7 a c f 11 12 14 17 18 1d 1f 20=3 21 24 25 26 27 28 29 2c 2f 30=1 31 32 33 34 35 37 38 3a 3b 3c 42 43 45 46 48 4c 4f 51 5a,1 2 3 7 a c f 11 12 14 17 18 1d 1f 20=3 21 24 25 26 27 28 29 2c 2f 30=1 31 32 33 34 35 37 38 3a 3b 3c 42 43 45 46 48 4c 4f 51 5a,
07000001,294,0x5000039,100,101,18,0,2,0,0,0x5b0003,0x5b0003,1 2 3 7 a c f 11 12 14 17 18 1d 1f 20=3 21 24 25 26 27 28 29 2c 2f 30=1 31 32 33 34 37 38 3a 3b 3c 42 43 45 46 48 4c 4f 51 5a,1 2 3 7 a c f 11 12 14 17 18 1d 1f 20=3 21 24 25 26 27 28 29 2c 2f 30=1 31 32 33 34 37 38 3a 3b 3c 42 43 45 46 48 4c 4f 51 5a,
07000001,298,0x500003a,100,100,14,0,2,0,0,0x5b0003,0x5b0003,1 2 3 7 a c f 11 12 14 17 18 1d 1f 20=3 21 24 25 26 27 28 29 2c 2f 30=1 31 32 33 34 37 38 3a 3b 3c 42 43 45 46 48 4c 4f 51 5a,1 2 3 7 a c f 11 12 14 17 18 1d 1f 20=3 21 24 25 26 27 28 29 2c 2f 30=1 31 32 33 34 37 38 3a 3b 3c 42 43 45 46 48 4c 4f 51 5a,
07000001,299,0x5000039,100,100,18,0,2,0,0,0x5b0003,0x5b0003,1 2 3 7 a c f 11 12 14 17 18 1d 1f 20=3 21 24 25 26 27 28 29 2c 2f 30=1 31 32 33 34 37 38 3a 3b 3c 42 43 45 46 48 4c 4f 51 5a,1 2 3 7 a c f 11 12 14 17 18 1d 1f 20=3 21 24 25 26 27 28 29 2c 2f 30=1 31 32 33 34 37 38 3a 3b 3c 42 43 45 46 48 4c 4f 51 5a,
07000002,442,0x5000036,100,100,18,2,2,0,0,0x5b0003,0x5b0003,1 2 3 7 8 a c f 11 12 14 17 18 1d 1f 20=1 21 24 25 26 27 28 29 2c 2f 30=1 31 32 33 34 37 38 3a 3b 3c 42 43 45 46 48 4c 4f 51 5a,1 2 3 7 a c f 11 12 14 17 18 1d 1f 20=1 21 24 25 26 27 28 29 2c 2f 30=1 31 32 33 34 37 38 3a 3b 3c 42 43 45 46 48 4c 4f 51 5a,"[[9, 0, 12, 60, 2, 60, 60, 0], [8, 1, 12, 80, 3, 80, 80, 1], [7, 2, 12, 100, 3, 100, 100, 0]]"
07000002,443,0x500003a,100,100,18,2,2,0,0,0x5b0003,0x5b0003,1 2 3 7 a c f 11 12 14 17 18 1d 1f 20=2 21 24 25 26 27 28 29 2c 2f 30=1 31 32 33 34 37 38 3a 3b 3c 42 43 45 46 48 4c 4f 51 5a,1 2 3 7 a c f 11 12 14 17 18 1d 1f 20=3 21 24 25 26 27 28 29 2c 2f 30=1 31 32 33 34 37 38 3a 3b 3c 42 43 45 46 48 4c 4f 51 5a,
07000002,444,0x5000036,100,100,18,2,2,0,0,0x5b0003,0x5b0003,1 2 3 7 a c f 11 12 14 17 18 1d 1f 20=2 21 24 25 26 27 28 29 2c 2f 30=1 31 32 33 34 37 38 3a 3b 3c 42 43 45 46 48 4c 4f 51 5a,1 2 3 7 a c f 11 12 14 17 18 1d 1f 20=3 21 24 25 26 27 28 29 2c 2f 30=1 31 32 33 34 37 38 3a 3b 3c 42 43 45 46 48 4c 4f 51 5a,
07000002,445,0x5000039,100,100,18,2,2,0,0,0x5b0003,0x5b0003,1 2 3 7 a c f 11 12 14 17 18 1d 1f 20=2 21 24 25 26 27 28 29 2c 2f 30=1 31 32 33 34 37 38 3a 3b 3c 42 43 45 46 48 4c 4f 51 5a,1 2 3 7 a c f 11 12 14 17 18 1d 1f 20=3 21 24 25 26 27 28 29 2c 2f 30=1 31 32 33 34 37 38 3a 3b 3c 42 43 45 46 48 4c 4f 51 5a,
07000002,446,0x5000036,100,100,18,2,2,0,0,0x5b0003,0x5b0003,1 2 3 7 a c f 11 12 14 17 18 1d 1f 20=2 21 24 25 26 27 28 29 2c 2f 30=1 31 32 33 34 37 38 3a 3b 3c 42 43 45 46 48 4c 4f 51 5a,1 2 3 7 a c f 11 12 14 17 18 1d 1f 20=3 21 24 25 26 27 28 29 2c 2f 30=1 31 32 33 34 37 38 3a 3b 3c 42 43 45 46 48 4c 4f 51 5a,
07000002,447,0x5000039,100,100,14,2,2,4,0,0x5b0003,0x5b0003,5 7 8 9 17 18 1f 20=2 22 26 27 28 29 2f 31 32 33 37 38 3c 42 43 46 5a,1 2 3 7 a c f 11 12 14 17 18 1d 1f 20=3 21 24 25 26 27 28 29 2c 2f 30=1 31 32 33 34 37 38 3a 3b 3c 42 43 45 46 48 4c 4f 51 5a,
07000002,448,0x5000036,100,100,28,2,2,0,0,0x5b0003,0x5b0003,1 2 3 7 a c f 11 12 14 17 18 1d 1f 20=2 21 24 25 26 27 28 29 2c 2f 30=1 31 32 33 34 37 38 3a 3b 3c 42 43 45 46 48 4c 4f 51 5a,1 2 3 7 a c f 11 12 14 17 18 1d 1f 20=3 21 24 25 26 27 28 29 2c 2f 30=1 31 32 33 34 37 38 3a 3b 3c 42 43 45 46 48 4c 4f 51 5a,
07000002,449,0x500003a,100,100,28,2,2,0,0,0x5b0003,0x5b0003,1 2 3 7 a c f 11 12 14 17 18 1d 1f 20=2 21 24 25 26 27 28 29 2c 2f 30=1 31 32 33 34 37 38 3a 3b 3c 42 43 45 46 48 4c 4f 51 5a,1 2 3 7 a c f 11 12 14 17 18 1d 1f 20=3 21 24 25 26 27 28 29 2c 2f 30=1 31 32 33 34 37 38 3a 3b 3c 42 43 45 46 48 4c 4f 51 5a,
07000002,450,0x5000036,100,100,18,1,2,0,0,0x5b0003,0x5b0003,1 2 3 7 a c f 11 12 14 17 18 1d 1f 20=2 21 24 25 26 27 28 29 2c 2f 30=1 31 32 33 34 37 38 3a 3b 3c 42 43 45 46 48 4c 4f 51 5a,1 2 3 7 a c f 11 12 14 17 18 1d 1f 20=3 21 24 25 26 27 28 29 2c 2f 30=1 31 32 33 34 37 38 3a 3b 3c 42 43 45 46 48 4c 4f 51 5a,
07000002,451,0x5000036,100,100,30,2,2,2,2,0x5b0003,0x5b0003,7 12 17 18 1f 20=2 26 27 28 29 2f 31 32 33 34 37 38 3c 43 46 4f 5a,7 12 17 18 1f 20=3 26 27 28 29 2f 31 32 33 34 37 38 3c 40 43 46 4f 51 5a,
07000002,452,0x5000036,100,100,18,2,2,0,0,0x5b0003,0x5b0003,1 2 3 7 a c f 11 12 14 17 18 1d 1f 20=2 21 24 25 26 27 28 29 2c 2f 30=1 31 32 33 34 37 38 3a 3b 3c 42 43 45 46 48 4c 4f 51 5a,1 2 3 7 a c f 11 12 14 17 18 1d 1f 20=3 21 24 25 26 27 28 29 2c 2f 30=1 31 32 33 34 37 38 3a 3b 3c 42 43 45 46 48 4c 4f 51 5a,
07000002,453,0x500003a,100,100,18,2,2,0,0,0x5b0003,0x5b0003,1 2 3 5 7 8 a c f 11 12 14 17 18 1d 1f 20=2 21 24 25 26 27 28 29 2c 2f 30=1 31 32 33 34 37 38 3a 3b 3c 42 43 45 46 48 4c 4f 51 5a,1 2 3 7 a c f 11 12 14 17 18 1d 1f 20=3 21 24 25 26 27 28 29 2c 2f 30=1 31 32 33 34 37 38 3a 3b 3c 42 43 45 46 48 4c 4f 51 5a,
07000002,454,0x5000036,100,100,18,2,2,0,0,0x5b0003,0x5b0003,1 2 3 7 a c f 11 12 14 17 18 1d 1f 20=2 21 24 25 26 27 28 29 2c 2f 30=1 31 32 33 34 37 38 3a 3b 3c 42 43 45 46 48 4c 4f 51 5a,1 2 3 7 a c f 11 12 14 17 18 1d 1f 20=3 21 24 25 26 27 28 29 2c 2f 30=1 31 32 33 34 37 38 3a 3b 3c 42 43 45 46 48 4c 4f 51 5a,
07000002,455,0x5000039,100,100,28,0,2,0,0,0x5b0003,0x5b0003,1 2 3 7 a c f 11 12 14 17 18 1d 1f 20=3 21 24 25 26 27 28 29 2c 2f 30=1 31 32 33 34 37 38 3a 3b 3c 42 43 45 46 48 4c 4f 51 5a,1 2 3 7 a c f 11 12 14 17 18 1d 1f 20=3 21 24 25 26 27 28 29 2c 2f 30=1 31 32 33 34 37 38 3a 3b 3c 42 43 45 46 48 4c 4f 51 5a,
07000002,456,0x5000039,100,100,14,0,2,0,0,0x5b0003,0x5b0003,1 2 3 7 a c f 11 12 14 17 18 1d 1f 20=3 21 24 25 26 27 28 29 2c 2f 30=1 31 32 33 34 37 38 3a 3b 3c 42 43 45 46 48 4c 4f 51 5a,1 2 3 7 a c f 11 12 14 17 18 1d 1f 20=3 21 24 25 26 27 28 29 2c 2f 30=1 31 32 33 34 37 38 3a 3b 3c 42 43 45 46 48 4c 4f 51 5a,
07000002,457,0x5000036,100,100,28,0,2,0,0,0x5b0003,0x5b0003,1 2 3 7 a c f 11 12 14 17 18 1d 1f 20=3 21 24 25 26 27 28 29 2c 2f 30=1 31 32 33 34 37 38 3a 3b 3c 42 43 45 46 48 4c 4f 51 5a,1 2 3 7 a c f 11 12 14 17 18 1d 1f 20=3 21 24 25 26 27 28 29 2c 2f 30=1 31 32 33 34 37 38 3a 3b 3c 42 43 45 46 48 4c 4f 51 5a,
07000002,458,0x5000039,100,100,14,1,2,4,0,0x5b0003,0x5b0003,7 17 18 1f 20=2 22 26 27 28 29 2f 31 32 33 37 38 3c 42 43 46 5a,7 18 1d 1f 20=3 21 24 25 26 27 28 29 31 32 33 37 38 3b 3c 43 46 4c 4f 5a,
07000002,459,0x5000036,100,100,14,1,2,0,0,0x5b0003,0x5b0003,1 2 3 7 a c f 11 12 14 17 18 1d 1f 20=2 21 24 25 26 27 28 29 2c 2f 30=1 31 32 33 34 37 38 3a 3b 3c 42 43 45 46 48 4c 4f 51 5a,1 2 3 7 a c f 11 12 14 17 18 1d 1f 20=3 21 24 25 26 27 28 29 2c 2f 30=1 31 32 33 34 37 38 3a 3b 3c 42 43 45 46 48 4c 4f 51 5a,
07000002,460,0x500003a,100,100,28,1,2,0,0,0x5b0003,0x5b0003,1 2 3 5 7 8 9 a c f 11 12 14 17 18 1d 1f 20=2 21 24 25 26 27 28 29 2c 2f 30=1 31 32 33 34 37 38 3a 3b 3c 42 43 45 46 48 4c 4f 51 5a,1 2 3 7 a c f 11 12 14 17 18 1d 1f 20=3 21 24 25 26 27 28 29 2c 2f 30=1 31 32 33 34 37 38 3a 3b 3c 42 43 45 46 48 4c 4f 51 5a,
07000002,461,0x5000036,100,100,28,0,2,0,0,0x5b0003,0x5b0003,1 2 3 7 a c f 11 12 14 17 18 1d 1f 20=3 21 24 25 26 27 28 29 2c 2f 30=1 31 32 33 34 37 38 3a 3b 3c 42 43 45 46 48 4c 4f 51 5a,1 2 3 7 a c f 11 12 14 17 18 1d 1f 20=3 21 24 25 26 27 28 29 2c 2f 30=1 31 32 33 34 37 38 3a 3b 3c 42 43 45 46 48 4c 4f 51 5a,
07000002,462,0x500003a,100,100,28,0,2,0,0,0x5b0003,0x5b0003,1 2 3 7 a c f 11 12 14 17 18 1d 1f 20=3 21 24 25 26 27 28 29 2c 2f 30=1 31 32 33 34 37 38 3a 3b 3c 42 43 45 46 48 4c 4f 51 5a,1 2 3 7 a c f 11 12 14 17 18 1d 1f 20=3 21 24 25 26 27 28 29 2c 2f 30=1 31 32 33 34 37 38 3a 3b 3c 42 43 45 46 48 4c 4f 51 5a,
07000002,463,0x500004f,100,100,1,0,12,0,0,0x5b0003,0x5b0003,f 11 19 1d 1f 20=1 23 25 30=1 34 37 3b 3c 4c 50 54 5a,f 11 19 1d 1f 20=1 23 25 30=1 34 37 3b 3c 4c 50 54 5a,"[[10, 0, 10, 60, 2, 60, 60, 0], [9, 1, 10, 80, 3, 80, 80, 1], [8, 2, 10, 100, 3, 100, 100, 0]]"
07000002,464,0x5000034,100,100,1,0,14,3,3,0x5b0003,0x5b0003,1d 20=3 23 34 37 38 3b 3c 53 54,1d 20=3 23 34 37 38 3b 3c 53 54,"[[60, 0, 10, 60, 2, 60, 60, 0], [80, 1, 10, 80, 3, 80, 80, 1], [100, 2, 10, 100, 3, 100, 100, 0]]"
07000002,465,0x5000034,100,100,1,0,14,0,0,0x5b0003,0x5b0003,1c 20=3 34 37 38 40 46 4e 53 54,20=1 34 37 38 40 46 4e 53 54,
07000002,466,0x5000034,100,100,1,0,14,0,3,0x5b0003,0x5b0003,1c 20=3 34 37 38 40 46 4e 53 54,1d 20=3 23 34 37 38 3b 3c 53 54,
07000003,388,0x500002b,100,100,1,0,14,0,3,0x5b0003,0x5b0003,1c 20=3 34 37 38 3c 40 46 4e 53 54,1d 20=1 23 34 37 38 3b 3c 53 54,"[[60, 0, 10, 60, 2, 60, 60, 0], [80, 1, 10, 80, 3, 80, 80, 1], [100, 2, 10, 100, 3, 100, 100, 0]]"
07000003,389,0x500002b,100,100,1,0,14,0,3,0x5b0003,0x5b0003,1c 20=3 34 37 38 3c 40 46 4e 53 54,1d 20=1 23 34 37 38 3b 3c 53 54,
07000003,390,0x5000036,100,100,14,0,2,4,0,0x5b0003,0x5b0003,7 8 17 18 1f 20=2 22 26 27 28 29 2f 31 32 33 37 38 3c 42 43 46 5a,7 18 1d 1f 20=3 21 24 25 26 27 28 29 31 32 33 37 38 3b 3c 43 46 4c 4f 5a,"[[9, 0, 12, 60, 2, 60, 60, 0], [8, 1, 12, 80, 3, 80, 80, 1], [7, 2, 12, 100, 3, 100, 100, 0]]"
07000003,391,0x5000039,100,100,14,0,2,0,0,0x5b0003,0x5b0003,1 2 3 5 7 8 9 a c f 11 12 14 17 18 1d 1f 20=3 21 24 25 26 27 28 29 2c 2f 30=1 31 32 33 34 37 38 3a 3b 3c 42 43 45 46 48 4c 4f 51 5a,1 2 3 7 a c f 11 12 14 17 18 1d 1f 20=3 21 24 25 26 27 28 29 2c 2f 30=1 31 32 33 34 37 38 3a 3b 3c 42 43 45 46 48 4c 4f 51 5a,
07000003,392,0x5000036,100,100,18,0,2,0,0,0x5b0003,0x5b0003,1 2 3 7 a c f 11 12 14 17 18 1d 1f 20=3 21 24 25 26 27 28 29 2c 2f 30=1 31 32 33 34 37 38 3a 3b 3c 42 43 45 46 48 4c 4f 51 5a,1 2 3 7 a c f 11 12 14 17 18 1d 1f 20=3 21 24 25 26 27 28 29 2c 2f 30=1 31 32 33 34 37 38 3a 3b 3c 42 43 45 46 48 4c 4f 51 5a,
07000003,393,0x500003a,100,100,28,0,2,0,0,0x5b0003,0x5b0003,1 2 3 7 a c f 11 12 14 17 18 1d 1f 20=3 21 24 25 26 27 28 29 2c 2f 30=1 31 32 33 34 37 38 3a 3b 3c 42 43 45 46 48 4c 4f 51 5a,1 2 3 7 a c f 11 12 14 17 18 1d 1f 20=3 21 24 25 26 27 28 29 2c 2f 30=1 31 32 33 34 37 38 3a 3b 3c 42 43 45 46 48 4c 4f 51 5a,
07000003,394,0x5000036,100,100,30,0,2,2,2,0x5b0003,0x5b0003,7 12 17 18 1f 20=2 26 27 28 29 2f 31 32 33 34 37 38 3c 43 46 4f 5a,7 12 17 18 1f 20=3 26 27 28 29 2f 31 32 33 34 37 38 3c 40 43 46 4f 51 5a,
07000003,395,0x5000039,100,100,18,0,2,2,2,0x5b0003,0x5b0003,7 12 17 18 1f 20=2 26 27 28 29 2f 31 32 33 34 37 38 3c 43 46 4f 5a,7 12 17 18 1f 20=3 26 27 28 29 2f 31 32 33 34 37 38 3c 40 43 46 4f 51 5a,
07000003,396,0x5000036,100,100,18,0,2,0,0,0x5b0003,0x5b0003,1 2 3 7 a c f 11 12 14 17 18 1d 1f 20=2 21 24 25 26 27 28 29 2c 2f 30=1 31 32 33 34 37 38 3a 3b 3c 42 43 45 46 48 4c 4f 51 5a,1 2 3 7 a c f 11 12 14 17 18 1d 1f 20=3 21 24 25 26 27 28 29 2c 2f 30=1 31 32 33 34 37 38 3a 3b 3c 42 43 45 46 48 4c 4f 51 5a,
07000003,397,0x5000036,100,100,28,0,2,0,0,0x5b0003,0x5b0003,7 18 1d 1f 20=2 21 24 25 26 27 28 29 31 32 33 37 38 3b 3c 43 46 4c 4f 5a,7 18 1d 1f 20=3 21 24 25 26 27 28 29 31 32 33 37 38 3b 3c 43 46 4c 4f 5a,
07000003,398,0x5000039,100,100,18,0,2,0,0,0x5b0003,0x5b0003,1 2 3 7 a c f 11 12 14 17 18 1d 1f 20=2 21 24 25 26 27 28 29 2c 2f 30=1 31 32 33 34 37 38 3a 3b 3c 42 43 45 46 48 4c 4f 51 5a,1 2 3 7 a c f 11 12 14 17 18 1d 1f 20=3 21 24 25 26 27 28 29 2c 2f 30=1 31 32 33 34 37 38 3a 3b 3c 42 43 45 46 48 4c 4f 51 5a,
07000003,399,0x5000036,100,100,14,0,2,4,0,0x5b0003,0x5b0003,5 7 8 17 18 1f 20=2 22 26 27 28 29 2f 31 32 33 37 38 3c 42 43 46 5a,7 18 1d 1f 20=3 21 24 25 26 27 28 29 31 32 33 37 38 3b 3c 43 46 4c 4f 5a,
07000003,400,0x500003a,100,100,14,0,2,0,0,0x5b0003,0x5b0003,1 2 3 7 a c f 11 12 14 17 18 1d 1f 20=1 21 24 25 26 27 28 29 2c 2f 30=1 31 32 33 34 37 38 3a 3b 3c 42 43 45 46 48 4c 4f 51 5a,1 2 3 7 a c f 11 12 14 17 18 1d 1f 20=3 21 24 25 26 27 28 29 2c 2f 30=1 31 32 33 34 37 38 3a 3b 3c 42 43 45 46 48 4c 4f 51 5a,
07000003,422,0x500002b,100,100,1,0,14,3,0,0x5b0003,0x5b0003,1d 20=3 23 34 37 38 3b 3c 53 54,20=3 34 37 38 3c 40 46 4e 53 54,
07000003,423,0x5000039,100,100,14,0,2,3,0,0x5b0003,0x5b0003,1 2 3 7 a c 11 12 14 17 18 1d 1f 20=3 23 24 25 2c 2f 30=1 31 32 33 34 37 38 3a 3b 3c 42 43 45 46 48 4c 4f 51 5a,1 2 3 7 a c f 11 12 14 17 18 1d 1f 20=3 21 24 25 26 27 28 29 2c 2f 30=1 31 32 33 34 37 38 3a 3b 3c 42 43 45 46 48 4c 4f 51 5a,
07000003,456,0x5000036,100,100,18,0,2,0,0,0x5b0003,0x5b0003,1 2 3 7 a c f 11 12 14 17 18 1d 1f 20=3 21 24 25 26 27 28 29 2c 2f 30=1 31 32 33 34 37 38 3a 3b 3c 42 43 45 46 48 4c 4f 51 5a,1 2 3 7 a c f 11 12 14 17 18 1d 1f 20=3 21 24 25 26 27 28 29 2c 2f 30=1 31 32 33 34 37 38 3a 3b 3c 42 43 45 46 48 4c 4f 51 5a,
07000003,462,0x5000036,100,100,28,0,2,0,0,0x5b0003,0x5b0003,5 7 8 9 18 1d 1f 20=3 21 24 25 26 27 28 29 31 32 33 37 38 3b 3c 43 46 4c 4f 5a,7 8 18 1d 1f 20=1 21 24 25 26 27 28 29 31 32 33 37 38 3b 3c 43 46 4c 4f 5a,
07000003,463,0x5000036,100,100,14,0,2,0,0,0x5b0003,0x5b0003,1 2 3 7 a c f 11 12 14 17 18 1d 1f 20=1 21 24 25 26 27 28 29 2c 2f 30=1 31 32 33 34 37 38 3a 3b 3c 42 43 45 46 48 4c 4f 51 5a,7 18 1d 1f 20=1 21 24 25 26 27 28 29 31 32 33 37 38 3b 3c 43 46 4c 4f 5a,
07000003,468,0x5000036,100,100,28,0,2,0,0,0x5b0003,0x5b0003,1 2 3 7 a c f 11 12 14 17 18 1d 1f 20=2 21 24 25 26 27 28 29 2c 2f 30=1 31 32 33 34 37 38 3a 3b 3c 42 43 45 46 48 4c 4f 51 5a,1 2 3 7 a c f 11 12 14 17 18 1d 1f 20=3 21 24 25 26 27 28 29 2c 2f 30=1 31 32 33 34 37 38 3a 3b 3c 42 43 45 46 48 4c 4f 51 5a,
07000003,470,0x500003a,100,100,14,0,2,0,0,0x5b0003,0x5b0003,1 2 3 7 a c f 11 12 14 17 18 1d 1f 20=1 21 24 25 26 27 28 29 2c 2f 30=1 31 32 33 34 37 38 3a 3b 3c 42 43 45 46 48 4c 4f 51 5a,1 2 3 7 a c f 11 12 14 17 18 1d 1f 20=3 21 24 25 26 27 28 29 2c 2f 30=1 31 32 33 34 37 38 3a 3b 3c 42 43 45 46 48 4c 4f 51 5a,
07000004,1,0x500001e,100,100,18,0,15,0,0,0x5b0003,0x5b0003,20=3 5a,20=3 5a,"[[60, 0, 50, 60, 2, 60, 60, 0], [80, 1, 50, 80, 3, 80, 80, 1], [100, 2, 50, 100, 3, 100, 100, 0]]"
07000005,3,0x5000030,100,100,22,0,1,0,0,0x5b0003,0x5b0003,2 7 a c f 11 14 17 19 1d 1f 20=1 21 24 25 26 27 28 29 2b 2c 2d 2f 30=1 31 32 33 34 37 38 3a 3b 3c 42 43 45 46 48 4c 4f 51 5a,2 7 a c f 11 14 17 19 1d 1f 20=1 21 24 25 26 27 28 29 2b 2c 2d 2f 30=1 31 32 33 34 37 38 3a 3b 3c 42 43 45 46 48 4c 4f 51 5a,"[[10, 0, 10, 60, 2, 60, 60, 0], [9, 1, 10, 80, 3, 80, 80, 1], [8, 2, 10, 100, 3, 100, 100, 0]]"
07000005,4,0x500002e,100,100,22,0,1,0,0,0x5b0003,0x5b0003,2 7 a c f 11 14 17 19 1d 1f 20=1 21 24 25 26 27 28 29 2b 2c 2d 2f 30=1 31 32 33 34 37 38 3a 3b 3c 42 43 45 46 48 4c 4f 51 5a,2 7 a c f 11 14 17 19 1d 1f 20=1 21 24 25 26 27 28 29 2b 2c 2d 2f 30=1 31 32 33 34 37 38 3a 3b 3c 42 43 45 46 48 4c 4f 51 5a,
07000005,5,0x500002e,100,100,22,0,1,0,0,0x5b0003,0x5b0003,2 7 a c f 11 14 17 19 1d 1f 20=1 21 24 25 26 27 28 29 2b 2c 2d 2f 30=1 31 32 33 34 37 38 3a 3b 3c 42 43 45 46 48 4c 4f 51 5a,2 7 a c f 11 14 17 19 1d 1f 20=1 21 24 25 26 27 28 29 2b 2c 2d 2f 30=1 31 32 33 34 37 38 3a 3b 3c 42 43 45 46 48 4c 4f 51 5a,
07000005,6,0x5000030,100,100,22,1,1,0,0,0x5b0003,0x5b0003,2 7 8 a c f 11 14 17 1a 1c 1d 1f 20=1 21 24 26 27 28 29 2b 2c 2d 2f 30=1 31 32 33 34 37 38 39 3b 3c 3e 42 43 44=1 46 48 4c 4f 51 5a,2 7 8 a c f 11 14 17 1a 1c 1d 1f 20=1 21 24 26 27 28 29 2b 2c 2d 2f 30=1 31 32 33 34 37 38 39 3b 3c 3e 42 43 44=1 46 48 4c 4f 51 5a,
07000005,7,0x500002f,100,100,36,0,1,2,2,0x5b0003,0x5b0003,2 7 a b c d 17 18 1f 20=1 21 26 27 28 29 31 32 33 37 38 3a 3c 40 43 46 4f 51 5a,2 7 a b c d 17 18 1f 20=1 21 26 27 28 29 31 32 33 37 38 3a 3c 40 43 46 4f 51 5a,
07000005,8,0x5000030,100,100,22,0,1,0,0,0x5b0003,0x5b0003,2 7 a c f 11 14 17 19 1d 1f 20=1 21 24 25 26 27 28 29 2b 2c 2d 2f 30=1 31 32 33 34 37 38 3a 3b 3c 42 43 45 46 48 4c 4f 51 5a,2 7 a c f 11 14 17 19 1d 1f 20=1 21 24 25 26 27 28 29 2b 2c 2d 2f 30=1 31 32 33 34 37 38 3a 3b 3c 42 43 45 46 48 4c 4f 51 5a,
07000005,9,0x5000030,100,100,36,0,1,0,0,0x5b0003,0x5b0003,2 7 a c f 11 14 17 19 1d 1f 20=1 21 24 25 26 27 28 29 2b 2c 2d 2f 30=1 31 32 33 34 37 38 3a 3b 3c 42 43 45 46 48 4c 4f 51 5a,2 7 a c f 11 14 17 19 1d 1f 20=1 21 24 25 26 27 28 29 2b 2c 2d 2f 30=1 31 32 33 34 37 38 3a 3b 3c 42 43 45 46 48 4c 4f 51 5a,
07000005,65,0x500002e,100,100,22,5,1,0,3,0x5b0003,0x5b0003,2 7 8 a c f 11 14 17 1a 1c 1d 20=1 21 24 26 27 28 29 2b 2c 2d 2f 30=1 31 32 33 34 37 38 39 3b 3c 3e 42 43 44=1 46 48 4c 4f 51 5a,2 1d 1f 20=3 21 23 2c 2d 31 32 33 37 38 3c 4f 51 59 5a,
07000005,66,0x500002f,100,100,22,0,1,3,2,0x5b0003,0x5b0003,2 7 a b c d f 11 14 17 19 1d 1f 20=3 21 23 24 25 2b 2c 2d 2f 30=1 31 32 33 34 37 38 3c 42 43 45 46 48 4c 4f 51 5a,2 7 a b c d 17 18 1f 20=1 21 26 27 28 29 31 32 33 37 38 3a 3c 40 43 46 4f 51 5a,
07000005,67,0x5000030,100,100,22,0,1,3,2,0x5b0003,0x5b0003,2 7 a b c d f 11 14 17 19 1d 1f 20=3 21 23 24 25 2b 2c 2d 2f 30=1 31 32 33 34 37 38 3c 42 43 45 46 48 4c 4f 51 5a,2 7 a b c d 17 18 1f 20=3 21 26 27 28 29 31 32 33 37 38 3a 3c 40 43 46 4f 51 5a,
07000005,68,0x5000030,100,100,22,5,1,0,3,0x5b0003,0x5b0003,2 7 8 a c f 11 14 17 1a 1c 1d 20=1 21 24 26 27 28 29 2b 2c 2d 2f 30=1 31 32 33 34 37 38 39 3b 3c 3e 42 43 44=1 46 48 4c 4f 51 5a,2 1d 1f 20=3 21 23 2c 2d 31 32 33 37 38 3c 4f 51 59 5a,
07000005,267,0x500002f,100,100,36,0,1,2,2,0x5b0003,0x5b0003,2 7 a b c d 17 18 1f 20=1 21 26 27 28 29 31 32 33 37 38 3a 3c 40 43 46 4f 51 5a,2 7 a b c d 17 18 1f 20=1 21 26 27 28 29 31 32 33 37 38 3a 3c 40 43 46 4f 51 5a,
07000005,271,0x500002f,100,100,22,0,1,0,0,0x5b0003,0x5b0003,2 7 a c f 11 14 17 19 1d 1f 20=3 21 24 25 26 27 28 29 2b 2c 2d 2f 30=1 31 32 33 34 37 38 3a 3b 3c 42 43 45 46 48 4c 4f 51 5a,2 7 a c f 11 14 17 19 1d 1f 20=3 21 24 25 26 27 28 29 2b 2c 2d 2f 30=1 31 32 33 34 37 38 3a 3b 3c 42 43 45 46 48 4c 4f 51 5a,
07000005,272,0x500002f,100,100,22,0,1,0,0,0x5b0003,0x5b0003,2 7 a c f 11 14 17 19 1d 1f 20=3 21 24 25 26 27 28 29 2b 2c 2d 2f 30=1 31 32 33 34 37 38 3a 3b 3c 42 43 45 46 48 4c 4f 51 5a,2 7 a c f 11 14 17 19 1d 1f 20=3 21 24 25 26 27 28 29 2b 2c 2d 2f 30=1 31 32 33 34 37 38 3a 3b 3c 42 43 45 46 48 4c 4f 51 5a,
07000005,302,0x500002e,100,100,22,0,1,0,0,0x5b0003,0x5b0003,2 7 a c f 11 14 17 19 1d 1f 20=1 21 24 25 26 27 28 29 2b 2c 2d 2f 30=1 31 32 33 34 37 38 3a 3b 3c 42 43 45 46 48 4c 4f 51 5a,2 7 a c f 11 14 17 19 1d 1f 20=1 21 24 25 26 27 28 29 2b 2c 2d 2f 30=1 31 32 33 34 37 38 3a 3b 3c 42 43 45 46 48 4c 4f 51 5a,
07000005,303,0x5000030,100,100,22,0,1,0,0,0x5b0003,0x5b0003,2 7 a c f 11 14 17 19 1d 1f 20=1 21 24 25 26 27 28 29 2b 2c 2d 2f 30=1 31 32 33 34 37 38 3a 3b 3c 42 43 45 46 48 4c 4f 51 5a,2 7 a c f 11 14 17 19 1d 1f 20=1 21 24 25 26 27 28 29 2b 2c 2d 2f 30=1 31 32 33 34 37 38 3a 3b 3c 42 43 45 46 48 4c 4f 51 5a,
07000006,436,0x500002e,100,100,22,2,1,0,0,0x5b0003,0x5b0003,2 7 a c f 11 14 17 19 1d 1f 20=1 21 24 25 26 27 28 29 2b 2c 2d 2f 30=1 31 32 33 34 37 38 3a 3b 3c 42 43 45 46 48 4c 4f 51 5a,2 7 a c f 11 14 17 19 1d 1f 20=3 21 24 25 26 27 28 29 2b 2c 2d 2f 30=1 31 32 33 34 37 38 3a 3b 3c 42 43 45 46 48 4c 4f 51 5a,"[[10, 0, 10, 60, 2, 60, 60, 0], [9, 1, 10, 80, 3, 80, 80, 1], [8, 2, 10, 100, 3, 100, 100, 0]]"
07000006,437,0x500002f,100,100,22,0,1,0,0,0x5b0003,0x5b0003,2 7 8 a c f 11 14 17 19 1d 1f 20=1 21 24 25 26 27 28 29 2b 2c 2d 2f 30=1 31 32 33 34 37 38 39 3a 3b 3c 42 43 45 46 48 4c 4f 51 5a,2 7 8 a c f 11 14 17 19 1d 1f 20=3 21 24 25 26 27 28 29 2b 2c 2d 2f 30=1 31 32 33 34 37 38 39 3a 3b 3c 42 43 45 46 48 4c 4f 51 5a,
07000006,438,0x5000030,100,100,22,0,1,0,0,0x5b0003,0x5b0003,2 7 a c f 11 14 17 19 1d 1f 20=1 21 24 25 26 27 28 29 2b 2c 2d 2f 30=1 31 32 33 34 37 38 3a 3b 3c 42 43 45 46 48 4c 4f 51 5a,2 7 a c f 11 14 17 19 1d 1f 20=3 21 24 25 26 27 28 29 2b 2c 2d 2f 30=1 31 32 33 34 37 38 3a 3b 3c 42 43 45 46 48 4c 4f 51 5a,
07000006,439,0x500002e,100,100,22,2,1,0,2,0x5b0003,0x5b0003,2 7 8 a c f 11 14 17 19 1d 1f 20=1 21 24 25 26 27 28 29 2b 2c 2d 2f 30=1 31 32 33 34 37 38 39 3a 3b 3c 42 43 45 46 48 4c 4f 51 5a,2 7 a b c d 17 18 1f 20=3 21 26 27 28 29 31 32 33 37 38 39 3a 3c 40 43 46 4f 51 5a,
07000006,440,0x5000030,100,100,22,2,1,0,0,0x5b0003,0x5b0003,2 7 a c f 11 14 17 19 1d 1f 20=1 21 24 25 26 27 28 29 2b 2c 2d 2f 30=1 31 32 33 34 37 38 3a 3b 3c 42 43 45 46 48 4c 4f 51 5a,2 7 a c f 11 14 17 19 1d 1f 20=3 21 24 25 26 27 28 29 2b 2c 2d 2f 30=1 31 32 33 34 37 38 3a 3b 3c 42 43 45 46 48 4c 4f 51 5a,
07000006,441,0x5000030,100,100,22,0,1,0,0,0x5b0003,0x5b0003,2 7 a c f 11 14 17 19 1d 1f 20=1 21 24 25 26 27 28 29 2b 2c 2d 2f 30=1 31 32 33 34 37 38 3a 3b 3c 42 43 45 46 48 4c 4f 51 5a,2 7 a c f 11 14 17 19 1d 1f 20=3 21 24 25 26 27 28 29 2b 2c 2d 2f 30=1 31 32 33 34 37 38 3a 3b 3c 42 43 45 46 48 4c 4f 51 5a,
07000006,442,0x5000030,100,100,22,0,1,0,0,0x5b0003,0x5b0003,2 7 a c f 11 14 17 19 1d 1f 20=1 21 24 25 26 27 28 29 2b 2c 2d 2f 30=1 31 32 33 34 37 38 3a 3b 3c 42 43 45 46 48 4c 4f 51 5a,2 7 a c f 11 14 17 19 1d 1f 20=3 21 24 25 26 27 28 29 2b 2c 2d 2f 30=1 31 32 33 34 37 38 3a 3b 3c 42 43 45 46 48 4c 4f 51 5a,
07000006,443,0x500002f,100,100,22,0,1,0,0,0x5b0003,0x5b0003,2 5 7 8 9 a c f 11 14 17 19 1d 1f 20=1 21 24 25 26 27 28 29 2b 2c 2d 2f 30=1 31 32 33 34 37 38 39 3a 3b 3c 42 43 45 46 48 4c 4f 51 5a,2 7 8 a c f 11 14 17 19 1d 1f 20=3 21 24 25 26 27 28 29 2b 2c 2d 2f 30=1 31 32 33 34 37 38 39 3a 3b 3c 42 43 45 46 48 4c 4f 51 5a,
07000006,444,0x500002e,100,100,22,2,1,0,0,0x5b0003,0x5b0003,2 7 a c f 11 14 17 19 1d 1f 20=1 21 24 25 26 27 28 29 2b 2c 2d 2f 30=1 31 32 33 34 37 38 3a 3b 3c 42 43 45 46 48 4c 4f 51 5a,2 7 a c f 11 14 17 19 1d 1f 20=3 21 24 25 26 27 28 29 2b 2c 2d 2f 30=1 31 32 33 34 37 38 3a 3b 3c 42 43 45 46 48 4c 4f 51 5a,
07000006,445,0x500002e,100,100,22,3,1,0,0,0x5b0003,0x5b0003,2 7 a c f 11 14 17 19 1d 1f 20=1 21 24 25 26 27 28 29 2b 2c 2d 2f 30=1 31 32 33 34 37 38 3a 3b 3c 42 43 45 46 48 4c 4f 51 5a,2 7 a c f 11 14 17 19 1d 1f 20=3 21 24 25 26 27 28 29 2b 2c 2d 2f 30=1 31 32 33 34 37 38 3a 3b 3c 42 43 45 46 48 4c 4f 51 5a,
07000006,446,0x5000030,100,100,37,1,1,2,2,0x5b0003,0x5b0003,2 7 a b c d 17 18 1f 20=1 21 26 27 28 29 31 32 33 37 38 3a 3c 40 43 46 4f 51 5a,2 7 a b c d 17 18 1f 20=3 21 26 27 28 29 31 32 33 37 38 3a 3c 40 43 46 4f 51 5a,
07000006,447,0x500002f,100,100,22,5,1,3,0,0x5b0003,0x5b0003,2 5 8 1d 1f 20=3 21 23 2c 2d 31 32 33 37 38 3c 4f 51 5a,2 7 8 a c f 11 14 17 19 1d 1f 20=3 21 24 25 26 27 28 29 2b 2c 2d 2f 30=1 31 32 33 34 37 38 39 3a 3b 3c 42 43 45 46 48 4c 4f 51 5a,
07000006,448,0x500002e,100,100,37,1,1,2,2,0x5b0003,0x5b0003,2 7 a b c d 17 18 1f 20=1 21 26 27 28 29 31 32 33 37 38 3a 3c 40 43 46 4f 51 5a,2 7 a b c d 17 18 1f 20=3 21 26 27 28 29 31 32 33 37 38 3a 3c 40 43 46 4f 51 5a,
07000006,449,0x5000030,100,100,22,0,1,0,0,0x5b0003,0x5b0003,2 7 8 a c f 11 14 17 19 1d 1f 20=1 21 24 25 26 27 28 29 2b 2c 2d 2f 30=1 31 32 33 34 37 38 39 3a 3b 3c 42 43 45 46 48 4c 4f 51 5a,2 7 8 a c f 11 14 17 19 1d 1f 20=3 21 24 25 26 27 28 29 2b 2c 2d 2f 30=1 31 32 33 34 37 38 39 3a 3b 3c 42 43 45 46 48 4c 4f 51 5a,
07000006,450,0x500002e,100,100,22,1,1,0,0,0x5b0003,0x5b0003,2 7 a c f 11 14 17 19 1d 1f 20=1 21 24 25 26 27 28 29 2b 2c 2d 2f 30=1 31 32 33 34 37 38 3a 3b 3c 42 43 45 46 48 4c 4f 51 5a,2 7 a c f 11 14 17 19 1d 1f 20=3 21 24 25 26 27 28 29 2b 2c 2d 2f 30=1 31 32 33 34 37 38 3a 3b 3c 42 43 45 46 48 4c 4f 51 5a,
07000006,487,0x5000030,100,100,22,2,1,0,3,0x5b0003,0x5b0003,2 7 a c f 11 14 17 19 1d 1f 20=1 21 24 25 26 27 28 29 2b 2c 2d 2f 30=1 31 32 33 34 37 38 3a 3b 3c 42 43 45 46 48 4c 4f 51 5a,2 7 a b c d f 11 14 17 19 1d 1f 20=3 21 23 24 25 2b 2c 2d 2f 30=1 31 32 33 34 37 38 3c 42 43 45 46 48 4c 4f 51 5a,
07000006,488,0x500002e,100,100,22,2,1,0,0,0x5b0003,0x5b0003,2 7 a c f 11 14 17 19 1d 1f 20=1 21 24 25 26 27 28 29 2b 2c 2d 2f 30=1 31 32 33 34 37 38 3a 3b 3c 42 43 45 46 48 4c 4f 51 5a,2 7 a c f 11 14 17 19 1d 1f 20=3 21 24 25 26 27 28 29 2b 2c 2d 2f 30=1 31 32 33 34 37 38 3a 3b 3c 42 43 45 46 48 4c 4f 51 5a,
07000006,494,0x5000035,100,100,1,1,13,0,0,0x5b0003,0x5b0003,1d 1f 20=1 24 26 27 29 31 32 33 34 37 38 3b 3c 46 49 4c 4f 53 54 5a,1d 1f 20=3 24 26 27 29 31 32 33 34 37 38 3b 3c 46 49 4c 4f 50 51 53 54 5a,"[[60, 0, 1, 60, 2, 60, 60, 0], [80, 1, 1, 80, 3, 80, 80, 1], [100, 2, 1, 100, 3, 100, 100, 0]]"
07000006,502,0x500002e,100,100,22,2,1,0,0,0x5b0003,0x5b0003,2 7 a c f 11 14 17 19 1d 1f 20=1 21 24 25 26 27 28 29 2b 2c 2d 2f 30=1 31 32 33 34 37 38 3a 3b 3c 42 43 45 46 48 4c 4f 51 5a,2 7 a c f 11 14 17 19 1d 1f 20=3 21 24 25 26 27 28 29 2b 2c 2d 2f 30=1 31 32 33 34 37 38 3a 3b 3c 42 43 45 46 48 4c 4f 51 5a,
07000006,527,0x500002f,100,100,22,0,1,3,0,0x5b0003,0x5b0003,2 5 8 9 1d 1f 20=3 21 23 2c 2d 31 32 33 37 38 3c 4f 51 57 5a,2 7 8 a c f 11 14 17 19 1d 1f 20=3 21 24 25 26 27 28 29 2b 2c 2d 2f 30=1 31 32 33 34 37 38 39 3a 3b 3c 42 43 45 46 48 4c 4f 51 5a,
07000006,530,0x500002f,100,100,22,0,1,3,0,0x5b0003,0x5b0003,2 5 8 9 1d 1f 20=3 21 23 2c 2d 31 32 33 37 38 3c 4f 51 57 5a,2 7 8 a c f 11 14 17 19 1d 1f 20=3 21 24 25 26 27 28 29 2b 2c 2d 2f 30=1 31 32 33 34 37 38 39 3a 3b 3c 42 43 45 46 48 4c 4f 51 5a,
07000006,635,0x500002e,100,100,22,1,1,3,0,0x5b0003,0x5b0003,2 1d 1f 20=3 21 23 2c 2d 31 32 33 37 38 3c 4f 51 57 5a,2 7 a c f 11 14 17 19 1d 1f 20=3 21 24 25 26 27 28 29 2b 2c 2d 2f 30=1 31 32 33 34 37 38 3a 3b 3c 42 43 45 46 48 4c 4f 51 5a,
07000006,648,0x500002f,100,100,36,2,1,2,2,0x5b0003,0x5b0003,2 7 a b c d 17 18 1f 20=1 21 26 27 28 29 31 32 33 37 38 39 3a 3c 40 43 46 4f 51 5a,2 7 a b c d 17 18 1f 20=3 21 26 27 28 29 31 32 33 37 38 39 3a 3c 40 43 46 4f 51 5a,
07000006,675,0x5000030,100,100,36,0,1,2,2,0x5b0003,0x5b0003,2 7 a b c d 17 18 1f 20=3 21 26 27 28 29 31 32 33 37 38 3a 3c 40 43 46 4f 51 5a,2 7 a b c d 17 18 1f 20=3 21 26 27 28 29 31 32 33 37 38 3a 3c 40 43 46 4f 51 5a,
07000006,676,0x500002f,100,100,22,0,1,3,0,0x5b0003,0x5b0003,2 5 8 9 1d 1f 20=3 21 23 2c 2d 31 32 33 37 38 3c 4f 51 57 5a,2 7 8 a c f 11 14 17 19 1d 1f 20=3 21 24 25 26 27 28 29 2b 2c 2d 2f 30=1 31 32 33 34 37 38 39 3a 3b 3c 42 43 45 46 48 4c 4f 51 5a,
07000006,677,0x500002e,100,100,22,0,1,3,0,0x5b0003,0x5b0003,2 1d 1f 20=3 21 23 2c 2d 31 32 33 37 38 3c 4f 51 57 5a,2 7 a c f 11 14 17 19 1d 1f 20=3 21 24 25 26 27 28 29 2b 2c 2d 2f 30=1 31 32 33 34 37 38 3a 3b 3c 42 43 45 46 48 4c 4f 51 5a,
07000006,680,0x500002f,100,100,22,1,1,3,0,0x5b0003,0x5b0003,2 5 8 1d 1f 20=3 21 23 2c 2d 31 32 33 37 38 3c 4f 51 57 5a,2 7 8 a c f 11 14 17 19 1d 1f 20=3 21 24 25 26 27 28 29 2b 2c 2d 2f 30=1 31 32 33 34 37 38 39 3a 3b 3c 42 43 45 46 48 4c 4f 51 5a,
07000006,704,0x500002f,100,100,22,0,1,3,0,0x5b0003,0x5b0003,2 7 a b c d f 11 14 17 19 1d 1f 20=3 21 23 24 25 2b 2c 2d 2f 30=1 31 32 33 34 37 38 3c 42 43 45 46 48 4c 4f 51 5a,2 7 a c f 11 14 17 19 1d 1f 20=3 21 24 25 26 27 28 29 2b 2c 2d 2f 30=1 31 32 33 34 37 38 3a 3b 3c 42 43 45 46 48 4c 4f 51 5a,
07000006,719,0x500002e,100,100,37,1,1,2,2,0x5b0003,0x5b0003,2 7 a b c d 17 18 1f 20=1 21 26 27 28 29 31 32 33 37 38 39 3a 3c 40 43 46 4f 51 5a,2 7 a b c d 17 18 1f 20=3 21 26 27 28 29 31 32 33 37 38 39 3a 3c 40 43 46 4f 51 5a,
07000006,729,0x500002e,100,100,37,1,1,2,2,0x5b0003,0x5b0003,2 7 a b c d 17 18 1f 20=1 21 26 27 28 29 31 32 33 37 38 3a 3c 40 43 46 4f 51 5a,2 7 a b c d 17 18 1f 20=3 21 26 27 28 29 31 32 33 37 38 3a 3c 40 43 46 4f 51 5a,
07000006,731,0x5000030,100,100,37,1,1,2,2,0x5b0003,0x5b0003,2 7 a b c d 17 18 1f 20=1 21 26 27 28 29 31 32 33 37 38 3a 3c 40 43 46 4f 51 5a,2 7 a b c d 17 18 1f 20=3 21 26 27 28 29 31 32 33 37 38 3a 3c 40 43 46 4f 51 5a,
07000006,732,0x500002e,100,100,37,1,1,2,2,0x5b0003,0x5b0003,2 7 a b c d 17 18 1f 20=1 21 26 27 28 29 31 32 33 37 38 3a 3c 40 43 46 4f 51 5a,2 7 a b c d 17 18 1f 20=3 21 26 27 28 29 31 32 33 37 38 3a 3c 40 43 46 4f 51 5a,
07000007,349,0x5000020,100,100,1,0,10,0,0,0x5b0003,0x5b0003,1d 1f 20=1 24 26 27 29 31 32 33 34 37 3b 3c 46 47 49 4c 4f 50 51 52 53 54 5a,1d 1f 20=1 24 26 27 29 31 32 33 34 37 3b 3c 46 47 49 4c 4f 50 51 52 53 54 5a,"[[10, 0, 10, 60, 2, 60, 60, 0], [9, 1, 10, 80, 3, 80, 80, 1], [8, 2, 10, 100, 3, 100, 100, 0]]"
07000007,350,0x5000023,100,100,1,0,10,0,0,0x5b0003,0x5b0003,1d 1f 20=1 24 26 27 29 31 32 33 34 37 3b 3c 46 47 49 4c 4f 50 51 52 53 54 5a,1d 1f 20=1 24 26 27 29 31 32 33 34 37 3b 3c 46 47 49 4c 4f 50 51 52 53 54 5a,
07000007,351,0x5000013,100,100,1,0,1,0,0,0x5b0003,0x5b0003,2 7 a c f 11 14 17 19 1d 1f 20=1 21 24 25 26 27 28 29 2b 2c 2d 2f 30=1 31 32 33 34 37 38 3a 3b 3c 42 43 45 46 48 4c 4f 51 5a,2 7 a c f 11 14 17 19 1d 1f 20=1 21 24 25 26 27 28 29 2b 2c 2d 2f 30=1 31 32 33 34 37 38 3a 3b 3c 42 43 45 46 48 4c 4f 51 5a,"[[10, 0, 10, 60, 2, 60, 60, 0], [9, 1, 10, 80, 3, 80, 80, 1], [8, 2, 10, 100, 3, 100, 100, 0]]"
07000007,352,0x5000014,100,100,1,0,1,0,0,0x5b0003,0x5b0003,2 7 a c f 11 14 17 19 1d 1f 20=1 21 24 25 26 27 28 29 2b 2c 2d 2f 30=1 31 32 33 34 37 38 3a 3b 3c 42 43 45 46 48 4c 4f 51 5a,2 7 a c f 11 14 17 19 1d 1f 20=1 21 24 25 26 27 28 29 2b 2c 2d 2f 30=1 31 32 33 34 37 38 3a 3b 3c 42 43 45 46 48 4c 4f 51 5a,
07000007,353,0x5000014,100,100,1,0,1,0,0,0x5b0003,0x5b0003,2 7 a c f 11 14 17 19 1d 1f 20=1 21 24 25 26 27 28 29 2b 2c 2d 2f 30=1 31 32 33 34 37 38 3a 3b 3c 42 43 45 46 48 4c 4f 51 5a,2 7 a c f 11 14 17 19 1d 1f 20=1 21 24 25 26 27 28 29 2b 2c 2d 2f 30=1 31 32 33 34 37 38 3a 3b 3c 42 43 45 46 48 4c 4f 51 5a,
07000007,354,0x5000013,100,100,1,0,1,0,0,0x5b0003,0x5b0003,2 7 a c f 11 14 17 19 1d 1f 20=1 21 24 25 26 27 28 29 2b 2c 2d 2f 30=1 31 32 33 34 37 38 3a 3b 3c 42 43 45 46 48 4c 4f 51 5a,2 7 8 a c f 11 14 17 19 1d 1f 20=1 21 24 25 26 27 28 29 2b 2c 2d 2f 30=1 31 32 33 34 37 38 39 3a 3b 3c 42 43 45 46 48 4c 4f 51 5a,
07000007,355,0x5000024,100,100,1,0,10,0,5,0x5b0003,0x5b0003,1d 1f 20=1 24 26 27 29 31 32 33 34 37 3b 3c 46 47 49 4c 4f 50 51 52 53 54 5a,20=1,
07000007,399,0x5000024,100,100,1,0,10,0,0,0x5b0003,0x5b0003,1d 1f 20=1 24 26 27 29 31 32 33 34 37 3b 3c 46 47 49 4c 4f 50 51 52 53 54 5a,1d 1f 20=1 24 26 27 29 31 32 33 34 37 3b 3c 46 47 49 4c 4f 50 51 52 53 54 5a,
07000007,402,0x5000022,100,100,1,0,10,0,0,0x5b0003,0x5b0003,1d 1f 20=1 24 26 27 29 31 32 33 34 37 3b 3c 46 47 49 4c 4f 50 51 52 53 54 5a,1d 1f 20=1 24 26 27 29 31 32 33 34 37 3b 3c 46 47 49 4c 4f 50 51 52 53 54 5a,
07000007,403,0x5000018,100,100,1,0,11,0,5,0x5b0003,0x5b0003,1d 1f 20=1 24 26 27 29 31 32 33 34 37 3b 3c 46 47 49 4c 4f 50 51 52 53 54 5a,20=1,"[[10, 0, 10, 60, 2, 60, 60, 0], [9, 1, 10, 80, 3, 80, 80, 1], [8, 2, 10, 100, 3, 100, 100, 0]]"
07000007,404,0x5000014,100,100,1,0,1,0,5,0x5b0003,0x5b0003,2 7 8 a c f 11 14 17 19 1d 1f 20=1 21 24 25 26 27 28 29 2b 2c 2d 2f 30=1 31 32 33 34 37 38 39 3a 3b 3c 42 43 45 46 48 4b 4c 4f 51 5a,20=1,
07000007,406,0x5000020,100,100,1,0,10,0,5,0x5b0003,0x5b0003,1d 1f 20=1 24 26 27 29 31 32 33 34 37 3b 3c 46 47 49 4c 4f 50 51 52 53 54 5a,20=1,
07000007,407,0x5000022,100,100,1,0,10,0,5,0x5b0003,0x5b0003,1d 1f 20=1 24 26 27 29 31 32 33 34 37 3b 3c 46 47 49 4c 4f 50 51 52 53 54 5a,20=1,
07000007,408,0x5000019,100,100,1,0,10,0,5,0x5b0003,0x5b0003,1d 1f 20=1 24 26 27 29 31 32 33 34 37 3b 3c 46 47 49 4c 4f 50 51 52 53 54 5a,20=1,
07000007,409,0x5000020,100,100,1,0,10,0,5,0x5b0003,0x5b0003,1d 1f 20=1 24 26 27 29 31 32 33 34 37 3b 3c 46 47 49 4c 4f 50 51 52 53 54 5a,20=1,
07000007,410,0x5000023,100,100,1,0,10,0,5,0x5b0003,0x5b0003,1d 1f 20=1 24 26 27 29 31 32 33 34 37 3b 3c 46 47 49 4c 4f 50 51 52 53 54 5a,20=1,
07000007,413,0x5000015,100,100,1,0,10,5,0,0x5b0003,0x5b0003,20=1,1d 1f 20=1 24 26 27 29 31 32 33 34 37 3b 3c 46 47 49 4c 4f 50 51 52 53 54 5a,
07000007,414,0x5000015,100,100,1,0,10,0,5,0x5b0003,0x5b0003,1d 1f 20=1 24 26 27 29 31 32 33 34 37 3b 3c 46 47 49 4c 4d 4f 50 51 52 53 54 5a,20=1,
07000007,416,0x5000016,100,100,1,0,1,0,5,0x5b0003,0x5b0003,2 7 a c f 11 14 17 19 1d 1f 20=1 21 24 25 26 27 28 29 2b 2c 2d 2f 30=1 31 32 33 34 37 38 3a 3b 3c 42 43 45 46 48 4c 4f 51 5a,20=1,
07000007,417,0x5000013,100,100,1,0,1,0,5,0x5b0003,0x5b0003,2 7 8 a c f 11 14 17 19 1d 1f 20=1 21 24 25 26 27 28 29 2b 2c 2d 2f 30=1 31 32 33 34 37 38 39 3a 3b 3c 42 43 45 46 48 4b 4c 4f 51 5a,20=1,
07000007,424,0x5000020,100,100,1,0,10,0,0,0x5b0003,0x5b0003,1d 20=1 24 26 27 29 31 32 33 34 37 3b 3c 46 47 49 4c 4f 50 51 52 53 54 5a,1d 1f 20=1 24 26 27 29 31 32 33 34 37 3b 3c 46 47 49 4c 4f 50 51 52 53 54 5a,
07000007,425,0x5000024,100,100,1,0,10,0,0,0x5b0003,0x5b0003,1d 20=1 24 26 27 29 31 32 33 34 37 3b 3c 46 47 49 4c 4f 50 51 52 53 54 5a,1d 1f 20=1 24 26 27 29 31 32 33 34 37 3b 3c 46 47 49 4c 4f 50 51 52 53 54 5a,
07000007,426,0x5000026,100,100,1,0,11,0,5,0x5b0003,0x5b0003,1d 1f 20=1 24 26 27 29 31 32 33 34 37 3b 3c 46 47 49 4c 4f 50 51 52 53 54 5a,20=1,
07000007,429,0x5000019,100,100,1,0,10,0,5,0x5b0003,0x5b0003,1d 1f 20=1 24 26 27 29 31 32 33 34 37 3b 3c 46 47 49 4c 4f 50 51 52 53 54 5a,20=1,
07000007,431,0x5000019,100,100,1,0,10,0,5,0x5b0003,0x5b0003,1d 1f 20=1 24 26 27 29 31 32 33 34 37 3b 3c 46 47 49 4c 4f 50 51 52 53 54 5a,20=1,
07000007,432,0x5000019,100,100,1,0,10,0,5,0x5b0003,0x5b0003,1d 1f 20=1 24 26 27 29 31 32 33 34 37 3b 3c 46 47 49 4c 4f 50 51 52 53 54 5a,20=1,
07000007,433,0x5000022,100,100,1,0,10,0,5,0x5b0003,0x5b0003,1d 1f 20=1 24 26 27 29 31 32 33 34 37 3b 3c 46 47 49 4c 4f 50 51 52 53 54 5a,20=1,
07000007,434,0x5000019,100,100,1,0,10,0,5,0x5b0003,0x5b0003,1d 1f 20=1 24 26 27 29 31 32 33 34 37 3b 3c 46 47 49 4c 4f 50 51 52 53 54 5a,20=1,
07000007,441,0x5000014,100,100,1,0,1,0,5,0x5b0003,0x5b0003,2 7 8 a c f 11 14 17 19 1d 1f 20=1 21 24 25 26 27 28 29 2b 2c 2d 2f 30=1 31 32 33 34 37 38 39 3a 3b 3c 42 43 45 46 48 4b 4f 51 5a,20=1,
07000007,442,0x5000013,100,100,1,0,1,0,5,0x5b0003,0x5b0003,2 7 8 a c f 11 14 17 19 1d 1f 20=1 21 24 25 26 27 28 29 2b 2c 2d 2f 30=1 31 32 33 34 37 38 39 3a 3b 3c 42 43 45 46 48 4b 4f 51 5a,20=1,
07000007,446,0x5000020,100,100,1,0,10,0,5,0x5b0003,0x5b0003,1d 1f 20=1 24 26 27 29 31 32 33 34 37 3b 3c 46 47 49 4c 4f 50 51 52 53 54 5a,20=1,
07000007,448,0x5000013,100,100,1,0,1,0,5,0x5b0003,0x5b0003,2 7 8 a c f 11 14 17 19 1d 1f 20=1 21 24 25 26 27 28 29 2b 2c 2d 2f 30=1 31 32 33 34 37 38 39 3a 3b 3c 42 43 45 46 48 4b 4f 51 5a,20=1,
07000007,449,0x5000014,100,100,1,0,1,0,5,0x5b0003,0x5b0003,2 7 8 a c f 11 14 17 19 1d 1f 20=1 21 24 25 26 27 28 29 2b 2c 2d 2f 30=1 31 32 33 34 37 38 39 3a 3b 3c 42 43 45 46 48 4b 4f 51 5a,20=1,
07000007,454,0x5000014,100,100,10,0,1,0,0,0x5b0003,0x5b0003,2 7 a c f 11 14 17 19 1d 1f 20=1 21 24 25 26 27 28 29 2b 2c 2d 2f 30=1 31 32 33 34 37 38 3a 3b 3c 42 43 45 46 48 4c 4f 51 5a,2 7 a c f 11 14 17 19 1d 1f 20=1 21 24 25 26 27 28 29 2b 2c 2d 2f 30=1 31 32 33 34 37 38 3a 3b 3c 42 43 45 46 48 4c 4f 51 5a,
07000007,456,0x5000013,100,100,10,0,1,0,0,0x5b0003,0x5b0003,2 7 a c f 11 14 17 19 1d 1f 20=1 21 24 25 26 27 28 29 2b 2c 2d 2f 30=1 31 32 33 34 37 38 3a 3b 3c 42 43 45 46 48 4c 4f 51 5a,2 7 a c f 11 14 17 19 1d 1f 20=1 21 24 25 26 27 28 29 2b 2c 2d 2f 30=1 31 32 33 34 37 38 3a 3b 3c 42 43 45 46 48 4c 4f 51 5a,
07000007,457,0x5000014,100,100,10,0,1,0,0,0x5b0003,0x5b0003,2 7 a c f 11 14 17 19 1d 1f 20=1 21 24 25 26 27 28 29 2b 2c 2d 2f 30=1 31 32 33 34 37 38 3a 3b 3c 42 43 45 46 48 4c 4f 51 5a,2 7 a c f 11 14 17 19 1d 1f 20=1 21 24 25 26 27 28 29 2b 2c 2d 2f 30=1 31 32 33 34 37 38 3a 3b 3c 42 43 45 46 48 4c 4f 51 5a,
07000007,458,0x5000013,100,100,10,0,1,0,0,0x5b0003,0x5b0003,2 7 a c f 11 14 17 19 1d 1f 20=1 21 24 25 26 27 28 29 2b 2c 2d 2f 30=1 31 32 33 34 37 38 3a 3b 3c 42 43 45 46 48 4c 4f 51 5a,2 7 a c f 11 14 17 19 1d 1f 20=1 21 24 25 26 27 28 29 2b 2c 2d 2f 30=1 31 32 33 34 37 38 3a 3b 3c 42 43 45 46 48 4c 4f 51 5a,
07000007,459,0x5000013,100,100,10,0,1,0,0,0x5b0003,0x5b0003,2 7 8 a c f 11 14 17 19 1a 1d 1f 20=1 21 24 25 26 27 28 29 2b 2c 2d 2f 30=1 31 32 33 34 37 38 39 3a 3b 3c 42 43 45 46 48 4c 4f 51 5a,2 7 a c f 11 14 17 19 1d 1f 20=1 21 24 25 26 27 28 29 2b 2c 2d 2f 30=1 31 32 33 34 37 38 3a 3b 3c 42 43 45 46 48 4c 4f 51 5a,
07000007,468,0x5000013,100,100,10,0,1,0,0,0x5b0003,0x5b0003,2 7 a c f 11 14 17 19 1d 1f 20=1 21 24 25 26 27 28 29 2b 2c 2d 2f 30=1 31 32 33 34 37 38 3a 3b 3c 42 43 45 46 48 4c 4f 51 5a,2 7 a c f 11 14 17 19 1d 1f 20=1 21 24 25 26 27 28 29 2b 2c 2d 2f 30=1 31 32 33 34 37 38 3a 3b 3c 42 43 45 46 48 4c 4f 51 5a,
07000007,469,0x5000014,100,100,10,0,1,0,0,0x5b0003,0x5b0003,2 7 a c f 11 14 17 19 1d 1f 20=1 21 24 25 26 27 28 29 2b 2c 2d 2f 30=1 31 32 33 34 37 38 3a 3b 3c 42 43 45 46 48 4c 4f 51 5a,2 7 a c f 11 14 17 19 1d 1f 20=1 21 24 25 26 27 28 29 2b 2c 2d 2f 30=1 31 32 33 34 37 38 3a 3b 3c 42 43 45 46 48 4c 4f 51 5a,
07000007,470,0x5000014,100,100,10,0,1,0,0,0x5b0003,0x5b0003,2 7 a c f 11 14 17 19 1d 1f 20=1 21 24 25 26 27 28 29 2b 2c 2d 2f 30=1 31 32 33 34 37 38 3a 3b 3c 42 43 45 46 48 4c 4f 51 5a,2 7 a c f 11 14 17 19 1d 1f 20=1 21 24 25 26 27 28 29 2b 2c 2d 2f 30=1 31 32 33 34 37 38 3a 3b 3c 42 43 45 46 48 4c 4f 51 5a,
07000007,477,0x5000020,100,100,1,0,10,0,5,0x5b0003,0x5b0003,1d 1f 20=1 24 26 27 29 31 32 33 34 37 3b 3c 46 47 49 4c 4f 50 51 52 53 54 5a,20=1,
07000007,478,0x5000022,100,100,1,0,10,0,5,0x5b0003,0x5b0003,1d 1f 20=1 24 26 27 29 31 32 33 34 37 3b 3c 46 47 49 4c 4f 50 51 52 53 54 5a,20=1,
07000007,479,0x5000023,100,100,1,0,10,0,5,0x5b0003,0x5b0003,1d 1f 20=1 24 26 27 29 31 32 33 34 37 3b 3c 46 47 49 4c 4f 50 51 52 53 54 5a,20=1,
07000007,480,0x5000024,100,100,1,0,10,0,5,0x5b0003,0x5b0003,1d 1f 20=1 24 26 27 29 31 32 33 34 37 3b 3c 46 47 49 4c 4f 50 51 52 53 54 5a,20=1,
07000007,481,0x5000019,100,100,1,0,10,0,5,0x5b0003,0x5b0003,1d 1f 20=1 24 26 27 29 31 32 33 34 37 3b 3c 46 47 49 4c 4f 50 51 52 53 54 5a,20=1,
07000007,482,0x5000022,100,100,1,0,10,0,5,0x5b0003,0x5b0003,1d 1f 20=1 24 26 27 29 31 32 33 34 37 3b 3c 46 47 49 4c 4f 50 51 52 53 54 5a,20=1,
07000007,483,0x5000023,100,100,1,0,10,0,5,0x5b0003,0x5b0003,1d 1f 20=1 24 26 27 29 31 32 33 34 37 3b 3c 46 47 49 4c 4f 50 51 52 53 54 5a,20=1,
07000007,484,0x5000022,100,100,1,0,10,0,5,0x5b0003,0x5b0003,1d 1f 20=1 24 26 27 29 31 32 33 34 37 3b 3c 46 47 49 4c 4f 50 51 52 53 54 5a,20=1,
07000007,487,0x5000022,100,100,1,0,10,0,5,0x5b0003,0x5b0003,1d 1f 20=1 24 26 27 29 31 32 33 34 37 3b 3c 46 47 49 4c 4f 50 51 52 53 54 5a,20=1,
07000007,488,0x5000018,100,100,1,0,11,0,5,0x5b0003,0x5b0003,1d 1f 20=1 24 26 27 29 31 32 33 34 37 3b 3c 46 47 49 4c 4f 50 51 52 53 54 5a,20=1,
07000007,489,0x5000020,100,100,1,0,10,0,5,0x5b0003,0x5b0003,1d 1f 20=1 24 26 27 29 31 32 33 34 37 3b 3c 46 47 49 4c 4f 50 51 52 53 54 5a,20=1,
07000007,490,0x5000020,100,100,1,0,10,0,5,0x5b0003,0x5b0003,1d 1f 20=1 24 26 27 29 31 32 33 34 37 3b 3c 46 47 49 4c 4f 50 51 52 53 54 5a,20=1,
07000007,491,0x5000023,100,100,1,0,10,0,5,0x5b0003,0x5b0003,1d 1f 20=1 24 26 27 29 31 32 33 34 37 3b 3c 46 47 49 4c 4f 50 51 52 53 54 5a,20=1,
07000007,494,0x5000019,100,100,1,0,10,0,5,0x5b0003,0x5b0003,1d 1f 20=1 24 26 27 29 31 32 33 34 37 3b 3c 46 47 49 4c 4f 50 51 52 53 54 5a,20=1,
07000007,501,0x5000026,100,100,1,2,11,0,5,0x5b0003,0x5b0003,1d 1f 20=1 24 26 27 29 31 32 33 34 37 3b 3c 46 47 49 4c 4f 50 51 52 53 54 5a,20=1,
07000007,506,0x5000019,100,100,1,0,10,0,5,0x5b0003,0x5b0003,1d 1f 20=1 24 26 27 29 31 32 33 34 37 3b 3c 46 47 49 4c 4f 50 51 52 53 54 5a,20=1,
07000007,508,0x5000019,100,100,1,0,10,0,5,0x5b0003,0x5b0003,1d 1f 20=1 24 26 27 29 31 32 33 34 37 3b 3c 46 47 49 4c 4f 50 51 52 53 54 5a,20=1,
07000008,244,0x5000014,100,100,10,2,1,0,0,0x5b0003,0x5b0003,2 7 a c f 11 14 17 19 1d 1f 20=1 21 24 25 26 27 28 29 2b 2c 2d 2f 30=1 31 32 33 34 37 38 3a 3b 3c 42 43 45 46 48 4c 4f 51 5a,2 7 a c f 11 14 17 19 1d 1f 20=1 21 24 25 26 27 28 29 2b 2c 2d 2f 30=1 31 32 33 34 37 38 3a 3b 3c 42 43 45 46 48 4c 4f 51 5a,"[[10, 0, 10, 60, 2, 60, 60, 0], [9, 1, 10, 80, 3, 80, 80, 1], [8, 2, 10, 100, 3, 100, 100, 0]]"
07000008,245,0x5000014,100,100,10,2,1,0,0,0x5b0003,0x5b0003,2 7 a c f 11 14 17 19 1d 1f 20=1 21 24 25 26 27 28 29 2b 2c 2d 2f 30=1 31 32 33 34 37 38 3a 3b 3c 42 43 45 46 48 4c 4f 51 5a,2 7 a c f 11 14 17 19 1d 1f 20=1 21 24 25 26 27 28 29 2b 2c 2d 2f 30=1 31 32 33 34 37 38 3a 3b 3c 42 43 45 46 48 4c 4f 51 5a,
07000008,246,0x5000014,100,100,10,2,1,0,0,0x5b0003,0x5b0003,2 7 a c f 11 14 17 19 1d 1f 20=1 21 24 25 26 27 28 29 2b 2c 2d 2f 30=1 31 32 33 34 37 38 3a 3b 3c 42 43 45 46 48 4c 4f 51 5a,2 7 a c f 11 14 17 19 1d 1f 20=1 21 24 25 26 27 28 29 2b 2c 2d 2f 30=1 31 32 33 34 37 38 3a 3b 3c 42 43 45 46 48 4c 4f 51 5a,
07000008,247,0x5000014,100,100,10,2,1,0,0,0x5b0003,0x5b0003,2 7 a c f 11 14 17 19 1d 1f 20=1 21 24 25 26 27 28 29 2b 2c 2d 2f 30=1 31 32 33 34 37 38 3a 3b 3c 42 43 45 46 48 4c 4f 51 5a,2 7 a c f 11 14 17 19 1d 1f 20=1 21 24 25 26 27 28 29 2b 2c 2d 2f 30=1 31 32 33 34 37 38 3a 3b 3c 42 43 45 46 48 4c 4f 51 5a,
07000008,248,0x5000014,100,100,10,0,1,0,0,0x5b0003,0x5b0003,2 7 a c f 11 14 17 19 1d 1f 20=1 21 24 25 26 27 28 29 2b 2c 2d 2f 30=1 31 32 33 34 37 38 3a 3b 3c 42 43 45 46 48 4c 4f 51 5a,2 7 a c f 11 14 17 19 1d 1f 20=1 21 24 25 26 27 28 29 2b 2c 2d 2f 30=1 31 32 33 34 37 38 3a 3b 3c 42 43 45 46 48 4c 4f 51 5a,
07000008,249,0x5000013,100,100,21,0,1,0,0,0x5b0003,0x5b0003,2 7 a c f 11 14 17 19 1d 1f 20=1 21 24 25 26 27 28 29 2b 2c 2d 2f 30=1 31 32 33 34 37 38 3a 3b 3c 42 43 45 46 48 4c 4f 51 5a,2 7 a c f 11 14 17 19 1d 1f 20=1 21 24 25 26 27 28 29 2b 2c 2d 2f 30=1 31 32 33 34 37 38 3a 3b 3c 42 43 45 46 48 4c 4f 51 5a,
07000008,250,0x5000012,100,100,21,0,1,0,0,0x5b0003,0x5b0003,2 7 a c f 11 14 17 19 1d 1f 20=1 21 24 25 26 27 28 29 2b 2c 2d 2f 30=1 31 32 33 34 37 38 3a 3b 3c 42 43 45 46 48 4c 4f 51 5a,2 7 a c f 11 14 17 19 1d 1f 20=1 21 24 25 26 27 28 29 2b 2c 2d 2f 30=1 31 32 33 34 37 38 3a 3b 3c 42 43 45 46 48 4c 4f 51 5a,
07000008,251,0x5000013,100,100,10,0,1,0,0,0x5b0003,0x5b0003,2 7 a c f 11 14 17 19 1d 1f 20=1 21 24 25 26 27 28 29 2b 2c 2d 2f 30=1 31 32 33 34 37 38 3a 3b 3c 42 43 45 46 48 4c 4f 51 5a,2 7 a c f 11 14 17 19 1d 1f 20=1 21 24 25 26 27 28 29 2b 2c 2d 2f 30=1 31 32 33 34 37 38 3a 3b 3c 42 43 45 46 48 4c 4f 51 5a,
07000008,252,0x5000012,100,100,10,0,1,0,0,0x5b0003,0x5b0003,2 7 a c f 11 14 17 19 1d 1f 20=2 21 24 25 26 27 28 29 2b 2c 2d 2f 30=1 31 32 33 34 37 38 3a 3b 3c 42 43 45 46 48 4c 4f 51 5a,2 7 a c f 11 14 17 19 1d 1f 20=1 21 24 25 26 27 28 29 2b 2c 2d 2f 30=1 31 32 33 34 37 38 3a 3b 3c 42 43 45 46 48 4c 4f 51 5a,
07000008,253,0x5000014,100,100,10,0,1,0,0,0x5b0003,0x5b0003,2 7 a c f 11 14 17 19 1d 1f 20=1 21 24 25 26 27 28 29 2b 2c 2d 2f 30=1 31 32 33 34 37 38 3a 3b 3c 42 43 45 46 48 4c 4f 51 5a,2 7 a c f 11 14 17 19 1d 1f 20=1 21 24 25 26 27 28 29 2b 2c 2d 2f 30=1 31 32 33 34 37 38 3a 3b 3c 42 43 45 46 48 4c 4f 51 5a,
07000008,254,0x5000013,100,100,10,0,1,0,0,0x5b0003,0x5b0003,2 7 a c f 11 14 17 19 1d 1f 20=1 21 24 25 26 27 28 29 2b 2c 2d 2f 30=1 31 32 33 34 37 38 3a 3b 3c 42 43 45 46 48 4c 4f 51 5a,2 7 a c f 11 14 17 19 1d 1f 20=1 21 24 25 26 27 28 29 2b 2c 2d 2f 30=1 31 32 33 34 37 38 3a 3b 3c 42 43 45 46 48 4c 4f 51 5a,
07000008,255,0x5000013,100,100,10,0,1,0,0,0x5b0003,0x5b0003,2 7 a c f 11 14 17 19 1d 1f 20=1 21 24 25 26 27 28 29 2b 2c 2d 2f 30=1 31 32 33 34 37 38 3a 3b 3c 42 43 45 46 48 4c 4f 51 5a,2 7 a c f 11 14 17 19 1d 1f 20=1 21 24 25 26 27 28 29 2b 2c 2d 2f 30=1 31 32 33 34 37 38 3a 3b 3c 42 43 45 46 48 4c 4f 51 5a,
07000008,256,0x5000013,100,100,10,0,1,0,0,0x5b0003,0x5b0003,2 7 a c f 11 14 17 19 1d 1f 20=1 21 24 25 26 27 28 29 2b 2c 2d 2f 30=1 31 32 33 34 37 38 3a 3b 3c 42 43 45 46 48 4c 4f 51 5a,2 7 a c f 11 14 17 19 1d 1f 20=1 21 24 25 26 27 28 29 2b 2c 2d 2f 30=1 31 32 33 34 37 38 3a 3b 3c 42 43 45 46 48 4c 4f 51 5a,
07000008,257,0x5000013,100,100,10,0,1,0,0,0x5b0003,0x5b0003,2 7 a c f 11 14 17 19 1d 1f 20=1 21 24 25 26 27 28 29 2b 2c 2d 2f 30=1 31 32 33 34 37 38 3a 3b 3c 42 43 45 46 48 4c 4f 51 5a,2 7 a c f 11 14 17 19 1d 1f 20=1 21 24 25 26 27 28 29 2b 2c 2d 2f 30=1 31 32 33 34 37 38 3a 3b 3c 42 43 45 46 48 4c 4f 51 5a,
07000008,258,0x5000013,100,100,10,2,1,0,0,0x5b0003,0x5b0003,2 7 a c f 11 14 17 19 1d 1f 20=1 21 24 25 26 27 28 29 2b 2c 2d 2f 30=1 31 32 33 34 37 38 3a 3b 3c 42 43 45 46 48 4c 4f 51 5a,2 7 a c f 11 14 17 19 1d 1f 20=1 21 24 25 26 27 28 29 2b 2c 2d 2f 30=1 31 32 33 34 37 38 3a 3b 3c 42 43 45 46 48 4c 4f 51 5a,
07000008,259,0x500002e,100,100,10,2,1,0,0,0x5b0003,0x5b0003,2 7 a c f 11 14 17 19 1d 1f 20=1 21 24 25 26 27 28 29 2b 2c 2d 2f 30=1 31 32 33 34 37 38 3a 3b 3c 42 43 45 46 48 4c 4f 51 5a,2 7 a c f 11 14 17 19 1d 1f 20=1 21 24 25 26 27 28 29 2b 2c 2d 2f 30=1 31 32 33 34 37 38 3a 3b 3c 42 43 45 46 48 4c 4f 51 5a,
07000008,260,0x5000030,100,100,10,2,1,0,0,0x5b0003,0x5b0003,2 7 a c f 11 14 17 19 1d 1f 20=1 21 24 25 26 27 28 29 2b 2c 2d 2f 30=1 31 32 33 34 37 38 3a 3b 3c 42 43 45 46 48 4c 4f 51 5a,2 7 a c f 11 14 17 19 1d 1f 20=1 21 24 25 26 27 28 29 2b 2c 2d 2f 30=1 31 32 33 34 37 38 3a 3b 3c 42 43 45 46 48 4c 4f 51 5a,
07000008,261,0x500002f,100,100,21,2,1,0,0,0x5b0003,0x5b0003,2 5 7 8 9 a c f 11 14 17 19 1d 1f 20=1 21 24 25 26 27 28 29 2b 2c 2d 2f 30=1 31 32 33 34 37 38 39 3a 3b 3c 42 43 45 46 48 4c 4f 51 5a,2 7 a c f 11 14 17 19 1d 1f 20=1 21 24 25 26 27 28 29 2b 2c 2d 2f 30=1 31 32 33 34 37 38 3a 3b 3c 42 43 45 46 48 4c 4f 51 5a,
07000008,262,0x500002f,100,100,21,2,1,0,0,0x5b0003,0x5b0003,2 5 7 8 9 a c f 11 14 17 19 1d 1f 20=1 21 24 25 26 27 28 29 2b 2c 2d 2f 30=1 31 32 33 34 37 38 39 3a 3b 3c 42 43 45 46 48 4c 4f 51 5a,2 7 a c f 11 14 17 19 1d 1f 20=1 21 24 25 26 27 28 29 2b 2c 2d 2f 30=1 31 32 33 34 37 38 3a 3b 3c 42 43 45 46 48 4c 4f 51 5a,
07000008,263,0x500002f,100,100,21,0,1,0,0,0x5b0003,0x5b0003,2 7 a c f 11 14 17 19 1d 1f 20=3 21 24 25 26 27 28 29 2b 2c 2d 2f 30=1 31 32 33 34 37 38 3a 3b 3c 42 43 45 46 48 4c 4f 51 5a,2 7 a c f 11 14 17 19 1d 1f 20=3 21 24 25 26 27 28 29 2b 2c 2d 2f 30=1 31 32 33 34 37 38 3a 3b 3c 42 43 45 46 48 4c 4f 51 5a,
07000008,264,0x500002f,100,100,21,0,1,0,0,0x5b0003,0x5b0003,2 5 7 8 9 a c f 11 14 17 19 1d 1f 20=3 21 24 25 26 27 28 29 2b 2c 2d 2f 30=1 31 32 33 34 37 38 3a 3b 3c 42 43 45 46 48 4c 4f 51 5a,2 7 a c f 11 14 17 19 1d 1f 20=1 21 24 25 26 27 28 29 2b 2c 2d 2f 30=1 31 32 33 34 37 38 3a 3b 3c 42 43 45 46 48 4c 4f 51 5a,
07000008,265,0x500003b,100,100,6,0,12,0,0,0x5b0003,0x5b0003,0 2 6 7 8 a b c d e f 11 12 13 14 17 18 19 1b 1c 1d 1f 20=3 24 25 2a 2b 2c 2e 30=1 34 35 37 3a 3b 3c 3d 3e 3f 40 41 42 45 48 4c 50 54 5a,0 2 6 7 8 a b c d e f 11 12 13 14 17 18 19 1b 1c 1d 1f 20=3 24 25 2a 2b 2c 2e 30=1 34 35 37 3a 3b 3c 3d 3e 3f 40 41 42 45 48 4c 50 54 5a,"[[10, 0, 10, 60, 2, 60, 60, 0], [9, 1, 10, 80, 3, 80, 80, 1], [8, 2, 10, 100, 3, 100, 100, 0]]"
07000008,270,0x500002f,100,100,21,0,1,0,0,0x5b0003,0x5b0003,2 7 a c f 11 14 17 19 1d 1f 20=3 21 24 25 26 27 28 29 2b 2c 2d 2f 30=1 31 32 33 34 37 38 3a 3b 3c 42 43 45 46 48 4c 4f 51 5a,2 7 a c f 11 14 17 19 1d 1f 20=1 21 24 25 26 27 28 29 2b 2c 2d 2f 30=1 31 32 33 34 37 38 3a 3b 3c 42 43 45 46 48 4c 4f 51 5a,
07000008,272,0x5000012,100,100,21,0,1,0,0,0x5b0003,0x5b0003,2 7 a c f 11 14 17 19 1d 1f 20=3 21 24 25 26 27 28 29 2b 2c 2d 2f 30=1 31 32 33 34 37 38 3a 3b 3c 42 43 45 46 48 4c 4f 51 5a,2 7 a c f 11 14 17 19 1d 1f 20=1 21 24 25 26 27 28 29 2b 2c 2d 2f 30=1 31 32 33 34 37 38 3a 3b 3c 42 43 45 46 48 4c 4f 51 5a,
07000008,273,0x5000012,100,100,21,0,1,0,0,0x5b0003,0x5b0003,2 7 a c f 11 14 17 19 1d 1f 20=3 21 24 25 26 27 28 29 2b 2c 2d 2f 30=1 31 32 33 34 37 38 3a 3b 3c 42 43 45 46 48 4c 4f 51 5a,2 7 a c f 11 14 17 19 1d 1f 20=1 21 24 25 26 27 28 29 2b 2c 2d 2f 30=1 31 32 33 34 37 38 3a 3b 3c 42 43 45 46 48 4c 4f 51 5a,
07000008,274,0x500002f,100,100,21,0,1,0,0,0x5b0003,0x5b0003,2 5 7 8 9 a c f 11 14 17 19 1d 1f 20=3 21 24 25 26 27 28 29 2b 2c 2d 2f 30=1 31 32 33 34 37 38 3a 3b 3c 42 43 45 46 48 4c 4f 51 5a,2 7 a c f 11 14 17 19 1d 1f 20=1 21 24 25 26 27 28 29 2b 2c 2d 2f 30=1 31 32 33 34 37 38 3a 3b 3c 42 43 45 46 48 4c 4f 51 5a,
07000009,62,0x5000027,100,100,1,1,13,0,3,0x5b0003,0x5b0003,1d 1f 20=1 24 26 27 28 29 31 32 33 34 37 38 3b 3c 46 49 4c 4f 50 51 53 54 5a,1d 20=3 23 31 32 34 37 38 3b 3c 53 54 56,"[[60, 0, 1, 60, 2, 60, 60, 0], [80, 1, 1, 80, 3, 80, 80, 1], [100, 2, 1, 100, 3, 100, 100, 0]]"
07000009,64,0x5000028,100,100,1,1,13,0,3,0x5b0003,0x5b0003,1d 1f 20=1 24 26 27 28 29 31 32 33 34 37 38 3b 3c 46 49 4c 4f 50 51 53 54 5a,1d 20=3 23 31 32 34 37 38 3b 3c 53 54 56,
07000009,65,0x5000027,100,100,1,1,13,0,3,0x5b0003,0x5b0003,1d 1f 20=1 24 26 27 28 29 31 32 33 34 37 38 3b 3c 46 49 4c 4f 50 51 53 54 5a,1d 20=3 23 31 32 34 37 38 3b 3c 53 54 56,
07000009,66,0x5000028,100,100,1,1,13,0,3,0x5b0003,0x5b0003,1d 1f 20=1 24 26 27 28 29 31 32 33 34 37 38 3b 3c 46 49 4c 4f 50 51 53 54 5a,1d 20=3 23 31 32 34 37 38 3b 3c 53 54 56,
07000009,250,0x5000028,100,100,1,1,13,0,3,0x5b0003,0x5b0003,1d 1f 20=1 24 26 27 28 29 31 32 33 34 37 38 3b 3c 46 49 4c 4f 50 51 53 54 5a,1d 20=3 23 31 32 34 37 38 3b 3c 53 54 56,
07000009,261,0x5000027,100,100,1,1,13,0,3,0x5b0003,0x5b0003,1d 1f 20=1 24 26 27 28 29 31 32 33 34 37 38 3b 3c 46 49 4c 4f 50 51 53 54 5a,1d 20=3 23 31 32 34 37 38 3b 3c 53 54 56,
0700000a,54,0x5000029,100,100,1,1,13,0,3,0x5b0003,0x5b0003,1d 1f 20=1 24 26 27 28 29 31 32 33 34 37 38 3b 3c 46 49 4c 4f 50 51 53 54 5a,1d 20=3 23 31 32 34 37 38 3b 3c 53 54 56,"[[60, 0, 1, 60, 2, 60, 60, 0], [80, 1, 1, 80, 3, 80, 80, 1], [100, 2, 1, 100, 3, 100, 100, 0]]"
0700000a,55,0x5000029,100,100,1,1,13,0,3,0x5b0003,0x5b0003,1d 1f 20=1 24 26 27 28 29 31 32 33 34 37 38 3b 3c 46 49 4c 4f 50 51 53 54 5a,1d 20=3 23 31 32 34 37 38 3b 3c 53 54 56,
0700000a,56,0x500002a,100,100,1,1,13,0,3,0x5b0003,0x5b0003,1d 1f 20=1 24 26 27 28 29 31 32 33 34 37 38 3b 3c 46 49 4c 4f 50 51 53 54 5a,1d 20=3 23 31 32 34 37 38 3b 3c 53 54 56,
0700000a,57,0x500002a,100,100,1,1,13,0,3,0x5b0003,0x5b0003,1d 1f 20=1 24 26 27 28 29 31 32 33 34 37 38 3b 3c 46 49 4c 4f 50 51 53 54 5a,1d 20=3 23 31 32 34 37 38 3b 3c 53 54 56,
0700000a,690,0x500002a,100,100,1,1,13,0,3,0x5b0003,0x5b0003,1d 1f 20=1 24 26 27 28 29 31 32 33 34 37 38 3b 3c 46 49 4c 4f 50 51 53 54 5a,1d 20=3 23 31 32 34 37 38 3b 3c 53 54 56,
0700000a,693,0x5000029,100,100,1,1,13,0,3,0x5b0003,0x5b0003,1d 1f 20=1 24 26 27 29 31 32 33 34 37 38 3b 3c 46 49 4c 4f 50 51 53 54 5a,1d 20=3 23 31 32 34 37 38 3b 3c 53 54 56,
0700000a,694,0x500002a,100,100,1,1,13,0,3,0x5b0003,0x5b0003,1d 1f 20=1 24 26 27 28 29 31 32 33 34 37 38 3b 3c 46 49 4c 4f 50 51 53 54 5a,1d 20=3 23 31 32 34 37 38 3b 3c 53 54 56,
0700000a,695,0x500002a,100,100,1,1,13,0,3,0x5b0003,0x5b0003,1d 1f 20=1 24 26 27 28 29 31 32 33 34 37 38 3b 3c 46 49 4c 4f 50 51 53 54 5a,1d 20=3 23 31 32 34 37 38 3b 3c 53 54 56,
0700000a,696,0x500002a,100,100,1,1,13,0,3,0x5b0003,0x5b0003,1d 1f 20=1 24 26 27 28 29 31 32 33 34 37 38 3b 3c 46 49 4c 4f 50 51 53 54 5a,1d 20=3 23 31 32 34 37 38 3b 3c 53 54 56,
0700000a,699,0x5000029,100,100,1,1,13,0,3,0x5b0003,0x5b0003,1d 1f 20=1 24 26 27 28 29 31 32 33 34 37 38 3b 3c 46 49 4c 4f 50 51 53 54 5a,1d 20=3 23 31 32 34 37 38 3b 3c 53 54 56,
0700000a,700,0x5000029,100,100,1,1,13,0,3,0x5b0003,0x5b0003,1d 1f 20=1 24 26 27 28 29 31 32 33 34 37 38 3b 3c 46 49 4c 4f 50 51 53 54 5a,1d 20=3 23 31 32 34 37 38 3b 3c 53 54 56,
0700000a,701,0x5000029,100,100,1,1,13,0,3,0x5b0003,0x5b0003,1d 1f 20=1 24 26 27 28 29 31 32 33 34 37 38 3b 3c 46 49 4c 4f 50 51 53 54 5a,1d 20=3 23 31 32 34 37 38 3b 3c 53 54 56,
0700000a,702,0x5000029,100,100,1,1,13,0,3,0x5b0003,0x5b0003,1d 1f 20=1 24 26 27 28 29 31 32 33 34 37 38 3b 3c 46 49 4c 4f 50 51 53 54 5a,1d 20=3 23 31 32 34 37 38 3b 3c 53 54 56,
0700000a,703,0x5000029,100,100,1,1,13,0,3,0x5b0003,0x5b0003,1d 1f 20=1 24 26 27 28 29 31 32 33 34 37 38 3b 3c 46 49 4c 4f 50 51 53 54 5a,1d 20=3 23 31 32 34 37 38 3b 3c 53 54 56,
0700000a,704,0x5000029,100,100,1,1,13,0,3,0x5b0003,0x5b0003,1d 1f 20=1 24 26 27 28 29 31 32 33 34 37 38 3b 3c 46 49 4c 4f 50 51 53 54 5a,1d 20=3 23 31 32 34 37 38 3b 3c 53 54 56,
0700000a,706,0x500002a,100,100,1,1,13,0,3,0x5b0003,0x5b0003,1d 1f 20=1 24 26 27 28 29 31 32 33 34 37 38 3b 3c 46 49 4c 4f 50 51 53 54 5a,1d 20=3 23 31 32 34 37 38 3b 3c 53 54 56,
0700000a,707,0x500002a,100,100,1,1,13,0,3,0x5b0003,0x5b0003,1d 1f 20=1 24 26 27 28 29 31 32 33 34 37 38 3b 3c 46 49 4c 4f 50 51 53 54 5a,1d 20=3 23 31 32 34 37 38 3b 3c 53 54 56,
0700000a,708,0x5000029,100,100,1,1,13,0,3,0x5b0003,0x5b0003,1d 1f 20=1 24 26 27 28 29 31 32 33 34 37 38 3b 3c 46 49 4c 4f 50 51 53 54 5a,1d 20=3 23 31 32 34 37 38 3b 3c 53 54 56,
0700000a,710,0x500002a,100,100,1,1,13,0,3,0x5b0003,0x5b0003,1d 1f 20=1 24 26 27 28 29 31 32 33 34 37 38 3b 3c 46 49 4c 4f 50 51 53 54 5a,1d 20=3 23 31 32 34 37 38 3b 3c 53 54 56,
0700000a,711,0x500002a,100,100,1,1,13,0,3,0x5b0003,0x5b0003,1d 1f 20=1 24 26 27 28 29 31 32 33 34 37 38 3b 3c 46 49 4c 4f 50 51 53 54 5a,1d 20=3 23 31 32 34 37 38 3b 3c 53 54 56,
0700000b,157,0x5000008,100,100,25,0,3,0,5,0x5b0003,0x5b0003,0 6 7 d e f 11 14 16 17 1b 1d 1f 20=3 21 24 25 26 27 28 29 2a 2b 2e 2f 30=1 31 32 33 35 37 38 3a 3b 3c 3d 3e 3f 41 42 45 46 48 4c 4f 51 5a,20=3,"[[8, 1, 12, 75, 2, 75, 90, 0], [7, 2, 12, 100, 3, 100, 120, 1], [6, 3, 12, 125, 3, 125, 150, 0]]"
0700000b,158,0x5000004,100,100,25,0,3,0,5,0x5b0003,0x5b0003,0 6 7 d e f 11 14 16 17 1b 1d 1f 20=3 21 24 25 26 27 28 29 2a 2b 2e 2f 30=1 31 32 33 35 37 38 3a 3b 3c 3d 3e 3f 41 42 45 46 48 4c 4f 51 5a,20=3,
0700000b,159,0x5000004,100,100,25,0,3,0,5,0x5b0003,0x5b0003,0 5 6 7 8 9 d e f 11 14 16 17 1b 1d 1f 20=3 21 24 25 26 27 28 29 2a 2b 2e 2f 30=1 31 32 33 35 37 38 3a 3b 3c 3d 3e 3f 41 42 45 46 48 4c 4f 51 5a,20=3,
0700000b,160,0x5000008,100,100,25,0,3,0,5,0x5b0003,0x5b0003,0 6 7 d e f 11 14 16 17 1b 1d 1f 20=3 21 24 25 26 27 28 29 2a 2b 2e 2f 30=1 31 32 33 35 37 38 3a 3b 3c 3d 3e 3f 41 42 45 46 48 4c 4f 51 5a,20=3,
0700000b,167,0x5000008,100,100,25,0,3,0,0,0x5b0003,0x5b0003,0 5 6 7 8 9 d e f 11 14 16 17 1b 1d 1f 20=3 21 24 25 26 27 28 29 2a 2b 2e 2f 30=1 31 32 33 35 37 38 3a 3b 3c 3d 3e 3f 41 42 45 46 48 4c 4f 51 5a,0 6 7 d e f 11 14 16 17 1b 1d 1f 20=3 21 24 25 26 27 28 29 2a 2b 2e 2f 30=1 31 32 33 35 37 38 3a 3b 3c 3d 3e 3f 41 42 45 46 48 4c 4f 51 5a,
0700000b,168,0x5000004,100,100,25,0,3,0,0,0x5b0003,0x5b0003,0 6 7 d e f 11 14 16 17 1b 1d 1f 20=3 21 24 25 26 27 28 29 2a 2b 2e 2f 30=1 31 32 33 35 37 38 3a 3b 3c 3d 3e 3f 41 42 45 46 48 4c 4f 51 5a,0 6 7 d e f 11 14 16 17 1b 1d 1f 20=3 21 24 25 26 27 28 29 2a 2b 2e 2f 30=1 31 32 33 35 37 38 3a 3b 3c 3d 3e 3f 41 42 45 46 48 4c 4f 51 5a,
0700000b,169,0x5000008,100,100,25,0,3,0,0,0x5b0003,0x5b0003,0 6 7 d e f 11 14 16 17 1b 1d 1f 20=3 21 24 25 26 27 28 29 2a 2b 2e 2f 30=1 31 32 33 35 37 38 3a 3b 3c 3d 3e 3f 41 42 45 46 48 4c 4f 51 5a,0 6 7 d e f 11 14 16 17 1b 1d 1f 20=3 21 24 25 26 27 28 29 2a 2b 2e 2f 30=1 31 32 33 35 37 38 3a 3b 3c 3d 3e 3f 41 42 45 46 48 4c 4f 51 5a,
0700000b,170,0x5000008,100,100,25,0,3,0,0,0x5b0003,0x5b0003,0 6 7 d e f 11 14 16 17 1b 1d 1f 20=3 21 24 25 26 27 28 29 2a 2b 2e 2f 30=1 31 32 33 35 37 38 3a 3b 3c 3d 3e 3f 41 42 45 46 48 4c 4f 51 5a,0 6 7 d e f 11 14 16 17 1b 1d 1f 20=3 21 24 25 26 27 28 29 2a 2b 2e 2f 30=1 31 32 33 35 37 38 3a 3b 3c 3d 3e 3f 41 42 45 46 48 4c 4f 51 5a,
0700000b,254,0x5000004,100,100,25,0,3,0,0,0x5b0003,0x5b0003,0 6 7 d e f 11 14 16 17 1b 1d 1f 20=3 21 24 25 26 27 28 29 2a 2b 2e 2f 30=1 31 32 33 35 37 38 3a 3b 3c 3d 3e 3f 41 42 45 46 48 4c 4f 51 5a,0 6 7 d e f 11 14 16 17 1b 1d 1f 20=3 21 24 25 26 27 28 29 2a 2b 2e 2f 30=1 31 32 33 35 37 38 3a 3b 3c 3d 3e 3f 41 42 45 46 48 4c 4f 51 5a,
0700000b,255,0x5000004,100,100,25,0,3,0,0,0x5b0003,0x5b0003,0 5 6 7 8 d e f 11 14 16 17 1b 1d 1f 20=3 21 24 25 26 27 28 29 2a 2b 2e 2f 30=1 31 32 33 35 37 38 3a 3b 3c 3d 3e 3f 41 42 45 46 48 4c 4f 51 5a,0 6 7 d e f 11 14 16 17 1b 1d 1f 20=3 21 24 25 26 27 28 29 2a 2b 2e 2f 30=1 31 32 33 35 37 38 3a 3b 3c 3d 3e 3f 41 42 45 46 48 4c 4f 51 5a,
0700000c,2,0x5000087,100,100,30,3,5,0,0,0x5b0003,0x5b0003,6 7 d e f 11 14 17 18 1c 1d 1e 1f 20=3 21 24 25 26 27 28 29 2a 2e 30=1 31 32 33 34 35 37 38 3a 3b 3c 3d 3e 3f 41 42 43 45 46 48 4c 4f 51 5a,6 7 d e f 11 14 17 18 1c 1d 1e 1f 20=3 21 24 25 26 27 28 29 2a 2e 30=1 31 32 33 34 35 37 38 3a 3b 3c 3d 3e 3f 41 42 43 45 46 48 4c 4f 51 5a,"[[5, 0, 22, 75, 4, 75, 75, 0], [4, 1, 22, 100, 4, 100, 100, 1], [3, 2, 22, 125, 4, 125, 125, 0]]"
0700000c,3,0x5000093,100,100,30,3,5,0,0,0x5b0003,0x5b0003,6 7 d e f 11 14 17 18 1c 1d 1e 1f 20=1 21 24 25 26 27 28 29 2a 2e 30=1 31 32 33 34 35 37 38 3a 3b 3c 3d 3e 3f 41 42 43 45 46 48 4c 4f 51 5a,0 6 7 a b f 10 11 12 13 17 18 1c 1d 1e 1f 20=1 21 23 25 26 27 28 29 2a 2e 30=1 31 32 33 35 36 37 38 39 3a 3b 3c 3d 3e 42 43 44=1 46 48 4c 4f 51 5a,
0700000c,57,0x500006d,100,100,18,3,1,0,0,0x5b0003,0x5b0003,2 7 a c f 11 14 17 19 1d 1f 20=1 21 24 25 26 27 28 29 2b 2c 2d 2f 30=1 31 32 33 34 37 38 3a 3b 3c 42 43 45 46 48 4c 4f 51 5a,2 7 a c f 11 14 17 19 1d 1f 20=3 21 24 25 26 27 28 29 2b 2c 2d 2f 30=1 31 32 33 34 37 38 3a 3b 3c 42 43 45 46 48 4c 4f 51 5a,"[[10, 0, 10, 60, 2, 60, 60, 0], [9, 1, 10, 80, 3, 80, 80, 1], [8, 2, 10, 100, 3, 100, 100, 0]]"
0700000c,58,0x500006d,100,100,18,3,1,0,0,0x5b0003,0x5b0003,2 7 a c f 11 14 17 19 1d 1f 20=1 21 24 25 26 27 28 29 2b 2c 2d 2f 30=1 31 32 33 34 37 38 3a 3b 3c 42 43 45 46 48 4c 4f 51 5a,2 7 a c f 11 14 17 19 1d 1f 20=3 21 24 25 26 27 28 29 2b 2c 2d 2f 30=1 31 32 33 34 37 38 3a 3b 3c 42 43 45 46 48 4c 4f 51 5a,
0700000c,59,0x500006d,100,100,18,3,1,0,0,0x5b0003,0x5b0003,2 7 a c f 11 14 17 19 1d 1f 20=1 21 24 25 26 27 28 29 2b 2c 2d 2f 30=1 31 32 33 34 37 38 3a 3b 3c 42 43 45 46 48 4c 4f 51 5a,2 7 a c f 11 14 17 19 1d 1f 20=3 21 24 25 26 27 28 29 2b 2c 2d 2f 30=1 31 32 33 34 37 38 3a 3b 3c 42 43 45 46 48 4c 4f 51 5a,
0700000c,60,0x500006d,100,100,18,3,1,0,0,0x5b0003,0x5b0003,2 7 a c f 11 14 17 19 1d 1f 20=1 21 24 25 26 27 28 29 2b 2c 2d 2f 30=1 31 32 33 34 37 38 3a 3b 3c 42 43 45 46 48 4c 4f 51 5a,2 7 a c f 11 14 17 19 1d 1f 20=3 21 24 25 26 27 28 29 2b 2c 2d 2f 30=1 31 32 33 34 37 38 3a 3b 3c 42 43 45 46 48 4c 4f 51 5a,
0700000c,61,0x500006d,100,100,18,3,1,0,0,0x5b0003,0x5b0003,2 7 a c f 11 14 17 19 1d 1f 20=3 21 24 25 26 27 28 29 2b 2c 2d 2f 30=1 31 32 33 34 37 38 3a 3b 3c 42 43 45 46 48 4c 4f 51 5a,2 7 a c f 11 14 17 19 1d 1f 20=3 21 24 25 26 27 28 29 2b 2c 2d 2f 30=1 31 32 33 34 37 38 3a 3b 3c 42 43 45 46 48 4c 4f 51 5a,
0700000c,77,0x500007e,100,100,18,4,1,0,0,0x5b0003,0x5b0003,2 7 a c f 11 14 17 19 1d 1f 20=1 21 24 25 26 27 28 29 2b 2c 2d 2f 30=1 31 32 33 34 37 38 3a 3b 3c 42 43 45 46 48 4c 4f 51 5a,2 7 a c f 11 14 17 19 1d 1f 20=3 21 24 25 26 27 28 29 2b 2c 2d 2f 30=1 31 32 33 34 37 38 3a 3b 3c 42 43 45 46 48 4c 4f 51 5a,
0700000c,85,0x500007e,100,100,18,3,1,0,0,0x5b0003,0x5b0003,2 7 a c f 11 14 17 19 1d 1f 20=1 21 24 25 26 27 28 29 2b 2c 2d 2f 30=1 31 32 33 34 37 38 3a 3b 3c 42 43 45 46 48 4c 4f 51 5a,2 7 a c f 11 14 17 19 1d 1f 20=3 21 24 25 26 27 28 29 2b 2c 2d 2f 30=1 31 32 33 34 37 38 3a 3b 3c 42 43 45 46 48 4c 4f 51 5a,
0700000c,86,0x500007e,100,100,18,4,1,0,0,0x5b0003,0x5b0003,2 7 a c f 11 14 17 19 1d 1f 20=1 21 24 25 26 27 28 29 2b 2c 2d 2f 30=1 31 32 33 34 37 38 3a 3b 3c 42 43 45 46 48 4c 4f 51 5a,2 7 a c f 11 14 17 19 1d 1f 20=3 21 24 25 26 27 28 29 2b 2c 2d 2f 30=1 31 32 33 34 37 38 3a 3b 3c 42 43 45 46 48 4c 4f 51 5a,
0700000c,87,0x500006d,100,100,18,3,1,0,0,0x5b0003,0x5b0003,2 7 a c f 11 14 17 19 1d 1f 20=1 21 24 25 26 27 28 29 2b 2c 2d 2f 30=1 31 32 33 34 37 38 3a 3b 3c 42 43 45 46 48 4c 4f 51 5a,2 7 a c f 11 14 17 19 1d 1f 20=3 21 24 25 26 27 28 29 2b 2c 2d 2f 30=1 31 32 33 34 37 38 3a 3b 3c 42 43 45 46 48 4c 4f 51 5a,
0700000c,105,0x500007e,100,100,18,3,1,0,0,0x5b0003,0x5b0003,2 7 a c f 11 14 17 19 1d 1f 20=1 21 24 25 26 27 28 29 2b 2c 2d 2f 30=1 31 32 33 34 37 38 3a 3b 3c 42 43 45 46 48 4c 4f 51 5a,2 7 a c f 11 14 17 19 1d 1f 20=3 21 24 25 26 27 28 29 2b 2c 2d 2f 30=1 31 32 33 34 37 38 3a 3b 3c 42 43 45 46 48 4c 4f 51 5a,
0700000c,254,0x5000087,100,100,30,3,5,0,0,0x5b0003,0x5b0003,6 7 d e f 11 14 17 18 1c 1d 1e 1f 20=3 21 24 25 26 27 28 29 2a 2e 30=1 31 32 33 34 35 37 38 3a 3b 3c 3d 3e 3f 41 42 43 45 46 48 4c 4f 51 5a,20=1 4c 4f 5a,
0700000c,261,0x5000087,100,100,30,3,5,0,0,0x5b0003,0x5b0003,6 7 d e f 11 14 17 18 1c 1d 1e 1f 20=1 21 24 25 26 27 28 29 2a 2e 30=1 31 32 33 34 35 37 38 3a 3b 3c 3d 3e 3f 41 42 43 45 46 48 4c 4f 51 5a,0 6 7 a b f 10 11 12 13 17 18 1c 1d 1e 1f 20=1 21 23 25 26 27 28 29 2a 2e 30=1 31 32 33 35 36 37 38 39 3a 3b 3c 3d 3e 42 43 44=1 46 48 4c 4f 51 5a,
0700000c,262,0x5000090,100,100,30,3,5,0,0,0x5b0003,0x5b0003,6 7 d e f 11 14 17 18 1c 1d 1e 1f 20=3 21 24 25 26 27 28 29 2a 2e 30=1 31 32 33 34 35 37 38 3a 3b 3c 3d 3e 3f 41 42 43 45 46 48 4c 4f 51 5a,6 7 d e f 11 14 17 18 1c 1d 1e 1f 20=1 21 24 25 26 27 28 29 2a 2e 30=1 31 32 33 34 35 37 38 3a 3b 3c 3d 3e 3f 41 42 43 45 46 48 4c 4f 51 5a,
0700000c,263,0x5000090,100,100,30,3,5,0,0,0x5b0003,0x5b0003,6 7 d e f 11 14 17 18 1c 1d 1e 1f 20=1 21 24 25 26 27 28 29 2a 2e 30=1 31 32 33 34 35 37 38 3a 3b 3c 3d 3e 3f 41 42 43 45 46 48 4c 4f 51 5a,6 7 d e f 11 14 17 18 1c 1d 1e 1f 20=1 21 24 25 26 27 28 29 2a 2e 30=1 31 32 33 34 35 37 38 3a 3b 3c 3d 3e 3f 41 42 43 45 46 48 4c 4f 51 5a,
0700000c,265,0x5000090,100,100,30,3,5,0,0,0x5b0003,0x5b0003,6 7 d e f 11 14 17 18 1c 1d 1e 1f 20=3 21 24 25 26 27 28 29 2a 2e 30=1 31 32 33 34 35 37 38 3a 3b 3c 3d 3e 3f 41 42 43 45 46 48 4c 4f 51 5a,6 7 d e f 11 14 17 18 1c 1d 1e 1f 20=1 21 24 25 26 27 28 29 2a 2e 30=1 31 32 33 34 35 37 38 3a 3b 3c 3d 3e 3f 41 42 43 45 46 48 4c 4f 51 5a,
0700000c,309,0x5000087,100,100,30,3,5,0,0,0x5b0003,0x5b0003,6 7 d e f 11 14 17 18 1c 1d 1e 1f 20=1 21 24 25 26 27 28 29 2a 2e 30=1 31 32 33 34 35 37 38 3a 3b 3c 3d 3e 3f 41 42 43 45 46 48 4c 4f 51 5a,6 7 d e f 11 14 17 18 1c 1d 1e 1f 20=2 21 24 25 26 27 28 29 2a 2e 30=1 31 32 33 34 35 37 38 3a 3b 3c 3d 3e 3f 41 42 43 45 46 48 4c 4f 51 5a,
0700000c,310,0x5000090,100,100,30,3,5,2,2,0x5b0003,0x5b0003,a b f 10 11 13 17 1e 1f 20=2 26 27 28 29 31 32 33 37 38 3a 3c 40 43 46 4f 51 5a,a b f 10 11 13 17 1e 1f 20=3 26 27 28 29 31 32 33 37 38 3a 3c 40 43 46 4f 51 5a,
0700000c,333,0x5000090,100,100,30,3,5,0,0,0x5b0003,0x5b0003,6 7 d e f 11 14 17 18 1c 1d 1e 1f 20=2 21 24 25 26 27 28 29 2a 2e 30=1 31 32 33 34 35 37 38 3a 3b 3c 3d 3e 3f 41 42 43 45 46 48 4c 4f 51 5a,0 6 7 a b f 10 11 12 13 17 18 1c 1d 1e 1f 20=1 21 23 25 26 27 28 29 2a 2e 30=1 31 32 33 35 36 37 38 39 3a 3b 3c 3d 3e 42 43 44=1 46 48 4c 4f 51 5a,
0700000c,334,0x5000087,100,100,30,3,5,0,0,0x5b0003,0x5b0003,6 7 d e f 11 14 17 18 1c 1d 1e 1f 20=2 21 24 25 26 27 28 29 2a 2e 30=1 31 32 33 34 35 37 38 3a 3b 3c 3d 3e 3f 41 42 43 45 46 48 4c 4f 51 5a,0 6 7 a b f 10 11 12 13 17 18 1c 1d 1e 1f 20=1 21 23 25 26 27 28 29 2a 2e 30=1 31 32 33 35 36 37 38 39 3a 3b 3c 3d 3e 42 43 44=1 46 48 4c 4f 51 5a,
0700000c,337,0x5000087,100,100,30,3,5,2,0,0x5b0003,0x5b0003,a b f 10 11 13 17 1e 1f 20=3 26 27 28 29 31 32 33 37 38 3a 3c 40 43 46 4f 51 5a,20=1 4c 4f 5a,
0700000c,338,0x5000090,100,100,30,3,5,2,0,0x5b0003,0x5b0003,a b f 10 11 13 17 1e 1f 20=3 26 27 28 29 31 32 33 37 38 3a 3c 40 43 46 4f 51 5a,20=1 4c 4f 5a,
0700000c,339,0x5000087,100,100,30,3,5,2,0,0x5b0003,0x5b0003,a b f 10 11 13 17 1e 1f 20=3 26 27 28 29 31 32 33 37 38 3a 3c 40 43 46 4f 51 5a,20=1 4c 4f 5a,
0700000c,397,0x500006d,100,100,10,0,1,0,0,0x5b0003,0x5b0003,2 7 a c f 11 14 17 19 1d 1f 20=1 21 24 25 26 27 28 29 2b 2c 2d 2f 30=1 31 32 33 34 37 38 3a 3b 3c 42 43 45 46 48 4c 4f 51 5a,2 7 a c f 11 14 17 19 1d 1f 20=1 21 24 25 26 27 28 29 2b 2c 2d 2f 30=1 31 32 33 34 37 38 3a 3b 3c 42 43 45 46 48 4c 4f 51 5a,
0700000c,398,0x500007e,100,100,18,3,1,0,0,0x5b0003,0x5b0003,2 7 a c f 11 14 17 19 1d 1f 20=1 21 24 25 26 27 28 29 2b 2c 2d 2f 30=1 31 32 33 34 37 38 3a 3b 3c 42 43 45 46 48 4c 4f 51 5a,1a 1d 1f 20=1 21 24 26 27 28 29 2f 31 32 33 37 38 3b 3c 40 43 46 4c 4f 5a,
0700000c,399,0x500007e,100,100,18,3,1,0,0,0x5b0003,0x5b0003,2 7 a c f 11 14 17 19 1d 1f 20=1 21 24 25 26 27 28 29 2b 2c 2d 2f 30=1 31 32 33 34 37 38 3a 3b 3c 42 43 45 46 48 4c 4f 51 5a,1a 1d 1f 20=1 21 24 26 27 28 29 2f 31 32 33 37 38 3b 3c 40 43 46 4c 4f 5a,
0700000c,400,0x500006d,100,100,10,0,1,0,0,0x5b0003,0x5b0003,2 7 a c f 11 14 17 19 1d 1f 20=1 21 24 25 26 27 28 29 2b 2c 2d 2f 30=1 31 32 33 34 37 38 3a 3b 3c 42 43 45 46 48 4c 4f 51 5a,2 7 a c f 11 14 17 19 1d 1f 20=1 21 24 25 26 27 28 29 2b 2c 2d 2f 30=1 31 32 33 34 37 38 3a 3b 3c 42 43 45 46 48 4c 4f 51 5a,
0700000c,401,0x500007e,100,100,18,3,1,0,0,0x5b0003,0x5b0003,2 7 a c f 11 14 17 19 1d 1f 20=1 21 24 25 26 27 28 29 2b 2c 2d 2f 30=1 31 32 33 34 37 38 3a 3b 3c 42 43 45 46 48 4c 4f 51 5a,1a 1d 1f 20=1 21 24 26 27 28 29 2f 31 32 33 37 38 3b 3c 40 43 46 4c 4f 5a,
0700000c,402,0x500006d,100,100,18,3,1,0,0,0x5b0003,0x5b0003,2 7 a c f 11 14 17 19 1d 1f 20=1 21 24 25 26 27 28 29 2b 2c 2d 2f 30=1 31 32 33 34 37 38 3a 3b 3c 42 43 45 46 48 4c 4f 51 5a,1a 1d 1f 20=1 21 24 26 27 28 29 2f 31 32 33 37 38 3b 3c 40 43 46 4c 4f 5a,
0700000c,403,0x500007e,100,100,18,3,1,0,0,0x5b0003,0x5b0003,2 7 a c f 11 14 17 19 1d 1f 20=1 21 24 25 26 27 28 29 2b 2c 2d 2f 30=1 31 32 33 34 37 38 3a 3b 3c 42 43 45 46 48 4c 4f 51 5a,1a 1d 1f 20=1 21 24 26 27 28 29 2f 31 32 33 37 38 3b 3c 40 43 46 4c 4f 5a,
0700000c,404,0x500007e,100,100,18,3,1,0,0,0x5b0003,0x5b0003,2 7 a c f 11 14 17 19 1d 1f 20=1 21 24 25 26 27 28 29 2b 2c 2d 2f 30=1 31 32 33 34 37 38 3a 3b 3c 42 43 45 46 48 4c 4f 51 5a,1a 1d 1f 20=1 21 24 26 27 28 29 2f 31 32 33 37 38 3b 3c 40 43 46 4c 4f 5a,
0700000c,405,0x500007e,100,100,18,3,1,0,0,0x5b0003,0x5b0003,2 7 a c f 11 14 17 19 1d 1f 20=1 21 24 25 26 27 28 29 2b 2c 2d 2f 30=1 31 32 33 34 37 38 3a 3b 3c 42 43 45 46 48 4c 4f 51 5a,2 7 a c f 11 14 17 19 1d 1f 20=1 21 24 25 26 27 28 29 2b 2c 2d 2f 30=1 31 32 33 34 37 38 3a 3b 3c 42 43 45 46 48 4c 4f 51 5a,
0700000c,406,0x500007e,100,100,18,3,1,0,0,0x5b0003,0x5b0003,2 7 a c f 11 14 17 19 1d 1f 20=1 21 24 25 26 27 28 29 2b 2c 2d 2f 30=1 31 32 33 34 37 38 3a 3b 3c 42 43 45 46 48 4c 4f 51 5a,1a 1d 1f 20=1 21 24 26 27 28 29 2f 31 32 33 37 38 3b 3c 40 43 46 4c 4f 5a,
0700000c,461,0x5000087,100,100,30,3,5,0,0,0x5b0003,0x5b0003,6 7 d e f 11 14 17 18 1c 1d 1e 1f 20=2 21 24 25 26 27 28 29 2a 2e 30=1 31 32 33 34 35 37 38 3a 3b 3c 3d 3e 3f 41 42 43 45 46 48 4c 4f 51 5a,6 7 d e f 11 14 17 18 1c 1d 1e 1f 20=3 21 24 25 26 27 28 29 2a 2e 30=1 31 32 33 34 35 37 38 3a 3b 3c 3d 3e 3f 41 42 43 45 46 48 4c 4f 51 5a,
0700000c,462,0x5000087,100,100,30,3,5,0,0,0x5b0003,0x5b0003,6 7 d e f 11 14 17 18 1c 1d 1e 1f 20=2 21 24 25 26 27 28 29 2a 2e 30=1 31 32 33 34 35 37 38 3a 3b 3c 3d 3e 3f 41 42 43 45 46 48 4c 4f 51 5a,6 7 d e f 11 14 17 18 1c 1d 1e 1f 20=3 21 24 25 26 27 28 29 2a 2e 30=1 31 32 33 34 35 37 38 3a 3b 3c 3d 3e 3f 41 42 43 45 46 48 4c 4f 51 5a,
0700000c,463,0x5000087,100,100,30,3,5,2,2,0x5b0003,0x5b0003,a b f 10 11 13 17 1e 1f 20=3 26 27 28 29 31 32 33 37 38 3a 3c 40 43 46 4f 51 5a,a b f 10 11 13 17 1e 1f 20=3 26 27 28 29 31 32 33 37 38 3a 3c 40 43 46 4f 51 5a,
0700000c,464,0x5000090,100,100,30,3,5,0,0,0x5b0003,0x5b0003,6 7 d e f 11 14 17 18 1c 1d 1e 1f 20=2 21 24 25 26 27 28 29 2a 2e 30=1 31 32 33 34 35 37 38 3a 3b 3c 3d 3e 3f 41 42 43 45 46 48 4c 4f 51 5a,0 6 7 a b f 10 11 12 13 17 18 1c 1d 1e 1f 20=1 21 23 25 26 27 28 29 2a 2e 30=1 31 32 33 35 36 37 38 39 3a 3b 3c 3d 3e 42 43 44=1 46 48 4c 4f 51 5a,
0700000c,465,0x5000087,100,100,30,3,5,0,0,0x5b0003,0x5b0003,6 7 d e f 11 14 17 18 1c 1d 1e 1f 20=2 21 24 25 26 27 28 29 2a 2e 30=1 31 32 33 34 35 37 38 3a 3b 3c 3d 3e 3f 41 42 43 45 46 48 4c 4f 51 5a,0 6 7 a b f 10 11 12 13 17 18 1c 1d 1e 1f 20=1 21 23 25 26 27 28 29 2a 2e 30=1 31 32 33 35 36 37 38 39 3a 3b 3c 3d 3e 42 43 44=1 46 48 4c 4f 51 5a,
0700000c,523,0x5000093,100,100,30,3,5,0,0,0x5b0003,0x5b0003,6 7 d e f 11 14 17 18 1c 1d 1e 1f 20=1 21 24 25 26 27 28 29 2a 2e 30=1 31 32 33 34 35 37 38 3a 3b 3c 3d 3e 3f 41 42 43 45 46 48 4c 4f 51 5a,0 6 7 a b f 10 11 12 13 17 18 1c 1d 1e 1f 20=1 21 23 25 26 27 28 29 2a 2e 30=1 31 32 33 35 36 37 38 39 3a 3b 3c 3d 3e 42 43 44=1 46 48 4c 4f 51 5a,
0700000d,229,0x500006d,100,100,18,3,1,0,0,0x5b0003,0x5b0003,2 7 a c f 11 14 17 19 1d 1f 20=3 21 24 25 26 27 28 29 2b 2c 2d 2f 30=1 31 32 33 34 37 38 3a 3b 3c 42 43 45 46 48 4c 4f 51 5a,2 7 a c f 11 14 17 19 1d 1f 20=1 21 24 25 26 27 28 29 2b 2c 2d 2f 30=1 31 32 33 34 37 38 3a 3b 3c 42 43 45 46 48 4c 4f 51 5a,"[[10, 0, 10, 60, 2, 60, 60, 0], [9, 1, 10, 80, 3, 80, 80, 1], [8, 2, 10, 100, 3, 100, 100, 0]]"
0700000d,230,0x500007e,100,100,18,3,1,0,0,0x5b0003,0x5b0003,2 7 a c f 11 14 17 19 1d 1f 20=3 21 24 25 26 27 28 29 2b 2c 2d 2f 30=1 31 32 33 34 37 38 3a 3b 3c 42 43 45 46 48 4c 4f 51 5a,2 7 a c f 11 14 17 19 1d 1f 20=1 21 24 25 26 27 28 29 2b 2c 2d 2f 30=1 31 32 33 34 37 38 3a 3b 3c 42 43 45 46 48 4c 4f 51 5a,
0700000d,231,0x500006d,100,100,18,3,1,0,0,0x5b0003,0x5b0003,2 7 a c f 11 14 17 19 1d 1f 20=3 21 24 25 26 27 28 29 2b 2c 2d 2f 30=1 31 32 33 34 37 38 3a 3b 3c 42 43 45 46 48 4c 4f 51 5a,2 7 a c f 11 14 17 19 1d 1f 20=1 21 24 25 26 27 28 29 2b 2c 2d 2f 30=1 31 32 33 34 37 38 3a 3b 3c 42 43 45 46 48 4c 4f 51 5a,
0700000d,232,0x500006d,100,100,18,3,1,0,0,0x5b0003,0x5b0003,2 7 a c f 11 14 17 19 1d 1f 20=3 21 24 25 26 27 28 29 2b 2c 2d 2f 30=1 31 32 33 34 37 38 3a 3b 3c 42 43 45 46 48 4c 4f 51 5a,2 7 a c f 11 14 17 19 1d 1f 20=1 21 24 25 26 27 28 29 2b 2c 2d 2f 30=1 31 32 33 34 37 38 3a 3b 3c 42 43 45 46 48 4c 4f 51 5a,
0700000d,233,0x500007e,100,100,18,3,1,0,0,0x5b0003,0x5b0003,2 7 a c f 11 14 17 19 1d 1f 20=2 21 24 25 26 27 28 29 2b 2c 2d 2f 30=1 31 32 33 34 37 38 3a 3b 3c 42 43 45 46 48 4c 4f 51 5a,2 7 a c f 11 14 17 19 1d 1f 20=1 21 24 25 26 27 28 29 2b 2c 2d 2f 30=1 31 32 33 34 37 38 3a 3b 3c 42 43 45 46 48 4c 4f 51 5a,
0700000d,240,0x500007e,100,100,18,3,1,0,0,0x5b0003,0x5b0003,2 7 a c f 11 14 17 19 1d 1f 20=2 21 24 25 26 27 28 29 2b 2c 2d 2f 30=1 31 32 33 34 37 38 3a 3b 3c 42 43 45 46 48 4c 4f 51 5a,2 7 a c f 11 14 17 19 1d 1f 20=1 21 24 25 26 27 28 29 2b 2c 2d 2f 30=1 31 32 33 34 37 38 3a 3b 3c 42 43 45 46 48 4c 4f 51 5a,
0700000d,241,0x500006d,100,100,18,3,1,0,0,0x5b0003,0x5b0003,2 7 a c f 11 14 17 19 1d 1f 20=2 21 24 25 26 27 28 29 2b 2c 2d 2f 30=1 31 32 33 34 37 38 3a 3b 3c 42 43 45 46 48 4c 4f 51 5a,2 7 a c f 11 14 17 19 1d 1f 20=1 21 24 25 26 27 28 29 2b 2c 2d 2f 30=1 31 32 33 34 37 38 3a 3b 3c 42 43 45 46 48 4c 4f 51 5a,
0700000d,242,0x500007e,100,100,18,3,1,0,0,0x5b0003,0x5b0003,2 7 a c f 11 14 17 19 1d 1f 20=2 21 24 25 26 27 28 29 2b 2c 2d 2f 30=1 31 32 33 34 37 38 3a 3b 3c 42 43 45 46 48 4c 4f 51 5a,2 7 a c f 11 14 17 19 1d 1f 20=1 21 24 25 26 27 28 29 2b 2c 2d 2f 30=1 31 32 33 34 37 38 3a 3b 3c 42 43 45 46 48 4c 4f 51 5a,
0700000d,243,0x500006d,100,100,18,3,1,0,0,0x5b0003,0x5b0003,2 7 a c f 11 14 17 19 1d 1f 20=2 21 24 25 26 27 28 29 2b 2c 2d 2f 30=1 31 32 33 34 37 38 3a 3b 3c 42 43 45 46 48 4c 4f 51 5a,2 7 a c f 11 14 17 19 1d 1f 20=1 21 24 25 26 27 28 29 2b 2c 2d 2f 30=1 31 32 33 34 37 38 3a 3b 3c 42 43 45 46 48 4c 4f 51 5a,
0700000d,260,0x5000087,100,100,30,4,5,0,0,0x5b0003,0x5b0003,6 7 d e f 11 14 17 18 1c 1d 1e 1f 20=3 21 24 25 26 27 28 29 2a 2e 30=1 31 32 33 34 35 37 38 3a 3b 3c 3d 3e 3f 41 42 43 45 46 48 4c 4f 51 5a,6 7 d e f 11 14 17 18 1c 1d 1e 1f 20=3 21 24 25 26 27 28 29 2a 2e 30=1 31 32 33 34 35 37 38 3a 3b 3c 3d 3e 3f 41 42 43 45 46 48 4c 4f 51 5a,"[[5, 0, 22, 75, 4, 75, 75, 0], [4, 1, 22, 100, 4, 100, 100, 1], [3, 2, 22, 125, 4, 125, 125, 0]]"
0700000d,266,0x500007e,100,100,18,2,1,0,0,0x5b0003,0x5b0003,2 7 a c f 11 14 17 19 1d 1f 20=3 21 24 25 26 27 28 29 2b 2c 2d 2f 30=1 31 32 33 34 37 38 3a 3b 3c 42 43 45 46 48 4c 4f 51 5a,2 7 a c f 11 14 17 19 1d 1f 20=1 21 24 25 26 27 28 29 2b 2c 2d 2f 30=1 31 32 33 34 37 38 3a 3b 3c 42 43 45 46 48 4c 4f 51 5a,
0700000d,292,0x5000093,100,100,30,4,5,0,0,0x5b0003,0x5b0003,6 7 d e f 11 14 17 18 1c 1d 1e 1f 20=3 21 24 25 26 27 28 29 2a 2e 30=1 31 32 33 34 35 37 38 3a 3b 3c 3d 3e 3f 41 42 43 45 46 48 4c 4f 51 5a,6 7 d e f 11 14 17 18 1c 1d 1e 1f 20=3 21 24 25 26 27 28 29 2a 2e 30=1 31 32 33 34 35 37 38 3a 3b 3c 3d 3e 3f 41 42 43 45 46 48 4c 4f 51 5a,
0700000d,305,0x5000087,100,100,30,2,1,0,0,0x5b0003,0x5b0003,2 7 a c f 11 14 17 19 1d 1f 20=3 21 24 25 26 27 28 29 2b 2c 2d 2f 30=1 31 32 33 34 37 38 3a 3b 3c 42 43 45 46 48 4c 4f 51 5a,2 7 a c f 11 14 17 19 1d 1f 20=1 21 24 25 26 27 28 29 2b 2c 2d 2f 30=1 31 32 33 34 37 38 3a 3b 3c 42 43 45 46 48 4c 4f 51 5a,
0700000d,306,0x5000087,100,100,30,2,1,0,0,0x5b0003,0x5b0003,2 7 a c f 11 14 17 19 1d 1f 20=3 21 24 25 26 27 28 29 2b 2c 2d 2f 30=1 31 32 33 34 37 38 3a 3b 3c 42 43 45 46 48 4c 4f 51 5a,2 7 a c f 11 14 17 19 1d 1f 20=1 21 24 25 26 27 28 29 2b 2c 2d 2f 30=1 31 32 33 34 37 38 3a 3b 3c 42 43 45 46 48 4c 4f 51 5a,
0700000d,307,0x5000090,100,100,30,0,1,0,0,0x5b0003,0x5b0003,2 7 a c f 11 14 17 19 1d 1f 20=3 21 24 25 26 27 28 29 2b 2c 2d 2f 30=1 31 32 33 34 37 38 3a 3b 3c 42 43 45 46 48 4c 4f 51 5a,2 7 a c f 11 14 17 19 1d 1f 20=1 21 24 25 26 27 28 29 2b 2c 2d 2f 30=1 31 32 33 34 37 38 3a 3b 3c 42 43 45 46 48 4c 4f 51 5a,
0700000d,308,0x5000087,100,100,30,4,5,0,0,0x5b0003,0x5b0003,6 7 d e f 11 14 17 18 1c 1d 1e 1f 20=3 21 24 25 26 27 28 29 2a 2e 30=1 31 32 33 34 35 37 38 3a 3b 3c 3d 3e 3f 41 42 43 45 46 48 4c 4f 51 5a,6 7 d e f 11 14 17 18 1c 1d 1e 1f 20=3 21 24 25 26 27 28 29 2a 2e 30=1 31 32 33 34 35 37 38 3a 3b 3c 3d 3e 3f 41 42 43 45 46 48 4c 4f 51 5a,
0700000d,309,0x5000087,100,100,30,4,5,0,0,0x5b0003,0x5b0003,6 7 d e f 11 14 17 18 1c 1d 1e 1f 20=3 21 24 25 26 27 28 29 2a 2e 30=1 31 32 33 34 35 37 38 3a 3b 3c 3d 3e 3f 41 42 43 45 46 48 4c 4f 51 5a,6 7 d e f 11 14 17 18 1c 1d 1e 1f 20=3 21 24 25 26 27 28 29 2a 2e 30=1 31 32 33 34 35 37 38 3a 3b 3c 3d 3e 3f 41 42 43 45 46 48 4c 4f 51 5a,
0700000d,351,0x5000087,100,100,30,4,5,0,0,0x5b0003,0x5b0003,6 7 d e f 11 14 17 18 1c 1d 1e 1f 20=3 21 24 25 26 27 28 29 2a 2e 30=1 31 32 33 34 35 37 38 3a 3b 3c 3d 3e 3f 41 42 43 45 46 48 4c 4f 51 5a,6 7 d e f 11 14 17 18 1c 1d 1e 1f 20=3 21 24 25 26 27 28 29 2a 2e 30=1 31 32 33 34 35 37 38 3a 3b 3c 3d 3e 3f 41 42 43 45 46 48 4c 4f 51 5a,
0700000d,352,0x5000087,100,100,30,4,5,0,0,0x5b0003,0x5b0003,6 7 d e f 11 14 17 18 1c 1d 1e 1f 20=3 21 24 25 26 27 28 29 2a 2e 30=1 31 32 33 34 35 37 38 3a 3b 3c 3d 3e 3f 41 42 43 45 46 48 4c 4f 51 5a,6 7 d e f 11 14 17 18 1c 1d 1e 1f 20=3 21 24 25 26 27 28 29 2a 2e 30=1 31 32 33 34 35 37 38 3a 3b 3c 3d 3e 3f 41 42 43 45 46 48 4c 4f 51 5a,
0700000d,353,0x5000087,100,100,30,4,5,0,0,0x5b0003,0x5b0003,6 7 d e f 11 14 17 18 1c 1d 1e 1f 20=3 21 24 25 26 27 28 29 2a 2e 30=1 31 32 33 34 35 37 38 3a 3b 3c 3d 3e 3f 41 42 43 45 46 48 4c 4f 51 5a,6 7 d e f 11 14 17 18 1c 1d 1e 1f 20=3 21 24 25 26 27 28 29 2a 2e 30=1 31 32 33 34 35 37 38 3a 3b 3c 3d 3e 3f 41 42 43 45 46 48 4c 4f 51 5a,
0700000d,360,0x5000087,100,100,30,4,5,0,0,0x5b0003,0x5b0003,6 7 d e f 11 14 17 18 1c 1d 1e 1f 20=1 21 24 25 26 27 28 29 2a 2e 30=1 31 32 33 34 35 37 38 3a 3b 3c 3d 3e 3f 41 42 43 45 46 48 4c 4f 51 5a,6 7 d e f 11 14 17 18 1c 1d 1e 1f 20=1 21 24 25 26 27 28 29 2a 2e 30=1 31 32 33 34 35 37 38 3a 3b 3c 3d 3e 3f 41 42 43 45 46 48 4c 4f 51 5a,
0700000d,361,0x5000087,100,100,30,4,5,0,0,0x5b0003,0x5b0003,6 7 d e f 11 14 17 18 1c 1d 1e 1f 20=3 21 24 25 26 27 28 29 2a 2e 30=1 31 32 33 34 35 37 38 3a 3b 3c 3d 3e 3f 41 42 43 45 46 48 4c 4f 51 5a,6 7 d e f 11 14 17 18 1c 1d 1e 1f 20=3 21 24 25 26 27 28 29 2a 2e 30=1 31 32 33 34 35 37 38 3a 3b 3c 3d 3e 3f 41 42 43 45 46 48 4c 4f 51 5a,
0700000d,363,0x5000090,100,100,30,4,5,0,0,0x5b0003,0x5b0003,6 7 d e f 11 14 17 18 1c 1d 1e 1f 20=3 21 24 25 26 27 28 29 2a 2e 30=1 31 32 33 34 35 37 38 3a 3b 3c 3d 3e 3f 41 42 43 45 46 48 4c 4f 51 5a,6 7 d e f 11 14 17 18 1c 1d 1e 1f 20=3 21 24 25 26 27 28 29 2a 2e 30=1 31 32 33 34 35 37 38 3a 3b 3c 3d 3e 3f 41 42 43 45 46 48 4c 4f 51 5a,
0700000d,393,0x500007e,100,100,18,3,1,0,0,0x5b0003,0x5b0003,2 7 a c f 11 14 17 19 1d 1f 20=2 21 24 25 26 27 28 29 2b 2c 2d 2f 30=1 31 32 33 34 37 38 3a 3b 3c 42 43 45 46 48 4c 4f 51 5a,2 7 a c f 11 14 17 19 1d 1f 20=1 21 24 25 26 27 28 29 2b 2c 2d 2f 30=1 31 32 33 34 37 38 3a 3b 3c 42 43 45 46 48 4c 4f 51 5a,
0700000d,394,0x500007e,100,100,18,3,1,0,0,0x5b0003,0x5b0003,2 7 a c f 11 14 17 19 1d 1f 20=2 21 24 25 26 27 28 29 2b 2c 2d 2f 30=1 31 32 33 34 37 38 3a 3b 3c 42 43 45 46 48 4c 4f 51 5a,2 7 a c f 11 14 17 19 1d 1f 20=1 21 24 25 26 27 28 29 2b 2c 2d 2f 30=1 31 32 33 34 37 38 3a 3b 3c 42 43 45 46 48 4c 4f 51 5a,
0700000d,405,0x500007e,100,100,18,3,1,0,0,0x5b0003,0x5b0003,2 7 a c f 11 14 17 19 1d 1f 20=2 21 24 25 26 27 28 29 2b 2c 2d 2f 30=1 31 32 33 34 37 38 3a 3b 3c 42 43 45 46 48 4c 4f 51 5a,2 7 a c f 11 14 17 19 1d 1f 20=1 21 24 25 26 27 28 29 2b 2c 2d 2f 30=1 31 32 33 34 37 38 3a 3b 3c 42 43 45 46 48 4c 4f 51 5a,
0700000d,406,0x500007e,100,100,18,3,1,0,0,0x5b0003,0x5b0003,2 7 a c f 11 14 17 19 1d 1f 20=2 21 24 25 26 27 28 29 2b 2c 2d 2f 30=1 31 32 33 34 37 38 3a 3b 3c 42 43 45 46 48 4c 4f 51 5a,2 7 a c f 11 14 17 19 1d 1f 20=1 21 24 25 26 27 28 29 2b 2c 2d 2f 30=1 31 32 33 34 37 38 3a 3b 3c 42 43 45 46 48 4c 4f 51 5a,
0700000d,407,0x500007e,100,100,18,3,1,0,0,0x5b0003,0x5b0003,2 7 a c f 11 14 17 19 1d 1f 20=2 21 24 25 26 27 28 29 2b 2c 2d 2f 30=1 31 32 33 34 37 38 3a 3b 3c 42 43 45 46 48 4c 4f 51 5a,2 7 a c f 11 14 17 19 1d 1f 20=1 21 24 25 26 27 28 29 2b 2c 2d 2f 30=1 31 32 33 34 37 38 3a 3b 3c 42 43 45 46 48 4c 4f 51 5a,
0700000d,432,0x500007e,100,100,18,2,1,0,0,0x5b0003,0x5b0003,2 7 a c f 11 14 17 19 1d 1f 20=3 21 24 25 26 27 28 29 2b 2c 2d 2f 30=1 31 32 33 34 37 38 3a 3b 3c 42 43 45 46 48 4c 4f 51 5a,2 7 a c f 11 14 17 19 1d 1f 20=1 21 24 25 26 27 28 29 2b 2c 2d 2f 30=1 31 32 33 34 37 38 3a 3b 3c 42 43 45 46 48 4c 4f 51 5a,
0700000d,451,0x500006d,100,100,18,3,1,0,0,0x5b0003,0x5b0003,2 7 a c f 11 14 17 19 1d 1f 20=2 21 24 25 26 27 28 29 2b 2c 2d 2f 30=1 31 32 33 34 37 38 3a 3b 3c 42 43 45 46 48 4c 4f 51 5a,2 7 a c f 11 14 17 19 1d 1f 20=1 21 24 25 26 27 28 29 2b 2c 2d 2f 30=1 31 32 33 34 37 38 3a 3b 3c 42 43 45 46 48 4c 4f 51 5a,
0700000d,452,0x500006d,100,100,18,3,1,0,0,0x5b0003,0x5b0003,2 7 a c f 11 14 17 19 1d 1f 20=2 21 24 25 26 27 28 29 2b 2c 2d 2f 30=1 31 32 33 34 37 38 3a 3b 3c 42 43 45 46 48 4c 4f 51 5a,2 7 a c f 11 14 17 19 1d 1f 20=1 21 24 25 26 27 28 29 2b 2c 2d 2f 30=1 31 32 33 34 37 38 3a 3b 3c 42 43 45 46 48 4c 4f 51 5a,
0700000d,461,0x5000090,100,100,30,4,5,0,0,0x5b0003,0x5b0003,6 7 d e f 11 14 17 18 1c 1d 1e 1f 20=3 21 24 25 26 27 28 29 2a 2e 30=1 31 32 33 34 35 37 38 3a 3b 3c 3d 3e 3f 41 42 43 45 46 48 4c 4f 51 5a,6 7 d e f 11 14 17 18 1c 1d 1e 1f 20=3 21 24 25 26 27 28 29 2a 2e 30=1 31 32 33 34 35 37 38 3a 3b 3c 3d 3e 3f 41 42 43 45 46 48 4c 4f 51 5a,
0700000d,462,0x5000087,100,100,30,4,5,0,0,0x5b0003,0x5b0003,6 7 d e f 11 14 17 18 1c 1d 1e 1f 20=3 21 24 25 26 27 28 29 2a 2e 30=1 31 32 33 34 35 37 38 3a 3b 3c 3d 3e 3f 41 42 43 45 46 48 4c 4f 51 5a,6 7 d e f 11 14 17 18 1c 1d 1e 1f 20=3 21 24 25 26 27 28 29 2a 2e 30=1 31 32 33 34 35 37 38 3a 3b 3c 3d 3e 3f 41 42 43 45 46 48 4c 4f 51 5a,
0700000d,463,0x5000087,100,100,30,4,5,0,0,0x5b0003,0x5b0003,6 7 d e f 11 14 17 18 1c 1d 1e 1f 20=3 21 24 25 26 27 28 29 2a 2e 30=1 31 32 33 34 35 37 38 3a 3b 3c 3d 3e 3f 41 42 43 45 46 48 4c 4f 51 5a,6 7 d e f 11 14 17 18 1c 1d 1e 1f 20=3 21 24 25 26 27 28 29 2a 2e 30=1 31 32 33 34 35 37 38 3a 3b 3c 3d 3e 3f 41 42 43 45 46 48 4c 4f 51 5a,
0700000d,464,0x5000090,100,100,30,4,5,0,0,0x5b0003,0x5b0003,6 7 d e f 11 14 17 18 1c 1d 1e 1f 20=3 21 24 25 26 27 28 29 2a 2e 30=1 31 32 33 34 35 37 38 3a 3b 3c 3d 3e 3f 41 42 43 45 46 48 4c 4f 51 5a,6 7 d e f 11 14 17 18 1c 1d 1e 1f 20=3 21 24 25 26 27 28 29 2a 2e 30=1 31 32 33 34 35 37 38 3a 3b 3c 3d 3e 3f 41 42 43 45 46 48 4c 4f 51 5a,
0700000d,465,0x5000087,100,100,30,4,5,0,0,0x5b0003,0x5b0003,6 7 d e f 11 14 17 18 1c 1d 1e 1f 20=1 21 24 25 26 27 28 29 2a 2e 30=1 31 32 33 34 35 37 38 3a 3b 3c 3d 3e 3f 41 42 43 45 46 48 4c 4f 51 5a,6 7 d e f 11 14 17 18 1c 1d 1e 1f 20=3 21 24 25 26 27 28 29 2a 2e 30=1 31 32 33 34 35 37 38 3a 3b 3c 3d 3e 3f 41 42 43 45 46 48 4c 4f 51 5a,
0700000d,466,0x5000090,100,100,30,4,5,0,0,0x5b0003,0x5b0003,6 7 d e f 11 14 17 18 1c 1d 1e 1f 20=3 21 24 25 26 27 28 29 2a 2e 30=1 31 32 33 34 35 37 38 3a 3b 3c 3d 3e 3f 41 42 43 45 46 48 4c 4f 51 5a,6 7 d e f 11 14 17 18 1c 1d 1e 1f 20=3 21 24 25 26 27 28 29 2a 2e 30=1 31 32 33 34 35 37 38 3a 3b 3c 3d 3e 3f 41 42 43 45 46 48 4c 4f 51 5a,
0700000d,472,0x5000087,100,100,30,4,5,0,0,0x5b0003,0x5b0003,6 7 d e f 11 14 17 18 1c 1d 1e 1f 20=1 21 24 25 26 27 28 29 2a 2e 30=1 31 32 33 34 35 37 38 3a 3b 3c 3d 3e 3f 41 42 43 45 46 48 4c 4f 51 5a,6 7 d e f 11 14 17 18 1c 1d 1e 1f 20=3 21 24 25 26 27 28 29 2a 2e 30=1 31 32 33 34 35 37 38 3a 3b 3c 3d 3e 3f 41 42 43 45 46 48 4c 4f 51 5a,
0700000d,550,0x5000087,100,100,30,4,5,0,0,0x5b0003,0x5b0003,6 7 d e f 11 14 17 18 1c 1d 1e 1f 20=3 21 24 25 26 27 28 29 2a 2e 30=1 31 32 33 34 35 37 38 3a 3b 3c 3d 3e 3f 41 42 43 45 46 48 4c 4f 51 5a,6 7 d e f 11 14 17 18 1c 1d 1e 1f 20=3 21 24 25 26 27 28 29 2a 2e 30=1 31 32 33 34 35 37 38 3a 3b 3c 3d 3e 3f 41 42 43 45 46 48 4c 4f 51 5a,
0700000d,551,0x5000090,100,100,30,4,5,0,0,0x5b0003,0x5b0003,6 7 d e f 11 14 17 18 1c 1d 1e 1f 20=3 21 24 25 26 27 28 29 2a 2e 30=1 31 32 33 34 35 37 38 3a 3b 3c 3d 3e 3f 41 42 43 45 46 48 4c 4f 51 5a,6 7 d e f 11 14 17 18 1c 1d 1e 1f 20=3 21 24 25 26 27 28 29 2a 2e 30=1 31 32 33 34 35 37 38 3a 3b 3c 3d 3e 3f 41 42 43 45 46 48 4c 4f 51 5a,
0700000d,552,0x5000090,100,100,30,4,5,0,0,0x5b0003,0x5b0003,6 7 d e f 11 14 17 18 1c 1d 1e 1f 20=3 21 24 25 26 27 28 29 2a 2e 30=1 31 32 33 34 35 37 38 3a 3b 3c 3d 3e 3f 41 42 43 45 46 48 4c 4f 51 5a,6 7 d e f 11 14 17 18 1c 1d 1e 1f 20=3 21 24 25 26 27 28 29 2a 2e 30=1 31 32 33 34 35 37 38 3a 3b 3c 3d 3e 3f 41 42 43 45 46 48 4c 4f 51 5a,
07000011,121,0x500003a,100,100,16,0,2,0,0,0x5b0003,0x5b0003,1 2 3 7 a c f 11 12 14 17 18 1d 1f 20=2 21 24 25 26 27 28 29 2c 2f 30=1 31 32 33 34 37 38 3a 3b 3c 42 43 45 46 48 4c 4f 51 5a,1 2 3 7 a c f 11 12 14 17 18 1d 1f 20=3 21 24 25 26 27 28 29 2c 2f 30=1 31 32 33 34 37 38 3a 3b 3c 42 43 45 46 48 4c 4f 51 5a,"[[9, 0, 12, 60, 2, 60, 60, 0], [8, 1, 12, 80, 3, 80, 80, 1], [7, 2, 12, 100, 3, 100, 100, 0]]"
07000011,122,0x500003a,100,100,16,0,2,0,0,0x5b0003,0x5b0003,1 2 3 7 a c f 11 12 14 17 18 1d 1f 20=2 21 24 25 26 27 28 29 2c 2f 30=1 31 32 33 34 37 38 3a 3b 3c 42 43 45 46 48 4c 4f 51 5a,1 2 3 7 a c f 11 12 14 17 18 1d 1f 20=3 21 24 25 26 27 28 29 2c 2f 30=1 31 32 33 34 37 38 3a 3b 3c 42 43 45 46 48 4c 4f 51 5a,
07000011,123,0x5000038,100,100,29,0,2,0,0,0x5b0003,0x5b0003,1 2 3 5 7 8 9 a c f 11 12 14 17 18 1d 1f 20=1 21 24 25 26 27 28 29 2c 2f 30=1 31 32 33 34 37 38 3a 3b 3c 42 43 45 46 48 4c 4f 51 5a,1 2 3 5 7 8 9 a c f 11 12 14 17 18 1d 1f 20=3 21 24 25 26 27 28 29 2c 2f 30=1 31 32 33 34 37 38 3a 3b 3c 42 43 45 46 48 4c 4f 51 5a,
07000011,124,0x500003a,100,100,16,0,2,0,0,0x5b0003,0x5b0003,1 2 3 7 a c f 11 12 14 17 18 1d 1f 20=1 21 24 25 26 27 28 29 2c 2f 30=1 31 32 33 34 37 38 3a 3b 3c 42 43 45 46 48 4c 4f 51 5a,1 2 3 7 a c f 11 12 14 17 18 1d 1f 20=3 21 24 25 26 27 28 29 2c 2f 30=1 31 32 33 34 37 38 3a 3b 3c 42 43 45 46 48 4c 4f 51 5a,
07000011,125,0x5000038,100,100,16,0,2,0,0,0x5b0003,0x5b0003,1 2 3 5 7 8 9 a c f 11 12 14 17 18 1d 1f 20=2 21 24 25 26 27 28 29 2c 2f 30=1 31 32 33 34 37 38 3a 3b 3c 42 43 45 46 48 4c 4f 51 5a,1 2 3 5 7 8 9 a c f 11 12 14 17 18 1d 1f 20=3 21 24 25 26 27 28 29 2c 2f 30=1 31 32 33 34 37 38 3a 3b 3c 42 43 45 46 48 4c 4f 51 5a,
07000011,126,0x5000038,100,100,16,0,2,3,0,0x5b0003,0x5b0003,5 8 9 14 19 1c 1d 20=3 23 31 32 33 37 38 3c 4f 51 5a,1 2 3 5 7 8 9 a c f 11 12 14 17 18 1d 1f 20=3 21 24 25 26 27 28 29 2c 2f 30=1 31 32 33 34 37 38 3a 3b 3c 42 43 45 46 48 4c 4f 51 5a,
07000011,127,0x500003a,100,100,16,0,2,3,0,0x5b0003,0x5b0003,14 19 1c 1d 20=3 23 31 32 33 37 38 3c 4f 51 5a,1 2 3 7 a c f 11 12 14 17 18 1d 1f 20=3 21 24 25 26 27 28 29 2c 2f 30=1 31 32 33 34 37 38 3a 3b 3c 42 43 45 46 48 4c 4f 51 5a,
07000011,128,0x500003a,100,100,16,0,2,3,0,0x5b0003,0x5b0003,14 19 1d 20=3 23 31 32 33 37 38 3c 4f 51 5a,1 2 3 7 a c f 11 12 14 17 18 1d 1f 20=3 21 24 25 26 27 28 29 2c 2f 30=1 31 32 33 34 37 38 3a 3b 3c 42 43 45 46 48 4c 4f 51 5a,
07000011,129,0x500003a,100,100,29,0,2,3,0,0x5b0003,0x5b0003,14 19 1d 20=3 23 31 32 33 37 38 3c 4f 51 5a,1 2 3 5 7 8 a c f 11 12 14 17 18 1d 1f 20=3 21 24 25 26 27 28 29 2c 2f 30=1 31 32 33 34 37 38 3a 3b 3c 42 43 45 46 48 4c 4f 51 5a,
07000011,130,0x500000e,100,100,1,0,13,0,3,0x5b0003,0x5b0003,1d 1f 20=1 24 26 27 29 31 32 33 34 37 38 3b 3c 46 49 4c 4f 51 53 54 5a,1d 1f 20=3 23 24 31 32 33 34 37 38 3c 46 49 4c 4f 50 51 53 54 5a,"[[60, 0, 1, 60, 2, 60, 60, 0], [80, 1, 1, 80, 3, 80, 80, 1], [100, 2, 1, 100, 3, 100, 100, 0]]"
07000011,131,0x500000e,100,100,1,0,14,0,3,0x5b0003,0x5b0003,1d 1f 20=1 26 27 28 29 34 37 38 3c 40 46 4f 51 53 54,1d 20=3 23 34 37 38 3b 3c 53 54,"[[60, 0, 10, 60, 2, 60, 60, 0], [80, 1, 10, 80, 3, 80, 80, 1], [100, 2, 10, 100, 3, 100, 100, 0]]"
07000011,132,0x500000e,100,100,1,0,13,0,0,0x5b0003,0x5b0003,1d 20=1 24 26 27 29 31 32 34 37 38 3b 3c 46 4c 4f 51 53 54 5a,1d 1f 20=3 24 26 27 29 31 32 33 34 37 38 3b 3c 46 49 4c 4f 50 51 53 54 5a,
07000011,133,0x500000f,100,100,1,0,13,0,3,0x5b0003,0x5b0003,1d 20=1 24 26 27 29 31 32 33 34 37 38 3b 3c 46 4c 4f 51 53 54 5a,1d 1f 20=3 23 24 31 32 33 34 37 38 3c 46 49 4c 4f 50 51 53 54 5a,
07000011,152,0x5000008,100,100,25,2,3,3,0,0x5b0003,0x5b0003,1d 20=3 23 31 32 33 37 38 3b 3c 4f 51 57 5a,0 6 7 d e f 11 14 16 17 1b 1d 1f 20=3 21 24 25 26 27 28 29 2a 2b 2e 2f 30=1 31 32 33 35 37 38 3a 3b 3c 3d 3e 3f 41 42 45 46 48 4c 4f 51 5a,"[[8, 1, 12, 75, 2, 75, 90, 0], [7, 2, 12, 100, 3, 100, 120, 1], [6, 3, 12, 125, 3, 125, 150, 0]]"
07000011,154,0x5000004,100,100,25,0,3,0,0,0x5b0003,0x5b0003,0 6 7 d e f 11 14 16 17 1b 1d 1f 20=3 21 24 25 26 27 28 29 2a 2b 2e 2f 30=1 31 32 33 35 37 38 3a 3b 3c 3d 3e 3f 41 42 45 46 48 4c 4f 51 5a,0 6 7 d e f 11 14 16 17 1b 1d 1f 20=3 21 24 25 26 27 28 29 2a 2b 2e 2f 30=1 31 32 33 35 37 38 3a 3b 3c 3d 3e 3f 41 42 45 46 48 4c 4f 51 5a,
07000011,155,0x5000004,100,100,25,0,3,2,2,0x5b0003,0x5b0003,7 d f 10 11 17 1b 1f 20=2 26 27 28 29 2f 30=1 31 32 33 35 37 38 3c 40 46 4f 51 5a,7 d f 10 11 17 1b 1f 20=3 26 27 28 29 2f 30=1 31 32 33 35 37 38 3c 40 46 4f 51 5a,
07000011,156,0x5000008,100,100,25,0,3,0,0,0x5b0003,0x5b0003,0 6 7 d e f 11 14 16 17 1b 1d 1f 20=3 21 24 25 26 27 28 29 2a 2b 2e 2f 30=1 31 32 33 35 37 38 3a 3b 3c 3d 3e 3f 41 42 45 46 48 4c 4f 51 5a,0 6 7 d e f 11 14 16 17 1b 1d 1f 20=3 21 24 25 26 27 28 29 2a 2b 2e 2f 30=1 31 32 33 35 37 38 3a 3b 3c 3d 3e 3f 41 42 45 46 48 4c 4f 51 5a,
07000011,157,0x5000008,100,100,25,0,3,0,0,0x5b0003,0x5b0003,0 6 7 d e f 11 14 16 17 1b 1d 1f 20=3 21 24 25 26 27 28 29 2a 2b 2e 2f 30=1 31 32 33 35 37 38 3a 3b 3c 3d 3e 3f 41 42 45 46 48 4c 4f 51 5a,0 6 7 d e f 11 14 16 17 1b 1d 1f 20=3 21 24 25 26 27 28 29 2a 2b 2e 2f 30=1 31 32 33 35 37 38 3a 3b 3c 3d 3e 3f 41 42 45 46 48 4c 4f 51 5a,
07000011,171,0x5000004,100,100,25,0,3,0,0,0x5b0003,0x5b0003,0 6 7 d e f 11 14 16 17 1b 1d 1f 20=3 21 24 25 26 27 28 29 2a 2b 2e 2f 30=1 31 32 33 35 37 38 3a 3b 3c 3d 3e 3f 41 42 45 46 48 4c 4f 51 5a,0 6 7 d e f 11 14 16 17 1b 1d 1f 20=3 21 24 25 26 27 28 29 2a 2b 2e 2f 30=1 31 32 33 35 37 38 3a 3b 3c 3d 3e 3f 41 42 45 46 48 4c 4f 51 5a,
07000011,172,0x5000006,100,100,25,0,3,0,0,0x5b0003,0x5b0003,0 6 7 d e f 11 14 16 17 1b 1d 1f 20=3 21 24 25 26 27 28 29 2a 2b 2e 2f 30=1 31 32 33 35 37 38 3a 3b 3c 3d 3e 3f 41 42 45 46 48 4c 4f 51 5a,0 6 7 d e f 11 14 16 17 1b 1d 1f 20=3 21 24 25 26 27 28 29 2a 2b 2e 2f 30=1 31 32 33 35 37 38 3a 3b 3c 3d 3e 3f 41 42 45 46 48 4c 4f 51 5a,
07000011,179,0x5000006,100,100,25,0,3,3,0,0x5b0003,0x5b0003,1d 20=3 23 31 32 33 37 38 3b 3c 4f 51 5a,0 6 7 d e f 11 14 16 17 1b 1d 1f 20=3 21 24 25 26 27 28 29 2a 2b 2e 2f 30=1 31 32 33 35 37 38 3a 3b 3c 3d 3e 3f 41 42 45 46 48 4c 4f 51 5a,
07000011,180,0x5000004,100,100,25,0,3,3,0,0x5b0003,0x5b0003,1d 20=3 23 31 32 33 37 38 3b 3c 4f 51 5a,0 6 7 d e f 11 14 16 17 1b 1d 1f 20=3 21 24 25 26 27 28 29 2a 2b 2e 2f 30=1 31 32 33 35 37 38 3a 3b 3c 3d 3e 3f 41 42 45 46 48 4c 4f 51 5a,
07000011,185,0x500003a,100,100,29,0,2,0,0,0x5b0003,0x5b0003,1 2 3 5 7 8 a c f 11 12 14 17 18 1d 1f 20=3 21 24 25 26 27 28 29 2c 2f 30=1 31 32 33 34 37 38 3a 3b 3c 42 43 45 46 48 4c 4f 51 5a,1 2 3 5 7 8 a c f 11 12 14 17 18 1d 1f 20=3 21 24 25 26 27 28 29 2c 2f 30=1 31 32 33 34 37 38 3a 3b 3c 42 43 45 46 48 4c 4f 51 5a,
07000011,186,0x500003a,100,100,16,0,2,0,0,0x5b0003,0x5b0003,1 2 3 7 a c f 11 12 14 17 18 1d 1f 20=3 21 24 25 26 27 28 29 2c 2f 30=1 31 32 33 34 37 38 3a 3b 3c 42 43 45 46 48 4c 4f 51 5a,1 2 3 7 a c f 11 12 14 17 18 1d 1f 20=3 21 24 25 26 27 28 29 2c 2f 30=1 31 32 33 34 37 38 3a 3b 3c 42 43 45 46 48 4c 4f 51 5a,
07000011,218,0x500003a,100,100,16,0,2,0,0,0x5b0003,0x5b0003,1 2 3 7 8 a c f 11 12 14 17 18 1d 1f 20=2 21 24 25 26 27 28 29 2c 2f 30=1 31 32 33 34 37 38 3a 3b 3c 42 43 45 46 48 4c 4f 51 5a,1 2 3 7 8 a c f 11 12 14 17 18 1d 1f 20=3 21 24 25 26 27 28 29 2c 2f 30=1 31 32 33 34 37 38 3a 3b 3c 42 43 45 46 48 4c 4f 51 5a,
07000011,219,0x500003a,100,100,16,0,2,0,0,0x5b0003,0x5b0003,1 2 3 7 a c f 11 12 14 17 18 1d 1f 20=2 21 24 25 26 27 28 29 2c 2f 30=1 31 32 33 34 37 38 3a 3b 3c 42 43 45 46 48 4c 4f 51 5a,1 2 3 7 a c f 11 12 14 17 18 1d 1f 20=3 21 24 25 26 27 28 29 2c 2f 30=1 31 32 33 34 37 38 3a 3b 3c 42 43 45 46 48 4c 4f 51 5a,
07000011,222,0x5000008,100,100,25,0,3,0,0,0x5b0003,0x5b0003,0 6 7 d e f 11 14 16 17 1b 1d 1f 20=3 21 24 25 26 27 28 29 2a 2b 2e 2f 30=1 31 32 33 35 37 38 3a 3b 3c 3d 3e 3f 41 42 45 46 48 4c 4f 51 5a,0 6 7 d e f 11 14 16 17 1b 1d 1f 20=3 21 24 25 26 27 28 29 2a 2b 2e 2f 30=1 31 32 33 35 37 38 3a 3b 3c 3d 3e 3f 41 42 45 46 48 4c 4f 51 5a,
07000011,223,0x5000008,100,100,25,0,3,0,0,0x5b0003,0x5b0003,0 6 7 d e f 11 14 16 17 1b 1d 1f 20=3 21 24 25 26 27 28 29 2a 2b 2e 2f 30=1 31 32 33 35 37 38 3a 3b 3c 3d 3e 3f 41 42 45 46 48 4c 4f 51 5a,0 6 7 d e f 11 14 16 17 1b 1d 1f 20=3 21 24 25 26 27 28 29 2a 2b 2e 2f 30=1 31 32 33 35 37 38 3a 3b 3c 3d 3e 3f 41 42 45 46 48 4c 4f 51 5a,
07000011,224,0x5000008,100,100,25,0,3,0,0,0x5b0003,0x5b0003,0 6 7 d e f 11 14 16 17 1b 1d 1f 20=3 21 24 25 26 27 28 29 2a 2b 2e 2f 30=1 31 32 33 35 37 38 3a 3b 3c 3d 3e 3f 41 42 45 46 48 4c 4f 51 5a,0 6 7 d e f 11 14 16 17 1b 1d 1f 20=3 21 24 25 26 27 28 29 2a 2b 2e 2f 30=1 31 32 33 35 37 38 3a 3b 3c 3d 3e 3f 41 42 45 46 48 4c 4f 51 5a,
07000011,225,0x5000004,100,100,25,0,3,0,0,0x5b0003,0x5b0003,0 6 7 d e f 11 14 16 17 1b 1d 1f 20=3 21 24 25 26 27 28 29 2a 2b 2e 2f 30=1 31 32 33 35 37 38 3a 3b 3c 3d 3e 3f 41 42 45 46 48 4c 4f 51 5a,0 6 7 d e f 11 14 16 17 1b 1d 1f 20=3 21 24 25 26 27 28 29 2a 2b 2e 2f 30=1 31 32 33 35 37 38 3a 3b 3c 3d 3e 3f 41 42 45 46 48 4c 4f 51 5a,
07000011,227,0x500003a,100,100,16,0,2,0,0,0x5b0003,0x5b0003,1 2 3 7 a c f 11 12 14 17 18 1d 1f 20=3 21 24 25 26 27 28 29 2c 2f 30=1 31 32 33 34 37 38 3a 3b 3c 42 43 45 46 48 4c 4f 51 5a,1 2 3 7 a c f 11 12 14 17 18 1d 1f 20=3 21 24 25 26 27 28 29 2c 2f 30=1 31 32 33 34 37 38 3a 3b 3c 42 43 45 46 48 4c 4f 51 5a,
07000011,228,0x500003a,100,100,29,0,2,0,0,0x5b0003,0x5b0003,1 2 3 7 8 a c f 11 12 14 17 18 1d 1f 20=3 21 24 25 26 27 28 29 2c 2f 30=1 31 32 33 34 37 38 3a 3b 3c 42 43 45 46 48 4c 4f 51 5a,1 2 3 7 8 a c f 11 12 14 17 18 1d 1f 20=3 21 24 25 26 27 28 29 2c 2f 30=1 31 32 33 34 37 38 3a 3b 3c 42 43 45 46 48 4c 4f 51 5a,
07000011,229,0x500000e,100,100,1,0,13,0,3,0x5b0003,0x5b0003,1d 1f 20=1 24 26 27 29 31 32 33 34 37 38 3b 3c 46 49 4c 4f 51 53 54 5a,1d 1f 20=3 23 24 31 32 33 34 37 38 3c 46 49 4c 4f 50 51 53 54 5a,
07000011,233,0x5000008,100,100,25,0,3,0,0,0x5b0003,0x5b0003,0 6 7 d e f 11 14 16 17 1b 1d 1f 20=3 21 24 25 26 27 28 29 2a 2b 2e 2f 30=1 31 32 33 35 37 38 3a 3b 3c 3d 3e 3f 41 42 45 46 48 4c 4f 51 5a,0 6 7 d e f 11 14 16 17 1b 1d 1f 20=3 21 24 25 26 27 28 29 2a 2b 2e 2f 30=1 31 32 33 35 37 38 3a 3b 3c 3d 3e 3f 41 42 45 46 48 4c 4f 51 5a,
07000011,234,0x5000006,100,100,25,0,3,0,0,0x5b0003,0x5b0003,0 6 7 d e f 11 14 16 17 1b 1d 1f 20=3 21 24 25 26 27 28 29 2a 2b 2e 2f 30=1 31 32 33 35 37 38 3a 3b 3c 3d 3e 3f 41 42 45 46 48 4c 4f 51 5a,0 6 7 d e f 11 14 16 17 1b 1d 1f 20=3 21 24 25 26 27 28 29 2a 2b 2e 2f 30=1 31 32 33 35 37 38 3a 3b 3c 3d 3e 3f 41 42 45 46 48 4c 4f 51 5a,
07000011,258,0x5000008,100,100,25,0,3,0,0,0x5b0003,0x5b0003,0 6 7 d e f 11 14 16 17 1b 1d 1f 20=3 21 24 25 26 27 28 29 2a 2b 2e 2f 30=1 31 32 33 35 37 38 3a 3b 3c 3d 3e 3f 41 42 45 46 48 4c 4f 51 5a,0 6 7 d e f 11 14 16 17 1b 1d 1f 20=3 21 24 25 26 27 28 29 2a 2b 2e 2f 30=1 31 32 33 35 37 38 3a 3b 3c 3d 3e 3f 41 42 45 46 48 4c 4f 51 5a,
07000011,280,0x5000008,100,100,25,0,3,0,0,0x5b0003,0x5b0003,0 6 7 d e f 11 14 16 17 1b 1d 1f 20=3 21 24 25 26 27 28 29 2a 2b 2e 2f 30=1 31 32 33 35 37 38 3a 3b 3c 3d 3e 3f 41 42 45 46 48 4c 4f 51 5a,0 6 7 d e f 11 14 16 17 1b 1d 1f 20=3 21 24 25 26 27 28 29 2a 2b 2e 2f 30=1 31 32 33 35 37 38 3a 3b 3c 3d 3e 3f 41 42 45 46 48 4c 4f 51 5a,
07000012,1,0x500000f,100,100,1,2,14,0,3,0x5b0003,0x5b0003,1d 20=1 24 26 27 28 29 31 32 33 34 37 38 3b 3c 40 46 4f 51 54,1d 20=3 23 34 37 38 3b 3c 53 54,"[[60, 0, 10, 60, 2, 60, 60, 0], [80, 1, 10, 80, 3, 80, 80, 1], [100, 2, 10, 100, 3, 100, 100, 0]]"
07000012,5,0x5000006,100,100,25,2,4,0,0,0x5b0003,0x5b0003,0 6 7 b d e f 11 13 14 16 17 1b 1d 1f 20=2 21 24 25 26 27 28 29 2a 2b 2e 30=1 31 32 33 35 37 38 3a 3b 3c 3d 3e 3f 41 42 44=1 45 46 48 4c 4f 51 5a,0 6 7 b d e f 11 13 14 16 17 1b 1d 1f 20=3 21 24 25 26 27 28 29 2a 2b 2e 30=1 31 32 33 35 37 38 3a 3b 3c 3d 3e 3f 41 42 44=1 45 46 48 4c 4f 51 5a,"[[7, 1, 15, 75, 2, 75, 90, 0], [6, 2, 15, 100, 3, 100, 120, 1], [5, 3, 15, 125, 3, 125, 150, 0]]"
07000012,6,0x5000008,100,100,25,2,3,0,0,0x5b0003,0x5b0003,0 6 7 d e f 11 14 16 17 1b 1d 1f 20=2 21 24 25 26 27 28 29 2a 2b 2e 2f 30=1 31 32 33 35 37 38 3a 3b 3c 3d 3e 3f 41 42 45 46 48 4c 4f 51 5a,0 6 7 d e f 11 14 16 17 1b 1d 1f 20=3 21 24 25 26 27 28 29 2a 2b 2e 2f 30=1 31 32 33 35 37 38 3a 3b 3c 3d 3e 3f 41 42 45 46 48 4c 4f 51 5a,"[[8, 1, 12, 75, 2, 75, 90, 0], [7, 2, 12, 100, 3, 100, 120, 1], [6, 3, 12, 125, 3, 125, 150, 0]]"
07000012,7,0x5000008,100,100,25,0,3,0,0,0x5b0003,0x5b0003,0 6 7 d e f 11 14 16 17 1b 1d 1f 20=2 21 24 25 26 27 28 29 2a 2b 2e 2f 30=1 31 32 33 35 37 38 3a 3b 3c 3d 3e 3f 41 42 45 46 48 4c 4f 51 5a,0 6 7 d e f 11 14 16 17 1b 1d 1f 20=3 21 24 25 26 27 28 29 2a 2b 2e 2f 30=1 31 32 33 35 37 38 3a 3b 3c 3d 3e 3f 41 42 45 46 48 4c 4f 51 5a,
07000012,8,0x5000008,100,100,25,4,3,0,0,0x5b0003,0x5b0003,0 6 7 d e f 11 14 16 17 1b 1d 1f 20=3 21 24 25 26 27 28 29 2a 2b 2e 2f 30=1 31 32 33 35 37 38 3a 3b 3c 3d 3e 3f 41 42 45 46 48 4c 4f 51 5a,0 6 7 d e f 11 14 16 17 1b 1d 1f 20=3 21 24 25 26 27 28 29 2a 2b 2e 2f 30=1 31 32 33 35 37 38 3a 3b 3c 3d 3e 3f 41 42 45 46 48 4c 4f 51 5a,
07000012,9,0x5000008,100,100,25,3,3,3,0,0x5b0003,0x5b0003,0 6 7 d e f 11 14 16 17 1b 1d 1f 20=3 23 24 25 2a 2b 2e 2f 30=1 31 32 33 35 37 38 3a 3b 3c 3d 3e 3f 41 42 45 46 4c 4f 51 5a,0 6 7 d e f 11 14 16 17 1b 1d 1f 20=3 21 24 25 26 27 28 29 2a 2b 2e 2f 30=1 31 32 33 35 37 38 3a 3b 3c 3d 3e 3f 41 42 45 46 48 4c 4f 51 5a,
07000012,10,0x5000006,100,100,25,0,4,0,0,0x5b0003,0x5b0003,0 5 6 7 8 9 b d e f 11 13 14 16 17 1b 1d 1f 20=2 21 24 25 26 27 28 29 2a 2b 2e 30=1 31 32 33 35 37 38 3a 3b 3c 3d 3e 3f 41 42 44=1 45 46 48 4c 4f 51 5a,0 5 6 7 8 9 b d e f 11 13 14 16 17 1b 1d 1f 20=3 21 24 25 26 27 28 29 2a 2b 2e 30=1 31 32 33 35 37 38 3a 3b 3c 3d 3e 3f 41 42 44=1 45 46 48 4c 4f 51 5a,
07000012,11,0x5000008,100,100,25,0,3,0,0,0x5b0003,0x5b0003,0 6 7 d e f 11 14 16 17 1b 1d 1f 20=2 21 24 25 26 27 28 29 2a 2b 2e 2f 30=1 31 32 33 35 37 38 3a 3b 3c 3d 3e 3f 41 42 45 46 48 4c 4f 51 5a,0 6 7 d e f 11 14 16 17 1b 1d 1f 20=3 21 24 25 26 27 28 29 2a 2b 2e 2f 30=1 31 32 33 35 37 38 3a 3b 3c 3d 3e 3f 41 42 45 46 48 4c 4f 51 5a,
07000012,12,0x5000008,100,100,25,1,3,0,0,0x5b0003,0x5b0003,0 6 7 d e f 11 14 16 17 1b 1d 1f 20=2 21 24 25 26 27 28 29 2a 2b 2e 2f 30=1 31 32 33 35 37 38 3a 3b 3c 3d 3e 3f 41 42 45 46 48 4c 4f 51 5a,0 6 7 d e f 11 14 16 17 1b 1d 1f 20=3 21 24 25 26 27 28 29 2a 2b 2e 2f 30=1 31 32 33 35 37 38 3a 3b 3c 3d 3e 3f 41 42 45 46 48 4c 4f 51 5a,
07000012,13,0x5000006,100,100,25,1,4,0,0,0x5b0003,0x5b0003,0 5 6 7 8 9 b d e f 11 13 14 16 17 1b 1d 1f 20=1 21 24 25 26 27 28 29 2a 2b 2e 30=1 31 32 33 35 37 38 3a 3b 3c 3d 3e 3f 41 42 44=1 45 46 48 4c 4f 51 5a,0 5 6 7 8 9 b d e f 11 13 14 16 17 1b 1d 1f 20=3 21 24 25 26 27 28 29 2a 2b 2e 30=1 31 32 33 35 37 38 3a 3b 3c 3d 3e 3f 41 42 44=1 45 46 48 4c 4f 51 5a,
07000012,14,0x5000008,100,100,28,0,3,0,0,0x5b0003,0x5b0003,0 6 7 d e f 11 14 16 17 1b 1d 1f 20=2 21 24 25 26 27 28 29 2a 2b 2e 2f 30=1 31 32 33 35 37 38 3a 3b 3c 3d 3e 3f 41 42 45 46 48 4c 4f 51 5a,0 6 7 d e f 11 14 16 17 1b 1d 1f 20=3 21 24 25 26 27 28 29 2a 2b 2e 2f 30=1 31 32 33 35 37 38 3a 3b 3c 3d 3e 3f 41 42 45 46 48 4c 4f 51 5a,
07000012,15,0x5000006,100,100,25,2,4,0,0,0x5b0003,0x5b0003,0 6 7 b d e f 11 13 14 16 17 1b 1d 1f 20=2 21 24 25 26 27 28 29 2a 2b 2e 30=1 31 32 33 35 37 38 3a 3b 3c 3d 3e 3f 41 42 44=1 45 46 48 4c 4f 51 5a,0 6 7 b d e f 11 13 14 16 17 1b 1d 1f 20=3 21 24 25 26 27 28 29 2a 2b 2e 30=1 31 32 33 35 37 38 3a 3b 3c 3d 3e 3f 41 42 44=1 45 46 48 4c 4f 51 5a,
07000012,16,0x5000008,100,100,25,2,3,0,0,0x5b0003,0x5b0003,0 6 7 d e f 11 14 16 17 1b 1d 1f 20=2 21 24 25 26 27 28 29 2a 2b 2e 2f 30=1 31 32 33 35 37 38 3a 3b 3c 3d 3e 3f 41 42 45 46 48 4c 4f 51 5a,0 6 7 d e f 11 14 16 17 1b 1d 1f 20=3 21 24 25 26 27 28 29 2a 2b 2e 2f 30=1 31 32 33 35 37 38 3a 3b 3c 3d 3e 3f 41 42 45 46 48 4c 4f 51 5a,
07000012,17,0x5000006,100,100,25,0,4,0,0,0x5b0003,0x5b0003,0 5 6 7 8 9 b d e f 11 13 14 16 17 1b 1d 1f 20=2 21 24 25 26 27 28 29 2a 2b 2e 30=1 31 32 33 35 37 38 3a 3b 3c 3d 3e 3f 41 42 44=1 45 46 48 4c 4f 51 5a,0 5 6 7 8 9 b d e f 11 13 14 16 17 1b 1d 1f 20=3 21 24 25 26 27 28 29 2a 2b 2e 30=1 31 32 33 35 37 38 3a 3b 3c 3d 3e 3f 41 42 44=1 45 46 48 4c 4f 51 5a,
07000012,18,0x5000008,100,100,25,0,3,3,0,0x5b0003,0x5b0003,1d 20=3 23 31 32 33 37 38 3b 3c 4f 51 5a,0 5 6 7 d e f 11 14 16 17 1b 1d 1f 20=3 21 24 25 26 27 28 29 2a 2b 2e 2f 30=1 31 32 33 35 37 38 3a 3b 3c 3d 3e 3f 41 42 45 46 48 4c 4f 51 5a,
07000012,19,0x5000008,100,100,25,0,3,0,0,0x5b0003,0x5b0003,0 6 7 d e f 11 14 16 17 1b 1d 1f 20=2 21 24 25 26 27 28 29 2a 2b 2e 2f 30=1 31 32 33 35 37 38 3a 3b 3c 3d 3e 3f 41 42 45 46 48 4c 4f 51 5a,0 6 7 d e f 11 14 16 17 1b 1d 1f 20=3 21 24 25 26 27 28 29 2a 2b 2e 2f 30=1 31 32 33 35 37 38 3a 3b 3c 3d 3e 3f 41 42 45 46 48 4c 4f 51 5a,
07000012,20,0x5000006,100,100,25,0,3,0,0,0x5b0003,0x5b0003,0 5 6 7 8 9 d e f 11 14 16 17 1b 1d 1f 20=2 21 24 25 26 27 28 29 2a 2b 2e 2f 30=1 31 32 33 35 37 38 3a 3b 3c 3d 3e 3f 41 42 45 46 48 4c 4f 51 5a,0 5 6 7 8 9 d e f 11 14 16 17 1b 1d 1f 20=3 21 24 25 26 27 28 29 2a 2b 2e 2f 30=1 31 32 33 35 37 38 3a 3b 3c 3d 3e 3f 41 42 45 46 48 4c 4f 51 5a,
07000012,21,0x5000008,100,100,25,0,3,0,0,0x5b0003,0x5b0003,0 6 7 d e f 11 14 16 17 1b 1d 1f 20=2 21 24 25 26 27 28 29 2a 2b 2e 2f 30=1 31 32 33 35 37 38 3a 3b 3c 3d 3e 3f 41 42 45 46 48 4c 4f 51 5a,0 6 7 d e f 11 14 16 17 1b 1d 1f 20=3 21 24 25 26 27 28 29 2a 2b 2e 2f 30=1 31 32 33 35 37 38 3a 3b 3c 3d 3e 3f 41 42 45 46 48 4c 4f 51 5a,
07000012,22,0x5000008,100,100,28,0,3,0,0,0x5b0003,0x5b0003,0 6 7 d e f 11 14 16 17 1b 1d 1f 20=2 21 24 25 26 27 28 29 2a 2b 2e 2f 30=1 31 32 33 35 37 38 3a 3b 3c 3d 3e 3f 41 42 45 46 48 4c 4f 51 5a,0 6 7 d e f 11 14 16 17 1b 1d 1f 20=3 21 24 25 26 27 28 29 2a 2b 2e 2f 30=1 31 32 33 35 37 38 3a 3b 3c 3d 3e 3f 41 42 45 46 48 4c 4f 51 5a,
07000012,23,0x500000f,100,100,1,0,13,0,0,0x5b0003,0x5b0003,1d 20=1 24 26 27 29 31 32 34 37 38 3b 3c 46 4c 4f 51 54 5a,1d 1f 20=3 24 26 27 29 31 32 33 34 37 38 3b 3c 46 49 4c 4f 50 51 53 54 5a,"[[60, 0, 1, 60, 2, 60, 60, 0], [80, 1, 1, 80, 3, 80, 80, 1], [100, 2, 1, 100, 3, 100, 100, 0]]"
07000012,24,0x500000e,100,100,1,5,13,3,3,0x5b0003,0x5b0003,1d 1f 20=3 23 24 31 32 33 34 37 38 3c 46 49 4c 4f 50 51 53 54 5a,1d 1f 20=3 23 24 31 32 33 34 37 38 3c 46 49 4c 4f 50 51 53 54 5a,
07000012,25,0x500000e,100,100,1,5,13,0,3,0x5b0003,0x5b0003,1d 1f 20=1 24 26 27 29 31 32 33 34 37 38 3b 3c 46 49 4c 4f 51 54 5a,1d 1f 20=3 23 24 31 32 33 34 37 38 3c 46 49 4c 4f 50 51 53 54 5a,
07000012,645,0x5000008,100,100,25,0,3,3,0,0x5b0003,0x5b0003,1d 20=3 23 31 32 33 37 38 3b 3c 4f 51 5a,0 6 7 8 d e f 11 14 16 17 1b 1d 1f 20=3 21 24 25 26 27 28 29 2a 2b 2e 2f 30=1 31 32 33 35 37 38 3a 3b 3c 3d 3e 3f 41 42 45 46 48 4c 4f 51 5a,
07000012,646,0x5000008,100,100,25,0,3,3,0,0x5b0003,0x5b0003,0 6 7 d e f 11 14 16 17 1b 1d 1f 20=3 23 24 25 2a 2b 2e 2f 30=1 31 32 33 35 37 38 3a 3b 3c 3d 3e 3f 41 42 45 46 4c 4f 51 5a,0 6 7 d e f 11 14 16 17 1b 1d 1f 20=3 21 24 25 26 27 28 29 2a 2b 2e 2f 30=1 31 32 33 35 37 38 3a 3b 3c 3d 3e 3f 41 42 45 46 48 4c 4f 51 5a,
07000012,673,0x5000008,100,100,28,0,3,3,0,0x5b0003,0x5b0003,0 6 7 d e f 11 14 16 17 1b 1d 1f 20=3 23 24 25 2a 2b 2e 2f 30=1 31 32 33 35 37 38 3a 3b 3c 3d 3e 3f 41 42 45 46 4c 4f 51 5a,0 6 7 d e f 11 14 16 17 1b 1d 1f 20=3 21 24 25 26 27 28 29 2a 2b 2e 2f 30=1 31 32 33 35 37 38 3a 3b 3c 3d 3e 3f 41 42 45 46 48 4c 4f 51 5a,
07000012,674,0x5000008,100,100,25,0,3,3,0,0x5b0003,0x5b0003,0 6 7 d e f 11 14 16 17 1b 1d 1f 20=3 23 24 25 2a 2b 2e 2f 30=1 31 32 33 35 37 38 3a 3b 3c 3d 3e 3f 41 42 45 46 4c 4f 51 5a,0 6 7 d e f 11 14 16 17 1b 1d 1f 20=3 21 24 25 26 27 28 29 2a 2b 2e 2f 30=1 31 32 33 35 37 38 3a 3b 3c 3d 3e 3f 41 42 45 46 48 4c 4f 51 5a,
07000012,685,0x5000008,100,100,25,0,3,0,0,0x5b0003,0x5b0003,0 6 7 d e f 11 14 16 17 1b 1d 1f 20=2 21 24 25 26 27 28 29 2a 2b 2e 2f 30=1 31 32 33 35 37 38 3a 3b 3c 3d 3e 3f 41 42 45 46 48 4c 4f 51 5a,0 6 7 d e f 11 14 16 17 1b 1d 1f 20=3 21 24 25 26 27 28 29 2a 2b 2e 2f 30=1 31 32 33 35 37 38 3a 3b 3c 3d 3e 3f 41 42 45 46 48 4c 4f 51 5a,
07000012,688,0x5000008,100,100,25,0,3,0,0,0x5b0003,0x5b0003,0 6 7 d e f 11 14 16 17 1b 1d 1f 20=2 21 24 25 26 27 28 29 2a 2b 2e 2f 30=1 31 32 33 35 37 38 3a 3b 3c 3d 3e 3f 41 42 45 46 48 4c 4f 51 5a,0 6 7 d e f 11 14 16 17 1b 1d 1f 20=3 21 24 25 26 27 28 29 2a 2b 2e 2f 30=1 31 32 33 35 37 38 3a 3b 3c 3d 3e 3f 41 42 45 46 48 4c 4f 51 5a,
07000012,691,0x5000008,100,100,25,0,3,0,0,0x5b0003,0x5b0003,0 6 7 d e f 11 14 16 17 1b 1d 1f 20=2 21 24 25 26 27 28 29 2a 2b 2e 2f 30=1 31 32 33 35 37 38 3a 3b 3c 3d 3e 3f 41 42 45 46 48 4c 4f 51 5a,0 6 7 d e f 11 14 16 17 1b 1d 1f 20=3 21 24 25 26 27 28 29 2a 2b 2e 2f 30=1 31 32 33 35 37 38 3a 3b 3c 3d 3e 3f 41 42 45 46 48 4c 4f 51 5a,
07000012,692,0x5000008,100,100,25,0,3,0,0,0x5b0003,0x5b0003,0 6 7 d e f 11 14 16 17 1b 1d 1f 20=2 21 24 25 26 27 28 29 2a 2b 2e 2f 30=1 31 32 33 35 37 38 3a 3b 3c 3d 3e 3f 41 42 45 46 48 4c 4f 51 5a,0 6 7 d e f 11 14 16 17 1b 1d 1f 20=3 21 24 25 26 27 28 29 2a 2b 2e 2f 30=1 31 32 33 35 37 38 3a 3b 3c 3d 3e 3f 41 42 45 46 48 4c 4f 51 5a,
07000012,712,0x5000008,100,100,28,0,3,3,0,0x5b0003,0x5b0003,0 6 7 d e f 11 14 16 17 1b 1d 1f 20=3 23 24 25 2a 2b 2e 2f 30=1 31 32 33 35 37 38 3a 3b 3c 3d 3e 3f 41 42 45 46 4c 4f 51 5a,0 6 7 d e f 11 14 16 17 1b 1d 1f 20=3 21 24 25 26 27 28 29 2a 2b 2e 2f 30=1 31 32 33 35 37 38 3a 3b 3c 3d 3e 3f 41 42 45 46 48 4c 4f 51 5a,
07000012,713,0x5000008,100,100,25,0,3,3,0,0x5b0003,0x5b0003,5 8 1d 20=3 23 31 32 33 37 38 3b 3c 4f 51 5a,0 5 6 7 8 d e f 11 14 16 17 1b 1d 1f 20=3 21 24 25 26 27 28 29 2a 2b 2e 2f 30=1 31 32 33 35 37 38 3a 3b 3c 3d 3e 3f 41 42 45 46 48 4c 4f 51 5a,
07000013,51,0x5000008,100,100,28,0,3,0,0,0x5b0003,0x5b0003,0 6 7 d e f 11 14 16 17 1b 1d 1f 20=3 21 24 25 26 27 28 29 2a 2b 2e 2f 30=1 31 32 33 35 36 37 38 3a 3b 3c 3d 3e 3f 41 42 45 46 48 4c 4f 51 5a,0 6 7 d e f 11 14 16 17 1b 1d 1f 20=3 21 24 25 26 27 28 29 2a 2b 2e 2f 30=1 31 32 33 35 36 37 38 3a 3b 3c 3d 3e 3f 41 42 45 46 48 4c 4f 51 5a,"[[8, 1, 12, 75, 2, 75, 90, 0], [7, 2, 12, 100, 3, 100, 120, 1], [6, 3, 12, 125, 3, 125, 150, 0]]"
07000013,52,0x5000008,100,100,25,1,3,3,0,0x5b0003,0x5b0003,1d 20=3 23 31 32 33 36 37 38 3b 3c 4f 51 5a,0 6 7 d e f 11 14 16 17 1b 1d 1f 20=3 21 24 25 26 27 28 29 2a 2b 2e 2f 30=1 31 32 33 35 36 37 38 3a 3b 3c 3d 3e 3f 41 42 45 46 48 4c 4f 51 5a,
07000013,53,0x5000008,100,100,28,1,3,3,0,0x5b0003,0x5b0003,1d 20=3 23 31 32 33 36 37 38 3b 3c 4f 51 5a,0 6 7 d e f 11 14 16 17 1b 1d 1f 20=3 21 24 25 26 27 28 29 2a 2b 2e 2f 30=1 31 32 33 35 36 37 38 3a 3b 3c 3d 3e 3f 41 42 45 46 48 4c 4f 51 5a,
07000013,54,0x5000006,100,100,25,2,3,0,0,0x5b0003,0x5b0003,0 5 6 7 8 9 d e f 11 14 16 17 1b 1d 1f 20=3 21 24 25 26 27 28 29 2a 2b 2e 2f 30=1 31 32 33 35 36 37 38 3a 3b 3c 3d 3e 3f 41 42 45 46 48 4c 4f 51 5a,0 5 6 7 8 9 d e f 11 14 16 17 1b 1d 1f 20=3 21 24 25 26 27 28 29 2a 2b 2e 2f 30=1 31 32 33 35 36 37 38 3a 3b 3c 3d 3e 3f 41 42 45 46 48 4c 4f 51 5a,
07000013,55,0x5000004,100,100,25,0,3,3,0,0x5b0003,0x5b0003,8 1d 20=3 23 31 32 33 37 38 3b 3c 4f 51 5a,0 6 7 8 d e f 11 14 16 17 1b 1d 1f 20=3 21 24 25 26 27 28 29 2a 2b 2e 2f 30=1 31 32 33 35 37 38 3a 3b 3c 3d 3e 3f 41 42 45 46 48 4c 4f 51 5a,
07000013,56,0x5000004,100,100,25,0,3,3,0,0x5b0003,0x5b0003,1d 20=3 23 31 32 33 37 38 3b 3c 4f 51 5a,0 6 7 d e f 11 14 16 17 1b 1d 1f 20=3 21 24 25 26 27 28 29 2a 2b 2e 2f 30=1 31 32 33 35 37 38 3a 3b 3c 3d 3e 3f 41 42 45 46 48 4c 4f 51 5a,
07000013,59,0x5000006,100,100,25,0,3,0,0,0x5b0003,0x5b0003,0 5 6 7 8 d e f 11 14 16 17 1b 1d 1f 20=3 21 24 25 26 27 28 29 2a 2b 2e 2f 30=1 31 32 33 35 37 38 3a 3b 3c 3d 3e 3f 41 42 45 46 48 4c 4f 51 5a,0 5 6 7 8 d e f 11 14 16 17 1b 1d 1f 20=3 21 24 25 26 27 28 29 2a 2b 2e 2f 30=1 31 32 33 35 37 38 3a 3b 3c 3d 3e 3f 41 42 45 46 48 4c 4f 51 5a,
07000013,60,0x5000008,100,100,28,0,3,0,0,0x5b0003,0x5b0003,0 6 7 d e f 11 14 16 17 1b 1d 1f 20=3 21 24 25 26 27 28 29 2a 2b 2e 2f 30=1 31 32 33 35 37 38 3a 3b 3c 3d 3e 3f 41 42 45 46 48 4c 4f 51 5a,0 6 7 d e f 11 14 16 17 1b 1d 1f 20=3 21 24 25 26 27 28 29 2a 2b 2e 2f 30=1 31 32 33 35 37 38 3a 3b 3c 3d 3e 3f 41 42 45 46 48 4c 4f 51 5a,
07000013,63,0x5000004,100,100,16,1,3,0,0,0x5b0003,0x5b0003,7 e f 17 1a 20=1 21 26 27 28 29 2a 2f 30=1 31 32 33 35 37 38 3b 3c 3d 3e 3f 45 46 48 4c 4f 51 5a,0 6 7 d e f 11 14 16 17 1b 1d 1f 20=3 21 24 25 26 27 28 29 2a 2b 2e 2f 30=1 31 32 33 35 37 38 3a 3b 3c 3d 3e 3f 41 42 45 46 48 4c 4f 51 5a,
07000013,64,0x5000006,100,100,16,1,3,0,0,0x5b0003,0x5b0003,0 5 6 7 8 9 d e f 11 14 16 17 1b 1d 20=1 21 24 25 26 27 28 29 2a 2b 2e 2f 30=1 31 32 33 35 37 38 3a 3b 3c 3d 3e 3f 41 42 45 46 48 4c 4f 51 5a,0 5 6 7 8 9 d e f 11 14 16 17 1b 1d 1f 20=3 21 24 25 26 27 28 29 2a 2b 2e 2f 30=1 31 32 33 35 37 38 3a 3b 3c 3d 3e 3f 41 42 45 46 48 4c 4f 51 5a,
07000013,142,0x5000008,100,100,25,0,3,0,0,0x5b0003,0x5b0003,0 6 7 d e f 11 14 16 17 1b 1d 1f 20=3 21 24 25 26 27 28 29 2a 2b 2e 2f 30=1 31 32 33 35 36 37 38 3a 3b 3c 3d 3e 3f 41 42 45 46 48 4c 4f 51 5a,0 6 7 d e f 11 14 16 17 1b 1d 1f 20=3 21 24 25 26 27 28 29 2a 2b 2e 2f 30=1 31 32 33 35 37 38 3a 3b 3c 3d 3e 3f 41 42 45 46 48 4c 4f 51 5a,
07000013,143,0x5000004,100,100,25,0,3,0,0,0x5b0003,0x5b0003,0 6 7 d e f 11 14 16 17 1b 1d 1f 20=3 21 24 25 26 27 28 29 2a 2b 2e 2f 30=1 31 32 33 35 37 38 3a 3b 3c 3d 3e 3f 41 42 45 46 48 4c 4f 51 5a,0 6 7 d e f 11 14 16 17 1b 1d 1f 20=3 21 24 25 26 27 28 29 2a 2b 2e 2f 30=1 31 32 33 35 37 38 3a 3b 3c 3d 3e 3f 41 42 45 46 48 4c 4f 51 5a,
07000014,270,0x5000090,100,100,20,1,8,0,3,0x5b0003,0x5b0003,0 6 7 b e f 11 12 13 14 16 17 18 1c 1d 1e 1f 20=1 21 24 25 26 27 28 29 2a 2e 2f 30=1 31 32 33 36 37 38 3a 3b 3c 3d 3e 3f 41 42 45 46 48 4c 4f 51 5a,9 17 1d 1f 20=3 23 2a 30=1 31 32 33 35 36 37 38 39 3b 3c 4f 51 56 5a,"[[5, 2, 25, 105, 4, 105, 105, 0], [4, 3, 25, 140, 4, 140, 140, 1], [3, 4, 25, 175, 4, 175, 175, 0]]"
07000014,271,0x5000090,100,100,20,2,8,0,0,0x5b0003,0x5b0003,0 6 7 b e f 11 12 13 14 16 17 18 1c 1d 1e 1f 20=1 21 24 25 26 27 28 29 2a 2e 2f 30=1 31 32 33 36 37 38 3a 3b 3c 3d 3e 3f 41 42 45 46 48 4c 4f 51 5a,0 6 7 b e f 11 12 13 14 16 17 18 1c 1d 1e 1f 20=3 21 24 25 26 27 28 29 2a 2e 2f 30=1 31 32 33 36 37 38 3a 3b 3c 3d 3e 3f 41 42 45 46 48 4c 4f 51 5a,
07000014,272,0x5000087,100,100,20,2,8,0,0,0x5b0003,0x5b0003,0 6 7 b e f 11 12 13 14 16 17 18 1c 1d 1e 1f 20=1 21 24 25 26 27 28 29 2a 2e 2f 30=1 31 32 33 36 37 38 3a 3b 3c 3d 3e 3f 41 42 45 46 48 4c 4f 51 5a,0 6 7 b e f 11 12 13 14 16 17 18 1c 1d 1e 1f 20=3 21 24 25 26 27 28 29 2a 2e 2f 30=1 31 32 33 36 37 38 3a 3b 3c 3d 3e 3f 41 42 45 46 48 4c 4f 51 5a,
07000014,280,0x5000090,100,100,20,2,8,0,0,0x5b0003,0x5b0003,0 6 7 b e f 11 12 13 14 16 17 18 1c 1d 1e 1f 20=1 21 24 25 26 27 28 29 2a 2e 2f 30=1 31 32 33 36 37 38 3a 3b 3c 3d 3e 3f 41 42 45 46 48 4c 4f 51 5a,0 6 7 b e f 11 12 13 14 16 17 18 1c 1d 1e 1f 20=2 21 24 25 26 27 28 29 2a 2e 2f 30=1 31 32 33 36 37 38 3a 3b 3c 3d 3e 3f 41 42 45 46 48 4c 4f 51 5a,
07000014,281,0x5000087,100,100,20,2,8,0,3,0x5b0003,0x5b0003,0 6 7 b e f 11 12 13 14 16 17 18 1c 1d 1e 1f 20=1 21 24 25 26 27 28 29 2a 2e 2f 30=1 31 32 33 36 37 38 3a 3b 3c 3d 3e 3f 41 42 45 46 48 4c 4f 51 5a,0 6 7 b e f 11 12 13 14 16 17 18 1c 1d 1e 1f 20=3 21 23 24 25 2a 2e 2f 30=1 31 32 33 35 36 37 38 3c 3d 3e 3f 41 42 45 46 48 4c 4f 51 56 5a,
07000014,283,0x5000087,100,100,20,2,8,0,3,0x5b0003,0x5b0003,0 6 7 b e f 11 12 13 14 16 17 18 1c 1d 1e 1f 20=1 21 24 25 26 27 28 29 2a 2e 2f 30=1 31 32 33 36 37 38 3a 3b 3c 3d 3e 3f 41 42 45 46 48 4c 4f 51 5a,0 6 7 b e f 11 12 13 14 16 17 18 1c 1d 1e 1f 20=3 21 23 24 25 2a 2e 2f 30=1 31 32 33 35 36 37 38 3c 3d 3e 3f 41 42 45 46 48 4c 4f 51 56 5a,
07000014,284,0x5000093,100,100,20,2,9,0,0,0x5b0003,0x5b0003,0 6 7 b e f 11 12 13 14 16 17 18 1c 1d 1e 1f 20=1 21 24 25 26 27 28 29 2a 2e 2f 30=1 31 32 33 36 37 38 3a 3b 3c 3d 3e 3f 41 42 44=1 45 46 48 4c 4f 51 5a,0 6 7 b e f 11 12 13 14 16 17 18 1c 1d 1e 1f 20=2 21 24 25 26 27 28 29 2a 2e 2f 30=1 31 32 33 36 37 38 3a 3b 3c 3d 3e 3f 41 42 44=1 45 46 48 4c 4f 51 5a,"[[4, 2, 28, 120, 4, 120, 120, 0], [3, 3, 28, 160, 4, 160, 160, 1], [2, 4, 28, 200, 4, 200, 200, 0]]"
07000014,285,0x5000090,100,100,20,2,8,0,0,0x5b0003,0x5b0003,0 6 7 b e f 11 12 13 14 16 17 18 1c 1d 1e 1f 20=1 21 24 25 26 27 28 29 2a 2e 2f 30=1 31 32 33 36 37 38 3a 3b 3c 3d 3e 3f 41 42 45 46 48 4c 4f 51 5a,0 6 7 b e f 11 12 13 14 16 17 18 1c 1d 1e 1f 20=1 21 24 25 26 27 28 29 2a 2e 2f 30=1 31 32 33 36 37 38 3a 3b 3c 3d 3e 3f 41 42 45 46 48 4c 4f 51 5a,
07000014,286,0x5000087,100,100,20,2,8,0,0,0x5b0003,0x5b0003,0 6 7 b e f 11 12 13 14 16 17 18 1c 1d 1e 1f 20=1 21 24 25 26 27 28 29 2a 2e 2f 30=1 31 32 33 36 37 38 3a 3b 3c 3d 3e 3f 41 42 45 46 48 4c 4f 51 5a,0 6 7 b e f 11 12 13 14 16 17 18 1c 1d 1e 1f 20=1 21 24 25 26 27 28 29 2a 2e 2f 30=1 31 32 33 36 37 38 3a 3b 3c 3d 3e 3f 41 42 45 46 48 4c 4f 51 5a,
07000014,287,0x5000087,100,100,20,2,8,0,0,0x5b0003,0x5b0003,0 6 7 b e f 11 12 13 14 16 17 18 1c 1d 1e 1f 20=1 21 24 25 26 27 28 29 2a 2e 2f 30=1 31 32 33 36 37 38 3a 3b 3c 3d 3e 3f 41 42 45 46 48 4c 4f 51 5a,0 6 7 b e f 11 12 13 14 16 17 18 1c 1d 1e 1f 20=2 21 24 25 26 27 28 29 2a 2e 2f 30=1 31 32 33 36 37 38 3a 3b 3c 3d 3e 3f 41 42 45 46 48 4c 4f 51 5a,
07000014,288,0x5000090,100,100,20,2,8,0,0,0x5b0003,0x5b0003,0 6 7 b e f 11 12 13 14 16 17 18 1c 1d 1e 1f 20=1 21 24 25 26 27 28 29 2a 2e 2f 30=1 31 32 33 36 37 38 3a 3b 3c 3d 3e 3f 41 42 45 46 48 4c 4f 51 5a,0 6 7 b e f 11 12 13 14 16 17 18 1c 1d 1e 1f 20=2 21 24 25 26 27 28 29 2a 2e 2f 30=1 31 32 33 36 37 38 3a 3b 3c 3d 3e 3f 41 42 45 46 48 4c 4f 51 5a,
07000014,289,0x5000090,100,100,20,2,8,0,0,0x5b0003,0x5b0003,0 6 7 b e f 11 12 13 14 16 17 18 1c 1d 1e 1f 20=1 21 24 25 26 27 28 29 2a 2e 2f 30=1 31 32 33 36 37 38 3a 3b 3c 3d 3e 3f 41 42 45 46 48 4c 4f 51 5a,0 6 7 b e f 11 12 13 14 16 17 18 1c 1d 1e 1f 20=2 21 24 25 26 27 28 29 2a 2e 2f 30=1 31 32 33 36 37 38 3a 3b 3c 3d 3e 3f 41 42 45 46 48 4c 4f 51 5a,
07000014,290,0x5000087,100,100,20,2,8,0,0,0x5b0003,0x5b0003,0 6 7 b e f 11 12 13 14 16 17 18 1c 1d 1e 1f 20=1 21 24 25 26 27 28 29 2a 2e 2f 30=1 31 32 33 36 37 38 3a 3b 3c 3d 3e 3f 41 42 45 46 48 4c 4f 51 5a,0 6 7 b e f 11 12 13 14 16 17 18 1c 1d 1e 1f 20=2 21 24 25 26 27 28 29 2a 2e 2f 30=1 31 32 33 36 37 38 3a 3b 3c 3d 3e 3f 41 42 45 46 48 4c 4f 51 5a,
07000014,370,0x5000090,100,100,20,2,8,0,0,0x5b0003,0x5b0003,0 6 7 b e f 11 12 13 14 16 17 18 1c 1d 1e 1f 20=1 21 24 25 26 27 28 29 2a 2e 2f 30=1 31 32 33 36 37 38 3a 3b 3c 3d 3e 3f 41 42 45 46 48 4c 4f 51 5a,0 6 7 b e f 11 12 13 14 16 17 18 1c 1d 1e 1f 20=2 21 24 25 26 27 28 29 2a 2e 2f 30=1 31 32 33 36 37 38 3a 3b 3c 3d 3e 3f 41 42 45 46 48 4c 4f 51 5a,
07000014,373,0x5000087,100,100,20,2,8,0,0,0x5b0003,0x5b0003,0 6 7 b e f 11 12 13 14 16 17 18 1c 1d 1e 1f 20=1 21 24 25 26 27 28 29 2a 2e 2f 30=1 31 32 33 36 37 38 3a 3b 3c 3d 3e 3f 41 42 45 46 48 4c 4f 51 5a,0 6 7 b e f 11 12 13 14 16 17 18 1c 1d 1e 1f 20=2 21 24 25 26 27 28 29 2a 2e 2f 30=1 31 32 33 36 37 38 3a 3b 3c 3d 3e 3f 41 42 45 46 48 4c 4f 51 5a,
07000014,374,0x5000090,100,100,20,2,8,0,0,0x5b0003,0x5b0003,0 6 7 b e f 11 12 13 14 16 17 18 1c 1d 1e 1f 20=1 21 24 25 26 27 28 29 2a 2e 2f 30=1 31 32 33 36 37 38 3a 3b 3c 3d 3e 3f 41 42 45 46 48 4c 4f 51 5a,0 6 7 b e f 11 12 13 14 16 17 18 1c 1d 1e 1f 20=2 21 24 25 26 27 28 29 2a 2e 2f 30=1 31 32 33 36 37 38 3a 3b 3c 3d 3e 3f 41 42 45 46 48 4c 4f 51 5a,
07000014,375,0x5000090,100,100,20,2,8,0,0,0x5b0003,0x5b0003,0 6 7 b e f 11 12 13 14 16 17 18 1c 1d 1e 1f 20=1 21 24 25 26 27 28 29 2a 2e 2f 30=1 31 32 33 36 37 38 3a 3b 3c 3d 3e 3f 41 42 45 46 48 4c 4f 51 5a,0 6 7 b e f 11 12 13 14 16 17 18 1c 1d 1e 1f 20=2 21 24 25 26 27 28 29 2a 2e 2f 30=1 31 32 33 36 37 38 3a 3b 3c 3d 3e 3f 41 42 45 46 48 4c 4f 51 5a,
07000014,376,0x5000087,100,100,20,2,8,0,0,0x5b0003,0x5b0003,0 6 7 b e f 11 12 13 14 16 17 18 1c 1d 1e 1f 20=1 21 24 25 26 27 28 29 2a 2e 2f 30=1 31 32 33 36 37 38 3a 3b 3c 3d 3e 3f 41 42 45 46 48 4c 4f 51 5a,0 6 7 b e f 11 12 13 14 16 17 18 1c 1d 1e 1f 20=2 21 24 25 26 27 28 29 2a 2e 2f 30=1 31 32 33 36 37 38 3a 3b 3c 3d 3e 3f 41 42 45 46 48 4c 4f 51 5a,
07000014,377,0x5000093,100,100,20,2,9,0,0,0x5b0003,0x5b0003,0 6 7 b e f 11 12 13 14 16 17 18 1c 1d 1e 1f 20=1 21 24 25 26 27 28 29 2a 2e 2f 30=1 31 32 33 36 37 38 3a 3b 3c 3d 3e 3f 41 42 44=1 45 46 48 4c 4f 51 5a,0 6 7 b e f 11 12 13 14 16 17 18 1c 1d 1e 1f 20=2 21 24 25 26 27 28 29 2a 2e 2f 30=1 31 32 33 36 37 38 3a 3b 3c 3d 3e 3f 41 42 44=1 45 46 48 4c 4f 51 5a,
07000014,378,0x5000087,100,100,20,2,8,0,0,0x5b0003,0x5b0003,0 6 7 b e f 11 12 13 14 16 17 18 1c 1d 1e 1f 20=1 21 24 25 26 27 28 29 2a 2e 2f 30=1 31 32 33 36 37 38 3a 3b 3c 3d 3e 3f 41 42 45 46 48 4c 4f 51 5a,0 6 7 b e f 11 12 13 14 16 17 18 1c 1d 1e 1f 20=2 21 24 25 26 27 28 29 2a 2e 2f 30=1 31 32 33 36 37 38 3a 3b 3c 3d 3e 3f 41 42 45 46 48 4c 4f 51 5a,
07000014,395,0x5000090,100,100,20,2,8,0,0,0x5b0003,0x5b0003,0 6 7 b e f 10 11 12 13 14 16 17 18 1c 1d 1e 1f 20=2 21 24 25 26 27 28 29 2a 2e 2f 30=1 31 32 33 36 37 38 3a 3b 3c 3d 3e 3f 41 42 45 46 48 4c 4f 51 5a,0 6 7 b e f 11 12 13 14 16 17 18 1c 1d 1e 1f 20=3 21 24 25 26 27 28 29 2a 2e 2f 30=1 31 32 33 36 37 38 3a 3b 3c 3d 3e 3f 41 42 45 46 48 4c 4f 51 5a,
07000014,396,0x5000087,100,100,20,2,8,0,0,0x5b0003,0x5b0003,0 6 7 b e f 10 11 12 13 14 16 17 18 1c 1d 1e 1f 20=2 21 24 25 26 27 28 29 2a 2e 2f 30=1 31 32 33 36 37 38 3a 3b 3c 3d 3e 3f 41 42 45 46 48 4c 4f 51 5a,0 6 7 b e f 11 12 13 14 16 17 18 1c 1d 1e 1f 20=3 21 24 25 26 27 28 29 2a 2e 2f 30=1 31 32 33 36 37 38 3a 3b 3c 3d 3e 3f 41 42 45 46 48 4c 4f 51 5a,
07000014,397,0x5000090,100,100,20,2,8,0,0,0x5b0003,0x5b0003,0 6 7 b e f 10 11 12 13 14 16 17 18 1c 1d 1e 1f 20=2 21 24 25 26 27 28 29 2a 2e 2f 30=1 31 32 33 36 37 38 3a 3b 3c 3d 3e 3f 41 42 45 46 48 4c 4f 51 5a,0 6 7 b e f 11 12 13 14 16 17 18 1c 1d 1e 1f 20=3 21 24 25 26 27 28 29 2a 2e 2f 30=1 31 32 33 36 37 38 3a 3b 3c 3d 3e 3f 41 42 45 46 48 4c 4f 51 5a,
07000014,398,0x5000087,100,100,20,2,8,0,0,0x5b0003,0x5b0003,0 6 7 b e f 10 11 12 13 14 16 17 18 1c 1d 1e 1f 20=2 21 24 25 26 27 28 29 2a 2e 2f 30=1 31 32 33 36 37 38 3a 3b 3c 3d 3e 3f 41 42 45 46 48 4c 4f 51 5a,0 6 7 b e f 11 12 13 14 16 17 18 1c 1d 1e 1f 20=3 21 24 25 26 27 28 29 2a 2e 2f 30=1 31 32 33 36 37 38 3a 3b 3c 3d 3e 3f 41 42 45 46 48 4c 4f 51 5a,
07000014,447,0x500008c,100,100,26,0,8,0,0,0x5b0003,0x5b0003,0 6 7 b e f 11 12 13 14 16 17 18 1c 1d 1e 1f 20=3 21 24 25 26 27 28 29 2a 2e 2f 30=1 31 32 33 36 37 38 3a 3b 3c 3d 3e 3f 41 42 45 46 48 4c 4f 51 5a,0 6 7 b e f 11 12 13 14 16 17 18 1c 1d 1e 1f 20=3 21 24 25 26 27 28 29 2a 2e 2f 30=1 31 32 33 36 37 38 3a 3b 3c 3d 3e 3f 41 42 45 46 48 4c 4f 51 5a,
07000014,448,0x50000b1,100,100,26,0,8,0,0,0x5b0003,0x5b0003,0 6 7 b e f 11 12 13 14 16 17 18 1c 1d 1e 1f 20=3 21 24 25 26 27 28 29 2a 2e 2f 30=1 31 32 33 36 37 38 3a 3b 3c 3d 3e 3f 41 42 45 46 48 4c 4f 51 5a,0 6 7 b e f 11 12 13 14 16 17 18 1c 1d 1e 1f 20=3 21 24 25 26 27 28 29 2a 2e 2f 30=1 31 32 33 36 37 38 3a 3b 3c 3d 3e 3f 41 42 45 46 48 4c 4f 51 5a,
07000014,449,0x50000b1,100,100,26,0,8,0,0,0x5b0003,0x5b0003,0 5 6 7 b e f 11 12 13 14 16 17 18 1c 1d 1e 1f 20=3 21 24 25 26 27 28 29 2a 2e 2f 30=1 31 32 33 36 37 38 3a 3b 3c 3d 3e 3f 41 42 45 46 48 4c 4f 51 5a,0 6 7 b e f 11 12 13 14 16 17 18 1c 1d 1e 1f 20=3 21 24 25 26 27 28 29 2a 2e 2f 30=1 31 32 33 36 37 38 3a 3b 3c 3d 3e 3f 41 42 45 46 48 4c 4f 51 5a,
07000014,451,0x5000066,100,100,110,4,9,0,0,0x5b0003,0x5b0003,0 6 7 b e f 11 12 13 14 16 17 18 1c 1d 1e 1f 20=3 21 24 25 26 27 28 29 2a 2e 2f 30=1 31 32 33 36 37 38 3a 3b 3c 3d 3e 3f 41 42 44=1 45 46 48 4c 4f 51 5a,0 6 7 b e f 11 12 13 14 16 17 18 1c 1d 1e 1f 20=3 21 24 25 26 27 28 29 2a 2e 2f 30=1 31 32 33 36 37 38 3a 3b 3c 3d 3e 3f 41 42 44=1 45 46 48 4c 4f 51 5a,
07000014,452,0x5000087,100,100,20,2,8,0,0,0x5b0003,0x5b0003,0 6 7 b e f 11 12 13 14 16 17 18 1c 1d 1e 1f 20=3 21 24 25 26 27 28 29 2a 2e 2f 30=1 31 32 33 36 37 38 3a 3b 3c 3d 3e 3f 41 42 45 46 48 4c 4f 51 5a,0 6 7 b e f 11 12 13 14 16 17 18 1c 1d 1e 1f 20=3 21 24 25 26 27 28 29 2a 2e 2f 30=1 31 32 33 36 37 38 3a 3b 3c 3d 3e 3f 41 42 45 46 48 4c 4f 51 5a,
07000014,453,0x5000090,100,100,20,2,8,0,0,0x5b0003,0x5b0003,0 6 7 8 b e f 11 12 13 14 16 17 18 1c 1d 1e 1f 20=3 21 24 25 26 27 28 29 2a 2e 2f 30=1 31 32 33 36 37 38 3a 3b 3c 3d 3e 3f 41 42 45 46 48 4c 4f 51 5a,0 6 7 b e f 11 12 13 14 16 17 18 1c 1d 1e 1f 20=3 21 24 25 26 27 28 29 2a 2e 2f 30=1 31 32 33 36 37 38 3a 3b 3c 3d 3e 3f 41 42 45 46 48 4c 4f 51 5a,
07000014,454,0x5000087,100,100,20,2,8,0,0,0x5b0003,0x5b0003,0 5 6 7 b e f 11 12 13 14 16 17 18 1c 1d 1e 1f 20=3 21 24 25 26 27 28 29 2a 2e 2f 30=1 31 32 33 36 37 38 3a 3b 3c 3d 3e 3f 41 42 45 46 48 4c 4f 51 5a,0 6 7 b e f 11 12 13 14 16 17 18 1c 1d 1e 1f 20=3 21 24 25 26 27 28 29 2a 2e 2f 30=1 31 32 33 36 37 38 3a 3b 3c 3d 3e 3f 41 42 45 46 48 4c 4f 51 5a,
07000014,455,0x5000090,100,100,20,2,8,0,0,0x5b0003,0x5b0003,0 6 7 b e f 11 12 13 14 16 17 18 1c 1d 1e 1f 20=3 21 24 25 26 27 28 29 2a 2e 2f 30=1 31 32 33 36 37 38 3a 3b 3c 3d 3e 3f 41 42 45 46 48 4c 4f 51 5a,0 6 7 b e f 11 12 13 14 16 17 18 1c 1d 1e 1f 20=3 21 24 25 26 27 28 29 2a 2e 2f 30=1 31 32 33 36 37 38 3a 3b 3c 3d 3e 3f 41 42 45 46 48 4c 4f 51 5a,
07000014,457,0x5000090,100,100,20,2,8,0,0,0x5b0003,0x5b0003,0 6 7 8 b e f 11 12 13 14 16 17 18 1c 1d 1e 1f 20=2 21 24 25 26 27 28 29 2a 2e 2f 30=1 31 32 33 36 37 38 3a 3b 3c 3d 3e 3f 41 42 45 46 48 4c 4f 51 5a,0 6 7 b e f 11 12 13 14 16 17 18 1c 1d 1e 1f 20=3 21 24 25 26 27 28 29 2a 2e 2f 30=1 31 32 33 36 37 38 3a 3b 3c 3d 3e 3f 41 42 45 46 48 4c 4f 51 5a,
07000014,458,0x5000087,100,100,20,2,8,0,0,0x5b0003,0x5b0003,0 5 6 7 b e f 11 12 13 14 16 17 18 1c 1d 1e 1f 20=2 21 24 25 26 27 28 29 2a 2e 2f 30=1 31 32 33 36 37 38 3a 3b 3c 3d 3e 3f 41 42 45 46 48 4c 4f 51 5a,0 6 7 b e f 11 12 13 14 16 17 18 1c 1d 1e 1f 20=3 21 24 25 26 27 28 29 2a 2e 2f 30=1 31 32 33 36 37 38 3a 3b 3c 3d 3e 3f 41 42 45 46 48 4c 4f 51 5a,
07000014,459,0x5000087,100,100,20,2,8,0,0,0x5b0003,0x5b0003,0 6 7 8 b e f 11 12 13 14 16 17 18 1c 1d 1e 1f 20=2 21 24 25 26 27 28 29 2a 2e 2f 30=1 31 32 33 36 37 38 3a 3b 3c 3d 3e 3f 41 42 45 46 48 4c 4f 51 5a,0 6 7 b e f 11 12 13 14 16 17 18 1c 1d 1e 1f 20=3 21 24 25 26 27 28 29 2a 2e 2f 30=1 31 32 33 36 37 38 3a 3b 3c 3d 3e 3f 41 42 45 46 48 4c 4f 51 5a,
07000014,465,0x50000b1,100,100,26,0,8,0,0,0x5b0003,0x5b0003,0 6 7 8 b e f 11 12 13 14 16 17 18 1c 1d 1e 1f 20=3 21 24 25 26 27 28 29 2a 2e 2f 30=1 31 32 33 36 37 38 3a 3b 3c 3d 3e 3f 41 42 45 46 48 4c 4f 51 5a,0 6 7 b e f 11 12 13 14 16 17 18 1c 1d 1e 1f 20=3 21 24 25 26 27 28 29 2a 2e 2f 30=1 31 32 33 36 37 38 3a 3b 3c 3d 3e 3f 41 42 45 46 48 4c 4f 51 5a,
07000014,466,0x500008c,100,100,26,0,8,0,0,0x5b0003,0x5b0003,0 6 7 b e f 11 12 13 14 16 17 18 1c 1d 1e 1f 20=3 21 24 25 26 27 28 29 2a 2e 2f 30=1 31 32 33 36 37 38 3a 3b 3c 3d 3e 3f 41 42 45 46 48 4c 4f 51 5a,0 6 7 b e f 11 12 13 14 16 17 18 1c 1d 1e 1f 20=3 21 24 25 26 27 28 29 2a 2e 2f 30=1 31 32 33 36 37 38 3a 3b 3c 3d 3e 3f 41 42 45 46 48 4c 4f 51 5a,
07000014,467,0x500008c,100,100,26,0,8,0,0,0x5b0003,0x5b0003,0 6 7 b e f 11 12 13 14 16 17 18 1c 1d 1e 1f 20=3 21 24 25 26 27 28 29 2a 2e 2f 30=1 31 32 33 36 37 38 3a 3b 3c 3d 3e 3f 41 42 45 46 48 4c 4f 51 5a,0 6 7 b e f 11 12 13 14 16 17 18 1c 1d 1e 1f 20=3 21 24 25 26 27 28 29 2a 2e 2f 30=1 31 32 33 36 37 38 3a 3b 3c 3d 3e 3f 41 42 45 46 48 4c 4f 51 5a,
07000014,468,0x50000b1,100,100,26,0,8,0,0,0x5b0003,0x5b0003,0 6 7 b e f 11 12 13 14 16 17 18 1c 1d 1e 1f 20=3 21 24 25 26 27 28 29 2a 2e 2f 30=1 31 32 33 36 37 38 3a 3b 3c 3d 3e 3f 41 42 45 46 48 4c 4f 51 5a,0 6 7 b e f 11 12 13 14 16 17 18 1c 1d 1e 1f 20=3 21 24 25 26 27 28 29 2a 2e 2f 30=1 31 32 33 36 37 38 3a 3b 3c 3d 3e 3f 41 42 45 46 48 4c 4f 51 5a,
07000014,469,0x500008c,100,100,26,0,8,0,0,0x5b0003,0x5b0003,0 5 6 7 b e f 11 12 13 14 16 17 18 1c 1d 1e 1f 20=3 21 24 25 26 27 28 29 2a 2e 2f 30=1 31 32 33 36 37 38 3a 3b 3c 3d 3e 3f 41 42 45 46 48 4c 4f 51 5a,0 6 7 b e f 11 12 13 14 16 17 18 1c 1d 1e 1f 20=3 21 24 25 26 27 28 29 2a 2e 2f 30=1 31 32 33 36 37 38 3a 3b 3c 3d 3e 3f 41 42 45 46 48 4c 4f 51 5a,
07000014,470,0x500008c,100,100,26,0,8,0,0,0x5b0003,0x5b0003,0 6 7 8 b e f 11 12 13 14 16 17 18 1c 1d 1e 1f 20=3 21 24 25 26 27 28 29 2a 2e 2f 30=1 31 32 33 36 37 38 3a 3b 3c 3d 3e 3f 41 42 45 46 48 4c 4f 51 5a,0 6 7 b e f 11 12 13 14 16 17 18 1c 1d 1e 1f 20=3 21 24 25 26 27 28 29 2a 2e 2f 30=1 31 32 33 36 37 38 3a 3b 3c 3d 3e 3f 41 42 45 46 48 4c 4f 51 5a,
07000014,471,0x50000b1,100,100,26,0,8,0,0,0x5b0003,0x5b0003,0 6 7 b e f 10 11 12 13 14 16 17 18 1c 1d 1e 1f 20=3 21 24 25 26 27 28 29 2a 2e 2f 30=1 31 32 33 36 37 38 3a 3b 3c 3d 3e 3f 41 42 45 46 48 4c 4f 51 5a,0 6 7 b e f 11 12 13 14 16 17 18 1c 1d 1e 1f 20=3 21 24 25 26 27 28 29 2a 2e 2f 30=1 31 32 33 36 37 38 3a 3b 3c 3d 3e 3f 41 42 45 46 48 4c 4f 51 5a,
07000014,472,0x50000b1,100,100,26,0,8,0,0,0x5b0003,0x5b0003,0 6 7 b e f 10 11 12 13 14 16 17 18 1c 1d 1e 1f 20=3 21 24 25 26 27 28 29 2a 2e 2f 30=1 31 32 33 36 37 38 3a 3b 3c 3d 3e 3f 41 42 45 46 48 4c 4f 51 5a,0 6 7 b e f 11 12 13 14 16 17 18 1c 1d 1e 1f 20=1 21 24 25 26 27 28 29 2a 2e 2f 30=1 31 32 33 36 37 38 3a 3b 3c 3d 3e 3f 41 42 45 46 48 4c 4f 51 5a,
07000014,473,0x500008c,100,100,26,0,8,0,0,0x5b0003,0x5b0003,0 6 7 b e f 11 12 13 14 16 17 18 1c 1d 1e 1f 20=3 21 24 25 26 27 28 29 2a 2e 2f 30=1 31 32 33 36 37 38 3a 3b 3c 3d 3e 3f 41 42 45 46 48 4c 4f 51 5a,0 6 7 b e f 11 12 13 14 16 17 18 1c 1d 1e 1f 20=1 21 24 25 26 27 28 29 2a 2e 2f 30=1 31 32 33 36 37 38 3a 3b 3c 3d 3e 3f 41 42 45 46 48 4c 4f 51 5a,
07000014,478,0x500008c,100,100,26,0,8,0,0,0x5b0003,0x5b0003,0 5 6 7 b e f 11 12 13 14 16 17 18 1c 1d 1e 1f 20=3 21 24 25 26 27 28 29 2a 2e 2f 30=1 31 32 33 36 37 38 3a 3b 3c 3d 3e 3f 41 42 45 46 48 4c 4f 51 5a,0 6 7 b e f 11 12 13 14 16 17 18 1c 1d 1e 1f 20=1 21 24 25 26 27 28 29 2a 2e 2f 30=1 31 32 33 36 37 38 3a 3b 3c 3d 3e 3f 41 42 45 46 48 4c 4f 51 5a,
07000014,479,0x50000b1,100,100,26,0,8,0,0,0x5b0003,0x5b0003,0 6 7 8 b e f 11 12 13 14 16 17 18 1c 1d 1e 1f 20=3 21 24 25 26 27 28 29 2a 2e 2f 30=1 31 32 33 36 37 38 3a 3b 3c 3d 3e 3f 41 42 45 46 48 4c 4f 51 5a,0 6 7 b e f 11 12 13 14 16 17 18 1c 1d 1e 1f 20=1 21 24 25 26 27 28 29 2a 2e 2f 30=1 31 32 33 36 37 38 3a 3b 3c 3d 3e 3f 41 42 45 46 48 4c 4f 51 5a,
07000014,480,0x500008c,100,100,26,0,8,0,0,0x5b0003,0x5b0003,0 6 7 b e f 11 12 13 14 16 17 18 1c 1d 1e 1f 20=3 21 24 25 26 27 28 29 2a 2e 2f 30=1 31 32 33 36 37 38 3a 3b 3c 3d 3e 3f 41 42 45 46 48 4c 4f 51 5a,0 6 7 b e f 11 12 13 14 16 17 18 1c 1d 1e 1f 20=1 21 24 25 26 27 28 29 2a 2e 2f 30=1 31 32 33 36 37 38 3a 3b 3c 3d 3e 3f 41 42 45 46 48 4c 4f 51 5a,
07000014,481,0x500008c,100,100,26,0,8,0,0,0x5b0003,0x5b0003,0 6 7 b e f 11 12 13 14 16 17 18 1c 1d 1e 1f 20=3 21 24 25 26 27 28 29 2a 2e 2f 30=1 31 32 33 36 37 38 3a 3b 3c 3d 3e 3f 41 42 45 46 48 4c 4f 51 5a,0 6 7 b e f 11 12 13 14 16 17 18 1c 1d 1e 1f 20=1 21 24 25 26 27 28 29 2a 2e 2f 30=1 31 32 33 36 37 38 3a 3b 3c 3d 3e 3f 41 42 45 46 48 4c 4f 51 5a,
07000014,483,0x500008c,100,100,26,0,8,0,0,0x5b0003,0x5b0003,0 6 7 b e f 11 12 13 14 16 17 18 1c 1d 1e 1f 20=3 21 24 25 26 27 28 29 2a 2e 2f 30=1 31 32 33 36 37 38 3a 3b 3c 3d 3e 3f 41 42 45 46 48 4c 4f 51 5a,0 6 7 b e f 11 12 13 14 16 17 18 1c 1d 1e 1f 20=1 21 24 25 26 27 28 29 2a 2e 2f 30=1 31 32 33 36 37 38 3a 3b 3c 3d 3e 3f 41 42 45 46 48 4c 4f 51 5a,
07000014,678,0x5000090,100,100,20,2,8,0,0,0x5b0003,0x5b0003,0 6 7 b e f 11 12 13 14 16 17 18 1c 1d 1e 1f 20=1 21 24 25 26 27 28 29 2a 2e 2f 30=1 31 32 33 36 37 38 3a 3b 3c 3d 3e 3f 41 42 45 46 48 4c 4f 51 5a,0 6 7 b e f 11 12 13 14 16 17 18 1c 1d 1e 1f 20=2 21 24 25 26 27 28 29 2a 2e 2f 30=1 31 32 33 36 37 38 3a 3b 3c 3d 3e 3f 41 42 45 46 48 4c 4f 51 5a,
07000014,703,0x50000b1,100,100,26,0,8,0,0,0x5b0003,0x5b0003,0 6 7 b e f 10 11 12 13 14 16 17 18 1c 1d 1e 1f 20=3 21 24 25 26 27 28 29 2a 2e 2f 30=1 31 32 33 36 37 38 3a 3b 3c 3d 3e 3f 41 42 45 46 48 4c 4f 51 5a,0 6 7 b e f 11 12 13 14 16 17 18 1c 1d 1e 1f 20=1 21 24 25 26 27 28 29 2a 2e 2f 30=1 31 32 33 36 37 38 3a 3b 3c 3d 3e 3f 41 42 45 46 48 4c 4f 51 5a,
07000014,704,0x50000b1,100,100,26,0,8,0,0,0x5b0003,0x5b0003,0 6 7 b e f 10 11 12 13 14 16 17 18 1c 1d 1e 1f 20=3 21 24 25 26 27 28 29 2a 2e 2f 30=1 31 32 33 36 37 38 3a 3b 3c 3d 3e 3f 41 42 45 46 48 4c 4f 51 5a,0 6 7 b e f 11 12 13 14 16 17 18 1c 1d 1e 1f 20=1 21 24 25 26 27 28 29 2a 2e 2f 30=1 31 32 33 36 37 38 3a 3b 3c 3d 3e 3f 41 42 45 46 48 4c 4f 51 5a,
07000014,707,0x500008c,100,100,26,0,8,0,0,0x5b0003,0x5b0003,0 6 7 b e f 11 12 13 14 16 17 18 1c 1d 1e 1f 20=3 21 24 25 26 27 28 29 2a 2e 2f 30=1 31 32 33 36 37 38 3a 3b 3c 3d 3e 3f 41 42 45 46 48 4c 4f 51 5a,0 6 7 b e f 11 12 13 14 16 17 18 1c 1d 1e 1f 20=1 21 24 25 26 27 28 29 2a 2e 2f 30=1 31 32 33 36 37 38 3a 3b 3c 3d 3e 3f 41 42 45 46 48 4c 4f 51 5a,
07000014,708,0x500008c,100,100,26,0,8,0,0,0x5b0003,0x5b0003,0 6 7 b e f 11 12 13 14 16 17 18 1c 1d 1e 1f 20=3 21 24 25 26 27 28 29 2a 2e 2f 30=1 31 32 33 36 37 38 3a 3b 3c 3d 3e 3f 41 42 45 46 48 4c 4f 51 5a,0 6 7 b e f 11 12 13 14 16 17 18 1c 1d 1e 1f 20=1 21 24 25 26 27 28 29 2a 2e 2f 30=1 31 32 33 36 37 38 3a 3b 3c 3d 3e 3f 41 42 45 46 48 4c 4f 51 5a,
07000014,743,0x500008c,100,100,26,0,8,0,0,0x5b0003,0x5b0003,0 6 7 8 b e f 11 12 13 14 16 17 18 1c 1d 1e 1f 20=3 21 24 25 26 27 28 29 2a 2e 2f 30=1 31 32 33 36 37 38 3a 3b 3c 3d 3e 3f 41 42 45 46 48 4c 4f 51 5a,0 6 7 b e f 11 12 13 14 16 17 18 1c 1d 1e 1f 20=1 21 24 25 26 27 28 29 2a 2e 2f 30=1 31 32 33 36 37 38 3a 3b 3c 3d 3e 3f 41 42 45 46 48 4c 4f 51 5a,
07000014,778,0x500008c,100,100,26,0,8,0,0,0x5b0003,0x5b0003,0 6 7 b e f 11 12 13 14 16 17 18 1c 1d 1e 1f 20=3 21 24 25 26 27 28 29 2a 2e 2f 30=1 31 32 33 36 37 38 3a 3b 3c 3d 3e 3f 41 42 45 46 48 4c 4f 51 5a,0 6 7 b e f 11 12 13 14 16 17 18 1c 1d 1e 1f 20=3 21 24 25 26 27 28 29 2a 2e 2f 30=1 31 32 33 36 37 38 3a 3b 3c 3d 3e 3f 41 42 45 46 48 4c 4f 51 5a,
07000014,779,0x5000087,100,100,20,2,8,0,3,0x5b0003,0x5b0003,0 6 7 b e f 11 12 13 14 16 17 18 1c 1d 1e 1f 20=1 21 24 25 26 27 28 29 2a 2e 2f 30=1 31 32 33 36 37 38 3a 3b 3c 3d 3e 3f 41 42 45 46 48 4c 4f 51 5a,0 6 7 b e f 11 12 13 14 16 17 18 1c 1d 1e 1f 20=3 21 23 24 25 2a 2e 2f 30=1 31 32 33 35 36 37 38 3c 3d 3e 3f 41 42 45 46 48 4c 4f 51 56 5a,
07000014,1021,0x500008c,100,100,26,0,8,0,0,0x5b0003,0x5b0003,0 6 7 b e f 11 12 13 14 16 17 18 1c 1d 1e 1f 20=3 21 24 25 26 27 28 29 2a 2e 2f 30=1 31 32 33 36 37 38 3a 3b 3c 3d 3e 3f 41 42 45 46 48 4c 4f 51 5a,0 6 7 b e f 11 12 13 14 16 17 18 1c 1d 1e 1f 20=1 21 24 25 26 27 28 29 2a 2e 2f 30=1 31 32 33 36 37 38 3a 3b 3c 3d 3e 3f 41 42 45 46 48 4c 4f 51 5a,
07000014,1022,0x500008c,100,100,26,0,8,0,0,0x5b0003,0x5b0003,0 6 7 b e f 11 12 13 14 16 17 18 1c 1d 1e 1f 20=3 21 24 25 26 27 28 29 2a 2e 2f 30=1 31 32 33 36 37 38 3a 3b 3c 3d 3e 3f 41 42 45 46 48 4c 4f 51 5a,0 6 7 b e f 11 12 13 14 16 17 18 1c 1d 1e 1f 20=1 21 24 25 26 27 28 29 2a 2e 2f 30=1 31 32 33 36 37 38 3a 3b 3c 3d 3e 3f 41 42 45 46 48 4c 4f 51 5a,
07000014,1029,0x50000b1,100,100,26,0,8,0,0,0x5b0003,0x5b0003,0 6 7 8 b e f 11 12 13 14 16 17 18 1c 1d 1e 1f 20=3 21 24 25 26 27 28 29 2a 2e 2f 30=1 31 32 33 36 37 38 3a 3b 3c 3d 3e 3f 41 42 45 46 48 4c 4f 51 5a,0 6 7 b e f 11 12 13 14 16 17 18 1c 1d 1e 1f 20=1 21 24 25 26 27 28 29 2a 2e 2f 30=1 31 32 33 36 37 38 3a 3b 3c 3d 3e 3f 41 42 45 46 48 4c 4f 51 5a,
07000014,1030,0x50000b1,100,100,26,0,8,0,0,0x5b0003,0x5b0003,0 6 7 8 b e f 11 12 13 14 16 17 18 1c 1d 1e 1f 20=3 21 24 25 26 27 28 29 2a 2e 2f 30=1 31 32 33 36 37 38 3a 3b 3c 3d 3e 3f 41 42 45 46 48 4c 4f 51 5a,0 6 7 b e f 11 12 13 14 16 17 18 1c 1d 1e 1f 20=1 21 24 25 26 27 28 29 2a 2e 2f 30=1 31 32 33 36 37 38 3a 3b 3c 3d 3e 3f 41 42 45 46 48 4c 4f 51 5a,
07000015,369,0x5000087,100,100,21,0,8,3,0,0x5b0003,0x5b0003,0 6 7 b e f 11 12 13 14 16 17 18 1c 1d 1e 1f 20=3 21 23 24 25 2a 2e 2f 30=1 31 32 33 35 36 37 38 3c 3d 3e 3f 41 42 45 46 48 4c 4f 51 57 5a,0 6 7 b e f 11 12 13 14 16 17 18 1c 1d 1e 1f 20=3 21 24 25 26 27 28 29 2a 2e 2f 30=1 31 32 33 36 37 38 3a 3b 3c 3d 3e 3f 41 42 45 46 48 4c 4f 51 5a,"[[5, 2, 25, 105, 4, 105, 105, 0], [4, 3, 25, 140, 4, 140, 140, 1], [3, 4, 25, 175, 4, 175, 175, 0]]"
07000015,370,0x5000087,100,100,21,0,8,3,0,0x5b0003,0x5b0003,0 6 7 b e f 11 12 13 14 16 17 18 1c 1d 1e 1f 20=3 21 23 24 25 2a 2e 2f 30=1 31 32 33 35 36 37 38 3c 3d 3e 3f 41 42 45 46 48 4c 4f 51 57 5a,0 6 7 b e f 11 12 13 14 16 17 18 1c 1d 1e 1f 20=3 21 24 25 26 27 28 29 2a 2e 2f 30=1 31 32 33 36 37 38 3a 3b 3c 3d 3e 3f 41 42 45 46 48 4c 4f 51 5a,
07000015,392,0x500008c,100,100,26,0,8,0,0,0x5b0003,0x5b0003,0 6 7 8 b e f 11 12 13 14 16 17 18 1c 1d 1e 1f 20=3 21 24 25 26 27 28 29 2a 2e 2f 30=1 31 32 33 36 37 38 3a 3b 3c 3d 3e 3f 41 42 45 46 48 4c 4f 51 5a,0 6 7 b e f 11 12 13 14 16 17 18 1c 1d 1e 1f 20=3 21 24 25 26 27 28 29 2a 2e 2f 30=1 31 32 33 36 37 38 3a 3b 3c 3d 3e 3f 41 42 45 46 48 4c 4f 51 5a,
07000015,400,0x5000087,100,100,21,0,8,0,0,0x5b0003,0x5b0003,0 6 7 b e f 11 12 13 14 16 17 18 1c 1d 1e 1f 20=3 21 24 25 26 27 28 29 2a 2e 2f 30=1 31 32 33 36 37 38 3a 3b 3c 3d 3e 3f 41 42 45 46 48 4c 4f 51 5a,0 6 7 b e f 11 12 13 14 16 17 18 1c 1d 1e 1f 20=3 21 24 25 26 27 28 29 2a 2e 2f 30=1 31 32 33 36 37 38 3a 3b 3c 3d 3e 3f 41 42 45 46 48 4c 4f 51 5a,
07000015,401,0x5000087,100,100,21,0,8,0,0,0x5b0003,0x5b0003,0 6 7 b e f 11 12 13 14 16 17 18 1c 1d 1e 1f 20=3 21 24 25 26 27 28 29 2a 2e 2f 30=1 31 32 33 36 37 38 3a 3b 3c 3d 3e 3f 41 42 45 46 48 4c 4f 51 5a,0 6 7 b e f 11 12 13 14 16 17 18 1c 1d 1e 1f 20=3 21 24 25 26 27 28 29 2a 2e 2f 30=1 31 32 33 36 37 38 3a 3b 3c 3d 3e 3f 41 42 45 46 48 4c 4f 51 5a,
07000015,403,0x500008c,100,100,26,0,8,0,0,0x5b0003,0x5b0003,0 6 7 8 b e f 11 12 13 14 16 17 18 1c 1d 1e 1f 20=3 21 24 25 26 27 28 29 2a 2e 2f 30=1 31 32 33 36 37 38 3a 3b 3c 3d 3e 3f 41 42 45 46 48 4c 4f 51 5a,0 6 7 b e f 11 12 13 14 16 17 18 1c 1d 1e 1f 20=3 21 24 25 26 27 28 29 2a 2e 2f 30=1 31 32 33 36 37 38 3a 3b 3c 3d 3e 3f 41 42 45 46 48 4c 4f 51 5a,
07000015,418,0x500008c,100,100,26,0,8,0,0,0x5b0003,0x5b0003,0 5 6 7 8 b e f 11 12 13 14 16 17 18 1c 1d 1e 1f 20=3 21 24 25 26 27 28 29 2a 2e 2f 30=1 31 32 33 36 37 38 3a 3b 3c 3d 3e 3f 41 42 45 46 48 4c 4f 51 5a,0 6 7 b e f 11 12 13 14 16 17 18 1c 1d 1e 1f 20=3 21 24 25 26 27 28 29 2a 2e 2f 30=1 31 32 33 36 37 38 3a 3b 3c 3d 3e 3f 41 42 45 46 48 4c 4f 51 5a,
07000015,419,0x500008c,100,100,26,0,8,0,0,0x5b0003,0x5b0003,0 6 7 8 b e f 10 11 12 13 14 16 17 18 1c 1d 1e 1f 20=3 21 24 25 26 27 28 29 2a 2e 2f 30=1 31 32 33 36 37 38 3a 3b 3c 3d 3e 3f 41 42 45 46 48 4c 4f 51 5a,0 6 7 b e f 11 12 13 14 16 17 18 1c 1d 1e 1f 20=3 21 24 25 26 27 28 29 2a 2e 2f 30=1 31 32 33 36 37 38 3a 3b 3c 3d 3e 3f 41 42 45 46 48 4c 4f 51 5a,
07000015,420,0x500008c,100,100,26,0,8,0,0,0x5b0003,0x5b0003,0 5 6 7 8 b e f 10 11 12 13 14 16 17 18 1c 1d 1e 1f 20=3 21 24 25 26 27 28 29 2a 2e 2f 30=1 31 32 33 36 37 38 3a 3b 3c 3d 3e 3f 41 42 45 46 48 4c 4f 51 5a,0 6 7 b e f 11 12 13 14 16 17 18 1c 1d 1e 1f 20=3 21 24 25 26 27 28 29 2a 2e 2f 30=1 31 32 33 36 37 38 3a 3b 3c 3d 3e 3f 41 42 45 46 48 4c 4f 51 5a,
07000015,421,0x5000087,100,100,21,0,8,0,0,0x5b0003,0x5b0003,0 6 7 b e f 11 12 13 14 16 17 18 1c 1d 1e 1f 20=3 21 24 25 26 27 28 29 2a 2e 2f 30=1 31 32 33 36 37 38 3a 3b 3c 3d 3e 3f 41 42 45 46 48 4c 4f 51 5a,0 6 7 b e f 11 12 13 14 16 17 18 1c 1d 1e 1f 20=3 21 24 25 26 27 28 29 2a 2e 2f 30=1 31 32 33 36 37 38 3a 3b 3c 3d 3e 3f 41 42 45 46 48 4c 4f 51 5a,
07000015,422,0x500008c,100,100,26,0,8,0,0,0x5b0003,0x5b0003,0 5 6 7 8 b e f 11 12 13 14 16 17 18 1c 1d 1e 1f 20=2 21 24 25 26 27 28 29 2a 2e 2f 30=1 31 32 33 36 37 38 3a 3b 3c 3d 3e 3f 41 42 45 46 48 4c 4f 51 5a,0 6 7 b e f 11 12 13 14 16 17 18 1c 1d 1e 1f 20=3 21 24 25 26 27 28 29 2a 2e 2f 30=1 31 32 33 36 37 38 3a 3b 3c 3d 3e 3f 41 42 45 46 48 4c 4f 51 5a,
07000015,423,0x500008c,100,100,26,0,8,0,0,0x5b0003,0x5b0003,0 5 6 7 8 b e f 11 12 13 14 16 17 18 1c 1d 1e 1f 20=2 21 24 25 26 27 28 29 2a 2e 2f 30=1 31 32 33 36 37 38 3a 3b 3c 3d 3e 3f 41 42 45 46 48 4c 4f 51 5a,0 6 7 b e f 11 12 13 14 16 17 18 1c 1d 1e 1f 20=3 21 24 25 26 27 28 29 2a 2e 2f 30=1 31 32 33 36 37 38 3a 3b 3c 3d 3e 3f 41 42 45 46 48 4c 4f 51 5a,
07000015,457,0x500008c,100,100,26,0,8,0,0,0x5b0003,0x5b0003,0 6 7 9 b e f 11 12 13 14 16 17 18 1c 1d 1e 1f 20=3 21 24 25 26 27 28 29 2a 2e 2f 30=1 31 32 33 36 37 38 3a 3b 3c 3d 3e 3f 41 42 45 46 48 4c 4f 51 5a,0 6 7 b e f 11 12 13 14 16 17 18 1c 1d 1e 1f 20=3 21 24 25 26 27 28 29 2a 2e 2f 30=1 31 32 33 36 37 38 3a 3b 3c 3d 3e 3f 41 42 45 46 48 4c 4f 51 5a,
07000015,475,0x500008c,100,100,26,0,8,0,0,0x5b0003,0x5b0003,0 5 6 7 8 b e f 11 12 13 14 16 17 18 1c 1d 1e 1f 20=3 21 24 25 26 27 28 29 2a 2e 2f 30=1 31 32 33 36 37 38 3a 3b 3c 3d 3e 3f 41 42 45 46 48 4c 4f 51 5a,0 6 7 b e f 11 12 13 14 16 17 18 1c 1d 1e 1f 20=3 21 24 25 26 27 28 29 2a 2e 2f 30=1 31 32 33 36 37 38 3a 3b 3c 3d 3e 3f 41 42 45 46 48 4c 4f 51 5a,
07000015,476,0x500008c,100,100,26,0,8,0,0,0x5b0003,0x5b0003,0 6 7 8 b e f 11 12 13 14 16 17 18 1c 1d 1e 1f 20=3 21 24 25 26 27 28 29 2a 2e 2f 30=1 31 32 33 36 37 38 3a 3b 3c 3d 3e 3f 41 42 45 46 48 4c 4f 51 5a,0 6 7 b e f 11 12 13 14 16 17 18 1c 1d 1e 1f 20=3 21 24 25 26 27 28 29 2a 2e 2f 30=1 31 32 33 36 37 38 3a 3b 3c 3d 3e 3f 41 42 45 46 48 4c 4f 51 5a,
07000015,477,0x500008c,100,100,26,0,8,0,0,0x5b0003,0x5b0003,0 6 7 8 b e f 11 12 13 14 16 17 18 1c 1d 1e 1f 20=2 21 24 25 26 27 28 29 2a 2e 2f 30=1 31 32 33 36 37 38 3a 3b 3c 3d 3e 3f 41 42 45 46 48 4c 4f 51 5a,0 6 7 b e f 11 12 13 14 16 17 18 1c 1d 1e 1f 20=3 21 24 25 26 27 28 29 2a 2e 2f 30=1 31 32 33 36 37 38 3a 3b 3c 3d 3e 3f 41 42 45 46 48 4c 4f 51 5a,
07000015,478,0x5000087,100,100,21,0,8,0,0,0x5b0003,0x5b0003,0 6 7 b e f 11 12 13 14 16 17 18 1c 1d 1e 1f 20=3 21 24 25 26 27 28 29 2a 2e 2f 30=1 31 32 33 36 37 38 3a 3b 3c 3d 3e 3f 41 42 45 46 48 4c 4f 51 5a,0 6 7 b e f 11 12 13 14 16 17 18 1c 1d 1e 1f 20=3 21 24 25 26 27 28 29 2a 2e 2f 30=1 31 32 33 36 37 38 3a 3b 3c 3d 3e 3f 41 42 45 46 48 4c 4f 51 5a,
07000015,479,0x5000087,100,100,21,0,8,0,0,0x5b0003,0x5b0003,0 6 7 b e f 11 12 13 14 16 17 18 1c 1d 1e 1f 20=3 21 24 25 26 27 28 29 2a 2e 2f 30=1 31 32 33 36 37 38 3a 3b 3c 3d 3e 3f 41 42 45 46 48 4c 4f 51 5a,0 6 7 b e f 11 12 13 14 16 17 18 1c 1d 1e 1f 20=3 21 24 25 26 27 28 29 2a 2e 2f 30=1 31 32 33 36 37 38 3a 3b 3c 3d 3e 3f 41 42 45 46 48 4c 4f 51 5a,
07000015,480,0x500008c,100,100,26,0,8,0,0,0x5b0003,0x5b0003,0 6 7 9 b e f 11 12 13 14 16 17 18 1c 1d 1e 1f 20=2 21 24 25 26 27 28 29 2a 2e 2f 30=1 31 32 33 36 37 38 3a 3b 3c 3d 3e 3f 41 42 45 46 48 4c 4f 51 5a,0 6 7 b e f 11 12 13 14 16 17 18 1c 1d 1e 1f 20=3 21 24 25 26 27 28 29 2a 2e 2f 30=1 31 32 33 36 37 38 3a 3b 3c 3d 3e 3f 41 42 45 46 48 4c 4f 51 5a,
07000015,481,0x500008c,100,100,26,0,8,0,0,0x5b0003,0x5b0003,0 6 7 b e f 11 12 13 14 16 17 18 1c 1d 1e 1f 20=3 21 24 25 26 27 28 29 2a 2e 2f 30=1 31 32 33 36 37 38 3a 3b 3c 3d 3e 3f 41 42 45 46 48 4c 4f 51 5a,0 6 7 b e f 11 12 13 14 16 17 18 1c 1d 1e 1f 20=3 21 24 25 26 27 28 29 2a 2e 2f 30=1 31 32 33 36 37 38 3a 3b 3c 3d 3e 3f 41 42 45 46 48 4c 4f 51 5a,
07000016,186,0x500008c,100,100,26,2,8,0,0,0x5b0003,0x5b0003,0 6 7 b e f 11 12 13 14 16 17 18 1c 1d 1e 1f 20=2 21 24 25 26 27 28 29 2a 2e 2f 30=1 31 32 33 36 37 38 3a 3b 3c 3d 3e 3f 41 42 45 46 48 4c 4f 51 5a,0 6 7 b e f 11 12 13 14 16 17 18 1c 1d 1e 1f 20=3 21 24 25 26 27 28 29 2a 2e 2f 30=1 31 32 33 36 37 38 3a 3b 3c 3d 3e 3f 41 42 45 46 48 4c 4f 51 5a,"[[5, 2, 25, 105, 4, 105, 105, 0], [4, 3, 25, 140, 4, 140, 140, 1], [3, 4, 25, 175, 4, 175, 175, 0]]"
07000016,187,0x50000b1,100,100,26,2,8,0,0,0x5b0003,0x5b0003,0 6 7 b e f 11 12 13 14 16 17 18 1c 1d 1e 1f 20=2 21 24 25 26 27 28 29 2a 2e 2f 30=1 31 32 33 36 37 38 3a 3b 3c 3d 3e 3f 41 42 45 46 48 4c 4f 51 5a,0 6 7 b e f 11 12 13 14 16 17 18 1c 1d 1e 1f 20=3 21 24 25 26 27 28 29 2a 2e 2f 30=1 31 32 33 36 37 38 3a 3b 3c 3d 3e 3f 41 42 45 46 48 4c 4f 51 5a,
07000016,188,0x500008c,100,100,26,2,8,0,0,0x5b0003,0x5b0003,0 6 7 8 b e f 11 12 13 14 16 17 18 1c 1d 1e 1f 20=2 21 24 25 26 27 28 29 2a 2e 2f 30=1 31 32 33 36 37 38 3a 3b 3c 3d 3e 3f 41 42 45 46 48 4c 4f 51 5a,0 6 7 b e f 11 12 13 14 16 17 18 1c 1d 1e 1f 20=3 21 24 25 26 27 28 29 2a 2e 2f 30=1 31 32 33 36 37 38 3a 3b 3c 3d 3e 3f 41 42 45 46 48 4c 4f 51 5a,
07000016,189,0x500008c,100,100,26,2,8,0,0,0x5b0003,0x5b0003,0 6 7 b e f 11 12 13 14 16 17 18 1c 1d 1e 1f 20=2 21 24 25 26 27 28 29 2a 2e 2f 30=1 31 32 33 36 37 38 3a 3b 3c 3d 3e 3f 41 42 45 46 48 4c 4f 51 5a,0 6 7 b e f 11 12 13 14 16 17 18 1c 1d 1e 1f 20=3 21 24 25 26 27 28 29 2a 2e 2f 30=1 31 32 33 36 37 38 3a 3b 3c 3d 3e 3f 41 42 45 46 48 4c 4f 51 5a,
07000016,190,0x50000b1,100,100,26,2,8,0,0,0x5b0003,0x5b0003,0 6 7 b e f 11 12 13 14 16 17 18 1c 1d 1e 1f 20=2 21 24 25 26 27 28 29 2a 2e 2f 30=1 31 32 33 36 37 38 3a 3b 3c 3d 3e 3f 41 42 45 46 48 4c 4f 51 5a,0 6 7 b e f 11 12 13 14 16 17 18 1c 1d 1e 1f 20=3 21 24 25 26 27 28 29 2a 2e 2f 30=1 31 32 33 36 37 38 3a 3b 3c 3d 3e 3f 41 42 45 46 48 4c 4f 51 5a,
07000016,191,0x50000b1,100,100,26,2,8,0,0,0x5b0003,0x5b0003,0 5 6 7 8 b e f 11 12 13 14 16 17 18 1c 1d 1e 1f 20=2 21 24 25 26 27 28 29 2a 2e 2f 30=1 31 32 33 36 37 38 3a 3b 3c 3d 3e 3f 41 42 45 46 48 4c 4f 51 5a,0 6 7 b e f 11 12 13 14 16 17 18 1c 1d 1e 1f 20=3 21 24 25 26 27 28 29 2a 2e 2f 30=1 31 32 33 36 37 38 3a 3b 3c 3d 3e 3f 41 42 45 46 48 4c 4f 51 5a,
07000016,258,0x5000087,100,100,20,2,8,0,0,0x5b0003,0x5b0003,0 6 7 b e f 11 12 13 14 16 17 18 1c 1d 1e 1f 20=3 21 24 25 26 27 28 29 2a 2e 2f 30=1 31 32 33 36 37 38 3a 3b 3c 3d 3e 3f 41 42 45 46 48 4c 4f 51 5a,0 6 7 b e f 11 12 13 14 16 17 18 1c 1d 1e 1f 20=3 21 24 25 26 27 28 29 2a 2e 2f 30=1 31 32 33 36 37 38 3a 3b 3c 3d 3e 3f 41 42 45 46 48 4c 4f 51 5a,
07000016,259,0x5000090,100,100,20,2,8,0,0,0x5b0003,0x5b0003,0 6 7 b e f 11 12 13 14 16 17 18 1c 1d 1e 1f 20=3 21 24 25 26 27 28 29 2a 2e 2f 30=1 31 32 33 36 37 38 3a 3b 3c 3d 3e 3f 41 42 45 46 48 4c 4f 51 5a,0 6 7 b e f 11 12 13 14 16 17 18 1c 1d 1e 1f 20=3 21 24 25 26 27 28 29 2a 2e 2f 30=1 31 32 33 36 37 38 3a 3b 3c 3d 3e 3f 41 42 45 46 48 4c 4f 51 5a,
07000016,260,0x5000087,100,100,20,2,8,0,0,0x5b0003,0x5b0003,0 5 6 7 8 9 b e f 11 12 13 14 16 17 18 1c 1d 1e 1f 20=3 21 24 25 26 27 28 29 2a 2e 2f 30=1 31 32 33 36 37 38 3a 3b 3c 3d 3e 3f 41 42 45 46 48 4c 4f 51 5a,0 6 7 b e f 11 12 13 14 16 17 18 1c 1d 1e 1f 20=3 21 24 25 26 27 28 29 2a 2e 2f 30=1 31 32 33 36 37 38 3a 3b 3c 3d 3e 3f 41 42 45 46 48 4c 4f 51 5a,
07000016,261,0x500001e,100,100,18,2,15,0,0,0x5b0003,0x5b0003,20=3 5a,20=3 5a,"[[60, 0, 50, 60, 2, 60, 60, 0], [80, 1, 50, 80, 3, 80, 80, 1], [100, 2, 50, 100, 3, 100, 100, 0]]"
07000016,265,0x500005e,100,100,1,2,2,0,0,0x5b0003,0x5b0003,1 2 3 7 a c f 11 12 14 17 18 1d 1f 20=1 21 24 25 26 27 28 29 2c 2f 30=1 31 32 33 34 37 38 3a 3b 3c 42 43 45 46 48 4c 4f 51 5a,1 2 3 7 a c f 11 12 14 17 18 1d 1f 20=1 21 24 25 26 27 28 29 2c 2f 30=1 31 32 33 34 37 38 3a 3b 3c 42 43 45 46 48 4c 4f 51 5a,"[[9, 0, 12, 60, 2, 60, 60, 0], [8, 1, 12, 80, 3, 80, 80, 1], [7, 2, 12, 100, 3, 100, 100, 0]]"
07000016,287,0x500005e,100,100,1,2,12,0,0,0x5b0003,0x5b0003,0 2 6 7 a b c d e f 11 12 13 14 17 18 19 1b 1c 1d 1f 20=1 24 25 2a 2b 2c 2e 30=1 34 35 37 3a 3b 3c 3d 3e 3f 41 42 45 48 4c 50 54 5a,0 2 6 7 a b c d e f 11 12 13 14 17 18 19 1b 1c 1d 1f 20=1 24 25 2a 2b 2c 2e 30=1 34 35 37 3a 3b 3c 3d 3e 3f 41 42 45 48 4c 50 54 5a,"[[10, 0, 10, 60, 2, 60, 60, 0], [9, 1, 10, 80, 3, 80, 80, 1], [8, 2, 10, 100, 3, 100, 100, 0]]"
07000016,294,0x500001e,100,100,18,2,15,0,0,0x5b0003,0x5b0003,20=3 5a,20=3 5a,
07000016,295,0x500008c,100,100,20,2,8,0,0,0x5b0003,0x5b0003,0 6 7 b e f 11 12 13 14 16 17 18 1c 1d 1e 1f 20=3 21 24 25 26 27 28 29 2a 2e 2f 30=1 31 32 33 36 37 38 3a 3b 3c 3d 3e 3f 41 42 45 46 48 4c 4f 51 5a,0 6 7 b e f 11 12 13 14 16 17 18 1c 1d 1e 1f 20=3 21 24 25 26 27 28 29 2a 2e 2f 30=1 31 32 33 36 37 38 3a 3b 3c 3d 3e 3f 41 42 45 46 48 4c 4f 51 5a,
07000016,296,0x50000b1,100,100,20,2,8,0,0,0x5b0003,0x5b0003,0 6 7 b e f 11 12 13 14 16 17 18 1c 1d 1e 1f 20=3 21 24 25 26 27 28 29 2a 2e 2f 30=1 31 32 33 36 37 38 3a 3b 3c 3d 3e 3f 41 42 45 46 48 4c 4f 51 5a,0 6 7 b e f 11 12 13 14 16 17 18 1c 1d 1e 1f 20=3 21 24 25 26 27 28 29 2a 2e 2f 30=1 31 32 33 36 37 38 3a 3b 3c 3d 3e 3f 41 42 45 46 48 4c 4f 51 5a,
07000016,297,0x500008c,100,100,20,2,8,0,0,0x5b0003,0x5b0003,0 5 6 7 8 9 b e f 11 12 13 14 16 17 18 1c 1d 1e 1f 20=3 21 24 25 26 27 28 29 2a 2e 2f 30=1 31 32 33 36 37 38 3a 3b 3c 3d 3e 3f 41 42 45 46 48 4c 4f 51 5a,0 6 7 b e f 11 12 13 14 16 17 18 1c 1d 1e 1f 20=3 21 24 25 26 27 28 29 2a 2e 2f 30=1 31 32 33 36 37 38 3a 3b 3c 3d 3e 3f 41 42 45 46 48 4c 4f 51 5a,
07000016,344,0x500008c,100,100,26,2,8,0,0,0x5b0003,0x5b0003,0 6 7 b e f 11 12 13 14 16 17 18 1c 1d 1e 1f 20=3 21 24 25 26 27 28 29 2a 2e 2f 30=1 31 32 33 36 37 38 3a 3b 3c 3d 3e 3f 41 42 45 46 48 4c 4f 51 5a,0 6 7 b e f 11 12 13 14 16 17 18 1c 1d 1e 1f 20=3 21 24 25 26 27 28 29 2a 2e 2f 30=1 31 32 33 36 37 38 3a 3b 3c 3d 3e 3f 41 42 45 46 48 4c 4f 51 5a,
07000016,349,0x5000087,100,100,20,2,8,2,2,0x5b0003,0x5b0003,d e f 10 11 13 17 1e 1f 20=3 26 27 28 29 31 32 33 35 37 38 3a 3c 40 46 4f 51 5a,d e f 10 11 13 17 1e 1f 20=3 26 27 28 29 31 32 33 35 37 38 3a 3c 40 46 4f 51 5a,
07000016,350,0x5000090,100,100,20,2,8,2,2,0x5b0003,0x5b0003,d e f 10 11 13 17 1e 1f 20=3 26 27 28 29 31 32 33 35 37 38 3a 3c 40 46 4f 51 5a,d e f 10 11 13 17 1e 1f 20=3 26 27 28 29 31 32 33 35 37 38 3a 3c 40 46 4f 51 5a,
07000016,351,0x5000090,100,100,20,2,8,2,2,0x5b0003,0x5b0003,d e f 10 11 13 17 1e 1f 20=3 26 27 28 29 31 32 33 35 37 38 3a 3c 40 46 4f 51 5a,d e f 10 11 13 17 1e 1f 20=3 26 27 28 29 31 32 33 35 37 38 3a 3c 40 46 4f 51 5a,
0700001b,140,0x500008f,100,100,1,5,1,0,0,0x5b0003,0x5b0003,2 7 a c f 11 14 17 19 1d 20=1 21 24 25 26 27 28 29 2b 2c 2d 2f 30=1 31 32 33 34 37 38 3a 3b 3c 42 43 45 46 48 4c 4f 51 5a,2 7 a c f 11 14 17 19 1d 20=1 21 24 25 26 27 28 29 2b 2c 2d 2f 30=1 31 32 33 34 37 38 3a 3b 3c 42 43 45 46 48 4c 4f 51 5a,"[[10, 0, 10, 60, 2, 60, 60, 0], [9, 1, 10, 80, 3, 80, 80, 1], [8, 2, 10, 100, 3, 100, 100, 0]]"
0700001b,144,0x5000078,100,100,106,0,1,0,0,0x5b0003,0x5b0003,2 7 8 a c f 11 14 17 1a 1c 1d 20=1 21 24 26 27 28 29 2b 2c 2d 2f 30=1 31 32 33 34 37 38 39 3b 3c 3e 42 43 44=1 46 48 4c 4f 51 5a,2 7 a c f 11 14 17 19 1d 1f 20=1 21 24 25 26 27 28 29 2b 2c 2d 2f 30=1 31 32 33 34 37 38 3a 3b 3c 42 43 45 46 48 4c 4f 51 5a,
0700001b,164,0x5000078,100,100,106,0,1,0,0,0x5b0003,0x5b0003,2 7 8 a c f 11 14 17 1a 1c 1d 20=1 21 24 26 27 28 29 2b 2c 2d 2f 30=1 31 32 33 34 37 38 39 3b 3c 3e 42 43 44=1 46 48 4c 4f 51 5a,2 7 a c f 11 14 17 19 1d 1f 20=1 21 24 25 26 27 28 29 2b 2c 2d 2f 30=1 31 32 33 34 37 38 3a 3b 3c 42 43 45 46 48 4c 4f 51 5a,
0700001b,166,0x5000078,100,100,106,0,1,0,0,0x5b0003,0x5b0003,2 7 8 a c f 11 14 17 1a 1c 1d 20=1 21 24 26 27 28 29 2b 2c 2d 2f 30=1 31 32 33 34 37 38 39 3b 3c 3e 42 43 44=1 46 48 4c 4f 51 5a,2 7 a c f 11 14 17 19 1d 1f 20=1 21 24 25 26 27 28 29 2b 2c 2d 2f 30=1 31 32 33 34 37 38 3a 3b 3c 42 43 45 46 48 4c 4f 51 5a,
0700001b,167,0x5000078,100,100,106,0,1,0,0,0x5b0003,0x5b0003,2 7 8 a c f 11 14 17 1a 1c 1d 20=1 21 24 26 27 28 29 2b 2c 2d 2f 30=1 31 32 33 34 37 38 39 3b 3c 3e 42 43 44=1 46 48 4c 4f 51 5a,2 7 a c f 11 14 17 19 1d 1f 20=1 21 24 25 26 27 28 29 2b 2c 2d 2f 30=1 31 32 33 34 37 38 3a 3b 3c 42 43 45 46 48 4c 4f 51 5a,
0700001b,168,0x5000078,100,100,106,0,1,0,0,0x5b0003,0x5b0003,2 7 8 a c f 11 14 17 1a 1c 1d 20=1 21 24 26 27 28 29 2b 2c 2d 2f 30=1 31 32 33 34 37 38 39 3b 3c 3e 42 43 44=1 46 48 4c 4f 51 5a,2 7 a c f 11 14 17 19 1d 1f 20=1 21 24 25 26 27 28 29 2b 2c 2d 2f 30=1 31 32 33 34 37 38 3a 3b 3c 42 43 45 46 48 4c 4f 51 5a,
0700001b,169,0x5000078,100,100,106,0,1,0,0,0x5b0003,0x5b0003,2 7 8 a c f 11 14 17 1a 1c 1d 20=1 21 24 26 27 28 29 2b 2c 2d 2f 30=1 31 32 33 34 37 38 39 3b 3c 3e 42 43 44=1 46 48 4c 4f 51 5a,2 7 a c f 11 14 17 19 1d 1f 20=1 21 24 25 26 27 28 29 2b 2c 2d 2f 30=1 31 32 33 34 37 38 3a 3b 3c 42 43 45 46 48 4c 4f 51 5a,
0700001b,171,0x5000078,100,100,106,0,1,0,0,0x5b0003,0x5b0003,2 7 8 a c f 11 14 17 1a 1c 1d 20=1 21 24 26 27 28 29 2b 2c 2d 2f 30=1 31 32 33 34 37 38 39 3b 3c 3e 42 43 44=1 46 48 4c 4f 51 5a,2 7 a c f 11 14 17 19 1d 1f 20=1 21 24 25 26 27 28 29 2b 2c 2d 2f 30=1 31 32 33 34 37 38 3a 3b 3c 42 43 45 46 48 4c 4f 51 5a,
0700001b,172,0x5000078,100,100,106,0,1,0,0,0x5b0003,0x5b0003,2 7 8 a c f 11 14 17 1a 1c 1d 20=1 21 24 26 27 28 29 2b 2c 2d 2f 30=1 31 32 33 34 37 38 39 3b 3c 3e 42 43 44=1 46 48 4c 4f 51 5a,2 7 a c f 11 14 17 19 1d 1f 20=1 21 24 25 26 27 28 29 2b 2c 2d 2f 30=1 31 32 33 34 37 38 3a 3b 3c 42 43 45 46 48 4c 4f 51 5a,
0700001b,174,0x5000078,100,100,106,0,1,0,0,0x5b0003,0x5b0003,2 7 8 a c f 11 14 17 1a 1c 1d 20=1 21 24 26 27 28 29 2b 2c 2d 2f 30=1 31 32 33 34 37 38 39 3b 3c 3e 42 43 44=1 46 48 4c 4f 51 5a,2 7 a c f 11 14 17 19 1d 1f 20=1 21 24 25 26 27 28 29 2b 2c 2d 2f 30=1 31 32 33 34 37 38 3a 3b 3c 42 43 45 46 48 4c 4f 51 5a,
0700001b,175,0x5000078,100,100,106,0,1,0,0,0x5b0003,0x5b0003,2 7 8 a c f 11 14 17 1a 1c 1d 20=1 21 24 26 27 28 29 2b 2c 2d 2f 30=1 31 32 33 34 37 38 39 3b 3c 3e 42 43 44=1 46 48 4c 4f 51 5a,2 7 a c f 11 14 17 19 1d 1f 20=1 21 24 25 26 27 28 29 2b 2c 2d 2f 30=1 31 32 33 34 37 38 3a 3b 3c 42 43 45 46 48 4c 4f 51 5a,
0700001b,176,0x5000078,100,100,106,0,1,0,0,0x5b0003,0x5b0003,2 7 8 a c f 11 14 17 1a 1c 1d 20=1 21 24 26 27 28 29 2b 2c 2d 2f 30=1 31 32 33 34 37 38 39 3b 3c 3e 42 43 44=1 46 48 4c 4f 51 5a,2 7 a c f 11 14 17 19 1d 1f 20=1 21 24 25 26 27 28 29 2b 2c 2d 2f 30=1 31 32 33 34 37 38 3a 3b 3c 42 43 45 46 48 4c 4f 51 5a,
0700001b,178,0x5000078,100,100,106,0,1,0,0,0x5b0003,0x5b0003,2 7 8 a c f 11 14 17 1a 1c 1d 20=1 21 24 26 27 28 29 2b 2c 2d 2f 30=1 31 32 33 34 37 38 39 3b 3c 3e 42 43 44=1 46 48 4c 4f 51 5a,2 7 a c f 11 14 17 19 1d 1f 20=1 21 24 25 26 27 28 29 2b 2c 2d 2f 30=1 31 32 33 34 37 38 3a 3b 3c 42 43 45 46 48 4c 4f 51 5a,
0700001b,179,0x5000078,100,100,106,0,1,0,0,0x5b0003,0x5b0003,2 7 8 a c f 11 14 17 1a 1c 1d 20=1 21 24 26 27 28 29 2b 2c 2d 2f 30=1 31 32 33 34 37 38 39 3b 3c 3e 42 43 44=1 46 48 4c 4f 51 5a,2 7 a c f 11 14 17 19 1d 1f 20=1 21 24 25 26 27 28 29 2b 2c 2d 2f 30=1 31 32 33 34 37 38 3a 3b 3c 42 43 45 46 48 4c 4f 51 5a,
0700001b,180,0x5000078,100,100,106,0,1,0,0,0x5b0003,0x5b0003,2 7 8 a c f 11 14 17 1a 1c 1d 20=1 21 24 26 27 28 29 2b 2c 2d 2f 30=1 31 32 33 34 37 38 39 3b 3c 3e 42 43 44=1 46 48 4c 4f 51 5a,2 7 a c f 11 14 17 19 1d 1f 20=1 21 24 25 26 27 28 29 2b 2c 2d 2f 30=1 31 32 33 34 37 38 3a 3b 3c 42 43 45 46 48 4c 4f 51 5a,
0700001b,182,0x5000078,100,100,106,0,1,0,0,0x5b0003,0x5b0003,2 7 8 a c f 11 14 17 1a 1c 1d 20=1 21 24 26 27 28 29 2b 2c 2d 2f 30=1 31 32 33 34 37 38 39 3b 3c 3e 42 43 44=1 46 48 4c 4f 51 5a,2 7 a c f 11 14 17 19 1d 1f 20=1 21 24 25 26 27 28 29 2b 2c 2d 2f 30=1 31 32 33 34 37 38 3a 3b 3c 42 43 45 46 48 4c 4f 51 5a,
0700001b,183,0x5000078,100,100,106,0,1,0,0,0x5b0003,0x5b0003,2 7 8 a c f 11 14 17 1a 1c 1d 20=1 21 24 26 27 28 29 2b 2c 2d 2f 30=1 31 32 33 34 37 38 39 3b 3c 3e 42 43 44=1 46 48 4c 4f 51 5a,2 7 a c f 11 14 17 19 1d 1f 20=1 21 24 25 26 27 28 29 2b 2c 2d 2f 30=1 31 32 33 34 37 38 3a 3b 3c 42 43 45 46 48 4c 4f 51 5a,
0700001b,184,0x5000078,100,100,106,0,1,0,0,0x5b0003,0x5b0003,2 7 8 a c f 11 14 17 1a 1c 1d 20=1 21 24 26 27 28 29 2b 2c 2d 2f 30=1 31 32 33 34 37 38 39 3b 3c 3e 42 43 44=1 46 48 4c 4f 51 5a,2 7 a c f 11 14 17 19 1d 1f 20=1 21 24 25 26 27 28 29 2b 2c 2d 2f 30=1 31 32 33 34 37 38 3a 3b 3c 42 43 45 46 48 4c 4f 51 5a,
0700001b,185,0x5000078,100,100,106,0,1,0,0,0x5b0003,0x5b0003,2 7 8 a c f 11 14 17 1a 1c 1d 20=1 21 24 26 27 28 29 2b 2c 2d 2f 30=1 31 32 33 34 37 38 39 3b 3c 3e 42 43 44=1 46 48 4c 4f 51 5a,2 7 a c f 11 14 17 19 1d 1f 20=1 21 24 25 26 27 28 29 2b 2c 2d 2f 30=1 31 32 33 34 37 38 3a 3b 3c 42 43 45 46 48 4c 4f 51 5a,
0700001b,186,0x50000ba,100,100,48,4,1,0,0,0x5b0003,0x5b0003,2 7 a c f 11 14 17 19 1d 20=1 21 24 25 26 27 28 29 2b 2c 2d 2f 30=1 31 32 33 34 37 38 3a 3b 3c 42 43 45 46 48 4c 4f 51 5a,2 7 a c f 11 14 17 19 1d 20=1 21 24 25 26 27 28 29 2b 2c 2d 2f 30=1 31 32 33 34 37 38 3a 3b 3c 42 43 45 46 48 4c 4f 51 5a,
0700004a,222,0x5000004,100,100,10,4,3,2,2,0x5b0003,0x5b0003,7 d f 10 11 17 1b 1f 20=3 26 27 28 29 2f 30=1 31 32 33 35 37 38 3c 40 46 4f 51 5a,7 d f 10 11 17 1b 1f 20=3 26 27 28 29 2f 30=1 31 32 33 35 37 38 3c 40 46 4f 51 5a,"[[8, 1, 12, 75, 2, 75, 90, 0], [7, 2, 12, 100, 3, 100, 120, 1], [6, 3, 12, 125, 3, 125, 150, 0]]"
0700004a,223,0x5000006,100,100,28,4,3,2,2,0x5b0003,0x5b0003,7 d f 10 11 17 1b 1f 20=3 26 27 28 29 2f 30=1 31 32 33 35 37 38 3c 40 46 4f 51 5a,7 d f 10 11 17 1b 1f 20=3 26 27 28 29 2f 30=1 31 32 33 35 37 38 3c 40 46 4f 51 5a,
0700004a,224,0x5000008,100,100,10,4,3,2,2,0x5b0003,0x5b0003,7 d f 10 11 17 1b 1f 20=3 26 27 28 29 2f 30=1 31 32 33 35 37 38 3c 40 46 4f 51 5a,7 d f 10 11 17 1b 1f 20=3 26 27 28 29 2f 30=1 31 32 33 35 37 38 3c 40 46 4f 51 5a,
0700004a,225,0x5000006,100,100,28,4,3,2,2,0x5b0003,0x5b0003,7 d f 10 11 17 1b 1f 20=3 26 27 28 29 2f 30=1 31 32 33 35 37 38 3c 40 46 4f 51 5a,7 d f 10 11 17 1b 1f 20=3 26 27 28 29 2f 30=1 31 32 33 35 37 38 3c 40 46 4f 51 5a,
0700004a,226,0x5000008,100,100,10,4,3,2,2,0x5b0003,0x5b0003,7 d f 10 11 17 1b 1f 20=3 26 27 28 29 2f 30=1 31 32 33 35 37 38 3c 40 46 4f 51 5a,7 d f 10 11 17 1b 1f 20=3 26 27 28 29 2f 30=1 31 32 33 35 37 38 3c 40 46 4f 51 5a,
0700004a,228,0x5000004,100,100,10,0,3,2,2,0x5b0003,0x5b0003,7 d f 10 11 17 1b 1f 20=3 26 27 28 29 2f 30=1 31 32 33 35 37 38 3c 40 46 4f 51 5a,7 d f 10 11 17 1b 1f 20=3 26 27 28 29 2f 30=1 31 32 33 35 37 38 3c 40 46 4f 51 5a,
0700004a,229,0x5000006,100,100,28,0,3,2,2,0x5b0003,0x5b0003,7 d f 10 11 17 1b 1f 20=3 26 27 28 29 2f 30=1 31 32 33 35 37 38 3c 40 46 4f 51 5a,7 d f 10 11 17 1b 1f 20=3 26 27 28 29 2f 30=1 31 32 33 35 37 38 3c 40 46 4f 51 5a,
0700004a,230,0x5000008,100,100,10,0,3,2,2,0x5b0003,0x5b0003,7 d f 10 11 17 1b 1f 20=3 26 27 28 29 2f 30=1 31 32 33 35 37 38 3c 40 46 4f 51 5a,7 d f 10 11 17 1b 1f 20=3 26 27 28 29 2f 30=1 31 32 33 35 37 38 3c 40 46 4f 51 5a,
0700004a,231,0x5000006,100,100,28,0,3,2,2,0x5b0003,0x5b0003,7 d f 10 11 17 1b 1f 20=3 26 27 28 29 2f 30=1 31 32 33 35 37 38 3c 40 46 4f 51 5a,7 d f 10 11 17 1b 1f 20=3 26 27 28 29 2f 30=1 31 32 33 35 37 38 3c 40 46 4f 51 5a,
0700004a,232,0x5000008,100,100,10,0,3,2,2,0x5b0003,0x5b0003,7 d f 10 11 17 1b 1f 20=3 26 27 28 29 2f 30=1 31 32 33 35 37 38 3c 40 46 4f 51 5a,7 d f 10 11 17 1b 1f 20=3 26 27 28 29 2f 30=1 31 32 33 35 37 38 3c 40 46 4f 51 5a,
0700004a,235,0x5000008,100,100,10,4,3,2,2,0x5b0003,0x5b0003,7 d f 10 11 17 1b 1f 20=3 26 27 28 29 2f 30=1 31 32 33 35 37 38 3c 40 46 4f 51 5a,7 d f 10 11 17 1b 1f 20=3 26 27 28 29 2f 30=1 31 32 33 35 37 38 3c 40 46 4f 51 5a,
0700004a,236,0x5000004,100,100,28,4,3,2,2,0x5b0003,0x5b0003,7 d f 10 11 17 1b 1f 20=3 26 27 28 29 2f 30=1 31 32 33 35 37 38 3c 40 46 4f 51 5a,7 d f 10 11 17 1b 1f 20=3 26 27 28 29 2f 30=1 31 32 33 35 37 38 3c 40 46 4f 51 5a,
0700004a,237,0x5000006,100,100,10,4,3,2,2,0x5b0003,0x5b0003,7 d f 10 11 17 1b 1f 20=3 26 27 28 29 2f 30=1 31 32 33 35 37 38 3c 40 46 4f 51 5a,7 d f 10 11 17 1b 1f 20=3 26 27 28 29 2f 30=1 31 32 33 35 37 38 3c 40 46 4f 51 5a,
0700004a,238,0x5000008,100,100,28,4,3,2,2,0x5b0003,0x5b0003,7 d f 10 11 17 1b 1f 20=3 26 27 28 29 2f 30=1 31 32 33 35 37 38 3c 40 46 4f 51 5a,7 d f 10 11 17 1b 1f 20=3 26 27 28 29 2f 30=1 31 32 33 35 37 38 3c 40 46 4f 51 5a,
0700004a,239,0x5000006,100,100,10,0,3,2,2,0x5b0003,0x5b0003,7 d f 10 11 17 1b 1f 20=3 26 27 28 29 2f 30=1 31 32 33 35 37 38 3c 40 46 4f 51 5a,7 d f 10 11 17 1b 1f 20=3 26 27 28 29 2f 30=1 31 32 33 35 37 38 3c 40 46 4f 51 5a,
0700004a,242,0x5000008,100,100,10,0,3,2,2,0x5b0003,0x5b0003,7 d f 10 11 17 1b 1f 20=3 26 27 28 29 2f 30=1 31 32 33 35 37 38 3c 40 46 4f 51 5a,7 d f 10 11 17 1b 1f 20=3 26 27 28 29 2f 30=1 31 32 33 35 37 38 3c 40 46 4f 51 5a,
0700004a,243,0x5000004,100,100,28,0,3,2,2,0x5b0003,0x5b0003,7 d f 10 11 17 1b 1f 20=3 26 27 28 29 2f 30=1 31 32 33 35 37 38 3c 40 46 4f 51 5a,7 d f 10 11 17 1b 1f 20=3 26 27 28 29 2f 30=1 31 32 33 35 37 38 3c 40 46 4f 51 5a,
0700004a,244,0x5000006,100,100,10,0,3,2,2,0x5b0003,0x5b0003,7 d f 10 11 17 1b 1f 20=3 26 27 28 29 2f 30=1 31 32 33 35 37 38 3c 40 46 4f 51 5a,7 d f 10 11 17 1b 1f 20=3 26 27 28 29 2f 30=1 31 32 33 35 37 38 3c 40 46 4f 51 5a,
0700004a,245,0x5000008,100,100,28,0,3,2,2,0x5b0003,0x5b0003,7 d f 10 11 17 1b 1f 20=3 26 27 28 29 2f 30=1 31 32 33 35 37 38 3c 40 46 4f 51 5a,7 d f 10 11 17 1b 1f 20=3 26 27 28 29 2f 30=1 31 32 33 35 37 38 3c 40 46 4f 51 5a,
0700004a,246,0x5000006,100,100,10,0,3,2,2,0x5b0003,0x5b0003,7 d f 10 11 17 1b 1f 20=3 26 27 28 29 2f 30=1 31 32 33 35 37 38 3c 40 46 4f 51 5a,7 d f 10 11 17 1b 1f 20=3 26 27 28 29 2f 30=1 31 32 33 35 37 38 3c 40 46 4f 51 5a,
0700004a,249,0x5000008,100,100,10,0,3,2,2,0x5b0003,0x5b0003,7 d f 10 11 17 1b 1f 20=3 26 27 28 29 2f 30=1 31 32 33 35 37 38 3c 40 46 4f 51 5a,7 d f 10 11 17 1b 1f 20=3 26 27 28 29 2f 30=1 31 32 33 35 37 38 3c 40 46 4f 51 5a,
0700004a,250,0x5000004,100,100,28,0,3,2,2,0x5b0003,0x5b0003,7 d f 10 11 17 1b 1f 20=3 26 27 28 29 2f 30=1 31 32 33 35 37 38 3c 40 46 4f 51 5a,7 d f 10 11 17 1b 1f 20=3 26 27 28 29 2f 30=1 31 32 33 35 37 38 3c 40 46 4f 51 5a,
0700004a,251,0x5000006,100,100,10,0,3,2,2,0x5b0003,0x5b0003,7 d f 10 11 17 1b 1f 20=3 26 27 28 29 2f 30=1 31 32 33 35 37 38 3c 40 46 4f 51 5a,7 d f 10 11 17 1b 1f 20=3 26 27 28 29 2f 30=1 31 32 33 35 37 38 3c 40 46 4f 51 5a,
0700004a,252,0x5000008,100,100,28,0,3,2,2,0x5b0003,0x5b0003,7 d f 10 11 17 1b 1f 20=3 26 27 28 29 2f 30=1 31 32 33 35 37 38 3c 40 46 4f 51 5a,7 d f 10 11 17 1b 1f 20=3 26 27 28 29 2f 30=1 31 32 33 35 37 38 3c 40 46 4f 51 5a,
0700004a,253,0x5000006,100,100,10,0,3,2,2,0x5b0003,0x5b0003,7 d f 10 11 17 1b 1f 20=3 26 27 28 29 2f 30=1 31 32 33 35 37 38 3c 40 46 4f 51 5a,7 d f 10 11 17 1b 1f 20=3 26 27 28 29 2f 30=1 31 32 33 35 37 38 3c 40 46 4f 51 5a,
0700004a,256,0x5000008,100,100,10,0,3,2,2,0x5b0003,0x5b0003,7 d f 10 11 17 1b 1f 20=3 26 27 28 29 2f 30=1 31 32 33 35 37 38 3c 40 46 4f 51 5a,7 d f 10 11 17 1b 1f 20=3 26 27 28 29 2f 30=1 31 32 33 35 37 38 3c 40 46 4f 51 5a,
0700004a,257,0x5000004,100,100,28,0,3,2,2,0x5b0003,0x5b0003,7 d f 10 11 17 1b 1f 20=3 26 27 28 29 2f 30=1 31 32 33 35 37 38 3c 40 46 4f 51 5a,7 d f 10 11 17 1b 1f 20=3 26 27 28 29 2f 30=1 31 32 33 35 37 38 3c 40 46 4f 51 5a,
0700004a,258,0x5000006,100,100,10,0,3,2,2,0x5b0003,0x5b0003,7 d f 10 11 17 1b 1f 20=3 26 27 28 29 2f 30=1 31 32 33 35 37 38 3c 40 46 4f 51 5a,7 d f 10 11 17 1b 1f 20=3 26 27 28 29 2f 30=1 31 32 33 35 37 38 3c 40 46 4f 51 5a,
0700004a,259,0x5000008,100,100,28,0,3,2,2,0x5b0003,0x5b0003,7 d f 10 11 17 1b 1f 20=3 26 27 28 29 2f 30=1 31 32 33 35 37 38 3c 40 46 4f 51 5a,7 d f 10 11 17 1b 1f 20=3 26 27 28 29 2f 30=1 31 32 33 35 37 38 3c 40 46 4f 51 5a,
0700004a,260,0x5000006,100,100,10,0,3,2,2,0x5b0003,0x5b0003,7 d f 10 11 17 1b 1f 20=3 26 27 28 29 2f 30=1 31 32 33 35 37 38 3c 40 46 4f 51 5a,7 d f 10 11 17 1b 1f 20=3 26 27 28 29 2f 30=1 31 32 33 35 37 38 3c 40 46 4f 51 5a,
0700004a,265,0x5000004,100,100,10,0,3,2,2,0x5b0003,0x5b0003,7 d f 10 11 17 1b 1f 20=3 26 27 28 29 2f 30=1 31 32 33 35 37 38 3c 40 46 4f 51 5a,7 d f 10 11 17 1b 1f 20=3 26 27 28 29 2f 30=1 31 32 33 35 37 38 3c 40 46 4f 51 5a,
0700004a,269,0x5000008,100,100,28,0,3,2,2,0x5b0003,0x5b0003,7 d f 10 11 17 1b 1f 20=3 26 27 28 29 2f 30=1 31 32 33 35 37 38 3c 40 46 4f 51 5a,7 d f 10 11 17 1b 1f 20=3 26 27 28 29 2f 30=1 31 32 33 35 37 38 3c 40 46 4f 51 5a,
0700004a,271,0x5000008,100,100,10,0,3,2,2,0x5b0003,0x5b0003,7 d f 10 11 17 1b 1f 20=3 26 27 28 29 2f 30=1 31 32 33 35 37 38 3c 40 46 4f 51 5a,7 d f 10 11 17 1b 1f 20=3 26 27 28 29 2f 30=1 31 32 33 35 37 38 3c 40 46 4f 51 5a,
0700004a,278,0x5000004,100,100,28,0,3,2,2,0x5b0003,0x5b0003,7 d f 10 11 17 1b 1f 20=3 26 27 28 29 2f 30=1 31 32 33 35 37 38 3c 40 46 4f 51 5a,7 d f 10 11 17 1b 1f 20=3 26 27 28 29 2f 30=1 31 32 33 35 37 38 3c 40 46 4f 51 5a,
0700004a,280,0x5000006,100,100,28,0,3,2,2,0x5b0003,0x5b0003,7 d f 10 11 17 1b 1f 20=3 26 27 28 29 2f 30=1 31 32 33 35 37 38 3c 40 46 4f 51 5a,7 d f 10 11 17 1b 1f 20=3 26 27 28 29 2f 30=1 31 32 33 35 37 38 3c 40 46 4f 51 5a,
0700004a,282,0x5000006,100,100,10,0,3,0,0,0x5b0003,0x5b0003,0 6 7 d e f 11 14 16 17 1b 1d 1f 20=3 21 24 25 26 27 28 29 2a 2b 2e 2f 30=1 31 32 33 35 37 38 3a 3b 3c 3d 3e 3f 41 42 45 46 48 4c 4f 51 5a,0 6 7 d e f 11 14 16 17 1b 1d 1f 20=3 21 24 25 26 27 28 29 2a 2b 2e 2f 30=1 31 32 33 35 37 38 3a 3b 3c 3d 3e 3f 41 42 45 46 48 4c 4f 51 5a,
0700004a,283,0x5000008,100,100,10,0,3,0,0,0x5b0003,0x5b0003,0 6 7 d e f 11 14 16 17 1b 1d 1f 20=3 21 24 25 26 27 28 29 2a 2b 2e 2f 30=1 31 32 33 35 37 38 3a 3b 3c 3d 3e 3f 41 42 45 46 48 4c 4f 51 5a,0 6 7 d e f 11 14 16 17 1b 1d 1f 20=3 21 24 25 26 27 28 29 2a 2b 2e 2f 30=1 31 32 33 35 37 38 3a 3b 3c 3d 3e 3f 41 42 45 46 48 4c 4f 51 5a,
0700004a,288,0x5000008,100,100,10,0,3,0,0,0x5b0003,0x5b0003,0 6 7 d e f 11 14 16 17 1b 1d 1f 20=3 21 24 25 26 27 28 29 2a 2b 2e 2f 30=1 31 32 33 35 37 38 3a 3b 3c 3d 3e 3f 41 42 45 46 48 4c 4f 51 5a,0 6 7 d e f 11 14 16 17 1b 1d 1f 20=3 21 24 25 26 27 28 29 2a 2b 2e 2f 30=1 31 32 33 35 37 38 3a 3b 3c 3d 3e 3f 41 42 45 46 48 4c 4f 51 5a,
